evaluation_type,model,sequence_id,district,forecast_origin,horizon,actual_wsi,predicted_wsi,error,absolute_error,squared_error
official_test,Persistence,203,Beed,2021-01-01,h1,-0.991253,-0.763296,0.227956,0.227956,0.051964
official_test,Persistence,203,Beed,2021-01-01,h2,-0.607982,-0.763296,-0.155315,0.155315,0.024123
official_test,Persistence,203,Beed,2021-01-01,h3,-0.919128,-0.763296,0.155832,0.155832,0.024284
official_test,Persistence,204,Beed,2021-02-01,h1,-0.607982,-0.991253,-0.383271,0.383271,0.146897
official_test,Persistence,204,Beed,2021-02-01,h2,-0.919128,-0.991253,-0.072124,0.072124,0.005202
official_test,Persistence,204,Beed,2021-02-01,h3,-1.078125,-0.991253,0.086873,0.086873,0.007547
official_test,Persistence,205,Beed,2021-03-01,h1,-0.919128,-0.607982,0.311146,0.311146,0.096812
official_test,Persistence,205,Beed,2021-03-01,h2,-1.078125,-0.607982,0.470144,0.470144,0.221035
official_test,Persistence,205,Beed,2021-03-01,h3,-1.572654,-0.607982,0.964672,0.964672,0.930592
official_test,Persistence,206,Beed,2021-04-01,h1,-1.078125,-0.919128,0.158997,0.158997,0.02528
official_test,Persistence,206,Beed,2021-04-01,h2,-1.572654,-0.919128,0.653525,0.653525,0.427095
official_test,Persistence,206,Beed,2021-04-01,h3,-0.900427,-0.919128,-0.018701,0.018701,0.00035
official_test,Persistence,207,Beed,2021-05-01,h1,-1.572654,-1.078125,0.494528,0.494528,0.244558
official_test,Persistence,207,Beed,2021-05-01,h2,-0.900427,-1.078125,-0.177698,0.177698,0.031577
official_test,Persistence,207,Beed,2021-05-01,h3,-1.040114,-1.078125,-0.038012,0.038012,0.001445
official_test,Persistence,208,Beed,2021-06-01,h1,-0.900427,-1.572653,-0.672226,0.672226,0.451888
official_test,Persistence,208,Beed,2021-06-01,h2,-1.040114,-1.572653,-0.53254,0.53254,0.283598
official_test,Persistence,208,Beed,2021-06-01,h3,-1.310035,-1.572653,-0.262618,0.262618,0.068968
official_test,Persistence,209,Beed,2021-07-01,h1,-1.040114,-0.900428,0.139686,0.139686,0.019512
official_test,Persistence,209,Beed,2021-07-01,h2,-1.310035,-0.900428,0.409608,0.409608,0.167778
official_test,Persistence,209,Beed,2021-07-01,h3,-1.531427,-0.900428,0.630999,0.630999,0.39816
official_test,Persistence,210,Beed,2021-08-01,h1,-1.310035,-1.040114,0.269921,0.269921,0.072858
official_test,Persistence,210,Beed,2021-08-01,h2,-1.531427,-1.040114,0.491313,0.491313,0.241389
official_test,Persistence,210,Beed,2021-08-01,h3,-1.385618,-1.040114,0.345504,0.345504,0.119373
official_test,Persistence,211,Beed,2021-09-01,h1,-1.531427,-1.310035,0.221392,0.221392,0.049014
official_test,Persistence,211,Beed,2021-09-01,h2,-1.385618,-1.310035,0.075582,0.075582,0.005713
official_test,Persistence,211,Beed,2021-09-01,h3,-1.365189,-1.310035,0.055154,0.055154,0.003042
official_test,Persistence,212,Beed,2021-10-01,h1,-1.385618,-1.531427,-0.145809,0.145809,0.02126
official_test,Persistence,212,Beed,2021-10-01,h2,-1.365189,-1.531427,-0.166237,0.166237,0.027635
official_test,Persistence,212,Beed,2021-10-01,h3,-1.349812,-1.531427,-0.181615,0.181615,0.032984
official_test,Persistence,213,Beed,2021-11-01,h1,-1.365189,-1.385618,-0.020428,0.020428,0.000417
official_test,Persistence,213,Beed,2021-11-01,h2,-1.349812,-1.385618,-0.035805,0.035805,0.001282
official_test,Persistence,213,Beed,2021-11-01,h3,-1.337564,-1.385618,-0.048053,0.048053,0.002309
official_test,Persistence,214,Beed,2021-12-01,h1,-1.349812,-1.365189,-0.015377,0.015377,0.000236
official_test,Persistence,214,Beed,2021-12-01,h2,-1.337564,-1.365189,-0.027625,0.027625,0.000763
official_test,Persistence,214,Beed,2021-12-01,h3,-0.885369,-1.365189,-0.47982,0.47982,0.230227
official_test,Persistence,215,Beed,2022-01-01,h1,-1.337564,-1.349813,-0.012248,0.012248,0.00015
official_test,Persistence,215,Beed,2022-01-01,h2,-0.885369,-1.349813,-0.464443,0.464443,0.215707
official_test,Persistence,215,Beed,2022-01-01,h3,-0.980494,-1.349813,-0.369318,0.369318,0.136396
official_test,Persistence,216,Beed,2022-02-01,h1,-0.885369,-1.337564,-0.452195,0.452195,0.20448
official_test,Persistence,216,Beed,2022-02-01,h2,-0.980494,-1.337564,-0.35707,0.35707,0.127499
official_test,Persistence,216,Beed,2022-02-01,h3,-0.732434,-1.337564,-0.605131,0.605131,0.366183
official_test,Persistence,217,Beed,2022-03-01,h1,-0.980494,-0.885369,0.095125,0.095125,0.009049
official_test,Persistence,217,Beed,2022-03-01,h2,-0.732434,-0.885369,-0.152936,0.152936,0.023389
official_test,Persistence,217,Beed,2022-03-01,h3,-0.872087,-0.885369,-0.013282,0.013282,0.000176
official_test,Persistence,218,Beed,2022-04-01,h1,-0.732434,-0.980494,-0.248061,0.248061,0.061534
official_test,Persistence,218,Beed,2022-04-01,h2,-0.872087,-0.980494,-0.108407,0.108407,0.011752
official_test,Persistence,218,Beed,2022-04-01,h3,-2.360202,-0.980494,1.379708,1.379708,1.903593
official_test,Persistence,219,Beed,2022-05-01,h1,-0.872087,-0.732434,0.139653,0.139653,0.019503
official_test,Persistence,219,Beed,2022-05-01,h2,-2.360202,-0.732434,1.627768,1.627768,2.64963
official_test,Persistence,219,Beed,2022-05-01,h3,-1.99196,-0.732434,1.259526,1.259526,1.586405
official_test,Persistence,220,Beed,2022-06-01,h1,-2.360202,-0.872087,1.488115,1.488115,2.214486
official_test,Persistence,220,Beed,2022-06-01,h2,-1.99196,-0.872087,1.119873,1.119873,1.254114
official_test,Persistence,220,Beed,2022-06-01,h3,-1.767666,-0.872087,0.895579,0.895579,0.802062
official_test,Persistence,221,Beed,2022-07-01,h1,-1.99196,-2.360202,-0.368243,0.368243,0.135603
official_test,Persistence,221,Beed,2022-07-01,h2,-1.767666,-2.360202,-0.592536,0.592536,0.351099
official_test,Persistence,221,Beed,2022-07-01,h3,-1.786287,-2.360202,-0.573915,0.573915,0.329378
official_test,Persistence,222,Beed,2022-08-01,h1,-1.767666,-1.99196,-0.224294,0.224294,0.050308
official_test,Persistence,222,Beed,2022-08-01,h2,-1.786287,-1.99196,-0.205673,0.205673,0.042301
official_test,Persistence,222,Beed,2022-08-01,h3,-1.329664,-1.99196,-0.662296,0.662296,0.438636
official_test,Persistence,223,Beed,2022-09-01,h1,-1.786287,-1.767666,0.018621,0.018621,0.000347
official_test,Persistence,223,Beed,2022-09-01,h2,-1.329664,-1.767666,-0.438002,0.438002,0.191846
official_test,Persistence,223,Beed,2022-09-01,h3,-1.253302,-1.767666,-0.514364,0.514364,0.264571
official_test,Persistence,224,Beed,2022-10-01,h1,-1.329664,-1.786287,-0.456623,0.456623,0.208505
official_test,Persistence,224,Beed,2022-10-01,h2,-1.253302,-1.786287,-0.532985,0.532985,0.284073
official_test,Persistence,224,Beed,2022-10-01,h3,-1.259245,-1.786287,-0.527042,0.527042,0.277774
official_test,Persistence,225,Beed,2022-11-01,h1,-1.253302,-1.329664,-0.076362,0.076362,0.005831
official_test,Persistence,225,Beed,2022-11-01,h2,-1.259245,-1.329664,-0.070419,0.070419,0.004959
official_test,Persistence,225,Beed,2022-11-01,h3,-1.331864,-1.329664,0.0022,0.0022,5e-06
official_test,Persistence,226,Beed,2022-12-01,h1,-1.259245,-1.253302,0.005943,0.005943,3.5e-05
official_test,Persistence,226,Beed,2022-12-01,h2,-1.331864,-1.253302,0.078562,0.078562,0.006172
official_test,Persistence,226,Beed,2022-12-01,h3,-1.557681,-1.253302,0.304379,0.304379,0.092647
official_test,Persistence,227,Beed,2023-01-01,h1,-1.331864,-1.259245,0.072619,0.072619,0.005273
official_test,Persistence,227,Beed,2023-01-01,h2,-1.557681,-1.259245,0.298436,0.298436,0.089064
official_test,Persistence,227,Beed,2023-01-01,h3,-1.765735,-1.259245,0.50649,0.50649,0.256532
official_test,Persistence,228,Beed,2023-02-01,h1,-1.557681,-1.331864,0.225818,0.225818,0.050994
official_test,Persistence,228,Beed,2023-02-01,h2,-1.765735,-1.331864,0.433871,0.433871,0.188244
official_test,Persistence,228,Beed,2023-02-01,h3,-1.039115,-1.331864,-0.292749,0.292749,0.085702
official_test,Persistence,229,Beed,2023-03-01,h1,-1.765735,-1.557682,0.208053,0.208053,0.043286
official_test,Persistence,229,Beed,2023-03-01,h2,-1.039115,-1.557682,-0.518567,0.518567,0.268912
official_test,Persistence,229,Beed,2023-03-01,h3,-0.209279,-1.557682,-1.348403,1.348403,1.81819
official_test,Persistence,230,Beed,2023-04-01,h1,-1.039115,-1.765735,-0.72662,0.72662,0.527976
official_test,Persistence,230,Beed,2023-04-01,h2,-0.209279,-1.765735,-1.556456,1.556456,2.422554
official_test,Persistence,230,Beed,2023-04-01,h3,-0.990097,-1.765735,-0.775638,0.775638,0.601614
official_test,Persistence,231,Beed,2023-05-01,h1,-0.209279,-1.039115,-0.829836,0.829836,0.688628
official_test,Persistence,231,Beed,2023-05-01,h2,-0.990097,-1.039115,-0.049018,0.049018,0.002403
official_test,Persistence,231,Beed,2023-05-01,h3,-0.668363,-1.039115,-0.370752,0.370752,0.137457
official_test,Persistence,232,Beed,2023-06-01,h1,-0.990097,-0.209279,0.780818,0.780818,0.609677
official_test,Persistence,232,Beed,2023-06-01,h2,-0.668363,-0.209279,0.459084,0.459084,0.210759
official_test,Persistence,232,Beed,2023-06-01,h3,-0.253432,-0.209279,0.044153,0.044153,0.001949
official_test,Persistence,233,Beed,2023-07-01,h1,-0.668363,-0.990097,-0.321733,0.321733,0.103512
official_test,Persistence,233,Beed,2023-07-01,h2,-0.253432,-0.990097,-0.736665,0.736665,0.542675
official_test,Persistence,233,Beed,2023-07-01,h3,0.190173,-0.990097,-1.18027,1.18027,1.393037
official_test,Persistence,234,Beed,2023-08-01,h1,-0.253432,-0.668363,-0.414931,0.414931,0.172168
official_test,Persistence,234,Beed,2023-08-01,h2,0.190173,-0.668363,-0.858537,0.858537,0.737085
official_test,Persistence,234,Beed,2023-08-01,h3,0.05167,-0.668363,-0.720034,0.720034,0.518448
official_test,Persistence,235,Beed,2023-09-01,h1,0.190173,-0.253432,-0.443605,0.443605,0.196786
official_test,Persistence,235,Beed,2023-09-01,h2,0.05167,-0.253432,-0.305102,0.305102,0.093087
official_test,Persistence,235,Beed,2023-09-01,h3,-0.378396,-0.253432,0.124964,0.124964,0.015616
official_test,Persistence,236,Beed,2023-10-01,h1,0.05167,0.190173,0.138503,0.138503,0.019183
official_test,Persistence,236,Beed,2023-10-01,h2,-0.378396,0.190173,0.568569,0.568569,0.323271
official_test,Persistence,236,Beed,2023-10-01,h3,-0.87605,0.190173,1.066224,1.066224,1.136833
official_test,Persistence,237,Beed,2023-11-01,h1,-0.378396,0.05167,0.430066,0.430066,0.184957
official_test,Persistence,237,Beed,2023-11-01,h2,-0.87605,0.05167,0.927721,0.927721,0.860666
official_test,Persistence,237,Beed,2023-11-01,h3,-0.69608,0.05167,0.747751,0.747751,0.559131
official_test,Persistence,238,Beed,2023-12-01,h1,-0.87605,-0.378396,0.497655,0.497655,0.24766
official_test,Persistence,238,Beed,2023-12-01,h2,-0.69608,-0.378396,0.317685,0.317685,0.100924
official_test,Persistence,238,Beed,2023-12-01,h3,-0.542161,-0.378396,0.163766,0.163766,0.026819
official_test,Persistence,239,Beed,2024-01-01,h1,-0.69608,-0.87605,-0.17997,0.17997,0.032389
official_test,Persistence,239,Beed,2024-01-01,h2,-0.542161,-0.87605,-0.333889,0.333889,0.111482
official_test,Persistence,239,Beed,2024-01-01,h3,-0.878338,-0.87605,0.002287,0.002287,5e-06
official_test,Persistence,240,Beed,2024-02-01,h1,-0.542161,-0.69608,-0.153919,0.153919,0.023691
official_test,Persistence,240,Beed,2024-02-01,h2,-0.878338,-0.69608,0.182257,0.182257,0.033218
official_test,Persistence,240,Beed,2024-02-01,h3,-0.672243,-0.69608,-0.023838,0.023838,0.000568
official_test,Persistence,241,Beed,2024-03-01,h1,-0.878338,-0.542161,0.336176,0.336176,0.113015
official_test,Persistence,241,Beed,2024-03-01,h2,-0.672243,-0.542161,0.130081,0.130081,0.016921
official_test,Persistence,241,Beed,2024-03-01,h3,-1.180469,-0.542161,0.638308,0.638308,0.407437
official_test,Persistence,242,Beed,2024-04-01,h1,-0.672243,-0.878338,-0.206095,0.206095,0.042475
official_test,Persistence,242,Beed,2024-04-01,h2,-1.180469,-0.878338,0.302131,0.302131,0.091283
official_test,Persistence,242,Beed,2024-04-01,h3,-1.901815,-0.878338,1.023477,1.023477,1.047505
official_test,Persistence,243,Beed,2024-05-01,h1,-1.180469,-0.672243,0.508226,0.508226,0.258294
official_test,Persistence,243,Beed,2024-05-01,h2,-1.901815,-0.672243,1.229572,1.229572,1.511847
official_test,Persistence,243,Beed,2024-05-01,h3,-1.597088,-0.672243,0.924845,0.924845,0.855339
official_test,Persistence,244,Beed,2024-06-01,h1,-1.901815,-1.180469,0.721346,0.721346,0.52034
official_test,Persistence,244,Beed,2024-06-01,h2,-1.597088,-1.180469,0.416619,0.416619,0.173572
official_test,Persistence,244,Beed,2024-06-01,h3,-1.208366,-1.180469,0.027897,0.027897,0.000778
official_test,Persistence,245,Beed,2024-07-01,h1,-1.597088,-1.901815,-0.304727,0.304727,0.092858
official_test,Persistence,245,Beed,2024-07-01,h2,-1.208366,-1.901815,-0.693449,0.693449,0.480872
official_test,Persistence,245,Beed,2024-07-01,h3,-1.177683,-1.901815,-0.724132,0.724132,0.524368
official_test,Persistence,246,Beed,2024-08-01,h1,-1.208366,-1.597088,-0.388722,0.388722,0.151105
official_test,Persistence,246,Beed,2024-08-01,h2,-1.177683,-1.597088,-0.419405,0.419405,0.175901
official_test,Persistence,246,Beed,2024-08-01,h3,-1.192881,-1.597088,-0.404207,0.404207,0.163384
official_test,Persistence,247,Beed,2024-09-01,h1,-1.177683,-1.208366,-0.030683,0.030683,0.000941
official_test,Persistence,247,Beed,2024-09-01,h2,-1.192881,-1.208366,-0.015485,0.015485,0.00024
official_test,Persistence,247,Beed,2024-09-01,h3,-1.165328,-1.208366,-0.043038,0.043038,0.001852
official_test,Persistence,450,Chhatrapati Sambhajinagar,2021-01-01,h1,-0.901384,-0.722658,0.178726,0.178726,0.031943
official_test,Persistence,450,Chhatrapati Sambhajinagar,2021-01-01,h2,-0.87235,-0.722658,0.149692,0.149692,0.022408
official_test,Persistence,450,Chhatrapati Sambhajinagar,2021-01-01,h3,-1.212614,-0.722658,0.489956,0.489956,0.240057
official_test,Persistence,451,Chhatrapati Sambhajinagar,2021-02-01,h1,-0.87235,-0.901384,-0.029034,0.029034,0.000843
official_test,Persistence,451,Chhatrapati Sambhajinagar,2021-02-01,h2,-1.212614,-0.901384,0.31123,0.31123,0.096864
official_test,Persistence,451,Chhatrapati Sambhajinagar,2021-02-01,h3,-1.602686,-0.901384,0.701302,0.701302,0.491824
official_test,Persistence,452,Chhatrapati Sambhajinagar,2021-03-01,h1,-1.212614,-0.87235,0.340264,0.340264,0.11578
official_test,Persistence,452,Chhatrapati Sambhajinagar,2021-03-01,h2,-1.602686,-0.87235,0.730336,0.730336,0.53339
official_test,Persistence,452,Chhatrapati Sambhajinagar,2021-03-01,h3,-1.609204,-0.87235,0.736854,0.736854,0.542955
official_test,Persistence,453,Chhatrapati Sambhajinagar,2021-04-01,h1,-1.602686,-1.212614,0.390072,0.390072,0.152156
official_test,Persistence,453,Chhatrapati Sambhajinagar,2021-04-01,h2,-1.609204,-1.212614,0.39659,0.39659,0.157284
official_test,Persistence,453,Chhatrapati Sambhajinagar,2021-04-01,h3,-0.935192,-1.212614,-0.277422,0.277422,0.076963
official_test,Persistence,454,Chhatrapati Sambhajinagar,2021-05-01,h1,-1.609204,-1.602686,0.006519,0.006519,4.2e-05
official_test,Persistence,454,Chhatrapati Sambhajinagar,2021-05-01,h2,-0.935192,-1.602686,-0.667494,0.667494,0.445548
official_test,Persistence,454,Chhatrapati Sambhajinagar,2021-05-01,h3,-0.303652,-1.602686,-1.299034,1.299034,1.68749
official_test,Persistence,455,Chhatrapati Sambhajinagar,2021-06-01,h1,-0.935192,-1.609204,-0.674012,0.674012,0.454293
official_test,Persistence,455,Chhatrapati Sambhajinagar,2021-06-01,h2,-0.303652,-1.609204,-1.305553,1.305553,1.704468
official_test,Persistence,455,Chhatrapati Sambhajinagar,2021-06-01,h3,-1.210215,-1.609204,-0.398989,0.398989,0.159192
official_test,Persistence,456,Chhatrapati Sambhajinagar,2021-07-01,h1,-0.303652,-0.935192,-0.63154,0.63154,0.398843
official_test,Persistence,456,Chhatrapati Sambhajinagar,2021-07-01,h2,-1.210215,-0.935192,0.275023,0.275023,0.075638
official_test,Persistence,456,Chhatrapati Sambhajinagar,2021-07-01,h3,-1.755722,-0.935192,0.82053,0.82053,0.673269
official_test,Persistence,457,Chhatrapati Sambhajinagar,2021-08-01,h1,-1.210215,-0.303652,0.906564,0.906564,0.821858
official_test,Persistence,457,Chhatrapati Sambhajinagar,2021-08-01,h2,-1.755722,-0.303652,1.45207,1.45207,2.108507
official_test,Persistence,457,Chhatrapati Sambhajinagar,2021-08-01,h3,-1.585057,-0.303652,1.281406,1.281406,1.642
official_test,Persistence,458,Chhatrapati Sambhajinagar,2021-09-01,h1,-1.755722,-1.210215,0.545506,0.545506,0.297577
official_test,Persistence,458,Chhatrapati Sambhajinagar,2021-09-01,h2,-1.585057,-1.210215,0.374842,0.374842,0.140506
official_test,Persistence,458,Chhatrapati Sambhajinagar,2021-09-01,h3,-1.401432,-1.210215,0.191216,0.191216,0.036564
official_test,Persistence,459,Chhatrapati Sambhajinagar,2021-10-01,h1,-1.585057,-1.755722,-0.170664,0.170664,0.029126
official_test,Persistence,459,Chhatrapati Sambhajinagar,2021-10-01,h2,-1.401432,-1.755722,-0.35429,0.35429,0.125521
official_test,Persistence,459,Chhatrapati Sambhajinagar,2021-10-01,h3,-1.187325,-1.755722,-0.568396,0.568396,0.323075
official_test,Persistence,460,Chhatrapati Sambhajinagar,2021-11-01,h1,-1.401432,-1.585057,-0.183626,0.183626,0.033718
official_test,Persistence,460,Chhatrapati Sambhajinagar,2021-11-01,h2,-1.187325,-1.585057,-0.397732,0.397732,0.158191
official_test,Persistence,460,Chhatrapati Sambhajinagar,2021-11-01,h3,-1.420752,-1.585057,-0.164306,0.164306,0.026996
official_test,Persistence,461,Chhatrapati Sambhajinagar,2021-12-01,h1,-1.187325,-1.401431,-0.214106,0.214106,0.045841
official_test,Persistence,461,Chhatrapati Sambhajinagar,2021-12-01,h2,-1.420752,-1.401431,0.01932,0.01932,0.000373
official_test,Persistence,461,Chhatrapati Sambhajinagar,2021-12-01,h3,-0.800335,-1.401431,-0.601096,0.601096,0.361317
official_test,Persistence,462,Chhatrapati Sambhajinagar,2022-01-01,h1,-1.420752,-1.187325,0.233426,0.233426,0.054488
official_test,Persistence,462,Chhatrapati Sambhajinagar,2022-01-01,h2,-0.800335,-1.187325,-0.38699,0.38699,0.149761
official_test,Persistence,462,Chhatrapati Sambhajinagar,2022-01-01,h3,-0.672696,-1.187325,-0.514629,0.514629,0.264843
official_test,Persistence,463,Chhatrapati Sambhajinagar,2022-02-01,h1,-0.800335,-1.420752,-0.620416,0.620416,0.384916
official_test,Persistence,463,Chhatrapati Sambhajinagar,2022-02-01,h2,-0.672696,-1.420752,-0.748055,0.748055,0.559587
official_test,Persistence,463,Chhatrapati Sambhajinagar,2022-02-01,h3,-0.462274,-1.420752,-0.958477,0.958477,0.918678
official_test,Persistence,464,Chhatrapati Sambhajinagar,2022-03-01,h1,-0.672696,-0.800335,-0.127639,0.127639,0.016292
official_test,Persistence,464,Chhatrapati Sambhajinagar,2022-03-01,h2,-0.462274,-0.800335,-0.338061,0.338061,0.114285
official_test,Persistence,464,Chhatrapati Sambhajinagar,2022-03-01,h3,-0.494102,-0.800335,-0.306233,0.306233,0.093779
official_test,Persistence,465,Chhatrapati Sambhajinagar,2022-04-01,h1,-0.462274,-0.672696,-0.210422,0.210422,0.044277
official_test,Persistence,465,Chhatrapati Sambhajinagar,2022-04-01,h2,-0.494102,-0.672696,-0.178594,0.178594,0.031896
official_test,Persistence,465,Chhatrapati Sambhajinagar,2022-04-01,h3,-2.112228,-0.672696,1.439532,1.439532,2.072253
official_test,Persistence,466,Chhatrapati Sambhajinagar,2022-05-01,h1,-0.494102,-0.462274,0.031828,0.031828,0.001013
official_test,Persistence,466,Chhatrapati Sambhajinagar,2022-05-01,h2,-2.112228,-0.462274,1.649954,1.649954,2.722348
official_test,Persistence,466,Chhatrapati Sambhajinagar,2022-05-01,h3,-1.34669,-0.462274,0.884416,0.884416,0.782191
official_test,Persistence,467,Chhatrapati Sambhajinagar,2022-06-01,h1,-2.112228,-0.494102,1.618126,1.618126,2.618332
official_test,Persistence,467,Chhatrapati Sambhajinagar,2022-06-01,h2,-1.34669,-0.494102,0.852588,0.852588,0.726906
official_test,Persistence,467,Chhatrapati Sambhajinagar,2022-06-01,h3,-1.597277,-0.494102,1.103175,1.103175,1.216994
official_test,Persistence,468,Chhatrapati Sambhajinagar,2022-07-01,h1,-1.34669,-2.112228,-0.765538,0.765538,0.586049
official_test,Persistence,468,Chhatrapati Sambhajinagar,2022-07-01,h2,-1.597277,-2.112228,-0.514952,0.514952,0.265175
official_test,Persistence,468,Chhatrapati Sambhajinagar,2022-07-01,h3,-1.940291,-2.112228,-0.171937,0.171937,0.029562
official_test,Persistence,469,Chhatrapati Sambhajinagar,2022-08-01,h1,-1.597277,-1.34669,0.250587,0.250587,0.062794
official_test,Persistence,469,Chhatrapati Sambhajinagar,2022-08-01,h2,-1.940291,-1.34669,0.593601,0.593601,0.352362
official_test,Persistence,469,Chhatrapati Sambhajinagar,2022-08-01,h3,-1.561697,-1.34669,0.215007,0.215007,0.046228
official_test,Persistence,470,Chhatrapati Sambhajinagar,2022-09-01,h1,-1.940291,-1.597277,0.343015,0.343015,0.117659
official_test,Persistence,470,Chhatrapati Sambhajinagar,2022-09-01,h2,-1.561697,-1.597277,-0.03558,0.03558,0.001266
official_test,Persistence,470,Chhatrapati Sambhajinagar,2022-09-01,h3,-1.444408,-1.597277,-0.152869,0.152869,0.023369
official_test,Persistence,471,Chhatrapati Sambhajinagar,2022-10-01,h1,-1.561697,-1.940291,-0.378594,0.378594,0.143333
official_test,Persistence,471,Chhatrapati Sambhajinagar,2022-10-01,h2,-1.444408,-1.940291,-0.495883,0.495883,0.2459
official_test,Persistence,471,Chhatrapati Sambhajinagar,2022-10-01,h3,-1.019117,-1.940291,-0.921174,0.921174,0.848562
official_test,Persistence,472,Chhatrapati Sambhajinagar,2022-11-01,h1,-1.444408,-1.561697,-0.117289,0.117289,0.013757
official_test,Persistence,472,Chhatrapati Sambhajinagar,2022-11-01,h2,-1.019117,-1.561697,-0.54258,0.54258,0.294393
official_test,Persistence,472,Chhatrapati Sambhajinagar,2022-11-01,h3,-1.085541,-1.561697,-0.476156,0.476156,0.226724
official_test,Persistence,473,Chhatrapati Sambhajinagar,2022-12-01,h1,-1.019117,-1.444408,-0.425291,0.425291,0.180872
official_test,Persistence,473,Chhatrapati Sambhajinagar,2022-12-01,h2,-1.085541,-1.444408,-0.358866,0.358866,0.128785
official_test,Persistence,473,Chhatrapati Sambhajinagar,2022-12-01,h3,-1.566303,-1.444408,0.121895,0.121895,0.014858
official_test,Persistence,474,Chhatrapati Sambhajinagar,2023-01-01,h1,-1.085541,-1.019117,0.066424,0.066424,0.004412
official_test,Persistence,474,Chhatrapati Sambhajinagar,2023-01-01,h2,-1.566303,-1.019117,0.547186,0.547186,0.299413
official_test,Persistence,474,Chhatrapati Sambhajinagar,2023-01-01,h3,-1.734646,-1.019117,0.71553,0.71553,0.511983
official_test,Persistence,475,Chhatrapati Sambhajinagar,2023-02-01,h1,-1.566303,-1.085541,0.480762,0.480762,0.231132
official_test,Persistence,475,Chhatrapati Sambhajinagar,2023-02-01,h2,-1.734646,-1.085541,0.649105,0.649105,0.421337
official_test,Persistence,475,Chhatrapati Sambhajinagar,2023-02-01,h3,-1.075118,-1.085541,-0.010423,0.010423,0.000109
official_test,Persistence,476,Chhatrapati Sambhajinagar,2023-03-01,h1,-1.734646,-1.566303,0.168344,0.168344,0.02834
official_test,Persistence,476,Chhatrapati Sambhajinagar,2023-03-01,h2,-1.075118,-1.566303,-0.491185,0.491185,0.241262
official_test,Persistence,476,Chhatrapati Sambhajinagar,2023-03-01,h3,-0.084688,-1.566303,-1.481615,1.481615,2.195182
official_test,Persistence,477,Chhatrapati Sambhajinagar,2023-04-01,h1,-1.075118,-1.734646,-0.659528,0.659528,0.434977
official_test,Persistence,477,Chhatrapati Sambhajinagar,2023-04-01,h2,-0.084688,-1.734646,-1.649958,1.649958,2.722362
official_test,Persistence,477,Chhatrapati Sambhajinagar,2023-04-01,h3,-0.264452,-1.734646,-1.470195,1.470195,2.161472
official_test,Persistence,478,Chhatrapati Sambhajinagar,2023-05-01,h1,-0.084688,-1.075118,-0.99043,0.99043,0.980951
official_test,Persistence,478,Chhatrapati Sambhajinagar,2023-05-01,h2,-0.264452,-1.075118,-0.810666,0.810666,0.65718
official_test,Persistence,478,Chhatrapati Sambhajinagar,2023-05-01,h3,-0.096381,-1.075118,-0.978738,0.978738,0.957928
official_test,Persistence,479,Chhatrapati Sambhajinagar,2023-06-01,h1,-0.264452,-0.084688,0.179763,0.179763,0.032315
official_test,Persistence,479,Chhatrapati Sambhajinagar,2023-06-01,h2,-0.096381,-0.084688,0.011692,0.011692,0.000137
official_test,Persistence,479,Chhatrapati Sambhajinagar,2023-06-01,h3,-0.399514,-0.084688,0.314826,0.314826,0.099115
official_test,Persistence,480,Chhatrapati Sambhajinagar,2023-07-01,h1,-0.096381,-0.264452,-0.168071,0.168071,0.028248
official_test,Persistence,480,Chhatrapati Sambhajinagar,2023-07-01,h2,-0.399514,-0.264452,0.135063,0.135063,0.018242
official_test,Persistence,480,Chhatrapati Sambhajinagar,2023-07-01,h3,-0.151739,-0.264452,-0.112713,0.112713,0.012704
official_test,Persistence,481,Chhatrapati Sambhajinagar,2023-08-01,h1,-0.399514,-0.096381,0.303134,0.303134,0.09189
official_test,Persistence,481,Chhatrapati Sambhajinagar,2023-08-01,h2,-0.151739,-0.096381,0.055358,0.055358,0.003065
official_test,Persistence,481,Chhatrapati Sambhajinagar,2023-08-01,h3,-0.390781,-0.096381,0.294401,0.294401,0.086672
official_test,Persistence,482,Chhatrapati Sambhajinagar,2023-09-01,h1,-0.151739,-0.399514,-0.247775,0.247775,0.061393
official_test,Persistence,482,Chhatrapati Sambhajinagar,2023-09-01,h2,-0.390781,-0.399514,-0.008733,0.008733,7.6e-05
official_test,Persistence,482,Chhatrapati Sambhajinagar,2023-09-01,h3,-0.605908,-0.399514,0.206394,0.206394,0.042598
official_test,Persistence,483,Chhatrapati Sambhajinagar,2023-10-01,h1,-0.390781,-0.151739,0.239042,0.239042,0.057141
official_test,Persistence,483,Chhatrapati Sambhajinagar,2023-10-01,h2,-0.605908,-0.151739,0.454169,0.454169,0.206269
official_test,Persistence,483,Chhatrapati Sambhajinagar,2023-10-01,h3,-1.119045,-0.151739,0.967306,0.967306,0.935682
official_test,Persistence,484,Chhatrapati Sambhajinagar,2023-11-01,h1,-0.605908,-0.390781,0.215127,0.215127,0.04628
official_test,Persistence,484,Chhatrapati Sambhajinagar,2023-11-01,h2,-1.119045,-0.390781,0.728264,0.728264,0.530369
official_test,Persistence,484,Chhatrapati Sambhajinagar,2023-11-01,h3,-0.894783,-0.390781,0.504002,0.504002,0.254018
official_test,Persistence,485,Chhatrapati Sambhajinagar,2023-12-01,h1,-1.119045,-0.605908,0.513137,0.513137,0.26331
official_test,Persistence,485,Chhatrapati Sambhajinagar,2023-12-01,h2,-0.894783,-0.605908,0.288875,0.288875,0.083449
official_test,Persistence,485,Chhatrapati Sambhajinagar,2023-12-01,h3,-0.753684,-0.605908,0.147776,0.147776,0.021838
official_test,Persistence,486,Chhatrapati Sambhajinagar,2024-01-01,h1,-0.894783,-1.119045,-0.224262,0.224262,0.050294
official_test,Persistence,486,Chhatrapati Sambhajinagar,2024-01-01,h2,-0.753684,-1.119045,-0.365362,0.365362,0.133489
official_test,Persistence,486,Chhatrapati Sambhajinagar,2024-01-01,h3,-0.553116,-1.119045,-0.565929,0.565929,0.320276
official_test,Persistence,487,Chhatrapati Sambhajinagar,2024-02-01,h1,-0.753684,-0.894783,-0.141099,0.141099,0.019909
official_test,Persistence,487,Chhatrapati Sambhajinagar,2024-02-01,h2,-0.553116,-0.894783,-0.341667,0.341667,0.116736
official_test,Persistence,487,Chhatrapati Sambhajinagar,2024-02-01,h3,-0.553166,-0.894783,-0.341617,0.341617,0.116702
official_test,Persistence,488,Chhatrapati Sambhajinagar,2024-03-01,h1,-0.553116,-0.753684,-0.200567,0.200567,0.040227
official_test,Persistence,488,Chhatrapati Sambhajinagar,2024-03-01,h2,-0.553166,-0.753684,-0.200518,0.200518,0.040207
official_test,Persistence,488,Chhatrapati Sambhajinagar,2024-03-01,h3,-0.879648,-0.753684,0.125964,0.125964,0.015867
official_test,Persistence,489,Chhatrapati Sambhajinagar,2024-04-01,h1,-0.553166,-0.553116,5e-05,5e-05,0.0
official_test,Persistence,489,Chhatrapati Sambhajinagar,2024-04-01,h2,-0.879648,-0.553116,0.326531,0.326531,0.106623
official_test,Persistence,489,Chhatrapati Sambhajinagar,2024-04-01,h3,-0.275423,-0.553116,-0.277693,0.277693,0.077113
official_test,Persistence,490,Chhatrapati Sambhajinagar,2024-05-01,h1,-0.879648,-0.553166,0.326482,0.326482,0.10659
official_test,Persistence,490,Chhatrapati Sambhajinagar,2024-05-01,h2,-0.275423,-0.553166,-0.277743,0.277743,0.077141
official_test,Persistence,490,Chhatrapati Sambhajinagar,2024-05-01,h3,-1.480146,-0.553166,0.92698,0.92698,0.859292
official_test,Persistence,491,Chhatrapati Sambhajinagar,2024-06-01,h1,-0.275423,-0.879648,-0.604224,0.604224,0.365087
official_test,Persistence,491,Chhatrapati Sambhajinagar,2024-06-01,h2,-1.480146,-0.879648,0.600498,0.600498,0.360598
official_test,Persistence,491,Chhatrapati Sambhajinagar,2024-06-01,h3,-1.334362,-0.879648,0.454714,0.454714,0.206765
official_test,Persistence,492,Chhatrapati Sambhajinagar,2024-07-01,h1,-1.480146,-0.275423,1.204723,1.204723,1.451357
official_test,Persistence,492,Chhatrapati Sambhajinagar,2024-07-01,h2,-1.334362,-0.275423,1.058938,1.058938,1.12135
official_test,Persistence,492,Chhatrapati Sambhajinagar,2024-07-01,h3,-1.430122,-0.275423,1.154699,1.154699,1.333329
official_test,Persistence,493,Chhatrapati Sambhajinagar,2024-08-01,h1,-1.334362,-1.480146,-0.145784,0.145784,0.021253
official_test,Persistence,493,Chhatrapati Sambhajinagar,2024-08-01,h2,-1.430122,-1.480146,-0.050024,0.050024,0.002502
official_test,Persistence,493,Chhatrapati Sambhajinagar,2024-08-01,h3,-1.33475,-1.480146,-0.145396,0.145396,0.02114
official_test,Persistence,494,Chhatrapati Sambhajinagar,2024-09-01,h1,-1.430122,-1.334361,0.09576,0.09576,0.00917
official_test,Persistence,494,Chhatrapati Sambhajinagar,2024-09-01,h2,-1.33475,-1.334361,0.000389,0.000389,0.0
official_test,Persistence,494,Chhatrapati Sambhajinagar,2024-09-01,h3,-1.503817,-1.334361,0.169456,0.169456,0.028715
official_test,Persistence,697,Dharashiv,2021-01-01,h1,-0.925367,-0.778714,0.146653,0.146653,0.021507
official_test,Persistence,697,Dharashiv,2021-01-01,h2,-0.483298,-0.778714,-0.295416,0.295416,0.08727
official_test,Persistence,697,Dharashiv,2021-01-01,h3,-0.786925,-0.778714,0.008211,0.008211,6.7e-05
official_test,Persistence,698,Dharashiv,2021-02-01,h1,-0.483298,-0.925367,-0.442069,0.442069,0.195425
official_test,Persistence,698,Dharashiv,2021-02-01,h2,-0.786925,-0.925367,-0.138443,0.138443,0.019166
official_test,Persistence,698,Dharashiv,2021-02-01,h3,-1.037942,-0.925367,0.112575,0.112575,0.012673
official_test,Persistence,699,Dharashiv,2021-03-01,h1,-0.786925,-0.483298,0.303626,0.303626,0.092189
official_test,Persistence,699,Dharashiv,2021-03-01,h2,-1.037942,-0.483298,0.554644,0.554644,0.30763
official_test,Persistence,699,Dharashiv,2021-03-01,h3,-1.112037,-0.483298,0.628738,0.628738,0.395312
official_test,Persistence,700,Dharashiv,2021-04-01,h1,-1.037942,-0.786925,0.251018,0.251018,0.06301
official_test,Persistence,700,Dharashiv,2021-04-01,h2,-1.112037,-0.786925,0.325112,0.325112,0.105698
official_test,Persistence,700,Dharashiv,2021-04-01,h3,-1.025305,-0.786925,0.238381,0.238381,0.056825
official_test,Persistence,701,Dharashiv,2021-05-01,h1,-1.112037,-1.037943,0.074094,0.074094,0.00549
official_test,Persistence,701,Dharashiv,2021-05-01,h2,-1.025305,-1.037943,-0.012637,0.012637,0.00016
official_test,Persistence,701,Dharashiv,2021-05-01,h3,-0.790949,-1.037943,-0.246993,0.246993,0.061006
official_test,Persistence,702,Dharashiv,2021-06-01,h1,-1.025305,-1.112037,-0.086731,0.086731,0.007522
official_test,Persistence,702,Dharashiv,2021-06-01,h2,-0.790949,-1.112037,-0.321088,0.321088,0.103097
official_test,Persistence,702,Dharashiv,2021-06-01,h3,-1.008118,-1.112037,-0.103918,0.103918,0.010799
official_test,Persistence,703,Dharashiv,2021-07-01,h1,-0.790949,-1.025305,-0.234356,0.234356,0.054923
official_test,Persistence,703,Dharashiv,2021-07-01,h2,-1.008118,-1.025305,-0.017187,0.017187,0.000295
official_test,Persistence,703,Dharashiv,2021-07-01,h3,-1.107112,-1.025305,0.081806,0.081806,0.006692
official_test,Persistence,704,Dharashiv,2021-08-01,h1,-1.008118,-0.790949,0.217169,0.217169,0.047162
official_test,Persistence,704,Dharashiv,2021-08-01,h2,-1.107112,-0.790949,0.316163,0.316163,0.099959
official_test,Persistence,704,Dharashiv,2021-08-01,h3,-1.170155,-0.790949,0.379206,0.379206,0.143797
official_test,Persistence,705,Dharashiv,2021-09-01,h1,-1.107112,-1.008118,0.098993,0.098993,0.0098
official_test,Persistence,705,Dharashiv,2021-09-01,h2,-1.170155,-1.008118,0.162036,0.162036,0.026256
official_test,Persistence,705,Dharashiv,2021-09-01,h3,-1.343819,-1.008118,0.3357,0.3357,0.112695
official_test,Persistence,706,Dharashiv,2021-10-01,h1,-1.170155,-1.107112,0.063043,0.063043,0.003974
official_test,Persistence,706,Dharashiv,2021-10-01,h2,-1.343819,-1.107112,0.236707,0.236707,0.05603
official_test,Persistence,706,Dharashiv,2021-10-01,h3,-1.315075,-1.107112,0.207963,0.207963,0.043249
official_test,Persistence,707,Dharashiv,2021-11-01,h1,-1.343819,-1.170155,0.173664,0.173664,0.030159
official_test,Persistence,707,Dharashiv,2021-11-01,h2,-1.315075,-1.170155,0.14492,0.14492,0.021002
official_test,Persistence,707,Dharashiv,2021-11-01,h3,-1.059334,-1.170155,-0.110821,0.110821,0.012281
official_test,Persistence,708,Dharashiv,2021-12-01,h1,-1.315075,-1.343819,-0.028744,0.028744,0.000826
official_test,Persistence,708,Dharashiv,2021-12-01,h2,-1.059334,-1.343819,-0.284485,0.284485,0.080932
official_test,Persistence,708,Dharashiv,2021-12-01,h3,-0.678753,-1.343819,-0.665066,0.665066,0.442312
official_test,Persistence,709,Dharashiv,2022-01-01,h1,-1.059334,-1.315075,-0.255741,0.255741,0.065404
official_test,Persistence,709,Dharashiv,2022-01-01,h2,-0.678753,-1.315075,-0.636322,0.636322,0.404906
official_test,Persistence,709,Dharashiv,2022-01-01,h3,-1.011028,-1.315075,-0.304047,0.304047,0.092444
official_test,Persistence,710,Dharashiv,2022-02-01,h1,-0.678753,-1.059334,-0.380581,0.380581,0.144842
official_test,Persistence,710,Dharashiv,2022-02-01,h2,-1.011028,-1.059334,-0.048306,0.048306,0.002333
official_test,Persistence,710,Dharashiv,2022-02-01,h3,-0.864825,-1.059334,-0.194509,0.194509,0.037834
official_test,Persistence,711,Dharashiv,2022-03-01,h1,-1.011028,-0.678753,0.332275,0.332275,0.110407
official_test,Persistence,711,Dharashiv,2022-03-01,h2,-0.864825,-0.678753,0.186072,0.186072,0.034623
official_test,Persistence,711,Dharashiv,2022-03-01,h3,-0.674226,-0.678753,-0.004527,0.004527,2e-05
official_test,Persistence,712,Dharashiv,2022-04-01,h1,-0.864825,-1.011028,-0.146203,0.146203,0.021375
official_test,Persistence,712,Dharashiv,2022-04-01,h2,-0.674226,-1.011028,-0.336802,0.336802,0.113435
official_test,Persistence,712,Dharashiv,2022-04-01,h3,-1.718629,-1.011028,0.707601,0.707601,0.500699
official_test,Persistence,713,Dharashiv,2022-05-01,h1,-0.674226,-0.864825,-0.190598,0.190598,0.036328
official_test,Persistence,713,Dharashiv,2022-05-01,h2,-1.718629,-0.864825,0.853804,0.853804,0.728981
official_test,Persistence,713,Dharashiv,2022-05-01,h3,-1.900719,-0.864825,1.035895,1.035895,1.073078
official_test,Persistence,714,Dharashiv,2022-06-01,h1,-1.718629,-0.674226,1.044402,1.044402,1.090776
official_test,Persistence,714,Dharashiv,2022-06-01,h2,-1.900719,-0.674226,1.226493,1.226493,1.504285
official_test,Persistence,714,Dharashiv,2022-06-01,h3,-1.326715,-0.674226,0.652488,0.652488,0.425741
official_test,Persistence,715,Dharashiv,2022-07-01,h1,-1.900719,-1.718629,0.18209,0.18209,0.033157
official_test,Persistence,715,Dharashiv,2022-07-01,h2,-1.326715,-1.718629,-0.391914,0.391914,0.153597
official_test,Persistence,715,Dharashiv,2022-07-01,h3,-1.357456,-1.718629,-0.361173,0.361173,0.130446
official_test,Persistence,716,Dharashiv,2022-08-01,h1,-1.326715,-1.900719,-0.574004,0.574004,0.329481
official_test,Persistence,716,Dharashiv,2022-08-01,h2,-1.357456,-1.900719,-0.543263,0.543263,0.295135
official_test,Persistence,716,Dharashiv,2022-08-01,h3,-1.057977,-1.900719,-0.842742,0.842742,0.710214
official_test,Persistence,717,Dharashiv,2022-09-01,h1,-1.357456,-1.326715,0.030741,0.030741,0.000945
official_test,Persistence,717,Dharashiv,2022-09-01,h2,-1.057977,-1.326715,-0.268737,0.268737,0.07222
official_test,Persistence,717,Dharashiv,2022-09-01,h3,-0.976196,-1.326715,-0.350519,0.350519,0.122863
official_test,Persistence,718,Dharashiv,2022-10-01,h1,-1.057977,-1.357456,-0.299479,0.299479,0.089687
official_test,Persistence,718,Dharashiv,2022-10-01,h2,-0.976196,-1.357456,-0.38126,0.38126,0.145359
official_test,Persistence,718,Dharashiv,2022-10-01,h3,-1.156812,-1.357456,-0.200644,0.200644,0.040258
official_test,Persistence,719,Dharashiv,2022-11-01,h1,-0.976196,-1.057978,-0.081781,0.081781,0.006688
official_test,Persistence,719,Dharashiv,2022-11-01,h2,-1.156812,-1.057978,0.098834,0.098834,0.009768
official_test,Persistence,719,Dharashiv,2022-11-01,h3,-1.063274,-1.057978,0.005297,0.005297,2.8e-05
official_test,Persistence,720,Dharashiv,2022-12-01,h1,-1.156812,-0.976196,0.180616,0.180616,0.032622
official_test,Persistence,720,Dharashiv,2022-12-01,h2,-1.063274,-0.976196,0.087078,0.087078,0.007583
official_test,Persistence,720,Dharashiv,2022-12-01,h3,-1.160185,-0.976196,0.183989,0.183989,0.033852
official_test,Persistence,721,Dharashiv,2023-01-01,h1,-1.063274,-1.156812,-0.093537,0.093537,0.008749
official_test,Persistence,721,Dharashiv,2023-01-01,h2,-1.160185,-1.156812,0.003373,0.003373,1.1e-05
official_test,Persistence,721,Dharashiv,2023-01-01,h3,-1.195078,-1.156812,0.038267,0.038267,0.001464
official_test,Persistence,722,Dharashiv,2023-02-01,h1,-1.160185,-1.063274,0.09691,0.09691,0.009392
official_test,Persistence,722,Dharashiv,2023-02-01,h2,-1.195078,-1.063274,0.131804,0.131804,0.017372
official_test,Persistence,722,Dharashiv,2023-02-01,h3,-0.678428,-1.063274,-0.384847,0.384847,0.148107
official_test,Persistence,723,Dharashiv,2023-03-01,h1,-1.195078,-1.160185,0.034894,0.034894,0.001218
official_test,Persistence,723,Dharashiv,2023-03-01,h2,-0.678428,-1.160185,-0.481757,0.481757,0.23209
official_test,Persistence,723,Dharashiv,2023-03-01,h3,0.030571,-1.160185,-1.190755,1.190755,1.417899
official_test,Persistence,724,Dharashiv,2023-04-01,h1,-0.678428,-1.195078,-0.516651,0.516651,0.266928
official_test,Persistence,724,Dharashiv,2023-04-01,h2,0.030571,-1.195078,-1.225649,1.225649,1.502216
official_test,Persistence,724,Dharashiv,2023-04-01,h3,-0.795612,-1.195078,-0.399466,0.399466,0.159573
official_test,Persistence,725,Dharashiv,2023-05-01,h1,0.030571,-0.678428,-0.708998,0.708998,0.502679
official_test,Persistence,725,Dharashiv,2023-05-01,h2,-0.795612,-0.678428,0.117185,0.117185,0.013732
official_test,Persistence,725,Dharashiv,2023-05-01,h3,-0.451253,-0.678428,-0.227175,0.227175,0.051608
official_test,Persistence,726,Dharashiv,2023-06-01,h1,-0.795612,0.030571,0.826183,0.826183,0.682579
official_test,Persistence,726,Dharashiv,2023-06-01,h2,-0.451253,0.030571,0.481823,0.481823,0.232154
official_test,Persistence,726,Dharashiv,2023-06-01,h3,-0.124314,0.030571,0.154885,0.154885,0.023989
official_test,Persistence,727,Dharashiv,2023-07-01,h1,-0.451253,-0.795612,-0.34436,0.34436,0.118584
official_test,Persistence,727,Dharashiv,2023-07-01,h2,-0.124314,-0.795612,-0.671298,0.671298,0.450642
official_test,Persistence,727,Dharashiv,2023-07-01,h3,0.484405,-0.795612,-1.280018,1.280018,1.638445
official_test,Persistence,728,Dharashiv,2023-08-01,h1,-0.124314,-0.451253,-0.326939,0.326939,0.106889
official_test,Persistence,728,Dharashiv,2023-08-01,h2,0.484405,-0.451253,-0.935658,0.935658,0.875456
official_test,Persistence,728,Dharashiv,2023-08-01,h3,0.038974,-0.451253,-0.490227,0.490227,0.240322
official_test,Persistence,729,Dharashiv,2023-09-01,h1,0.484405,-0.124314,-0.608719,0.608719,0.370539
official_test,Persistence,729,Dharashiv,2023-09-01,h2,0.038974,-0.124314,-0.163288,0.163288,0.026663
official_test,Persistence,729,Dharashiv,2023-09-01,h3,-0.143573,-0.124314,0.019259,0.019259,0.000371
official_test,Persistence,730,Dharashiv,2023-10-01,h1,0.038974,0.484405,0.445431,0.445431,0.198409
official_test,Persistence,730,Dharashiv,2023-10-01,h2,-0.143573,0.484405,0.627979,0.627979,0.394357
official_test,Persistence,730,Dharashiv,2023-10-01,h3,-0.622017,0.484405,1.106423,1.106423,1.224171
official_test,Persistence,731,Dharashiv,2023-11-01,h1,-0.143573,0.038974,0.182547,0.182547,0.033324
official_test,Persistence,731,Dharashiv,2023-11-01,h2,-0.622017,0.038974,0.660992,0.660992,0.43691
official_test,Persistence,731,Dharashiv,2023-11-01,h3,-0.520353,0.038974,0.559328,0.559328,0.312847
official_test,Persistence,732,Dharashiv,2023-12-01,h1,-0.622017,-0.143573,0.478444,0.478444,0.228909
official_test,Persistence,732,Dharashiv,2023-12-01,h2,-0.520353,-0.143573,0.37678,0.37678,0.141963
official_test,Persistence,732,Dharashiv,2023-12-01,h3,-0.07049,-0.143573,-0.073083,0.073083,0.005341
official_test,Persistence,733,Dharashiv,2024-01-01,h1,-0.520353,-0.622017,-0.101664,0.101664,0.010336
official_test,Persistence,733,Dharashiv,2024-01-01,h2,-0.07049,-0.622017,-0.551527,0.551527,0.304182
official_test,Persistence,733,Dharashiv,2024-01-01,h3,-0.432588,-0.622017,-0.189429,0.189429,0.035884
official_test,Persistence,734,Dharashiv,2024-02-01,h1,-0.07049,-0.520353,-0.449863,0.449863,0.202377
official_test,Persistence,734,Dharashiv,2024-02-01,h2,-0.432588,-0.520353,-0.087765,0.087765,0.007703
official_test,Persistence,734,Dharashiv,2024-02-01,h3,-0.588232,-0.520353,0.067879,0.067879,0.004608
official_test,Persistence,735,Dharashiv,2024-03-01,h1,-0.432588,-0.07049,0.362098,0.362098,0.131115
official_test,Persistence,735,Dharashiv,2024-03-01,h2,-0.588232,-0.07049,0.517742,0.517742,0.268057
official_test,Persistence,735,Dharashiv,2024-03-01,h3,-1.270592,-0.07049,1.200102,1.200102,1.440244
official_test,Persistence,736,Dharashiv,2024-04-01,h1,-0.588232,-0.432588,0.155644,0.155644,0.024225
official_test,Persistence,736,Dharashiv,2024-04-01,h2,-1.270592,-0.432588,0.838004,0.838004,0.702251
official_test,Persistence,736,Dharashiv,2024-04-01,h3,-2.091565,-0.432588,1.658977,1.658977,2.752206
official_test,Persistence,737,Dharashiv,2024-05-01,h1,-1.270592,-0.588232,0.68236,0.68236,0.465615
official_test,Persistence,737,Dharashiv,2024-05-01,h2,-2.091565,-0.588232,1.503333,1.503333,2.26001
official_test,Persistence,737,Dharashiv,2024-05-01,h3,-1.655419,-0.588232,1.067187,1.067187,1.138887
official_test,Persistence,738,Dharashiv,2024-06-01,h1,-2.091565,-1.270592,0.820973,0.820973,0.673997
official_test,Persistence,738,Dharashiv,2024-06-01,h2,-1.655419,-1.270592,0.384827,0.384827,0.148092
official_test,Persistence,738,Dharashiv,2024-06-01,h3,-0.833192,-1.270592,-0.4374,0.4374,0.191318
official_test,Persistence,739,Dharashiv,2024-07-01,h1,-1.655419,-2.091565,-0.436146,0.436146,0.190224
official_test,Persistence,739,Dharashiv,2024-07-01,h2,-0.833192,-2.091565,-1.258373,1.258373,1.583502
official_test,Persistence,739,Dharashiv,2024-07-01,h3,-0.893157,-2.091565,-1.198408,1.198408,1.436182
official_test,Persistence,740,Dharashiv,2024-08-01,h1,-0.833192,-1.655419,-0.822226,0.822226,0.676056
official_test,Persistence,740,Dharashiv,2024-08-01,h2,-0.893157,-1.655419,-0.762262,0.762262,0.581043
official_test,Persistence,740,Dharashiv,2024-08-01,h3,-0.858376,-1.655419,-0.797043,0.797043,0.635278
official_test,Persistence,741,Dharashiv,2024-09-01,h1,-0.893157,-0.833193,0.059964,0.059964,0.003596
official_test,Persistence,741,Dharashiv,2024-09-01,h2,-0.858376,-0.833193,0.025183,0.025183,0.000634
official_test,Persistence,741,Dharashiv,2024-09-01,h3,-1.064045,-0.833193,0.230852,0.230852,0.053293
official_test,Persistence,944,Hingoli,2021-01-01,h1,-0.58886,-0.490261,0.098599,0.098599,0.009722
official_test,Persistence,944,Hingoli,2021-01-01,h2,-0.574969,-0.490261,0.084708,0.084708,0.007175
official_test,Persistence,944,Hingoli,2021-01-01,h3,-0.639672,-0.490261,0.14941,0.14941,0.022323
official_test,Persistence,945,Hingoli,2021-02-01,h1,-0.574969,-0.58886,-0.013891,0.013891,0.000193
official_test,Persistence,945,Hingoli,2021-02-01,h2,-0.639672,-0.58886,0.050812,0.050812,0.002582
official_test,Persistence,945,Hingoli,2021-02-01,h3,-0.863956,-0.58886,0.275096,0.275096,0.075678
official_test,Persistence,946,Hingoli,2021-03-01,h1,-0.639672,-0.574969,0.064702,0.064702,0.004186
official_test,Persistence,946,Hingoli,2021-03-01,h2,-0.863956,-0.574969,0.288987,0.288987,0.083513
official_test,Persistence,946,Hingoli,2021-03-01,h3,-1.613695,-0.574969,1.038726,1.038726,1.078951
official_test,Persistence,947,Hingoli,2021-04-01,h1,-0.863956,-0.639672,0.224284,0.224284,0.050303
official_test,Persistence,947,Hingoli,2021-04-01,h2,-1.613695,-0.639672,0.974023,0.974023,0.948722
official_test,Persistence,947,Hingoli,2021-04-01,h3,-0.925624,-0.639672,0.285953,0.285953,0.081769
official_test,Persistence,948,Hingoli,2021-05-01,h1,-1.613695,-0.863956,0.749739,0.749739,0.562109
official_test,Persistence,948,Hingoli,2021-05-01,h2,-0.925624,-0.863956,0.061669,0.061669,0.003803
official_test,Persistence,948,Hingoli,2021-05-01,h3,-0.873509,-0.863956,0.009554,0.009554,9.1e-05
official_test,Persistence,949,Hingoli,2021-06-01,h1,-0.925624,-1.613695,-0.688071,0.688071,0.473441
official_test,Persistence,949,Hingoli,2021-06-01,h2,-0.873509,-1.613695,-0.740186,0.740186,0.547875
official_test,Persistence,949,Hingoli,2021-06-01,h3,-0.840391,-1.613695,-0.773304,0.773304,0.597999
official_test,Persistence,950,Hingoli,2021-07-01,h1,-0.873509,-0.925624,-0.052115,0.052115,0.002716
official_test,Persistence,950,Hingoli,2021-07-01,h2,-0.840391,-0.925624,-0.085233,0.085233,0.007265
official_test,Persistence,950,Hingoli,2021-07-01,h3,-1.552016,-0.925624,0.626392,0.626392,0.392367
official_test,Persistence,951,Hingoli,2021-08-01,h1,-0.840391,-0.873509,-0.033118,0.033118,0.001097
official_test,Persistence,951,Hingoli,2021-08-01,h2,-1.552016,-0.873509,0.678507,0.678507,0.460372
official_test,Persistence,951,Hingoli,2021-08-01,h3,-1.345644,-0.873509,0.472135,0.472135,0.222911
official_test,Persistence,952,Hingoli,2021-09-01,h1,-1.552016,-0.840391,0.711625,0.711625,0.506411
official_test,Persistence,952,Hingoli,2021-09-01,h2,-1.345644,-0.840391,0.505253,0.505253,0.255281
official_test,Persistence,952,Hingoli,2021-09-01,h3,-1.110448,-0.840391,0.270056,0.270056,0.07293
official_test,Persistence,953,Hingoli,2021-10-01,h1,-1.345644,-1.552016,-0.206372,0.206372,0.04259
official_test,Persistence,953,Hingoli,2021-10-01,h2,-1.110448,-1.552016,-0.441569,0.441569,0.194983
official_test,Persistence,953,Hingoli,2021-10-01,h3,-1.119442,-1.552016,-0.432575,0.432575,0.187121
official_test,Persistence,954,Hingoli,2021-11-01,h1,-1.110448,-1.345644,-0.235196,0.235196,0.055317
official_test,Persistence,954,Hingoli,2021-11-01,h2,-1.119442,-1.345644,-0.226202,0.226202,0.051168
official_test,Persistence,954,Hingoli,2021-11-01,h3,-0.947181,-1.345644,-0.398463,0.398463,0.158772
official_test,Persistence,955,Hingoli,2021-12-01,h1,-1.119442,-1.110448,0.008994,0.008994,8.1e-05
official_test,Persistence,955,Hingoli,2021-12-01,h2,-0.947181,-1.110448,-0.163266,0.163266,0.026656
official_test,Persistence,955,Hingoli,2021-12-01,h3,-0.42456,-1.110448,-0.685888,0.685888,0.470442
official_test,Persistence,956,Hingoli,2022-01-01,h1,-0.947181,-1.119441,-0.17226,0.17226,0.029674
official_test,Persistence,956,Hingoli,2022-01-01,h2,-0.42456,-1.119441,-0.694882,0.694882,0.48286
official_test,Persistence,956,Hingoli,2022-01-01,h3,-0.450531,-1.119441,-0.668911,0.668911,0.447441
official_test,Persistence,957,Hingoli,2022-02-01,h1,-0.42456,-0.947181,-0.522621,0.522621,0.273133
official_test,Persistence,957,Hingoli,2022-02-01,h2,-0.450531,-0.947181,-0.49665,0.49665,0.246662
official_test,Persistence,957,Hingoli,2022-02-01,h3,-0.567104,-0.947181,-0.380078,0.380078,0.144459
official_test,Persistence,958,Hingoli,2022-03-01,h1,-0.450531,-0.42456,0.025971,0.025971,0.000674
official_test,Persistence,958,Hingoli,2022-03-01,h2,-0.567104,-0.42456,0.142544,0.142544,0.020319
official_test,Persistence,958,Hingoli,2022-03-01,h3,-0.288783,-0.42456,-0.135777,0.135777,0.018435
official_test,Persistence,959,Hingoli,2022-04-01,h1,-0.567104,-0.450531,0.116573,0.116573,0.013589
official_test,Persistence,959,Hingoli,2022-04-01,h2,-0.288783,-0.450531,-0.161748,0.161748,0.026162
official_test,Persistence,959,Hingoli,2022-04-01,h3,-2.072833,-0.450531,1.622302,1.622302,2.631864
official_test,Persistence,960,Hingoli,2022-05-01,h1,-0.288783,-0.567104,-0.27832,0.27832,0.077462
official_test,Persistence,960,Hingoli,2022-05-01,h2,-2.072833,-0.567104,1.505729,1.505729,2.267221
official_test,Persistence,960,Hingoli,2022-05-01,h3,-1.568348,-0.567104,1.001244,1.001244,1.002491
official_test,Persistence,961,Hingoli,2022-06-01,h1,-2.072833,-0.288783,1.78405,1.78405,3.182833
official_test,Persistence,961,Hingoli,2022-06-01,h2,-1.568348,-0.288783,1.279565,1.279565,1.637286
official_test,Persistence,961,Hingoli,2022-06-01,h3,-1.300487,-0.288783,1.011704,1.011704,1.023545
official_test,Persistence,962,Hingoli,2022-07-01,h1,-1.568348,-2.072833,-0.504485,0.504485,0.254505
official_test,Persistence,962,Hingoli,2022-07-01,h2,-1.300487,-2.072833,-0.772346,0.772346,0.596518
official_test,Persistence,962,Hingoli,2022-07-01,h3,-1.419324,-2.072833,-0.65351,0.65351,0.427075
official_test,Persistence,963,Hingoli,2022-08-01,h1,-1.300487,-1.568348,-0.267861,0.267861,0.071749
official_test,Persistence,963,Hingoli,2022-08-01,h2,-1.419324,-1.568348,-0.149024,0.149024,0.022208
official_test,Persistence,963,Hingoli,2022-08-01,h3,-1.194139,-1.568348,-0.374209,0.374209,0.140032
official_test,Persistence,964,Hingoli,2022-09-01,h1,-1.419324,-1.300487,0.118836,0.118836,0.014122
official_test,Persistence,964,Hingoli,2022-09-01,h2,-1.194139,-1.300487,-0.106348,0.106348,0.01131
official_test,Persistence,964,Hingoli,2022-09-01,h3,-1.258018,-1.300487,-0.042469,0.042469,0.001804
official_test,Persistence,965,Hingoli,2022-10-01,h1,-1.194139,-1.419324,-0.225185,0.225185,0.050708
official_test,Persistence,965,Hingoli,2022-10-01,h2,-1.258018,-1.419324,-0.161305,0.161305,0.026019
official_test,Persistence,965,Hingoli,2022-10-01,h3,-1.290343,-1.419324,-0.128981,0.128981,0.016636
official_test,Persistence,966,Hingoli,2022-11-01,h1,-1.258018,-1.194139,0.063879,0.063879,0.004081
official_test,Persistence,966,Hingoli,2022-11-01,h2,-1.290343,-1.194139,0.096204,0.096204,0.009255
official_test,Persistence,966,Hingoli,2022-11-01,h3,-1.079439,-1.194139,-0.1147,0.1147,0.013156
official_test,Persistence,967,Hingoli,2022-12-01,h1,-1.290343,-1.258018,0.032325,0.032325,0.001045
official_test,Persistence,967,Hingoli,2022-12-01,h2,-1.079439,-1.258018,-0.178579,0.178579,0.031891
official_test,Persistence,967,Hingoli,2022-12-01,h3,-1.061776,-1.258018,-0.196242,0.196242,0.038511
official_test,Persistence,968,Hingoli,2023-01-01,h1,-1.079439,-1.290343,-0.210904,0.210904,0.04448
official_test,Persistence,968,Hingoli,2023-01-01,h2,-1.061776,-1.290343,-0.228567,0.228567,0.052243
official_test,Persistence,968,Hingoli,2023-01-01,h3,-1.311137,-1.290343,0.020794,0.020794,0.000432
official_test,Persistence,969,Hingoli,2023-02-01,h1,-1.061776,-1.079439,-0.017663,0.017663,0.000312
official_test,Persistence,969,Hingoli,2023-02-01,h2,-1.311137,-1.079439,0.231698,0.231698,0.053684
official_test,Persistence,969,Hingoli,2023-02-01,h3,-1.272599,-1.079439,0.19316,0.19316,0.037311
official_test,Persistence,970,Hingoli,2023-03-01,h1,-1.311137,-1.061776,0.24936,0.24936,0.062181
official_test,Persistence,970,Hingoli,2023-03-01,h2,-1.272599,-1.061776,0.210823,0.210823,0.044446
official_test,Persistence,970,Hingoli,2023-03-01,h3,-0.172713,-1.061776,-0.889064,0.889064,0.790434
official_test,Persistence,971,Hingoli,2023-04-01,h1,-1.272599,-1.311136,-0.038538,0.038538,0.001485
official_test,Persistence,971,Hingoli,2023-04-01,h2,-0.172713,-1.311136,-1.138424,1.138424,1.296009
official_test,Persistence,971,Hingoli,2023-04-01,h3,-1.498485,-1.311136,0.187349,0.187349,0.0351
official_test,Persistence,972,Hingoli,2023-05-01,h1,-0.172713,-1.272599,-1.099886,1.099886,1.20975
official_test,Persistence,972,Hingoli,2023-05-01,h2,-1.498485,-1.272599,0.225886,0.225886,0.051025
official_test,Persistence,972,Hingoli,2023-05-01,h3,-0.567348,-1.272599,-0.705251,0.705251,0.497378
official_test,Persistence,973,Hingoli,2023-06-01,h1,-1.498485,-0.172713,1.325773,1.325773,1.757673
official_test,Persistence,973,Hingoli,2023-06-01,h2,-0.567348,-0.172713,0.394636,0.394636,0.155737
official_test,Persistence,973,Hingoli,2023-06-01,h3,-0.82369,-0.172713,0.650978,0.650978,0.423772
official_test,Persistence,974,Hingoli,2023-07-01,h1,-0.567348,-1.498485,-0.931137,0.931137,0.867016
official_test,Persistence,974,Hingoli,2023-07-01,h2,-0.82369,-1.498485,-0.674795,0.674795,0.455348
official_test,Persistence,974,Hingoli,2023-07-01,h3,-0.356734,-1.498485,-1.141751,1.141751,1.303596
official_test,Persistence,975,Hingoli,2023-08-01,h1,-0.82369,-0.567348,0.256342,0.256342,0.065711
official_test,Persistence,975,Hingoli,2023-08-01,h2,-0.356734,-0.567348,-0.210615,0.210615,0.044358
official_test,Persistence,975,Hingoli,2023-08-01,h3,-0.658419,-0.567348,0.091071,0.091071,0.008294
official_test,Persistence,976,Hingoli,2023-09-01,h1,-0.356734,-0.82369,-0.466956,0.466956,0.218048
official_test,Persistence,976,Hingoli,2023-09-01,h2,-0.658419,-0.82369,-0.165271,0.165271,0.027314
official_test,Persistence,976,Hingoli,2023-09-01,h3,-1.007658,-0.82369,0.183967,0.183967,0.033844
official_test,Persistence,977,Hingoli,2023-10-01,h1,-0.658419,-0.356734,0.301685,0.301685,0.091014
official_test,Persistence,977,Hingoli,2023-10-01,h2,-1.007658,-0.356734,0.650924,0.650924,0.423702
official_test,Persistence,977,Hingoli,2023-10-01,h3,-1.46656,-0.356734,1.109827,1.109827,1.231715
official_test,Persistence,978,Hingoli,2023-11-01,h1,-1.007658,-0.658419,0.349238,0.349238,0.121967
official_test,Persistence,978,Hingoli,2023-11-01,h2,-1.46656,-0.658419,0.808141,0.808141,0.653092
official_test,Persistence,978,Hingoli,2023-11-01,h3,-1.067525,-0.658419,0.409106,0.409106,0.167368
official_test,Persistence,979,Hingoli,2023-12-01,h1,-1.46656,-1.007658,0.458903,0.458903,0.210592
official_test,Persistence,979,Hingoli,2023-12-01,h2,-1.067525,-1.007658,0.059868,0.059868,0.003584
official_test,Persistence,979,Hingoli,2023-12-01,h3,-0.761897,-1.007658,-0.245761,0.245761,0.060398
official_test,Persistence,980,Hingoli,2024-01-01,h1,-1.067525,-1.46656,-0.399035,0.399035,0.159229
official_test,Persistence,980,Hingoli,2024-01-01,h2,-0.761897,-1.46656,-0.704664,0.704664,0.496551
official_test,Persistence,980,Hingoli,2024-01-01,h3,-1.023078,-1.46656,-0.443483,0.443483,0.196677
official_test,Persistence,981,Hingoli,2024-02-01,h1,-0.761897,-1.067525,-0.305629,0.305629,0.093409
official_test,Persistence,981,Hingoli,2024-02-01,h2,-1.023078,-1.067525,-0.044448,0.044448,0.001976
official_test,Persistence,981,Hingoli,2024-02-01,h3,-1.24441,-1.067525,0.176885,0.176885,0.031288
official_test,Persistence,982,Hingoli,2024-03-01,h1,-1.023078,-0.761897,0.261181,0.261181,0.068216
official_test,Persistence,982,Hingoli,2024-03-01,h2,-1.24441,-0.761897,0.482513,0.482513,0.232819
official_test,Persistence,982,Hingoli,2024-03-01,h3,-1.122982,-0.761897,0.361085,0.361085,0.130383
official_test,Persistence,983,Hingoli,2024-04-01,h1,-1.24441,-1.023078,0.221332,0.221332,0.048988
official_test,Persistence,983,Hingoli,2024-04-01,h2,-1.122982,-1.023078,0.099904,0.099904,0.009981
official_test,Persistence,983,Hingoli,2024-04-01,h3,-1.306816,-1.023078,0.283738,0.283738,0.080507
official_test,Persistence,984,Hingoli,2024-05-01,h1,-1.122982,-1.24441,-0.121428,0.121428,0.014745
official_test,Persistence,984,Hingoli,2024-05-01,h2,-1.306816,-1.24441,0.062405,0.062405,0.003894
official_test,Persistence,984,Hingoli,2024-05-01,h3,-1.685414,-1.24441,0.441004,0.441004,0.194485
official_test,Persistence,985,Hingoli,2024-06-01,h1,-1.306816,-1.122982,0.183833,0.183833,0.033795
official_test,Persistence,985,Hingoli,2024-06-01,h2,-1.685414,-1.122982,0.562432,0.562432,0.31633
official_test,Persistence,985,Hingoli,2024-06-01,h3,-1.091652,-1.122982,-0.03133,0.03133,0.000982
official_test,Persistence,986,Hingoli,2024-07-01,h1,-1.685414,-1.306816,0.378599,0.378599,0.143337
official_test,Persistence,986,Hingoli,2024-07-01,h2,-1.091652,-1.306816,-0.215163,0.215163,0.046295
official_test,Persistence,986,Hingoli,2024-07-01,h3,-1.101871,-1.306816,-0.204945,0.204945,0.042002
official_test,Persistence,987,Hingoli,2024-08-01,h1,-1.091652,-1.685414,-0.593762,0.593762,0.352553
official_test,Persistence,987,Hingoli,2024-08-01,h2,-1.101871,-1.685414,-0.583544,0.583544,0.340523
official_test,Persistence,987,Hingoli,2024-08-01,h3,-1.146379,-1.685414,-0.539036,0.539036,0.29056
official_test,Persistence,988,Hingoli,2024-09-01,h1,-1.101871,-1.091653,0.010218,0.010218,0.000104
official_test,Persistence,988,Hingoli,2024-09-01,h2,-1.146379,-1.091653,0.054726,0.054726,0.002995
official_test,Persistence,988,Hingoli,2024-09-01,h3,-1.219497,-1.091653,0.127844,0.127844,0.016344
official_test,Persistence,1191,Jalna,2021-01-01,h1,-1.084933,-0.929903,0.155029,0.155029,0.024034
official_test,Persistence,1191,Jalna,2021-01-01,h2,-0.77881,-0.929903,-0.151094,0.151094,0.022829
official_test,Persistence,1191,Jalna,2021-01-01,h3,-0.892222,-0.929903,-0.037681,0.037681,0.00142
official_test,Persistence,1192,Jalna,2021-02-01,h1,-0.77881,-1.084932,-0.306123,0.306123,0.093711
official_test,Persistence,1192,Jalna,2021-02-01,h2,-0.892222,-1.084932,-0.19271,0.19271,0.037137
official_test,Persistence,1192,Jalna,2021-02-01,h3,-1.313019,-1.084932,0.228086,0.228086,0.052023
official_test,Persistence,1193,Jalna,2021-03-01,h1,-0.892222,-0.77881,0.113413,0.113413,0.012862
official_test,Persistence,1193,Jalna,2021-03-01,h2,-1.313019,-0.77881,0.534209,0.534209,0.285379
official_test,Persistence,1193,Jalna,2021-03-01,h3,-1.321961,-0.77881,0.543152,0.543152,0.295014
official_test,Persistence,1194,Jalna,2021-04-01,h1,-1.313019,-0.892222,0.420796,0.420796,0.17707
official_test,Persistence,1194,Jalna,2021-04-01,h2,-1.321961,-0.892222,0.429739,0.429739,0.184675
official_test,Persistence,1194,Jalna,2021-04-01,h3,-0.957447,-0.892222,0.065224,0.065224,0.004254
official_test,Persistence,1195,Jalna,2021-05-01,h1,-1.321961,-1.313019,0.008942,0.008942,8e-05
official_test,Persistence,1195,Jalna,2021-05-01,h2,-0.957447,-1.313019,-0.355572,0.355572,0.126431
official_test,Persistence,1195,Jalna,2021-05-01,h3,-0.583822,-1.313019,-0.729196,0.729196,0.531727
official_test,Persistence,1196,Jalna,2021-06-01,h1,-0.957447,-1.321961,-0.364515,0.364515,0.132871
official_test,Persistence,1196,Jalna,2021-06-01,h2,-0.583822,-1.321961,-0.738139,0.738139,0.544849
official_test,Persistence,1196,Jalna,2021-06-01,h3,-1.388171,-1.321961,0.066209,0.066209,0.004384
official_test,Persistence,1197,Jalna,2021-07-01,h1,-0.583822,-0.957447,-0.373624,0.373624,0.139595
official_test,Persistence,1197,Jalna,2021-07-01,h2,-1.388171,-0.957447,0.430724,0.430724,0.185523
official_test,Persistence,1197,Jalna,2021-07-01,h3,-1.893021,-0.957447,0.935574,0.935574,0.875299
official_test,Persistence,1198,Jalna,2021-08-01,h1,-1.388171,-0.583822,0.804348,0.804348,0.646976
official_test,Persistence,1198,Jalna,2021-08-01,h2,-1.893021,-0.583822,1.309198,1.309198,1.714001
official_test,Persistence,1198,Jalna,2021-08-01,h3,-1.659952,-0.583822,1.076129,1.076129,1.158055
official_test,Persistence,1199,Jalna,2021-09-01,h1,-1.893021,-1.388171,0.50485,0.50485,0.254874
official_test,Persistence,1199,Jalna,2021-09-01,h2,-1.659952,-1.388171,0.271781,0.271781,0.073865
official_test,Persistence,1199,Jalna,2021-09-01,h3,-1.415569,-1.388171,0.027399,0.027399,0.000751
official_test,Persistence,1200,Jalna,2021-10-01,h1,-1.659952,-1.893021,-0.233069,0.233069,0.054321
official_test,Persistence,1200,Jalna,2021-10-01,h2,-1.415569,-1.893021,-0.477451,0.477451,0.22796
official_test,Persistence,1200,Jalna,2021-10-01,h3,-1.551115,-1.893021,-0.341905,0.341905,0.116899
official_test,Persistence,1201,Jalna,2021-11-01,h1,-1.415569,-1.659952,-0.244383,0.244383,0.059723
official_test,Persistence,1201,Jalna,2021-11-01,h2,-1.551115,-1.659952,-0.108837,0.108837,0.011845
official_test,Persistence,1201,Jalna,2021-11-01,h3,-1.687502,-1.659952,0.02755,0.02755,0.000759
official_test,Persistence,1202,Jalna,2021-12-01,h1,-1.551115,-1.415569,0.135546,0.135546,0.018373
official_test,Persistence,1202,Jalna,2021-12-01,h2,-1.687502,-1.415569,0.271933,0.271933,0.073947
official_test,Persistence,1202,Jalna,2021-12-01,h3,-1.025407,-1.415569,-0.390162,0.390162,0.152227
official_test,Persistence,1203,Jalna,2022-01-01,h1,-1.687502,-1.551115,0.136387,0.136387,0.018601
official_test,Persistence,1203,Jalna,2022-01-01,h2,-1.025407,-1.551115,-0.525708,0.525708,0.276369
official_test,Persistence,1203,Jalna,2022-01-01,h3,-0.852789,-1.551115,-0.698327,0.698327,0.48766
official_test,Persistence,1204,Jalna,2022-02-01,h1,-1.025407,-1.687502,-0.662095,0.662095,0.43837
official_test,Persistence,1204,Jalna,2022-02-01,h2,-0.852789,-1.687502,-0.834714,0.834714,0.696747
official_test,Persistence,1204,Jalna,2022-02-01,h3,-0.475177,-1.687502,-1.212325,1.212325,1.469733
official_test,Persistence,1205,Jalna,2022-03-01,h1,-0.852789,-1.025407,-0.172618,0.172618,0.029797
official_test,Persistence,1205,Jalna,2022-03-01,h2,-0.475177,-1.025407,-0.55023,0.55023,0.302753
official_test,Persistence,1205,Jalna,2022-03-01,h3,-0.555113,-1.025407,-0.470294,0.470294,0.221177
official_test,Persistence,1206,Jalna,2022-04-01,h1,-0.475177,-0.852789,-0.377612,0.377612,0.14259
official_test,Persistence,1206,Jalna,2022-04-01,h2,-0.555113,-0.852789,-0.297676,0.297676,0.088611
official_test,Persistence,1206,Jalna,2022-04-01,h3,-1.813084,-0.852789,0.960296,0.960296,0.922168
official_test,Persistence,1207,Jalna,2022-05-01,h1,-0.555113,-0.475177,0.079936,0.079936,0.00639
official_test,Persistence,1207,Jalna,2022-05-01,h2,-1.813084,-0.475177,1.337907,1.337907,1.789996
official_test,Persistence,1207,Jalna,2022-05-01,h3,-1.687787,-0.475177,1.21261,1.21261,1.470423
official_test,Persistence,1208,Jalna,2022-06-01,h1,-1.813084,-0.555113,1.257972,1.257972,1.582493
official_test,Persistence,1208,Jalna,2022-06-01,h2,-1.687787,-0.555113,1.132674,1.132674,1.28295
official_test,Persistence,1208,Jalna,2022-06-01,h3,-1.693944,-0.555113,1.138831,1.138831,1.296936
official_test,Persistence,1209,Jalna,2022-07-01,h1,-1.687787,-1.813084,-0.125297,0.125297,0.015699
official_test,Persistence,1209,Jalna,2022-07-01,h2,-1.693944,-1.813084,-0.119141,0.119141,0.014194
official_test,Persistence,1209,Jalna,2022-07-01,h3,-1.874008,-1.813084,0.060923,0.060923,0.003712
official_test,Persistence,1210,Jalna,2022-08-01,h1,-1.693944,-1.687787,0.006157,0.006157,3.8e-05
official_test,Persistence,1210,Jalna,2022-08-01,h2,-1.874008,-1.687787,0.186221,0.186221,0.034678
official_test,Persistence,1210,Jalna,2022-08-01,h3,-1.489064,-1.687787,-0.198723,0.198723,0.039491
official_test,Persistence,1211,Jalna,2022-09-01,h1,-1.874008,-1.693944,0.180064,0.180064,0.032423
official_test,Persistence,1211,Jalna,2022-09-01,h2,-1.489064,-1.693944,-0.20488,0.20488,0.041976
official_test,Persistence,1211,Jalna,2022-09-01,h3,-1.371654,-1.693944,-0.322289,0.322289,0.103871
official_test,Persistence,1212,Jalna,2022-10-01,h1,-1.489064,-1.874008,-0.384943,0.384943,0.148181
official_test,Persistence,1212,Jalna,2022-10-01,h2,-1.371654,-1.874008,-0.502353,0.502353,0.252359
official_test,Persistence,1212,Jalna,2022-10-01,h3,-1.557353,-1.874008,-0.316654,0.316654,0.10027
official_test,Persistence,1213,Jalna,2022-11-01,h1,-1.371654,-1.489064,-0.11741,0.11741,0.013785
official_test,Persistence,1213,Jalna,2022-11-01,h2,-1.557353,-1.489064,0.068289,0.068289,0.004663
official_test,Persistence,1213,Jalna,2022-11-01,h3,-1.532346,-1.489064,0.043281,0.043281,0.001873
official_test,Persistence,1214,Jalna,2022-12-01,h1,-1.557353,-1.371654,0.185699,0.185699,0.034484
official_test,Persistence,1214,Jalna,2022-12-01,h2,-1.532346,-1.371654,0.160691,0.160691,0.025822
official_test,Persistence,1214,Jalna,2022-12-01,h3,-1.57631,-1.371654,0.204655,0.204655,0.041884
official_test,Persistence,1215,Jalna,2023-01-01,h1,-1.532346,-1.557353,-0.025008,0.025008,0.000625
official_test,Persistence,1215,Jalna,2023-01-01,h2,-1.57631,-1.557353,0.018956,0.018956,0.000359
official_test,Persistence,1215,Jalna,2023-01-01,h3,-1.695428,-1.557353,0.138074,0.138074,0.019065
official_test,Persistence,1216,Jalna,2023-02-01,h1,-1.57631,-1.532346,0.043964,0.043964,0.001933
official_test,Persistence,1216,Jalna,2023-02-01,h2,-1.695428,-1.532346,0.163082,0.163082,0.026596
official_test,Persistence,1216,Jalna,2023-02-01,h3,-1.086681,-1.532346,-0.445665,0.445665,0.198617
official_test,Persistence,1217,Jalna,2023-03-01,h1,-1.695428,-1.57631,0.119118,0.119118,0.014189
official_test,Persistence,1217,Jalna,2023-03-01,h2,-1.086681,-1.57631,-0.489629,0.489629,0.239736
official_test,Persistence,1217,Jalna,2023-03-01,h3,-0.162401,-1.57631,-1.413909,1.413909,1.999139
official_test,Persistence,1218,Jalna,2023-04-01,h1,-1.086681,-1.695428,-0.608747,0.608747,0.370573
official_test,Persistence,1218,Jalna,2023-04-01,h2,-0.162401,-1.695428,-1.533027,1.533027,2.350173
official_test,Persistence,1218,Jalna,2023-04-01,h3,-0.50462,-1.695428,-1.190808,1.190808,1.418023
official_test,Persistence,1219,Jalna,2023-05-01,h1,-0.162401,-1.086681,-0.92428,0.92428,0.854294
official_test,Persistence,1219,Jalna,2023-05-01,h2,-0.50462,-1.086681,-0.582061,0.582061,0.338795
official_test,Persistence,1219,Jalna,2023-05-01,h3,-0.466112,-1.086681,-0.620569,0.620569,0.385105
official_test,Persistence,1220,Jalna,2023-06-01,h1,-0.50462,-0.162401,0.34222,0.34222,0.117114
official_test,Persistence,1220,Jalna,2023-06-01,h2,-0.466112,-0.162401,0.303712,0.303712,0.092241
official_test,Persistence,1220,Jalna,2023-06-01,h3,-0.227014,-0.162401,0.064614,0.064614,0.004175
official_test,Persistence,1221,Jalna,2023-07-01,h1,-0.466112,-0.50462,-0.038508,0.038508,0.001483
official_test,Persistence,1221,Jalna,2023-07-01,h2,-0.227014,-0.50462,-0.277606,0.277606,0.077065
official_test,Persistence,1221,Jalna,2023-07-01,h3,0.167087,-0.50462,-0.671707,0.671707,0.45119
official_test,Persistence,1222,Jalna,2023-08-01,h1,-0.227014,-0.466112,-0.239098,0.239098,0.057168
official_test,Persistence,1222,Jalna,2023-08-01,h2,0.167087,-0.466112,-0.633199,0.633199,0.400941
official_test,Persistence,1222,Jalna,2023-08-01,h3,-0.01928,-0.466112,-0.446832,0.446832,0.199659
official_test,Persistence,1223,Jalna,2023-09-01,h1,0.167087,-0.227014,-0.394101,0.394101,0.155316
official_test,Persistence,1223,Jalna,2023-09-01,h2,-0.01928,-0.227014,-0.207734,0.207734,0.043153
official_test,Persistence,1223,Jalna,2023-09-01,h3,-0.555578,-0.227014,0.328563,0.328563,0.107954
official_test,Persistence,1224,Jalna,2023-10-01,h1,-0.01928,0.167087,0.186367,0.186367,0.034733
official_test,Persistence,1224,Jalna,2023-10-01,h2,-0.555578,0.167087,0.722664,0.722664,0.522244
official_test,Persistence,1224,Jalna,2023-10-01,h3,-1.443007,0.167087,1.610094,1.610094,2.592403
official_test,Persistence,1225,Jalna,2023-11-01,h1,-0.555578,-0.01928,0.536298,0.536298,0.287615
official_test,Persistence,1225,Jalna,2023-11-01,h2,-1.443007,-0.01928,1.423727,1.423727,2.027
official_test,Persistence,1225,Jalna,2023-11-01,h3,-1.111587,-0.01928,1.092307,1.092307,1.193134
official_test,Persistence,1226,Jalna,2023-12-01,h1,-1.443007,-0.555578,0.88743,0.88743,0.787532
official_test,Persistence,1226,Jalna,2023-12-01,h2,-1.111587,-0.555578,0.556009,0.556009,0.309146
official_test,Persistence,1226,Jalna,2023-12-01,h3,-0.727681,-0.555578,0.172103,0.172103,0.02962
official_test,Persistence,1227,Jalna,2024-01-01,h1,-1.111587,-1.443007,-0.331421,0.331421,0.10984
official_test,Persistence,1227,Jalna,2024-01-01,h2,-0.727681,-1.443007,-0.715326,0.715326,0.511692
official_test,Persistence,1227,Jalna,2024-01-01,h3,-0.756189,-1.443007,-0.686818,0.686818,0.471719
official_test,Persistence,1228,Jalna,2024-02-01,h1,-0.727681,-1.111587,-0.383906,0.383906,0.147384
official_test,Persistence,1228,Jalna,2024-02-01,h2,-0.756189,-1.111587,-0.355397,0.355397,0.126307
official_test,Persistence,1228,Jalna,2024-02-01,h3,-0.53955,-1.111587,-0.572037,0.572037,0.327226
official_test,Persistence,1229,Jalna,2024-03-01,h1,-0.756189,-0.727681,0.028508,0.028508,0.000813
official_test,Persistence,1229,Jalna,2024-03-01,h2,-0.53955,-0.727681,-0.188131,0.188131,0.035393
official_test,Persistence,1229,Jalna,2024-03-01,h3,-0.622275,-0.727681,-0.105406,0.105406,0.01111
official_test,Persistence,1230,Jalna,2024-04-01,h1,-0.53955,-0.756189,-0.216639,0.216639,0.046933
official_test,Persistence,1230,Jalna,2024-04-01,h2,-0.622275,-0.756189,-0.133915,0.133915,0.017933
official_test,Persistence,1230,Jalna,2024-04-01,h3,-0.293043,-0.756189,-0.463146,0.463146,0.214504
official_test,Persistence,1231,Jalna,2024-05-01,h1,-0.622275,-0.53955,0.082725,0.082725,0.006843
official_test,Persistence,1231,Jalna,2024-05-01,h2,-0.293043,-0.53955,-0.246507,0.246507,0.060766
official_test,Persistence,1231,Jalna,2024-05-01,h3,-1.813465,-0.53955,1.273915,1.273915,1.62286
official_test,Persistence,1232,Jalna,2024-06-01,h1,-0.293043,-0.622275,-0.329231,0.329231,0.108393
official_test,Persistence,1232,Jalna,2024-06-01,h2,-1.813465,-0.622275,1.19119,1.19119,1.418934
official_test,Persistence,1232,Jalna,2024-06-01,h3,-1.240877,-0.622275,0.618602,0.618602,0.382668
official_test,Persistence,1233,Jalna,2024-07-01,h1,-1.813465,-0.293043,1.520422,1.520422,2.311682
official_test,Persistence,1233,Jalna,2024-07-01,h2,-1.240877,-0.293043,0.947833,0.947833,0.898388
official_test,Persistence,1233,Jalna,2024-07-01,h3,-1.216326,-0.293043,0.923282,0.923282,0.85245
official_test,Persistence,1234,Jalna,2024-08-01,h1,-1.240877,-1.813465,-0.572588,0.572588,0.327858
official_test,Persistence,1234,Jalna,2024-08-01,h2,-1.216326,-1.813465,-0.597139,0.597139,0.356575
official_test,Persistence,1234,Jalna,2024-08-01,h3,-1.331815,-1.813465,-0.48165,0.48165,0.231987
official_test,Persistence,1235,Jalna,2024-09-01,h1,-1.216326,-1.240877,-0.024551,0.024551,0.000603
official_test,Persistence,1235,Jalna,2024-09-01,h2,-1.331815,-1.240877,0.090938,0.090938,0.00827
official_test,Persistence,1235,Jalna,2024-09-01,h3,-1.465196,-1.240877,0.22432,0.22432,0.050319
official_test,Persistence,1438,Latur,2021-01-01,h1,-0.473082,-0.502564,-0.029483,0.029483,0.000869
official_test,Persistence,1438,Latur,2021-01-01,h2,-0.388585,-0.502564,-0.113979,0.113979,0.012991
official_test,Persistence,1438,Latur,2021-01-01,h3,-0.725314,-0.502564,0.22275,0.22275,0.049617
official_test,Persistence,1439,Latur,2021-02-01,h1,-0.388585,-0.473082,-0.084497,0.084497,0.00714
official_test,Persistence,1439,Latur,2021-02-01,h2,-0.725314,-0.473082,0.252232,0.252232,0.063621
official_test,Persistence,1439,Latur,2021-02-01,h3,-0.829665,-0.473082,0.356584,0.356584,0.127152
official_test,Persistence,1440,Latur,2021-03-01,h1,-0.725314,-0.388585,0.336729,0.336729,0.113386
official_test,Persistence,1440,Latur,2021-03-01,h2,-0.829665,-0.388585,0.44108,0.44108,0.194552
official_test,Persistence,1440,Latur,2021-03-01,h3,-1.327054,-0.388585,0.938469,0.938469,0.880724
official_test,Persistence,1441,Latur,2021-04-01,h1,-0.829665,-0.725314,0.104351,0.104351,0.010889
official_test,Persistence,1441,Latur,2021-04-01,h2,-1.327054,-0.725314,0.60174,0.60174,0.362091
official_test,Persistence,1441,Latur,2021-04-01,h3,-0.942042,-0.725314,0.216728,0.216728,0.046971
official_test,Persistence,1442,Latur,2021-05-01,h1,-1.327054,-0.829665,0.497389,0.497389,0.247396
official_test,Persistence,1442,Latur,2021-05-01,h2,-0.942042,-0.829665,0.112377,0.112377,0.012629
official_test,Persistence,1442,Latur,2021-05-01,h3,-1.242447,-0.829665,0.412781,0.412781,0.170388
official_test,Persistence,1443,Latur,2021-06-01,h1,-0.942042,-1.327054,-0.385012,0.385012,0.148234
official_test,Persistence,1443,Latur,2021-06-01,h2,-1.242447,-1.327054,-0.084607,0.084607,0.007158
official_test,Persistence,1443,Latur,2021-06-01,h3,-1.074094,-1.327054,-0.25296,0.25296,0.063989
official_test,Persistence,1444,Latur,2021-07-01,h1,-1.242447,-0.942042,0.300404,0.300404,0.090243
official_test,Persistence,1444,Latur,2021-07-01,h2,-1.074094,-0.942042,0.132052,0.132052,0.017438
official_test,Persistence,1444,Latur,2021-07-01,h3,-1.267526,-0.942042,0.325484,0.325484,0.10594
official_test,Persistence,1445,Latur,2021-08-01,h1,-1.074094,-1.242447,-0.168353,0.168353,0.028343
official_test,Persistence,1445,Latur,2021-08-01,h2,-1.267526,-1.242447,0.025079,0.025079,0.000629
official_test,Persistence,1445,Latur,2021-08-01,h3,-1.35856,-1.242447,0.116113,0.116113,0.013482
official_test,Persistence,1446,Latur,2021-09-01,h1,-1.267526,-1.074094,0.193432,0.193432,0.037416
official_test,Persistence,1446,Latur,2021-09-01,h2,-1.35856,-1.074094,0.284466,0.284466,0.080921
official_test,Persistence,1446,Latur,2021-09-01,h3,-1.277225,-1.074094,0.203131,0.203131,0.041262
official_test,Persistence,1447,Latur,2021-10-01,h1,-1.35856,-1.267526,0.091034,0.091034,0.008287
official_test,Persistence,1447,Latur,2021-10-01,h2,-1.277225,-1.267526,0.0097,0.0097,9.4e-05
official_test,Persistence,1447,Latur,2021-10-01,h3,-1.508318,-1.267526,0.240792,0.240792,0.057981
official_test,Persistence,1448,Latur,2021-11-01,h1,-1.277225,-1.35856,-0.081335,0.081335,0.006615
official_test,Persistence,1448,Latur,2021-11-01,h2,-1.508318,-1.35856,0.149758,0.149758,0.022427
official_test,Persistence,1448,Latur,2021-11-01,h3,-1.086189,-1.35856,-0.272371,0.272371,0.074186
official_test,Persistence,1449,Latur,2021-12-01,h1,-1.508318,-1.277225,0.231093,0.231093,0.053404
official_test,Persistence,1449,Latur,2021-12-01,h2,-1.086189,-1.277225,-0.191036,0.191036,0.036495
official_test,Persistence,1449,Latur,2021-12-01,h3,-0.807308,-1.277225,-0.469917,0.469917,0.220822
official_test,Persistence,1450,Latur,2022-01-01,h1,-1.086189,-1.508318,-0.422129,0.422129,0.178193
official_test,Persistence,1450,Latur,2022-01-01,h2,-0.807308,-1.508318,-0.70101,0.70101,0.491415
official_test,Persistence,1450,Latur,2022-01-01,h3,-1.051906,-1.508318,-0.456412,0.456412,0.208312
official_test,Persistence,1451,Latur,2022-02-01,h1,-0.807308,-1.086189,-0.278881,0.278881,0.077775
official_test,Persistence,1451,Latur,2022-02-01,h2,-1.051906,-1.086189,-0.034283,0.034283,0.001175
official_test,Persistence,1451,Latur,2022-02-01,h3,-1.102535,-1.086189,0.016346,0.016346,0.000267
official_test,Persistence,1452,Latur,2022-03-01,h1,-1.051906,-0.807308,0.244599,0.244599,0.059828
official_test,Persistence,1452,Latur,2022-03-01,h2,-1.102535,-0.807308,0.295227,0.295227,0.087159
official_test,Persistence,1452,Latur,2022-03-01,h3,-1.009426,-0.807308,0.202118,0.202118,0.040852
official_test,Persistence,1453,Latur,2022-04-01,h1,-1.102535,-1.051906,0.050629,0.050629,0.002563
official_test,Persistence,1453,Latur,2022-04-01,h2,-1.009426,-1.051906,-0.042481,0.042481,0.001805
official_test,Persistence,1453,Latur,2022-04-01,h3,-1.794731,-1.051906,0.742825,0.742825,0.551789
official_test,Persistence,1454,Latur,2022-05-01,h1,-1.009426,-1.102535,-0.09311,0.09311,0.008669
official_test,Persistence,1454,Latur,2022-05-01,h2,-1.794731,-1.102535,0.692196,0.692196,0.479135
official_test,Persistence,1454,Latur,2022-05-01,h3,-1.899216,-1.102535,0.79668,0.79668,0.634699
official_test,Persistence,1455,Latur,2022-06-01,h1,-1.794731,-1.009426,0.785306,0.785306,0.616705
official_test,Persistence,1455,Latur,2022-06-01,h2,-1.899216,-1.009426,0.88979,0.88979,0.791726
official_test,Persistence,1455,Latur,2022-06-01,h3,-1.5984,-1.009426,0.588975,0.588975,0.346891
official_test,Persistence,1456,Latur,2022-07-01,h1,-1.899216,-1.794731,0.104484,0.104484,0.010917
official_test,Persistence,1456,Latur,2022-07-01,h2,-1.5984,-1.794731,-0.196331,0.196331,0.038546
official_test,Persistence,1456,Latur,2022-07-01,h3,-1.468791,-1.794731,-0.32594,0.32594,0.106237
official_test,Persistence,1457,Latur,2022-08-01,h1,-1.5984,-1.899216,-0.300815,0.300815,0.09049
official_test,Persistence,1457,Latur,2022-08-01,h2,-1.468791,-1.899216,-0.430425,0.430425,0.185265
official_test,Persistence,1457,Latur,2022-08-01,h3,-1.200625,-1.899216,-0.69859,0.69859,0.488029
official_test,Persistence,1458,Latur,2022-09-01,h1,-1.468791,-1.5984,-0.129609,0.129609,0.016799
official_test,Persistence,1458,Latur,2022-09-01,h2,-1.200625,-1.5984,-0.397775,0.397775,0.158225
official_test,Persistence,1458,Latur,2022-09-01,h3,-1.236884,-1.5984,-0.361517,0.361517,0.130694
official_test,Persistence,1459,Latur,2022-10-01,h1,-1.200625,-1.468791,-0.268166,0.268166,0.071913
official_test,Persistence,1459,Latur,2022-10-01,h2,-1.236884,-1.468791,-0.231907,0.231907,0.053781
official_test,Persistence,1459,Latur,2022-10-01,h3,-1.348149,-1.468791,-0.120642,0.120642,0.014554
official_test,Persistence,1460,Latur,2022-11-01,h1,-1.236884,-1.200625,0.036258,0.036258,0.001315
official_test,Persistence,1460,Latur,2022-11-01,h2,-1.348149,-1.200625,0.147524,0.147524,0.021763
official_test,Persistence,1460,Latur,2022-11-01,h3,-1.074304,-1.200625,-0.126322,0.126322,0.015957
official_test,Persistence,1461,Latur,2022-12-01,h1,-1.348149,-1.236884,0.111266,0.111266,0.01238
official_test,Persistence,1461,Latur,2022-12-01,h2,-1.074304,-1.236884,-0.16258,0.16258,0.026432
official_test,Persistence,1461,Latur,2022-12-01,h3,-1.272316,-1.236884,0.035433,0.035433,0.001255
official_test,Persistence,1462,Latur,2023-01-01,h1,-1.074304,-1.348149,-0.273845,0.273845,0.074991
official_test,Persistence,1462,Latur,2023-01-01,h2,-1.272316,-1.348149,-0.075833,0.075833,0.005751
official_test,Persistence,1462,Latur,2023-01-01,h3,-1.215608,-1.348149,-0.132541,0.132541,0.017567
official_test,Persistence,1463,Latur,2023-02-01,h1,-1.272316,-1.074304,0.198012,0.198012,0.039209
official_test,Persistence,1463,Latur,2023-02-01,h2,-1.215608,-1.074304,0.141304,0.141304,0.019967
official_test,Persistence,1463,Latur,2023-02-01,h3,-0.807146,-1.074304,-0.267158,0.267158,0.071373
official_test,Persistence,1464,Latur,2023-03-01,h1,-1.215608,-1.272316,-0.056708,0.056708,0.003216
official_test,Persistence,1464,Latur,2023-03-01,h2,-0.807146,-1.272316,-0.46517,0.46517,0.216383
official_test,Persistence,1464,Latur,2023-03-01,h3,-0.304694,-1.272316,-0.967622,0.967622,0.936293
official_test,Persistence,1465,Latur,2023-04-01,h1,-0.807146,-1.215608,-0.408462,0.408462,0.166841
official_test,Persistence,1465,Latur,2023-04-01,h2,-0.304694,-1.215608,-0.910914,0.910914,0.829764
official_test,Persistence,1465,Latur,2023-04-01,h3,-0.923662,-1.215608,-0.291946,0.291946,0.085232
official_test,Persistence,1466,Latur,2023-05-01,h1,-0.304694,-0.807146,-0.502452,0.502452,0.252458
official_test,Persistence,1466,Latur,2023-05-01,h2,-0.923662,-0.807146,0.116516,0.116516,0.013576
official_test,Persistence,1466,Latur,2023-05-01,h3,-0.656814,-0.807146,-0.150331,0.150331,0.0226
official_test,Persistence,1467,Latur,2023-06-01,h1,-0.923662,-0.304694,0.618968,0.618968,0.383122
official_test,Persistence,1467,Latur,2023-06-01,h2,-0.656814,-0.304694,0.352121,0.352121,0.123989
official_test,Persistence,1467,Latur,2023-06-01,h3,-0.221499,-0.304694,-0.083195,0.083195,0.006921
official_test,Persistence,1468,Latur,2023-07-01,h1,-0.656814,-0.923662,-0.266848,0.266848,0.071208
official_test,Persistence,1468,Latur,2023-07-01,h2,-0.221499,-0.923662,-0.702163,0.702163,0.493033
official_test,Persistence,1468,Latur,2023-07-01,h3,0.399457,-0.923662,-1.323119,1.323119,1.750643
official_test,Persistence,1469,Latur,2023-08-01,h1,-0.221499,-0.656814,-0.435315,0.435315,0.189499
official_test,Persistence,1469,Latur,2023-08-01,h2,0.399457,-0.656814,-1.056271,1.056271,1.115708
official_test,Persistence,1469,Latur,2023-08-01,h3,-0.132963,-0.656814,-0.523851,0.523851,0.27442
official_test,Persistence,1470,Latur,2023-09-01,h1,0.399457,-0.221499,-0.620956,0.620956,0.385586
official_test,Persistence,1470,Latur,2023-09-01,h2,-0.132963,-0.221499,-0.088536,0.088536,0.007839
official_test,Persistence,1470,Latur,2023-09-01,h3,-0.218241,-0.221499,-0.003258,0.003258,1.1e-05
official_test,Persistence,1471,Latur,2023-10-01,h1,-0.132963,0.399457,0.53242,0.53242,0.283471
official_test,Persistence,1471,Latur,2023-10-01,h2,-0.218241,0.399457,0.617697,0.617697,0.38155
official_test,Persistence,1471,Latur,2023-10-01,h3,-0.624966,0.399457,1.024422,1.024422,1.049441
official_test,Persistence,1472,Latur,2023-11-01,h1,-0.218241,-0.132963,0.085278,0.085278,0.007272
official_test,Persistence,1472,Latur,2023-11-01,h2,-0.624966,-0.132963,0.492003,0.492003,0.242067
official_test,Persistence,1472,Latur,2023-11-01,h3,-0.699745,-0.132963,0.566782,0.566782,0.321242
official_test,Persistence,1473,Latur,2023-12-01,h1,-0.624966,-0.218241,0.406725,0.406725,0.165425
official_test,Persistence,1473,Latur,2023-12-01,h2,-0.699745,-0.218241,0.481505,0.481505,0.231847
official_test,Persistence,1473,Latur,2023-12-01,h3,-0.388636,-0.218241,0.170395,0.170395,0.029035
official_test,Persistence,1474,Latur,2024-01-01,h1,-0.699745,-0.624966,0.07478,0.07478,0.005592
official_test,Persistence,1474,Latur,2024-01-01,h2,-0.388636,-0.624966,-0.23633,0.23633,0.055852
official_test,Persistence,1474,Latur,2024-01-01,h3,-0.836742,-0.624966,0.211776,0.211776,0.044849
official_test,Persistence,1475,Latur,2024-02-01,h1,-0.388636,-0.699745,-0.311109,0.311109,0.096789
official_test,Persistence,1475,Latur,2024-02-01,h2,-0.836742,-0.699745,0.136996,0.136996,0.018768
official_test,Persistence,1475,Latur,2024-02-01,h3,-0.55064,-0.699745,-0.149106,0.149106,0.022233
official_test,Persistence,1476,Latur,2024-03-01,h1,-0.836742,-0.388636,0.448105,0.448105,0.200798
official_test,Persistence,1476,Latur,2024-03-01,h2,-0.55064,-0.388636,0.162003,0.162003,0.026245
official_test,Persistence,1476,Latur,2024-03-01,h3,-1.097466,-0.388636,0.70883,0.70883,0.502439
official_test,Persistence,1477,Latur,2024-04-01,h1,-0.55064,-0.836742,-0.286102,0.286102,0.081854
official_test,Persistence,1477,Latur,2024-04-01,h2,-1.097466,-0.836742,0.260724,0.260724,0.067977
official_test,Persistence,1477,Latur,2024-04-01,h3,-1.947929,-0.836742,1.111188,1.111188,1.234738
official_test,Persistence,1478,Latur,2024-05-01,h1,-1.097466,-0.55064,0.546826,0.546826,0.299019
official_test,Persistence,1478,Latur,2024-05-01,h2,-1.947929,-0.55064,1.39729,1.39729,1.952418
official_test,Persistence,1478,Latur,2024-05-01,h3,-1.412266,-0.55064,0.861626,0.861626,0.7424
official_test,Persistence,1479,Latur,2024-06-01,h1,-1.947929,-1.097466,0.850464,0.850464,0.723288
official_test,Persistence,1479,Latur,2024-06-01,h2,-1.412266,-1.097466,0.3148,0.3148,0.099099
official_test,Persistence,1479,Latur,2024-06-01,h3,-1.008846,-1.097466,-0.088619,0.088619,0.007853
official_test,Persistence,1480,Latur,2024-07-01,h1,-1.412266,-1.947929,-0.535663,0.535663,0.286935
official_test,Persistence,1480,Latur,2024-07-01,h2,-1.008846,-1.947929,-0.939083,0.939083,0.881877
official_test,Persistence,1480,Latur,2024-07-01,h3,-1.090186,-1.947929,-0.857743,0.857743,0.735723
official_test,Persistence,1481,Latur,2024-08-01,h1,-1.008846,-1.412266,-0.403419,0.403419,0.162747
official_test,Persistence,1481,Latur,2024-08-01,h2,-1.090186,-1.412266,-0.32208,0.32208,0.103735
official_test,Persistence,1481,Latur,2024-08-01,h3,-1.100223,-1.412266,-0.312043,0.312043,0.097371
official_test,Persistence,1482,Latur,2024-09-01,h1,-1.090186,-1.008846,0.08134,0.08134,0.006616
official_test,Persistence,1482,Latur,2024-09-01,h2,-1.100223,-1.008846,0.091377,0.091377,0.00835
official_test,Persistence,1482,Latur,2024-09-01,h3,-1.078854,-1.008846,0.070008,0.070008,0.004901
official_test,Persistence,1685,Nanded,2021-01-01,h1,-0.243768,-0.268892,-0.025124,0.025124,0.000631
official_test,Persistence,1685,Nanded,2021-01-01,h2,-0.30948,-0.268892,0.040588,0.040588,0.001647
official_test,Persistence,1685,Nanded,2021-01-01,h3,-0.532606,-0.268892,0.263714,0.263714,0.069545
official_test,Persistence,1686,Nanded,2021-02-01,h1,-0.30948,-0.243768,0.065713,0.065713,0.004318
official_test,Persistence,1686,Nanded,2021-02-01,h2,-0.532606,-0.243768,0.288838,0.288838,0.083428
official_test,Persistence,1686,Nanded,2021-02-01,h3,-0.669454,-0.243768,0.425686,0.425686,0.181208
official_test,Persistence,1687,Nanded,2021-03-01,h1,-0.532606,-0.30948,0.223126,0.223126,0.049785
official_test,Persistence,1687,Nanded,2021-03-01,h2,-0.669454,-0.30948,0.359973,0.359973,0.129581
official_test,Persistence,1687,Nanded,2021-03-01,h3,-1.442475,-0.30948,1.132994,1.132994,1.283676
official_test,Persistence,1688,Nanded,2021-04-01,h1,-0.669454,-0.532606,0.136847,0.136847,0.018727
official_test,Persistence,1688,Nanded,2021-04-01,h2,-1.442475,-0.532606,0.909869,0.909869,0.827861
official_test,Persistence,1688,Nanded,2021-04-01,h3,-0.676418,-0.532606,0.143812,0.143812,0.020682
official_test,Persistence,1689,Nanded,2021-05-01,h1,-1.442475,-0.669454,0.773021,0.773021,0.597562
official_test,Persistence,1689,Nanded,2021-05-01,h2,-0.676418,-0.669454,0.006965,0.006965,4.9e-05
official_test,Persistence,1689,Nanded,2021-05-01,h3,-1.055703,-0.669454,0.38625,0.38625,0.149189
official_test,Persistence,1690,Nanded,2021-06-01,h1,-0.676418,-1.442474,-0.766056,0.766056,0.586842
official_test,Persistence,1690,Nanded,2021-06-01,h2,-1.055703,-1.442474,-0.386771,0.386771,0.149592
official_test,Persistence,1690,Nanded,2021-06-01,h3,-0.818098,-1.442474,-0.624377,0.624377,0.389846
official_test,Persistence,1691,Nanded,2021-07-01,h1,-1.055703,-0.676418,0.379285,0.379285,0.143857
official_test,Persistence,1691,Nanded,2021-07-01,h2,-0.818098,-0.676418,0.14168,0.14168,0.020073
official_test,Persistence,1691,Nanded,2021-07-01,h3,-1.255908,-0.676418,0.57949,0.57949,0.335809
official_test,Persistence,1692,Nanded,2021-08-01,h1,-0.818098,-1.055703,-0.237606,0.237606,0.056456
official_test,Persistence,1692,Nanded,2021-08-01,h2,-1.255908,-1.055703,0.200205,0.200205,0.040082
official_test,Persistence,1692,Nanded,2021-08-01,h3,-1.224085,-1.055703,0.168381,0.168381,0.028352
official_test,Persistence,1693,Nanded,2021-09-01,h1,-1.255908,-0.818098,0.437811,0.437811,0.191678
official_test,Persistence,1693,Nanded,2021-09-01,h2,-1.224085,-0.818098,0.405987,0.405987,0.164825
official_test,Persistence,1693,Nanded,2021-09-01,h3,-1.010821,-0.818098,0.192724,0.192724,0.037142
official_test,Persistence,1694,Nanded,2021-10-01,h1,-1.224085,-1.255908,-0.031824,0.031824,0.001013
official_test,Persistence,1694,Nanded,2021-10-01,h2,-1.010821,-1.255908,-0.245087,0.245087,0.060068
official_test,Persistence,1694,Nanded,2021-10-01,h3,-0.999292,-1.255908,-0.256617,0.256617,0.065852
official_test,Persistence,1695,Nanded,2021-11-01,h1,-1.010821,-1.224085,-0.213263,0.213263,0.045481
official_test,Persistence,1695,Nanded,2021-11-01,h2,-0.999292,-1.224085,-0.224793,0.224793,0.050532
official_test,Persistence,1695,Nanded,2021-11-01,h3,-0.736928,-1.224085,-0.487157,0.487157,0.237321
official_test,Persistence,1696,Nanded,2021-12-01,h1,-0.999292,-1.010821,-0.01153,0.01153,0.000133
official_test,Persistence,1696,Nanded,2021-12-01,h2,-0.736928,-1.010821,-0.273893,0.273893,0.075017
official_test,Persistence,1696,Nanded,2021-12-01,h3,-0.316169,-1.010821,-0.694653,0.694653,0.482542
official_test,Persistence,1697,Nanded,2022-01-01,h1,-0.736928,-0.999292,-0.262363,0.262363,0.068835
official_test,Persistence,1697,Nanded,2022-01-01,h2,-0.316169,-0.999292,-0.683123,0.683123,0.466657
official_test,Persistence,1697,Nanded,2022-01-01,h3,-0.294063,-0.999292,-0.705229,0.705229,0.497348
official_test,Persistence,1698,Nanded,2022-02-01,h1,-0.316169,-0.736928,-0.420759,0.420759,0.177039
official_test,Persistence,1698,Nanded,2022-02-01,h2,-0.294063,-0.736928,-0.442866,0.442866,0.19613
official_test,Persistence,1698,Nanded,2022-02-01,h3,-0.547762,-0.736928,-0.189166,0.189166,0.035784
official_test,Persistence,1699,Nanded,2022-03-01,h1,-0.294063,-0.316169,-0.022106,0.022106,0.000489
official_test,Persistence,1699,Nanded,2022-03-01,h2,-0.547762,-0.316169,0.231594,0.231594,0.053636
official_test,Persistence,1699,Nanded,2022-03-01,h3,-0.546943,-0.316169,0.230774,0.230774,0.053257
official_test,Persistence,1700,Nanded,2022-04-01,h1,-0.547762,-0.294063,0.2537,0.2537,0.064364
official_test,Persistence,1700,Nanded,2022-04-01,h2,-0.546943,-0.294063,0.25288,0.25288,0.063948
official_test,Persistence,1700,Nanded,2022-04-01,h3,-1.984708,-0.294063,1.690645,1.690645,2.85828
official_test,Persistence,1701,Nanded,2022-05-01,h1,-0.546943,-0.547762,-0.00082,0.00082,1e-06
official_test,Persistence,1701,Nanded,2022-05-01,h2,-1.984708,-0.547762,1.436945,1.436945,2.064811
official_test,Persistence,1701,Nanded,2022-05-01,h3,-1.658001,-0.547762,1.110239,1.110239,1.232631
official_test,Persistence,1702,Nanded,2022-06-01,h1,-1.984708,-0.546943,1.437765,1.437765,2.067168
official_test,Persistence,1702,Nanded,2022-06-01,h2,-1.658001,-0.546943,1.111059,1.111059,1.234451
official_test,Persistence,1702,Nanded,2022-06-01,h3,-1.797948,-0.546943,1.251005,1.251005,1.565014
official_test,Persistence,1703,Nanded,2022-07-01,h1,-1.658001,-1.984707,-0.326706,0.326706,0.106737
official_test,Persistence,1703,Nanded,2022-07-01,h2,-1.797948,-1.984707,-0.186759,0.186759,0.034879
official_test,Persistence,1703,Nanded,2022-07-01,h3,-1.814412,-1.984707,-0.170295,0.170295,0.029
official_test,Persistence,1704,Nanded,2022-08-01,h1,-1.797948,-1.658001,0.139947,0.139947,0.019585
official_test,Persistence,1704,Nanded,2022-08-01,h2,-1.814412,-1.658001,0.156411,0.156411,0.024464
official_test,Persistence,1704,Nanded,2022-08-01,h3,-1.442533,-1.658001,-0.215469,0.215469,0.046427
official_test,Persistence,1705,Nanded,2022-09-01,h1,-1.814412,-1.797948,0.016464,0.016464,0.000271
official_test,Persistence,1705,Nanded,2022-09-01,h2,-1.442533,-1.797948,-0.355415,0.355415,0.12632
official_test,Persistence,1705,Nanded,2022-09-01,h3,-1.296071,-1.797948,-0.501877,0.501877,0.25188
official_test,Persistence,1706,Nanded,2022-10-01,h1,-1.442533,-1.814412,-0.37188,0.37188,0.138295
official_test,Persistence,1706,Nanded,2022-10-01,h2,-1.296071,-1.814412,-0.518341,0.518341,0.268678
official_test,Persistence,1706,Nanded,2022-10-01,h3,-1.007008,-1.814412,-0.807404,0.807404,0.651902
official_test,Persistence,1707,Nanded,2022-11-01,h1,-1.296071,-1.442533,-0.146462,0.146462,0.021451
official_test,Persistence,1707,Nanded,2022-11-01,h2,-1.007008,-1.442533,-0.435525,0.435525,0.189682
official_test,Persistence,1707,Nanded,2022-11-01,h3,-0.686082,-1.442533,-0.756451,0.756451,0.572218
official_test,Persistence,1708,Nanded,2022-12-01,h1,-1.007008,-1.296071,-0.289063,0.289063,0.083558
official_test,Persistence,1708,Nanded,2022-12-01,h2,-0.686082,-1.296071,-0.60999,0.60999,0.372087
official_test,Persistence,1708,Nanded,2022-12-01,h3,-0.860004,-1.296071,-0.436068,0.436068,0.190155
official_test,Persistence,1709,Nanded,2023-01-01,h1,-0.686082,-1.007008,-0.320926,0.320926,0.102994
official_test,Persistence,1709,Nanded,2023-01-01,h2,-0.860004,-1.007008,-0.147005,0.147005,0.02161
official_test,Persistence,1709,Nanded,2023-01-01,h3,-1.224165,-1.007008,0.217157,0.217157,0.047157
official_test,Persistence,1710,Nanded,2023-02-01,h1,-0.860004,-0.686082,0.173922,0.173922,0.030249
official_test,Persistence,1710,Nanded,2023-02-01,h2,-1.224165,-0.686082,0.538083,0.538083,0.289534
official_test,Persistence,1710,Nanded,2023-02-01,h3,-0.991943,-0.686082,0.305861,0.305861,0.093551
official_test,Persistence,1711,Nanded,2023-03-01,h1,-1.224165,-0.860004,0.364161,0.364161,0.132613
official_test,Persistence,1711,Nanded,2023-03-01,h2,-0.991943,-0.860004,0.131939,0.131939,0.017408
official_test,Persistence,1711,Nanded,2023-03-01,h3,-0.075345,-0.860004,-0.784658,0.784658,0.615689
official_test,Persistence,1712,Nanded,2023-04-01,h1,-0.991943,-1.224165,-0.232222,0.232222,0.053927
official_test,Persistence,1712,Nanded,2023-04-01,h2,-0.075345,-1.224165,-1.14882,1.14882,1.319786
official_test,Persistence,1712,Nanded,2023-04-01,h3,-0.461445,-1.224165,-0.76272,0.76272,0.581742
official_test,Persistence,1713,Nanded,2023-05-01,h1,-0.075345,-0.991943,-0.916597,0.916597,0.840151
official_test,Persistence,1713,Nanded,2023-05-01,h2,-0.461445,-0.991943,-0.530498,0.530498,0.281428
official_test,Persistence,1713,Nanded,2023-05-01,h3,-0.545395,-0.991943,-0.446547,0.446547,0.199404
official_test,Persistence,1714,Nanded,2023-06-01,h1,-0.461445,-0.075345,0.386099,0.386099,0.149073
official_test,Persistence,1714,Nanded,2023-06-01,h2,-0.545395,-0.075345,0.47005,0.47005,0.220947
official_test,Persistence,1714,Nanded,2023-06-01,h3,-1.168921,-0.075345,1.093575,1.093575,1.195907
official_test,Persistence,1715,Nanded,2023-07-01,h1,-0.545395,-0.461445,0.083951,0.083951,0.007048
official_test,Persistence,1715,Nanded,2023-07-01,h2,-1.168921,-0.461445,0.707476,0.707476,0.500522
official_test,Persistence,1715,Nanded,2023-07-01,h3,-0.325495,-0.461445,-0.135949,0.135949,0.018482
official_test,Persistence,1716,Nanded,2023-08-01,h1,-1.168921,-0.545395,0.623525,0.623525,0.388784
official_test,Persistence,1716,Nanded,2023-08-01,h2,-0.325495,-0.545395,-0.2199,0.2199,0.048356
official_test,Persistence,1716,Nanded,2023-08-01,h3,-0.827834,-0.545395,0.282439,0.282439,0.079772
official_test,Persistence,1717,Nanded,2023-09-01,h1,-0.325495,-1.168921,-0.843425,0.843425,0.711366
official_test,Persistence,1717,Nanded,2023-09-01,h2,-0.827834,-1.168921,-0.341086,0.341086,0.11634
official_test,Persistence,1717,Nanded,2023-09-01,h3,-1.117531,-1.168921,-0.05139,0.05139,0.002641
official_test,Persistence,1718,Nanded,2023-10-01,h1,-0.827834,-0.325495,0.502339,0.502339,0.252345
official_test,Persistence,1718,Nanded,2023-10-01,h2,-1.117531,-0.325495,0.792035,0.792035,0.62732
official_test,Persistence,1718,Nanded,2023-10-01,h3,-1.193442,-0.325495,0.867947,0.867947,0.753331
official_test,Persistence,1719,Nanded,2023-11-01,h1,-1.117531,-0.827834,0.289696,0.289696,0.083924
official_test,Persistence,1719,Nanded,2023-11-01,h2,-1.193442,-0.827834,0.365607,0.365607,0.133669
official_test,Persistence,1719,Nanded,2023-11-01,h3,-1.061826,-0.827834,0.233992,0.233992,0.054752
official_test,Persistence,1720,Nanded,2023-12-01,h1,-1.193442,-1.117531,0.075911,0.075911,0.005763
official_test,Persistence,1720,Nanded,2023-12-01,h2,-1.061826,-1.117531,-0.055704,0.055704,0.003103
official_test,Persistence,1720,Nanded,2023-12-01,h3,-0.672207,-1.117531,-0.445324,0.445324,0.198313
official_test,Persistence,1721,Nanded,2024-01-01,h1,-1.061826,-1.193442,-0.131616,0.131616,0.017323
official_test,Persistence,1721,Nanded,2024-01-01,h2,-0.672207,-1.193442,-0.521235,0.521235,0.271686
official_test,Persistence,1721,Nanded,2024-01-01,h3,-0.771966,-1.193442,-0.421476,0.421476,0.177642
official_test,Persistence,1722,Nanded,2024-02-01,h1,-0.672207,-1.061826,-0.389619,0.389619,0.151803
official_test,Persistence,1722,Nanded,2024-02-01,h2,-0.771966,-1.061826,-0.289861,0.289861,0.084019
official_test,Persistence,1722,Nanded,2024-02-01,h3,-0.881096,-1.061826,-0.180731,0.180731,0.032664
official_test,Persistence,1723,Nanded,2024-03-01,h1,-0.771966,-0.672207,0.099759,0.099759,0.009952
official_test,Persistence,1723,Nanded,2024-03-01,h2,-0.881096,-0.672207,0.208889,0.208889,0.043635
official_test,Persistence,1723,Nanded,2024-03-01,h3,-0.832193,-0.672207,0.159986,0.159986,0.025595
official_test,Persistence,1724,Nanded,2024-04-01,h1,-0.881096,-0.771966,0.10913,0.10913,0.011909
official_test,Persistence,1724,Nanded,2024-04-01,h2,-0.832193,-0.771966,0.060227,0.060227,0.003627
official_test,Persistence,1724,Nanded,2024-04-01,h3,-1.395622,-0.771966,0.623656,0.623656,0.388947
official_test,Persistence,1725,Nanded,2024-05-01,h1,-0.832193,-0.881096,-0.048903,0.048903,0.002392
official_test,Persistence,1725,Nanded,2024-05-01,h2,-1.395622,-0.881096,0.514526,0.514526,0.264737
official_test,Persistence,1725,Nanded,2024-05-01,h3,-1.107504,-0.881096,0.226408,0.226408,0.051261
official_test,Persistence,1726,Nanded,2024-06-01,h1,-1.395622,-0.832193,0.563429,0.563429,0.317453
official_test,Persistence,1726,Nanded,2024-06-01,h2,-1.107504,-0.832193,0.275311,0.275311,0.075796
official_test,Persistence,1726,Nanded,2024-06-01,h3,-1.075043,-0.832193,0.242851,0.242851,0.058976
official_test,Persistence,1727,Nanded,2024-07-01,h1,-1.107504,-1.395622,-0.288118,0.288118,0.083012
official_test,Persistence,1727,Nanded,2024-07-01,h2,-1.075043,-1.395622,-0.320579,0.320579,0.102771
official_test,Persistence,1727,Nanded,2024-07-01,h3,-1.098037,-1.395622,-0.297585,0.297585,0.088557
official_test,Persistence,1728,Nanded,2024-08-01,h1,-1.075043,-1.107504,-0.032461,0.032461,0.001054
official_test,Persistence,1728,Nanded,2024-08-01,h2,-1.098037,-1.107504,-0.009466,0.009466,9e-05
official_test,Persistence,1728,Nanded,2024-08-01,h3,-1.059154,-1.107504,-0.048349,0.048349,0.002338
official_test,Persistence,1729,Nanded,2024-09-01,h1,-1.098037,-1.075043,0.022994,0.022994,0.000529
official_test,Persistence,1729,Nanded,2024-09-01,h2,-1.059154,-1.075043,-0.015889,0.015889,0.000252
official_test,Persistence,1729,Nanded,2024-09-01,h3,-1.103211,-1.075043,0.028168,0.028168,0.000793
official_test,Persistence,1932,Parbhani,2021-01-01,h1,-0.823652,-0.538732,0.284921,0.284921,0.08118
official_test,Persistence,1932,Parbhani,2021-01-01,h2,-0.773763,-0.538732,0.235031,0.235031,0.055239
official_test,Persistence,1932,Parbhani,2021-01-01,h3,-0.891927,-0.538732,0.353195,0.353195,0.124747
official_test,Persistence,1933,Parbhani,2021-02-01,h1,-0.773763,-0.823652,-0.04989,0.04989,0.002489
official_test,Persistence,1933,Parbhani,2021-02-01,h2,-0.891927,-0.823652,0.068274,0.068274,0.004661
official_test,Persistence,1933,Parbhani,2021-02-01,h3,-0.967354,-0.823652,0.143702,0.143702,0.02065
official_test,Persistence,1934,Parbhani,2021-03-01,h1,-0.891927,-0.773763,0.118164,0.118164,0.013963
official_test,Persistence,1934,Parbhani,2021-03-01,h2,-0.967354,-0.773763,0.193591,0.193591,0.037478
official_test,Persistence,1934,Parbhani,2021-03-01,h3,-1.544187,-0.773763,0.770425,0.770425,0.593555
official_test,Persistence,1935,Parbhani,2021-04-01,h1,-0.967354,-0.891927,0.075427,0.075427,0.005689
official_test,Persistence,1935,Parbhani,2021-04-01,h2,-1.544187,-0.891927,0.652261,0.652261,0.425444
official_test,Persistence,1935,Parbhani,2021-04-01,h3,-0.880017,-0.891927,-0.01191,0.01191,0.000142
official_test,Persistence,1936,Parbhani,2021-05-01,h1,-1.544187,-0.967354,0.576834,0.576834,0.332737
official_test,Persistence,1936,Parbhani,2021-05-01,h2,-0.880017,-0.967354,-0.087337,0.087337,0.007628
official_test,Persistence,1936,Parbhani,2021-05-01,h3,-1.049633,-0.967354,0.082279,0.082279,0.00677
official_test,Persistence,1937,Parbhani,2021-06-01,h1,-0.880017,-1.544187,-0.664171,0.664171,0.441122
official_test,Persistence,1937,Parbhani,2021-06-01,h2,-1.049633,-1.544187,-0.494555,0.494555,0.244584
official_test,Persistence,1937,Parbhani,2021-06-01,h3,-1.208647,-1.544187,-0.335541,0.335541,0.112587
official_test,Persistence,1938,Parbhani,2021-07-01,h1,-1.049633,-0.880017,0.169616,0.169616,0.02877
official_test,Persistence,1938,Parbhani,2021-07-01,h2,-1.208647,-0.880017,0.32863,0.32863,0.107998
official_test,Persistence,1938,Parbhani,2021-07-01,h3,-1.370457,-0.880017,0.49044,0.49044,0.240531
official_test,Persistence,1939,Parbhani,2021-08-01,h1,-1.208647,-1.049633,0.159014,0.159014,0.025285
official_test,Persistence,1939,Parbhani,2021-08-01,h2,-1.370457,-1.049633,0.320824,0.320824,0.102928
official_test,Persistence,1939,Parbhani,2021-08-01,h3,-1.19618,-1.049633,0.146548,0.146548,0.021476
official_test,Persistence,1940,Parbhani,2021-09-01,h1,-1.370457,-1.208647,0.16181,0.16181,0.026183
official_test,Persistence,1940,Parbhani,2021-09-01,h2,-1.19618,-1.208647,-0.012466,0.012466,0.000155
official_test,Persistence,1940,Parbhani,2021-09-01,h3,-0.956805,-1.208647,-0.251842,0.251842,0.063424
official_test,Persistence,1941,Parbhani,2021-10-01,h1,-1.19618,-1.370457,-0.174277,0.174277,0.030372
official_test,Persistence,1941,Parbhani,2021-10-01,h2,-0.956805,-1.370457,-0.413652,0.413652,0.171108
official_test,Persistence,1941,Parbhani,2021-10-01,h3,-1.478693,-1.370457,0.108236,0.108236,0.011715
official_test,Persistence,1942,Parbhani,2021-11-01,h1,-0.956805,-1.19618,-0.239375,0.239375,0.057301
official_test,Persistence,1942,Parbhani,2021-11-01,h2,-1.478693,-1.19618,0.282513,0.282513,0.079813
official_test,Persistence,1942,Parbhani,2021-11-01,h3,-1.345712,-1.19618,0.149531,0.149531,0.02236
official_test,Persistence,1943,Parbhani,2021-12-01,h1,-1.478693,-0.956805,0.521888,0.521888,0.272367
official_test,Persistence,1943,Parbhani,2021-12-01,h2,-1.345712,-0.956805,0.388907,0.388907,0.151248
official_test,Persistence,1943,Parbhani,2021-12-01,h3,-0.937379,-0.956805,-0.019426,0.019426,0.000377
official_test,Persistence,1944,Parbhani,2022-01-01,h1,-1.345712,-1.478693,-0.132981,0.132981,0.017684
official_test,Persistence,1944,Parbhani,2022-01-01,h2,-0.937379,-1.478693,-0.541314,0.541314,0.293021
official_test,Persistence,1944,Parbhani,2022-01-01,h3,-0.927963,-1.478693,-0.55073,0.55073,0.303303
official_test,Persistence,1945,Parbhani,2022-02-01,h1,-0.937379,-1.345712,-0.408333,0.408333,0.166736
official_test,Persistence,1945,Parbhani,2022-02-01,h2,-0.927963,-1.345712,-0.417748,0.417748,0.174514
official_test,Persistence,1945,Parbhani,2022-02-01,h3,-0.966004,-1.345712,-0.379708,0.379708,0.144178
official_test,Persistence,1946,Parbhani,2022-03-01,h1,-0.927963,-0.937379,-0.009416,0.009416,8.9e-05
official_test,Persistence,1946,Parbhani,2022-03-01,h2,-0.966004,-0.937379,0.028625,0.028625,0.000819
official_test,Persistence,1946,Parbhani,2022-03-01,h3,-0.856223,-0.937379,-0.081156,0.081156,0.006586
official_test,Persistence,1947,Parbhani,2022-04-01,h1,-0.966004,-0.927963,0.03804,0.03804,0.001447
official_test,Persistence,1947,Parbhani,2022-04-01,h2,-0.856223,-0.927963,-0.071741,0.071741,0.005147
official_test,Persistence,1947,Parbhani,2022-04-01,h3,-2.42137,-0.927963,1.493406,1.493406,2.230262
official_test,Persistence,1948,Parbhani,2022-05-01,h1,-0.856223,-0.966004,-0.109781,0.109781,0.012052
official_test,Persistence,1948,Parbhani,2022-05-01,h2,-2.42137,-0.966004,1.455366,1.455366,2.118089
official_test,Persistence,1948,Parbhani,2022-05-01,h3,-2.195737,-0.966004,1.229733,1.229733,1.512243
official_test,Persistence,1949,Parbhani,2022-06-01,h1,-2.42137,-0.856223,1.565147,1.565147,2.449684
official_test,Persistence,1949,Parbhani,2022-06-01,h2,-2.195737,-0.856223,1.339514,1.339514,1.794298
official_test,Persistence,1949,Parbhani,2022-06-01,h3,-1.604258,-0.856223,0.748035,0.748035,0.559557
official_test,Persistence,1950,Parbhani,2022-07-01,h1,-2.195737,-2.421369,-0.225632,0.225632,0.05091
official_test,Persistence,1950,Parbhani,2022-07-01,h2,-1.604258,-2.421369,-0.817111,0.817111,0.667671
official_test,Persistence,1950,Parbhani,2022-07-01,h3,-1.397967,-2.421369,-1.023402,1.023402,1.047353
official_test,Persistence,1951,Parbhani,2022-08-01,h1,-1.604258,-2.195737,-0.591479,0.591479,0.349847
official_test,Persistence,1951,Parbhani,2022-08-01,h2,-1.397967,-2.195737,-0.79777,0.79777,0.636437
official_test,Persistence,1951,Parbhani,2022-08-01,h3,-1.103062,-2.195737,-1.092675,1.092675,1.193939
official_test,Persistence,1952,Parbhani,2022-09-01,h1,-1.397967,-1.604258,-0.206291,0.206291,0.042556
official_test,Persistence,1952,Parbhani,2022-09-01,h2,-1.103062,-1.604258,-0.501196,0.501196,0.251198
official_test,Persistence,1952,Parbhani,2022-09-01,h3,-1.124712,-1.604258,-0.479546,0.479546,0.229965
official_test,Persistence,1953,Parbhani,2022-10-01,h1,-1.103062,-1.397967,-0.294905,0.294905,0.086969
official_test,Persistence,1953,Parbhani,2022-10-01,h2,-1.124712,-1.397967,-0.273255,0.273255,0.074668
official_test,Persistence,1953,Parbhani,2022-10-01,h3,-1.451603,-1.397967,0.053636,0.053636,0.002877
official_test,Persistence,1954,Parbhani,2022-11-01,h1,-1.124712,-1.103062,0.02165,0.02165,0.000469
official_test,Persistence,1954,Parbhani,2022-11-01,h2,-1.451603,-1.103062,0.348541,0.348541,0.121481
official_test,Persistence,1954,Parbhani,2022-11-01,h3,-1.367015,-1.103062,0.263953,0.263953,0.069671
official_test,Persistence,1955,Parbhani,2022-12-01,h1,-1.451603,-1.124712,0.326891,0.326891,0.106858
official_test,Persistence,1955,Parbhani,2022-12-01,h2,-1.367015,-1.124712,0.242303,0.242303,0.058711
official_test,Persistence,1955,Parbhani,2022-12-01,h3,-1.581225,-1.124712,0.456513,0.456513,0.208404
official_test,Persistence,1956,Parbhani,2023-01-01,h1,-1.367015,-1.451603,-0.084588,0.084588,0.007155
official_test,Persistence,1956,Parbhani,2023-01-01,h2,-1.581225,-1.451603,0.129622,0.129622,0.016802
official_test,Persistence,1956,Parbhani,2023-01-01,h3,-1.781829,-1.451603,0.330226,0.330226,0.109049
official_test,Persistence,1957,Parbhani,2023-02-01,h1,-1.581225,-1.367015,0.21421,0.21421,0.045886
official_test,Persistence,1957,Parbhani,2023-02-01,h2,-1.781829,-1.367015,0.414814,0.414814,0.172071
official_test,Persistence,1957,Parbhani,2023-02-01,h3,-1.219545,-1.367015,-0.14747,0.14747,0.021747
official_test,Persistence,1958,Parbhani,2023-03-01,h1,-1.781829,-1.581225,0.200604,0.200604,0.040242
official_test,Persistence,1958,Parbhani,2023-03-01,h2,-1.219545,-1.581225,-0.36168,0.36168,0.130812
official_test,Persistence,1958,Parbhani,2023-03-01,h3,-0.427768,-1.581225,-1.153457,1.153457,1.330463
official_test,Persistence,1959,Parbhani,2023-04-01,h1,-1.219545,-1.781829,-0.562284,0.562284,0.316163
official_test,Persistence,1959,Parbhani,2023-04-01,h2,-0.427768,-1.781829,-1.354061,1.354061,1.83348
official_test,Persistence,1959,Parbhani,2023-04-01,h3,-1.789542,-1.781829,0.007713,0.007713,5.9e-05
official_test,Persistence,1960,Parbhani,2023-05-01,h1,-0.427768,-1.219545,-0.791777,0.791777,0.62691
official_test,Persistence,1960,Parbhani,2023-05-01,h2,-1.789542,-1.219545,0.569997,0.569997,0.324896
official_test,Persistence,1960,Parbhani,2023-05-01,h3,-0.799252,-1.219545,-0.420293,0.420293,0.176646
official_test,Persistence,1961,Parbhani,2023-06-01,h1,-1.789542,-0.427768,1.361774,1.361774,1.854427
official_test,Persistence,1961,Parbhani,2023-06-01,h2,-0.799252,-0.427768,0.371484,0.371484,0.138
official_test,Persistence,1961,Parbhani,2023-06-01,h3,-0.750914,-0.427768,0.323146,0.323146,0.104423
official_test,Persistence,1962,Parbhani,2023-07-01,h1,-0.799252,-1.789542,-0.99029,0.99029,0.980673
official_test,Persistence,1962,Parbhani,2023-07-01,h2,-0.750914,-1.789542,-1.038627,1.038627,1.078747
official_test,Persistence,1962,Parbhani,2023-07-01,h3,-0.088494,-1.789542,-1.701047,1.701047,2.893562
official_test,Persistence,1963,Parbhani,2023-08-01,h1,-0.750914,-0.799252,-0.048338,0.048338,0.002337
official_test,Persistence,1963,Parbhani,2023-08-01,h2,-0.088494,-0.799252,-0.710758,0.710758,0.505177
official_test,Persistence,1963,Parbhani,2023-08-01,h3,-0.334244,-0.799252,-0.465009,0.465009,0.216233
official_test,Persistence,1964,Parbhani,2023-09-01,h1,-0.088494,-0.750914,-0.66242,0.66242,0.4388
official_test,Persistence,1964,Parbhani,2023-09-01,h2,-0.334244,-0.750914,-0.416671,0.416671,0.173614
official_test,Persistence,1964,Parbhani,2023-09-01,h3,-0.650745,-0.750914,-0.100169,0.100169,0.010034
official_test,Persistence,1965,Parbhani,2023-10-01,h1,-0.334244,-0.088494,0.245749,0.245749,0.060393
official_test,Persistence,1965,Parbhani,2023-10-01,h2,-0.650745,-0.088494,0.562251,0.562251,0.316126
official_test,Persistence,1965,Parbhani,2023-10-01,h3,-1.421044,-0.088494,1.332549,1.332549,1.775688
official_test,Persistence,1966,Parbhani,2023-11-01,h1,-0.650745,-0.334244,0.316501,0.316501,0.100173
official_test,Persistence,1966,Parbhani,2023-11-01,h2,-1.421044,-0.334244,1.0868,1.0868,1.181134
official_test,Persistence,1966,Parbhani,2023-11-01,h3,-1.148436,-0.334244,0.814192,0.814192,0.662909
official_test,Persistence,1967,Parbhani,2023-12-01,h1,-1.421044,-0.650745,0.770299,0.770299,0.59336
official_test,Persistence,1967,Parbhani,2023-12-01,h2,-1.148436,-0.650745,0.497691,0.497691,0.247696
official_test,Persistence,1967,Parbhani,2023-12-01,h3,-0.854776,-0.650745,0.204031,0.204031,0.041629
official_test,Persistence,1968,Parbhani,2024-01-01,h1,-1.148436,-1.421044,-0.272608,0.272608,0.074315
official_test,Persistence,1968,Parbhani,2024-01-01,h2,-0.854776,-1.421044,-0.566268,0.566268,0.32066
official_test,Persistence,1968,Parbhani,2024-01-01,h3,-0.956638,-1.421044,-0.464406,0.464406,0.215673
official_test,Persistence,1969,Parbhani,2024-02-01,h1,-0.854776,-1.148436,-0.29366,0.29366,0.086236
official_test,Persistence,1969,Parbhani,2024-02-01,h2,-0.956638,-1.148436,-0.191798,0.191798,0.036786
official_test,Persistence,1969,Parbhani,2024-02-01,h3,-0.722429,-1.148436,-0.426007,0.426007,0.181482
official_test,Persistence,1970,Parbhani,2024-03-01,h1,-0.956638,-0.854776,0.101862,0.101862,0.010376
official_test,Persistence,1970,Parbhani,2024-03-01,h2,-0.722429,-0.854776,-0.132346,0.132346,0.017516
official_test,Persistence,1970,Parbhani,2024-03-01,h3,-1.080126,-0.854776,0.22535,0.22535,0.050783
official_test,Persistence,1971,Parbhani,2024-04-01,h1,-0.722429,-0.956638,-0.234209,0.234209,0.054854
official_test,Persistence,1971,Parbhani,2024-04-01,h2,-1.080126,-0.956638,0.123487,0.123487,0.015249
official_test,Persistence,1971,Parbhani,2024-04-01,h3,-1.879651,-0.956638,0.923013,0.923013,0.851952
official_test,Persistence,1972,Parbhani,2024-05-01,h1,-1.080126,-0.722429,0.357696,0.357696,0.127947
official_test,Persistence,1972,Parbhani,2024-05-01,h2,-1.879651,-0.722429,1.157221,1.157221,1.339161
official_test,Persistence,1972,Parbhani,2024-05-01,h3,-1.519184,-0.722429,0.796755,0.796755,0.634818
official_test,Persistence,1973,Parbhani,2024-06-01,h1,-1.879651,-1.080126,0.799525,0.799525,0.63924
official_test,Persistence,1973,Parbhani,2024-06-01,h2,-1.519184,-1.080126,0.439058,0.439058,0.192772
official_test,Persistence,1973,Parbhani,2024-06-01,h3,-1.12221,-1.080126,0.042084,0.042084,0.001771
official_test,Persistence,1974,Parbhani,2024-07-01,h1,-1.519184,-1.879651,-0.360467,0.360467,0.129936
official_test,Persistence,1974,Parbhani,2024-07-01,h2,-1.12221,-1.879651,-0.757441,0.757441,0.573717
official_test,Persistence,1974,Parbhani,2024-07-01,h3,-0.844416,-1.879651,-1.035235,1.035235,1.071711
official_test,Persistence,1975,Parbhani,2024-08-01,h1,-1.12221,-1.519184,-0.396974,0.396974,0.157588
official_test,Persistence,1975,Parbhani,2024-08-01,h2,-0.844416,-1.519184,-0.674768,0.674768,0.455311
official_test,Persistence,1975,Parbhani,2024-08-01,h3,-0.933659,-1.519184,-0.585525,0.585525,0.342839
official_test,Persistence,1976,Parbhani,2024-09-01,h1,-0.844416,-1.12221,-0.277794,0.277794,0.077169
official_test,Persistence,1976,Parbhani,2024-09-01,h2,-0.933659,-1.12221,-0.188551,0.188551,0.035551
official_test,Persistence,1976,Parbhani,2024-09-01,h3,-1.057159,-1.12221,-0.065051,0.065051,0.004232
official_test,Seasonal_Persistence,203,Beed,2021-01-01,h1,-0.991253,-0.971326,0.019927,0.019927,0.000397
official_test,Seasonal_Persistence,203,Beed,2021-01-01,h2,-0.607982,-0.984206,-0.376225,0.376225,0.141545
official_test,Seasonal_Persistence,203,Beed,2021-01-01,h3,-0.919128,-0.606787,0.312341,0.312341,0.097557
official_test,Seasonal_Persistence,204,Beed,2021-02-01,h1,-0.607982,-0.984206,-0.376225,0.376225,0.141545
official_test,Seasonal_Persistence,204,Beed,2021-02-01,h2,-0.919128,-0.606787,0.312341,0.312341,0.097557
official_test,Seasonal_Persistence,204,Beed,2021-02-01,h3,-1.078125,-0.463277,0.614848,0.614848,0.378038
official_test,Seasonal_Persistence,205,Beed,2021-03-01,h1,-0.919128,-0.606787,0.312341,0.312341,0.097557
official_test,Seasonal_Persistence,205,Beed,2021-03-01,h2,-1.078125,-0.463277,0.614848,0.614848,0.378038
official_test,Seasonal_Persistence,205,Beed,2021-03-01,h3,-1.572654,-0.892467,0.680187,0.680187,0.462654
official_test,Seasonal_Persistence,206,Beed,2021-04-01,h1,-1.078125,-0.463277,0.614848,0.614848,0.378038
official_test,Seasonal_Persistence,206,Beed,2021-04-01,h2,-1.572654,-0.892467,0.680187,0.680187,0.462654
official_test,Seasonal_Persistence,206,Beed,2021-04-01,h3,-0.900427,-1.460056,-0.559629,0.559629,0.313184
official_test,Seasonal_Persistence,207,Beed,2021-05-01,h1,-1.572654,-0.892467,0.680187,0.680187,0.462654
official_test,Seasonal_Persistence,207,Beed,2021-05-01,h2,-0.900427,-1.460056,-0.559629,0.559629,0.313184
official_test,Seasonal_Persistence,207,Beed,2021-05-01,h3,-1.040114,-1.228672,-0.188558,0.188558,0.035554
official_test,Seasonal_Persistence,208,Beed,2021-06-01,h1,-0.900427,-1.460056,-0.559629,0.559629,0.313184
official_test,Seasonal_Persistence,208,Beed,2021-06-01,h2,-1.040114,-1.228672,-0.188558,0.188558,0.035554
official_test,Seasonal_Persistence,208,Beed,2021-06-01,h3,-1.310035,-0.847182,0.462853,0.462853,0.214233
official_test,Seasonal_Persistence,209,Beed,2021-07-01,h1,-1.040114,-1.228672,-0.188558,0.188558,0.035554
official_test,Seasonal_Persistence,209,Beed,2021-07-01,h2,-1.310035,-0.847182,0.462853,0.462853,0.214233
official_test,Seasonal_Persistence,209,Beed,2021-07-01,h3,-1.531427,-1.513621,0.017806,0.017806,0.000317
official_test,Seasonal_Persistence,210,Beed,2021-08-01,h1,-1.310035,-0.847182,0.462853,0.462853,0.214233
official_test,Seasonal_Persistence,210,Beed,2021-08-01,h2,-1.531427,-1.513621,0.017806,0.017806,0.000317
official_test,Seasonal_Persistence,210,Beed,2021-08-01,h3,-1.385618,-1.377902,0.007715,0.007715,6e-05
official_test,Seasonal_Persistence,211,Beed,2021-09-01,h1,-1.531427,-1.513621,0.017806,0.017806,0.000317
official_test,Seasonal_Persistence,211,Beed,2021-09-01,h2,-1.385618,-1.377902,0.007715,0.007715,6e-05
official_test,Seasonal_Persistence,211,Beed,2021-09-01,h3,-1.365189,-1.08473,0.280459,0.280459,0.078657
official_test,Seasonal_Persistence,212,Beed,2021-10-01,h1,-1.385618,-1.377902,0.007715,0.007715,6e-05
official_test,Seasonal_Persistence,212,Beed,2021-10-01,h2,-1.365189,-1.08473,0.280459,0.280459,0.078657
official_test,Seasonal_Persistence,212,Beed,2021-10-01,h3,-1.349812,-0.763296,0.586516,0.586516,0.344001
official_test,Seasonal_Persistence,213,Beed,2021-11-01,h1,-1.365189,-1.08473,0.280459,0.280459,0.078657
official_test,Seasonal_Persistence,213,Beed,2021-11-01,h2,-1.349812,-0.763296,0.586516,0.586516,0.344001
official_test,Seasonal_Persistence,213,Beed,2021-11-01,h3,-1.337564,-0.991253,0.346312,0.346312,0.119932
official_test,Seasonal_Persistence,214,Beed,2021-12-01,h1,-1.349812,-0.763296,0.586516,0.586516,0.344001
official_test,Seasonal_Persistence,214,Beed,2021-12-01,h2,-1.337564,-0.991253,0.346312,0.346312,0.119932
official_test,Seasonal_Persistence,214,Beed,2021-12-01,h3,-0.885369,-0.607982,0.277388,0.277388,0.076944
official_test,Seasonal_Persistence,215,Beed,2022-01-01,h1,-1.337564,-0.991253,0.346312,0.346312,0.119932
official_test,Seasonal_Persistence,215,Beed,2022-01-01,h2,-0.885369,-0.607982,0.277388,0.277388,0.076944
official_test,Seasonal_Persistence,215,Beed,2022-01-01,h3,-0.980494,-0.919128,0.061366,0.061366,0.003766
official_test,Seasonal_Persistence,216,Beed,2022-02-01,h1,-0.885369,-0.607982,0.277388,0.277388,0.076944
official_test,Seasonal_Persistence,216,Beed,2022-02-01,h2,-0.980494,-0.919128,0.061366,0.061366,0.003766
official_test,Seasonal_Persistence,216,Beed,2022-02-01,h3,-0.732434,-1.078125,-0.345692,0.345692,0.119503
official_test,Seasonal_Persistence,217,Beed,2022-03-01,h1,-0.980494,-0.919128,0.061366,0.061366,0.003766
official_test,Seasonal_Persistence,217,Beed,2022-03-01,h2,-0.732434,-1.078125,-0.345692,0.345692,0.119503
official_test,Seasonal_Persistence,217,Beed,2022-03-01,h3,-0.872087,-1.572654,-0.700566,0.700566,0.490793
official_test,Seasonal_Persistence,218,Beed,2022-04-01,h1,-0.732434,-1.078125,-0.345692,0.345692,0.119503
official_test,Seasonal_Persistence,218,Beed,2022-04-01,h2,-0.872087,-1.572654,-0.700566,0.700566,0.490793
official_test,Seasonal_Persistence,218,Beed,2022-04-01,h3,-2.360202,-0.900427,1.459775,1.459775,2.130942
official_test,Seasonal_Persistence,219,Beed,2022-05-01,h1,-0.872087,-1.572654,-0.700566,0.700566,0.490793
official_test,Seasonal_Persistence,219,Beed,2022-05-01,h2,-2.360202,-0.900427,1.459775,1.459775,2.130942
official_test,Seasonal_Persistence,219,Beed,2022-05-01,h3,-1.99196,-1.040114,0.951846,0.951846,0.906011
official_test,Seasonal_Persistence,220,Beed,2022-06-01,h1,-2.360202,-0.900427,1.459775,1.459775,2.130942
official_test,Seasonal_Persistence,220,Beed,2022-06-01,h2,-1.99196,-1.040114,0.951846,0.951846,0.906011
official_test,Seasonal_Persistence,220,Beed,2022-06-01,h3,-1.767666,-1.310035,0.457631,0.457631,0.209426
official_test,Seasonal_Persistence,221,Beed,2022-07-01,h1,-1.99196,-1.040114,0.951846,0.951846,0.906011
official_test,Seasonal_Persistence,221,Beed,2022-07-01,h2,-1.767666,-1.310035,0.457631,0.457631,0.209426
official_test,Seasonal_Persistence,221,Beed,2022-07-01,h3,-1.786287,-1.531427,0.25486,0.25486,0.064954
official_test,Seasonal_Persistence,222,Beed,2022-08-01,h1,-1.767666,-1.310035,0.457631,0.457631,0.209426
official_test,Seasonal_Persistence,222,Beed,2022-08-01,h2,-1.786287,-1.531427,0.25486,0.25486,0.064954
official_test,Seasonal_Persistence,222,Beed,2022-08-01,h3,-1.329664,-1.385618,-0.055954,0.055954,0.003131
official_test,Seasonal_Persistence,223,Beed,2022-09-01,h1,-1.786287,-1.531427,0.25486,0.25486,0.064954
official_test,Seasonal_Persistence,223,Beed,2022-09-01,h2,-1.329664,-1.385618,-0.055954,0.055954,0.003131
official_test,Seasonal_Persistence,223,Beed,2022-09-01,h3,-1.253302,-1.365189,-0.111887,0.111887,0.012519
official_test,Seasonal_Persistence,224,Beed,2022-10-01,h1,-1.329664,-1.385618,-0.055954,0.055954,0.003131
official_test,Seasonal_Persistence,224,Beed,2022-10-01,h2,-1.253302,-1.365189,-0.111887,0.111887,0.012519
official_test,Seasonal_Persistence,224,Beed,2022-10-01,h3,-1.259245,-1.349812,-0.090567,0.090567,0.008202
official_test,Seasonal_Persistence,225,Beed,2022-11-01,h1,-1.253302,-1.365189,-0.111887,0.111887,0.012519
official_test,Seasonal_Persistence,225,Beed,2022-11-01,h2,-1.259245,-1.349812,-0.090567,0.090567,0.008202
official_test,Seasonal_Persistence,225,Beed,2022-11-01,h3,-1.331864,-1.337564,-0.0057,0.0057,3.2e-05
official_test,Seasonal_Persistence,226,Beed,2022-12-01,h1,-1.259245,-1.349812,-0.090567,0.090567,0.008202
official_test,Seasonal_Persistence,226,Beed,2022-12-01,h2,-1.331864,-1.337564,-0.0057,0.0057,3.2e-05
official_test,Seasonal_Persistence,226,Beed,2022-12-01,h3,-1.557681,-0.885369,0.672312,0.672312,0.452003
official_test,Seasonal_Persistence,227,Beed,2023-01-01,h1,-1.331864,-1.337564,-0.0057,0.0057,3.2e-05
official_test,Seasonal_Persistence,227,Beed,2023-01-01,h2,-1.557681,-0.885369,0.672312,0.672312,0.452003
official_test,Seasonal_Persistence,227,Beed,2023-01-01,h3,-1.765735,-0.980494,0.78524,0.78524,0.616602
official_test,Seasonal_Persistence,228,Beed,2023-02-01,h1,-1.557681,-0.885369,0.672312,0.672312,0.452003
official_test,Seasonal_Persistence,228,Beed,2023-02-01,h2,-1.765735,-0.980494,0.78524,0.78524,0.616602
official_test,Seasonal_Persistence,228,Beed,2023-02-01,h3,-1.039115,-0.732434,0.306681,0.306681,0.094053
official_test,Seasonal_Persistence,229,Beed,2023-03-01,h1,-1.765735,-0.980494,0.78524,0.78524,0.616602
official_test,Seasonal_Persistence,229,Beed,2023-03-01,h2,-1.039115,-0.732434,0.306681,0.306681,0.094053
official_test,Seasonal_Persistence,229,Beed,2023-03-01,h3,-0.209279,-0.872087,-0.662808,0.662808,0.439315
official_test,Seasonal_Persistence,230,Beed,2023-04-01,h1,-1.039115,-0.732434,0.306681,0.306681,0.094053
official_test,Seasonal_Persistence,230,Beed,2023-04-01,h2,-0.209279,-0.872087,-0.662808,0.662808,0.439315
official_test,Seasonal_Persistence,230,Beed,2023-04-01,h3,-0.990097,-2.360202,-1.370105,1.370105,1.877188
official_test,Seasonal_Persistence,231,Beed,2023-05-01,h1,-0.209279,-0.872087,-0.662808,0.662808,0.439315
official_test,Seasonal_Persistence,231,Beed,2023-05-01,h2,-0.990097,-2.360202,-1.370105,1.370105,1.877188
official_test,Seasonal_Persistence,231,Beed,2023-05-01,h3,-0.668363,-1.99196,-1.323596,1.323596,1.751907
official_test,Seasonal_Persistence,232,Beed,2023-06-01,h1,-0.990097,-2.360202,-1.370105,1.370105,1.877188
official_test,Seasonal_Persistence,232,Beed,2023-06-01,h2,-0.668363,-1.99196,-1.323596,1.323596,1.751907
official_test,Seasonal_Persistence,232,Beed,2023-06-01,h3,-0.253432,-1.767666,-1.514234,1.514234,2.292906
official_test,Seasonal_Persistence,233,Beed,2023-07-01,h1,-0.668363,-1.99196,-1.323596,1.323596,1.751907
official_test,Seasonal_Persistence,233,Beed,2023-07-01,h2,-0.253432,-1.767666,-1.514234,1.514234,2.292906
official_test,Seasonal_Persistence,233,Beed,2023-07-01,h3,0.190173,-1.786287,-1.976461,1.976461,3.906396
official_test,Seasonal_Persistence,234,Beed,2023-08-01,h1,-0.253432,-1.767666,-1.514234,1.514234,2.292906
official_test,Seasonal_Persistence,234,Beed,2023-08-01,h2,0.190173,-1.786287,-1.976461,1.976461,3.906396
official_test,Seasonal_Persistence,234,Beed,2023-08-01,h3,0.05167,-1.329664,-1.381334,1.381334,1.908084
official_test,Seasonal_Persistence,235,Beed,2023-09-01,h1,0.190173,-1.786287,-1.976461,1.976461,3.906396
official_test,Seasonal_Persistence,235,Beed,2023-09-01,h2,0.05167,-1.329664,-1.381334,1.381334,1.908084
official_test,Seasonal_Persistence,235,Beed,2023-09-01,h3,-0.378396,-1.253302,-0.874906,0.874906,0.765461
official_test,Seasonal_Persistence,236,Beed,2023-10-01,h1,0.05167,-1.329664,-1.381334,1.381334,1.908084
official_test,Seasonal_Persistence,236,Beed,2023-10-01,h2,-0.378396,-1.253302,-0.874906,0.874906,0.765461
official_test,Seasonal_Persistence,236,Beed,2023-10-01,h3,-0.87605,-1.259245,-0.383195,0.383195,0.146838
official_test,Seasonal_Persistence,237,Beed,2023-11-01,h1,-0.378396,-1.253302,-0.874906,0.874906,0.765461
official_test,Seasonal_Persistence,237,Beed,2023-11-01,h2,-0.87605,-1.259245,-0.383195,0.383195,0.146838
official_test,Seasonal_Persistence,237,Beed,2023-11-01,h3,-0.69608,-1.331864,-0.635783,0.635783,0.404221
official_test,Seasonal_Persistence,238,Beed,2023-12-01,h1,-0.87605,-1.259245,-0.383195,0.383195,0.146838
official_test,Seasonal_Persistence,238,Beed,2023-12-01,h2,-0.69608,-1.331864,-0.635783,0.635783,0.404221
official_test,Seasonal_Persistence,238,Beed,2023-12-01,h3,-0.542161,-1.557681,-1.01552,1.01552,1.031281
official_test,Seasonal_Persistence,239,Beed,2024-01-01,h1,-0.69608,-1.331864,-0.635783,0.635783,0.404221
official_test,Seasonal_Persistence,239,Beed,2024-01-01,h2,-0.542161,-1.557681,-1.01552,1.01552,1.031281
official_test,Seasonal_Persistence,239,Beed,2024-01-01,h3,-0.878338,-1.765735,-0.887397,0.887397,0.787473
official_test,Seasonal_Persistence,240,Beed,2024-02-01,h1,-0.542161,-1.557681,-1.01552,1.01552,1.031281
official_test,Seasonal_Persistence,240,Beed,2024-02-01,h2,-0.878338,-1.765735,-0.887397,0.887397,0.787473
official_test,Seasonal_Persistence,240,Beed,2024-02-01,h3,-0.672243,-1.039115,-0.366872,0.366872,0.134595
official_test,Seasonal_Persistence,241,Beed,2024-03-01,h1,-0.878338,-1.765735,-0.887397,0.887397,0.787473
official_test,Seasonal_Persistence,241,Beed,2024-03-01,h2,-0.672243,-1.039115,-0.366872,0.366872,0.134595
official_test,Seasonal_Persistence,241,Beed,2024-03-01,h3,-1.180469,-0.209279,0.97119,0.97119,0.94321
official_test,Seasonal_Persistence,242,Beed,2024-04-01,h1,-0.672243,-1.039115,-0.366872,0.366872,0.134595
official_test,Seasonal_Persistence,242,Beed,2024-04-01,h2,-1.180469,-0.209279,0.97119,0.97119,0.94321
official_test,Seasonal_Persistence,242,Beed,2024-04-01,h3,-1.901815,-0.990097,0.911718,0.911718,0.83123
official_test,Seasonal_Persistence,243,Beed,2024-05-01,h1,-1.180469,-0.209279,0.97119,0.97119,0.94321
official_test,Seasonal_Persistence,243,Beed,2024-05-01,h2,-1.901815,-0.990097,0.911718,0.911718,0.83123
official_test,Seasonal_Persistence,243,Beed,2024-05-01,h3,-1.597088,-0.668363,0.928725,0.928725,0.86253
official_test,Seasonal_Persistence,244,Beed,2024-06-01,h1,-1.901815,-0.990097,0.911718,0.911718,0.83123
official_test,Seasonal_Persistence,244,Beed,2024-06-01,h2,-1.597088,-0.668363,0.928725,0.928725,0.86253
official_test,Seasonal_Persistence,244,Beed,2024-06-01,h3,-1.208366,-0.253432,0.954934,0.954934,0.911899
official_test,Seasonal_Persistence,245,Beed,2024-07-01,h1,-1.597088,-0.668363,0.928725,0.928725,0.86253
official_test,Seasonal_Persistence,245,Beed,2024-07-01,h2,-1.208366,-0.253432,0.954934,0.954934,0.911899
official_test,Seasonal_Persistence,245,Beed,2024-07-01,h3,-1.177683,0.190173,1.367856,1.367856,1.871029
official_test,Seasonal_Persistence,246,Beed,2024-08-01,h1,-1.208366,-0.253432,0.954934,0.954934,0.911899
official_test,Seasonal_Persistence,246,Beed,2024-08-01,h2,-1.177683,0.190173,1.367856,1.367856,1.871029
official_test,Seasonal_Persistence,246,Beed,2024-08-01,h3,-1.192881,0.05167,1.244551,1.244551,1.548907
official_test,Seasonal_Persistence,247,Beed,2024-09-01,h1,-1.177683,0.190173,1.367856,1.367856,1.871029
official_test,Seasonal_Persistence,247,Beed,2024-09-01,h2,-1.192881,0.05167,1.244551,1.244551,1.548907
official_test,Seasonal_Persistence,247,Beed,2024-09-01,h3,-1.165328,-0.378396,0.786932,0.786932,0.619262
official_test,Seasonal_Persistence,450,Chhatrapati Sambhajinagar,2021-01-01,h1,-0.901384,-1.251306,-0.349922,0.349922,0.122445
official_test,Seasonal_Persistence,450,Chhatrapati Sambhajinagar,2021-01-01,h2,-0.87235,-1.422813,-0.550463,0.550463,0.30301
official_test,Seasonal_Persistence,450,Chhatrapati Sambhajinagar,2021-01-01,h3,-1.212614,-0.970855,0.241759,0.241759,0.058448
official_test,Seasonal_Persistence,451,Chhatrapati Sambhajinagar,2021-02-01,h1,-0.87235,-1.422813,-0.550463,0.550463,0.30301
official_test,Seasonal_Persistence,451,Chhatrapati Sambhajinagar,2021-02-01,h2,-1.212614,-0.970855,0.241759,0.241759,0.058448
official_test,Seasonal_Persistence,451,Chhatrapati Sambhajinagar,2021-02-01,h3,-1.602686,-0.718154,0.884531,0.884531,0.782396
official_test,Seasonal_Persistence,452,Chhatrapati Sambhajinagar,2021-03-01,h1,-1.212614,-0.970855,0.241759,0.241759,0.058448
official_test,Seasonal_Persistence,452,Chhatrapati Sambhajinagar,2021-03-01,h2,-1.602686,-0.718154,0.884531,0.884531,0.782396
official_test,Seasonal_Persistence,452,Chhatrapati Sambhajinagar,2021-03-01,h3,-1.609204,-1.769568,-0.160364,0.160364,0.025717
official_test,Seasonal_Persistence,453,Chhatrapati Sambhajinagar,2021-04-01,h1,-1.602686,-0.718154,0.884531,0.884531,0.782396
official_test,Seasonal_Persistence,453,Chhatrapati Sambhajinagar,2021-04-01,h2,-1.609204,-1.769568,-0.160364,0.160364,0.025717
official_test,Seasonal_Persistence,453,Chhatrapati Sambhajinagar,2021-04-01,h3,-0.935192,-1.897028,-0.961836,0.961836,0.925128
official_test,Seasonal_Persistence,454,Chhatrapati Sambhajinagar,2021-05-01,h1,-1.609204,-1.769568,-0.160364,0.160364,0.025717
official_test,Seasonal_Persistence,454,Chhatrapati Sambhajinagar,2021-05-01,h2,-0.935192,-1.897028,-0.961836,0.961836,0.925128
official_test,Seasonal_Persistence,454,Chhatrapati Sambhajinagar,2021-05-01,h3,-0.303652,-1.94966,-1.646008,1.646008,2.709343
official_test,Seasonal_Persistence,455,Chhatrapati Sambhajinagar,2021-06-01,h1,-0.935192,-1.897028,-0.961836,0.961836,0.925128
official_test,Seasonal_Persistence,455,Chhatrapati Sambhajinagar,2021-06-01,h2,-0.303652,-1.94966,-1.646008,1.646008,2.709343
official_test,Seasonal_Persistence,455,Chhatrapati Sambhajinagar,2021-06-01,h3,-1.210215,-1.479528,-0.269313,0.269313,0.072529
official_test,Seasonal_Persistence,456,Chhatrapati Sambhajinagar,2021-07-01,h1,-0.303652,-1.94966,-1.646008,1.646008,2.709343
official_test,Seasonal_Persistence,456,Chhatrapati Sambhajinagar,2021-07-01,h2,-1.210215,-1.479528,-0.269313,0.269313,0.072529
official_test,Seasonal_Persistence,456,Chhatrapati Sambhajinagar,2021-07-01,h3,-1.755722,-1.952422,-0.1967,0.1967,0.038691
official_test,Seasonal_Persistence,457,Chhatrapati Sambhajinagar,2021-08-01,h1,-1.210215,-1.479528,-0.269313,0.269313,0.072529
official_test,Seasonal_Persistence,457,Chhatrapati Sambhajinagar,2021-08-01,h2,-1.755722,-1.952422,-0.1967,0.1967,0.038691
official_test,Seasonal_Persistence,457,Chhatrapati Sambhajinagar,2021-08-01,h3,-1.585057,-1.74566,-0.160602,0.160602,0.025793
official_test,Seasonal_Persistence,458,Chhatrapati Sambhajinagar,2021-09-01,h1,-1.755722,-1.952422,-0.1967,0.1967,0.038691
official_test,Seasonal_Persistence,458,Chhatrapati Sambhajinagar,2021-09-01,h2,-1.585057,-1.74566,-0.160602,0.160602,0.025793
official_test,Seasonal_Persistence,458,Chhatrapati Sambhajinagar,2021-09-01,h3,-1.401432,-1.595993,-0.194562,0.194562,0.037854
official_test,Seasonal_Persistence,459,Chhatrapati Sambhajinagar,2021-10-01,h1,-1.585057,-1.74566,-0.160602,0.160602,0.025793
official_test,Seasonal_Persistence,459,Chhatrapati Sambhajinagar,2021-10-01,h2,-1.401432,-1.595993,-0.194562,0.194562,0.037854
official_test,Seasonal_Persistence,459,Chhatrapati Sambhajinagar,2021-10-01,h3,-1.187325,-0.722658,0.464667,0.464667,0.215916
official_test,Seasonal_Persistence,460,Chhatrapati Sambhajinagar,2021-11-01,h1,-1.401432,-1.595993,-0.194562,0.194562,0.037854
official_test,Seasonal_Persistence,460,Chhatrapati Sambhajinagar,2021-11-01,h2,-1.187325,-0.722658,0.464667,0.464667,0.215916
official_test,Seasonal_Persistence,460,Chhatrapati Sambhajinagar,2021-11-01,h3,-1.420752,-0.901384,0.519368,0.519368,0.269743
official_test,Seasonal_Persistence,461,Chhatrapati Sambhajinagar,2021-12-01,h1,-1.187325,-0.722658,0.464667,0.464667,0.215916
official_test,Seasonal_Persistence,461,Chhatrapati Sambhajinagar,2021-12-01,h2,-1.420752,-0.901384,0.519368,0.519368,0.269743
official_test,Seasonal_Persistence,461,Chhatrapati Sambhajinagar,2021-12-01,h3,-0.800335,-0.87235,-0.072015,0.072015,0.005186
official_test,Seasonal_Persistence,462,Chhatrapati Sambhajinagar,2022-01-01,h1,-1.420752,-0.901384,0.519368,0.519368,0.269743
official_test,Seasonal_Persistence,462,Chhatrapati Sambhajinagar,2022-01-01,h2,-0.800335,-0.87235,-0.072015,0.072015,0.005186
official_test,Seasonal_Persistence,462,Chhatrapati Sambhajinagar,2022-01-01,h3,-0.672696,-1.212614,-0.539918,0.539918,0.291511
official_test,Seasonal_Persistence,463,Chhatrapati Sambhajinagar,2022-02-01,h1,-0.800335,-0.87235,-0.072015,0.072015,0.005186
official_test,Seasonal_Persistence,463,Chhatrapati Sambhajinagar,2022-02-01,h2,-0.672696,-1.212614,-0.539918,0.539918,0.291511
official_test,Seasonal_Persistence,463,Chhatrapati Sambhajinagar,2022-02-01,h3,-0.462274,-1.602686,-1.140411,1.140411,1.300538
official_test,Seasonal_Persistence,464,Chhatrapati Sambhajinagar,2022-03-01,h1,-0.672696,-1.212614,-0.539918,0.539918,0.291511
official_test,Seasonal_Persistence,464,Chhatrapati Sambhajinagar,2022-03-01,h2,-0.462274,-1.602686,-1.140411,1.140411,1.300538
official_test,Seasonal_Persistence,464,Chhatrapati Sambhajinagar,2022-03-01,h3,-0.494102,-1.609204,-1.115102,1.115102,1.243453
official_test,Seasonal_Persistence,465,Chhatrapati Sambhajinagar,2022-04-01,h1,-0.462274,-1.602686,-1.140411,1.140411,1.300538
official_test,Seasonal_Persistence,465,Chhatrapati Sambhajinagar,2022-04-01,h2,-0.494102,-1.609204,-1.115102,1.115102,1.243453
official_test,Seasonal_Persistence,465,Chhatrapati Sambhajinagar,2022-04-01,h3,-2.112228,-0.935192,1.177036,1.177036,1.385414
official_test,Seasonal_Persistence,466,Chhatrapati Sambhajinagar,2022-05-01,h1,-0.494102,-1.609204,-1.115102,1.115102,1.243453
official_test,Seasonal_Persistence,466,Chhatrapati Sambhajinagar,2022-05-01,h2,-2.112228,-0.935192,1.177036,1.177036,1.385414
official_test,Seasonal_Persistence,466,Chhatrapati Sambhajinagar,2022-05-01,h3,-1.34669,-0.303652,1.043039,1.043039,1.087929
official_test,Seasonal_Persistence,467,Chhatrapati Sambhajinagar,2022-06-01,h1,-2.112228,-0.935192,1.177036,1.177036,1.385414
official_test,Seasonal_Persistence,467,Chhatrapati Sambhajinagar,2022-06-01,h2,-1.34669,-0.303652,1.043039,1.043039,1.087929
official_test,Seasonal_Persistence,467,Chhatrapati Sambhajinagar,2022-06-01,h3,-1.597277,-1.210215,0.387061,0.387061,0.149817
official_test,Seasonal_Persistence,468,Chhatrapati Sambhajinagar,2022-07-01,h1,-1.34669,-0.303652,1.043039,1.043039,1.087929
official_test,Seasonal_Persistence,468,Chhatrapati Sambhajinagar,2022-07-01,h2,-1.597277,-1.210215,0.387061,0.387061,0.149817
official_test,Seasonal_Persistence,468,Chhatrapati Sambhajinagar,2022-07-01,h3,-1.940291,-1.755722,0.18457,0.18457,0.034066
official_test,Seasonal_Persistence,469,Chhatrapati Sambhajinagar,2022-08-01,h1,-1.597277,-1.210215,0.387061,0.387061,0.149817
official_test,Seasonal_Persistence,469,Chhatrapati Sambhajinagar,2022-08-01,h2,-1.940291,-1.755722,0.18457,0.18457,0.034066
official_test,Seasonal_Persistence,469,Chhatrapati Sambhajinagar,2022-08-01,h3,-1.561697,-1.585057,-0.02336,0.02336,0.000546
official_test,Seasonal_Persistence,470,Chhatrapati Sambhajinagar,2022-09-01,h1,-1.940291,-1.755722,0.18457,0.18457,0.034066
official_test,Seasonal_Persistence,470,Chhatrapati Sambhajinagar,2022-09-01,h2,-1.561697,-1.585057,-0.02336,0.02336,0.000546
official_test,Seasonal_Persistence,470,Chhatrapati Sambhajinagar,2022-09-01,h3,-1.444408,-1.401432,0.042976,0.042976,0.001847
official_test,Seasonal_Persistence,471,Chhatrapati Sambhajinagar,2022-10-01,h1,-1.561697,-1.585057,-0.02336,0.02336,0.000546
official_test,Seasonal_Persistence,471,Chhatrapati Sambhajinagar,2022-10-01,h2,-1.444408,-1.401432,0.042976,0.042976,0.001847
official_test,Seasonal_Persistence,471,Chhatrapati Sambhajinagar,2022-10-01,h3,-1.019117,-1.187325,-0.168208,0.168208,0.028294
official_test,Seasonal_Persistence,472,Chhatrapati Sambhajinagar,2022-11-01,h1,-1.444408,-1.401432,0.042976,0.042976,0.001847
official_test,Seasonal_Persistence,472,Chhatrapati Sambhajinagar,2022-11-01,h2,-1.019117,-1.187325,-0.168208,0.168208,0.028294
official_test,Seasonal_Persistence,472,Chhatrapati Sambhajinagar,2022-11-01,h3,-1.085541,-1.420752,-0.33521,0.33521,0.112366
official_test,Seasonal_Persistence,473,Chhatrapati Sambhajinagar,2022-12-01,h1,-1.019117,-1.187325,-0.168208,0.168208,0.028294
official_test,Seasonal_Persistence,473,Chhatrapati Sambhajinagar,2022-12-01,h2,-1.085541,-1.420752,-0.33521,0.33521,0.112366
official_test,Seasonal_Persistence,473,Chhatrapati Sambhajinagar,2022-12-01,h3,-1.566303,-0.800335,0.765968,0.765968,0.586707
official_test,Seasonal_Persistence,474,Chhatrapati Sambhajinagar,2023-01-01,h1,-1.085541,-1.420752,-0.33521,0.33521,0.112366
official_test,Seasonal_Persistence,474,Chhatrapati Sambhajinagar,2023-01-01,h2,-1.566303,-0.800335,0.765968,0.765968,0.586707
official_test,Seasonal_Persistence,474,Chhatrapati Sambhajinagar,2023-01-01,h3,-1.734646,-0.672696,1.06195,1.06195,1.127738
official_test,Seasonal_Persistence,475,Chhatrapati Sambhajinagar,2023-02-01,h1,-1.566303,-0.800335,0.765968,0.765968,0.586707
official_test,Seasonal_Persistence,475,Chhatrapati Sambhajinagar,2023-02-01,h2,-1.734646,-0.672696,1.06195,1.06195,1.127738
official_test,Seasonal_Persistence,475,Chhatrapati Sambhajinagar,2023-02-01,h3,-1.075118,-0.462274,0.612844,0.612844,0.375578
official_test,Seasonal_Persistence,476,Chhatrapati Sambhajinagar,2023-03-01,h1,-1.734646,-0.672696,1.06195,1.06195,1.127738
official_test,Seasonal_Persistence,476,Chhatrapati Sambhajinagar,2023-03-01,h2,-1.075118,-0.462274,0.612844,0.612844,0.375578
official_test,Seasonal_Persistence,476,Chhatrapati Sambhajinagar,2023-03-01,h3,-0.084688,-0.494102,-0.409414,0.409414,0.16762
official_test,Seasonal_Persistence,477,Chhatrapati Sambhajinagar,2023-04-01,h1,-1.075118,-0.462274,0.612844,0.612844,0.375578
official_test,Seasonal_Persistence,477,Chhatrapati Sambhajinagar,2023-04-01,h2,-0.084688,-0.494102,-0.409414,0.409414,0.16762
official_test,Seasonal_Persistence,477,Chhatrapati Sambhajinagar,2023-04-01,h3,-0.264452,-2.112228,-1.847777,1.847777,3.414278
official_test,Seasonal_Persistence,478,Chhatrapati Sambhajinagar,2023-05-01,h1,-0.084688,-0.494102,-0.409414,0.409414,0.16762
official_test,Seasonal_Persistence,478,Chhatrapati Sambhajinagar,2023-05-01,h2,-0.264452,-2.112228,-1.847777,1.847777,3.414278
official_test,Seasonal_Persistence,478,Chhatrapati Sambhajinagar,2023-05-01,h3,-0.096381,-1.34669,-1.25031,1.25031,1.563274
official_test,Seasonal_Persistence,479,Chhatrapati Sambhajinagar,2023-06-01,h1,-0.264452,-2.112228,-1.847777,1.847777,3.414278
official_test,Seasonal_Persistence,479,Chhatrapati Sambhajinagar,2023-06-01,h2,-0.096381,-1.34669,-1.25031,1.25031,1.563274
official_test,Seasonal_Persistence,479,Chhatrapati Sambhajinagar,2023-06-01,h3,-0.399514,-1.597277,-1.197762,1.197762,1.434635
official_test,Seasonal_Persistence,480,Chhatrapati Sambhajinagar,2023-07-01,h1,-0.096381,-1.34669,-1.25031,1.25031,1.563274
official_test,Seasonal_Persistence,480,Chhatrapati Sambhajinagar,2023-07-01,h2,-0.399514,-1.597277,-1.197762,1.197762,1.434635
official_test,Seasonal_Persistence,480,Chhatrapati Sambhajinagar,2023-07-01,h3,-0.151739,-1.940291,-1.788552,1.788552,3.198919
official_test,Seasonal_Persistence,481,Chhatrapati Sambhajinagar,2023-08-01,h1,-0.399514,-1.597277,-1.197762,1.197762,1.434635
official_test,Seasonal_Persistence,481,Chhatrapati Sambhajinagar,2023-08-01,h2,-0.151739,-1.940291,-1.788552,1.788552,3.198919
official_test,Seasonal_Persistence,481,Chhatrapati Sambhajinagar,2023-08-01,h3,-0.390781,-1.561697,-1.170916,1.170916,1.371044
official_test,Seasonal_Persistence,482,Chhatrapati Sambhajinagar,2023-09-01,h1,-0.151739,-1.940291,-1.788552,1.788552,3.198919
official_test,Seasonal_Persistence,482,Chhatrapati Sambhajinagar,2023-09-01,h2,-0.390781,-1.561697,-1.170916,1.170916,1.371044
official_test,Seasonal_Persistence,482,Chhatrapati Sambhajinagar,2023-09-01,h3,-0.605908,-1.444408,-0.8385,0.8385,0.703082
official_test,Seasonal_Persistence,483,Chhatrapati Sambhajinagar,2023-10-01,h1,-0.390781,-1.561697,-1.170916,1.170916,1.371044
official_test,Seasonal_Persistence,483,Chhatrapati Sambhajinagar,2023-10-01,h2,-0.605908,-1.444408,-0.8385,0.8385,0.703082
official_test,Seasonal_Persistence,483,Chhatrapati Sambhajinagar,2023-10-01,h3,-1.119045,-1.019117,0.099928,0.099928,0.009986
official_test,Seasonal_Persistence,484,Chhatrapati Sambhajinagar,2023-11-01,h1,-0.605908,-1.444408,-0.8385,0.8385,0.703082
official_test,Seasonal_Persistence,484,Chhatrapati Sambhajinagar,2023-11-01,h2,-1.119045,-1.019117,0.099928,0.099928,0.009986
official_test,Seasonal_Persistence,484,Chhatrapati Sambhajinagar,2023-11-01,h3,-0.894783,-1.085541,-0.190758,0.190758,0.036389
official_test,Seasonal_Persistence,485,Chhatrapati Sambhajinagar,2023-12-01,h1,-1.119045,-1.019117,0.099928,0.099928,0.009986
official_test,Seasonal_Persistence,485,Chhatrapati Sambhajinagar,2023-12-01,h2,-0.894783,-1.085541,-0.190758,0.190758,0.036389
official_test,Seasonal_Persistence,485,Chhatrapati Sambhajinagar,2023-12-01,h3,-0.753684,-1.566303,-0.812619,0.812619,0.66035
official_test,Seasonal_Persistence,486,Chhatrapati Sambhajinagar,2024-01-01,h1,-0.894783,-1.085541,-0.190758,0.190758,0.036389
official_test,Seasonal_Persistence,486,Chhatrapati Sambhajinagar,2024-01-01,h2,-0.753684,-1.566303,-0.812619,0.812619,0.66035
official_test,Seasonal_Persistence,486,Chhatrapati Sambhajinagar,2024-01-01,h3,-0.553116,-1.734646,-1.18153,1.18153,1.396014
official_test,Seasonal_Persistence,487,Chhatrapati Sambhajinagar,2024-02-01,h1,-0.753684,-1.566303,-0.812619,0.812619,0.66035
official_test,Seasonal_Persistence,487,Chhatrapati Sambhajinagar,2024-02-01,h2,-0.553116,-1.734646,-1.18153,1.18153,1.396014
official_test,Seasonal_Persistence,487,Chhatrapati Sambhajinagar,2024-02-01,h3,-0.553166,-1.075118,-0.521952,0.521952,0.272434
official_test,Seasonal_Persistence,488,Chhatrapati Sambhajinagar,2024-03-01,h1,-0.553116,-1.734646,-1.18153,1.18153,1.396014
official_test,Seasonal_Persistence,488,Chhatrapati Sambhajinagar,2024-03-01,h2,-0.553166,-1.075118,-0.521952,0.521952,0.272434
official_test,Seasonal_Persistence,488,Chhatrapati Sambhajinagar,2024-03-01,h3,-0.879648,-0.084688,0.794959,0.794959,0.63196
official_test,Seasonal_Persistence,489,Chhatrapati Sambhajinagar,2024-04-01,h1,-0.553166,-1.075118,-0.521952,0.521952,0.272434
official_test,Seasonal_Persistence,489,Chhatrapati Sambhajinagar,2024-04-01,h2,-0.879648,-0.084688,0.794959,0.794959,0.63196
official_test,Seasonal_Persistence,489,Chhatrapati Sambhajinagar,2024-04-01,h3,-0.275423,-0.264452,0.010971,0.010971,0.00012
official_test,Seasonal_Persistence,490,Chhatrapati Sambhajinagar,2024-05-01,h1,-0.879648,-0.084688,0.794959,0.794959,0.63196
official_test,Seasonal_Persistence,490,Chhatrapati Sambhajinagar,2024-05-01,h2,-0.275423,-0.264452,0.010971,0.010971,0.00012
official_test,Seasonal_Persistence,490,Chhatrapati Sambhajinagar,2024-05-01,h3,-1.480146,-0.096381,1.383765,1.383765,1.914807
official_test,Seasonal_Persistence,491,Chhatrapati Sambhajinagar,2024-06-01,h1,-0.275423,-0.264452,0.010971,0.010971,0.00012
official_test,Seasonal_Persistence,491,Chhatrapati Sambhajinagar,2024-06-01,h2,-1.480146,-0.096381,1.383765,1.383765,1.914807
official_test,Seasonal_Persistence,491,Chhatrapati Sambhajinagar,2024-06-01,h3,-1.334362,-0.399514,0.934847,0.934847,0.873939
official_test,Seasonal_Persistence,492,Chhatrapati Sambhajinagar,2024-07-01,h1,-1.480146,-0.096381,1.383765,1.383765,1.914807
official_test,Seasonal_Persistence,492,Chhatrapati Sambhajinagar,2024-07-01,h2,-1.334362,-0.399514,0.934847,0.934847,0.873939
official_test,Seasonal_Persistence,492,Chhatrapati Sambhajinagar,2024-07-01,h3,-1.430122,-0.151739,1.278383,1.278383,1.634263
official_test,Seasonal_Persistence,493,Chhatrapati Sambhajinagar,2024-08-01,h1,-1.334362,-0.399514,0.934847,0.934847,0.873939
official_test,Seasonal_Persistence,493,Chhatrapati Sambhajinagar,2024-08-01,h2,-1.430122,-0.151739,1.278383,1.278383,1.634263
official_test,Seasonal_Persistence,493,Chhatrapati Sambhajinagar,2024-08-01,h3,-1.33475,-0.390781,0.943969,0.943969,0.891077
official_test,Seasonal_Persistence,494,Chhatrapati Sambhajinagar,2024-09-01,h1,-1.430122,-0.151739,1.278383,1.278383,1.634263
official_test,Seasonal_Persistence,494,Chhatrapati Sambhajinagar,2024-09-01,h2,-1.33475,-0.390781,0.943969,0.943969,0.891077
official_test,Seasonal_Persistence,494,Chhatrapati Sambhajinagar,2024-09-01,h3,-1.503817,-0.605908,0.897909,0.897909,0.806241
official_test,Seasonal_Persistence,697,Dharashiv,2021-01-01,h1,-0.925367,-0.743528,0.181839,0.181839,0.033066
official_test,Seasonal_Persistence,697,Dharashiv,2021-01-01,h2,-0.483298,-0.349209,0.134089,0.134089,0.01798
official_test,Seasonal_Persistence,697,Dharashiv,2021-01-01,h3,-0.786925,-0.339562,0.447363,0.447363,0.200133
official_test,Seasonal_Persistence,698,Dharashiv,2021-02-01,h1,-0.483298,-0.349209,0.134089,0.134089,0.01798
official_test,Seasonal_Persistence,698,Dharashiv,2021-02-01,h2,-0.786925,-0.339562,0.447363,0.447363,0.200133
official_test,Seasonal_Persistence,698,Dharashiv,2021-02-01,h3,-1.037942,-0.212639,0.825303,0.825303,0.681125
official_test,Seasonal_Persistence,699,Dharashiv,2021-03-01,h1,-0.786925,-0.339562,0.447363,0.447363,0.200133
official_test,Seasonal_Persistence,699,Dharashiv,2021-03-01,h2,-1.037942,-0.212639,0.825303,0.825303,0.681125
official_test,Seasonal_Persistence,699,Dharashiv,2021-03-01,h3,-1.112037,-0.452979,0.659057,0.659057,0.434357
official_test,Seasonal_Persistence,700,Dharashiv,2021-04-01,h1,-1.037942,-0.212639,0.825303,0.825303,0.681125
official_test,Seasonal_Persistence,700,Dharashiv,2021-04-01,h2,-1.112037,-0.452979,0.659057,0.659057,0.434357
official_test,Seasonal_Persistence,700,Dharashiv,2021-04-01,h3,-1.025305,-1.000568,0.024738,0.024738,0.000612
official_test,Seasonal_Persistence,701,Dharashiv,2021-05-01,h1,-1.112037,-0.452979,0.659057,0.659057,0.434357
official_test,Seasonal_Persistence,701,Dharashiv,2021-05-01,h2,-1.025305,-1.000568,0.024738,0.024738,0.000612
official_test,Seasonal_Persistence,701,Dharashiv,2021-05-01,h3,-0.790949,-1.233198,-0.442249,0.442249,0.195584
official_test,Seasonal_Persistence,702,Dharashiv,2021-06-01,h1,-1.025305,-1.000568,0.024738,0.024738,0.000612
official_test,Seasonal_Persistence,702,Dharashiv,2021-06-01,h2,-0.790949,-1.233198,-0.442249,0.442249,0.195584
official_test,Seasonal_Persistence,702,Dharashiv,2021-06-01,h3,-1.008118,-0.369602,0.638517,0.638517,0.407704
official_test,Seasonal_Persistence,703,Dharashiv,2021-07-01,h1,-0.790949,-1.233198,-0.442249,0.442249,0.195584
official_test,Seasonal_Persistence,703,Dharashiv,2021-07-01,h2,-1.008118,-0.369602,0.638517,0.638517,0.407704
official_test,Seasonal_Persistence,703,Dharashiv,2021-07-01,h3,-1.107112,-1.130574,-0.023462,0.023462,0.00055
official_test,Seasonal_Persistence,704,Dharashiv,2021-08-01,h1,-1.008118,-0.369602,0.638517,0.638517,0.407704
official_test,Seasonal_Persistence,704,Dharashiv,2021-08-01,h2,-1.107112,-1.130574,-0.023462,0.023462,0.00055
official_test,Seasonal_Persistence,704,Dharashiv,2021-08-01,h3,-1.170155,-1.200352,-0.030197,0.030197,0.000912
official_test,Seasonal_Persistence,705,Dharashiv,2021-09-01,h1,-1.107112,-1.130574,-0.023462,0.023462,0.00055
official_test,Seasonal_Persistence,705,Dharashiv,2021-09-01,h2,-1.170155,-1.200352,-0.030197,0.030197,0.000912
official_test,Seasonal_Persistence,705,Dharashiv,2021-09-01,h3,-1.343819,-1.030868,0.312951,0.312951,0.097938
official_test,Seasonal_Persistence,706,Dharashiv,2021-10-01,h1,-1.170155,-1.200352,-0.030197,0.030197,0.000912
official_test,Seasonal_Persistence,706,Dharashiv,2021-10-01,h2,-1.343819,-1.030868,0.312951,0.312951,0.097938
official_test,Seasonal_Persistence,706,Dharashiv,2021-10-01,h3,-1.315075,-0.778714,0.536361,0.536361,0.287683
official_test,Seasonal_Persistence,707,Dharashiv,2021-11-01,h1,-1.343819,-1.030868,0.312951,0.312951,0.097938
official_test,Seasonal_Persistence,707,Dharashiv,2021-11-01,h2,-1.315075,-0.778714,0.536361,0.536361,0.287683
official_test,Seasonal_Persistence,707,Dharashiv,2021-11-01,h3,-1.059334,-0.925367,0.133966,0.133966,0.017947
official_test,Seasonal_Persistence,708,Dharashiv,2021-12-01,h1,-1.315075,-0.778714,0.536361,0.536361,0.287683
official_test,Seasonal_Persistence,708,Dharashiv,2021-12-01,h2,-1.059334,-0.925367,0.133966,0.133966,0.017947
official_test,Seasonal_Persistence,708,Dharashiv,2021-12-01,h3,-0.678753,-0.483298,0.195455,0.195455,0.038203
official_test,Seasonal_Persistence,709,Dharashiv,2022-01-01,h1,-1.059334,-0.925367,0.133966,0.133966,0.017947
official_test,Seasonal_Persistence,709,Dharashiv,2022-01-01,h2,-0.678753,-0.483298,0.195455,0.195455,0.038203
official_test,Seasonal_Persistence,709,Dharashiv,2022-01-01,h3,-1.011028,-0.786925,0.224104,0.224104,0.050222
official_test,Seasonal_Persistence,710,Dharashiv,2022-02-01,h1,-0.678753,-0.483298,0.195455,0.195455,0.038203
official_test,Seasonal_Persistence,710,Dharashiv,2022-02-01,h2,-1.011028,-0.786925,0.224104,0.224104,0.050222
official_test,Seasonal_Persistence,710,Dharashiv,2022-02-01,h3,-0.864825,-1.037942,-0.173118,0.173118,0.02997
official_test,Seasonal_Persistence,711,Dharashiv,2022-03-01,h1,-1.011028,-0.786925,0.224104,0.224104,0.050222
official_test,Seasonal_Persistence,711,Dharashiv,2022-03-01,h2,-0.864825,-1.037942,-0.173118,0.173118,0.02997
official_test,Seasonal_Persistence,711,Dharashiv,2022-03-01,h3,-0.674226,-1.112037,-0.43781,0.43781,0.191678
official_test,Seasonal_Persistence,712,Dharashiv,2022-04-01,h1,-0.864825,-1.037942,-0.173118,0.173118,0.02997
official_test,Seasonal_Persistence,712,Dharashiv,2022-04-01,h2,-0.674226,-1.112037,-0.43781,0.43781,0.191678
official_test,Seasonal_Persistence,712,Dharashiv,2022-04-01,h3,-1.718629,-1.025305,0.693323,0.693323,0.480697
official_test,Seasonal_Persistence,713,Dharashiv,2022-05-01,h1,-0.674226,-1.112037,-0.43781,0.43781,0.191678
official_test,Seasonal_Persistence,713,Dharashiv,2022-05-01,h2,-1.718629,-1.025305,0.693323,0.693323,0.480697
official_test,Seasonal_Persistence,713,Dharashiv,2022-05-01,h3,-1.900719,-0.790949,1.10977,1.10977,1.23159
official_test,Seasonal_Persistence,714,Dharashiv,2022-06-01,h1,-1.718629,-1.025305,0.693323,0.693323,0.480697
official_test,Seasonal_Persistence,714,Dharashiv,2022-06-01,h2,-1.900719,-0.790949,1.10977,1.10977,1.23159
official_test,Seasonal_Persistence,714,Dharashiv,2022-06-01,h3,-1.326715,-1.008118,0.318596,0.318596,0.101504
official_test,Seasonal_Persistence,715,Dharashiv,2022-07-01,h1,-1.900719,-0.790949,1.10977,1.10977,1.23159
official_test,Seasonal_Persistence,715,Dharashiv,2022-07-01,h2,-1.326715,-1.008118,0.318596,0.318596,0.101504
official_test,Seasonal_Persistence,715,Dharashiv,2022-07-01,h3,-1.357456,-1.107112,0.250344,0.250344,0.062672
official_test,Seasonal_Persistence,716,Dharashiv,2022-08-01,h1,-1.326715,-1.008118,0.318596,0.318596,0.101504
official_test,Seasonal_Persistence,716,Dharashiv,2022-08-01,h2,-1.357456,-1.107112,0.250344,0.250344,0.062672
official_test,Seasonal_Persistence,716,Dharashiv,2022-08-01,h3,-1.057977,-1.170155,-0.112177,0.112177,0.012584
official_test,Seasonal_Persistence,717,Dharashiv,2022-09-01,h1,-1.357456,-1.107112,0.250344,0.250344,0.062672
official_test,Seasonal_Persistence,717,Dharashiv,2022-09-01,h2,-1.057977,-1.170155,-0.112177,0.112177,0.012584
official_test,Seasonal_Persistence,717,Dharashiv,2022-09-01,h3,-0.976196,-1.343819,-0.367622,0.367622,0.135146
official_test,Seasonal_Persistence,718,Dharashiv,2022-10-01,h1,-1.057977,-1.170155,-0.112177,0.112177,0.012584
official_test,Seasonal_Persistence,718,Dharashiv,2022-10-01,h2,-0.976196,-1.343819,-0.367622,0.367622,0.135146
official_test,Seasonal_Persistence,718,Dharashiv,2022-10-01,h3,-1.156812,-1.315075,-0.158263,0.158263,0.025047
official_test,Seasonal_Persistence,719,Dharashiv,2022-11-01,h1,-0.976196,-1.343819,-0.367622,0.367622,0.135146
official_test,Seasonal_Persistence,719,Dharashiv,2022-11-01,h2,-1.156812,-1.315075,-0.158263,0.158263,0.025047
official_test,Seasonal_Persistence,719,Dharashiv,2022-11-01,h3,-1.063274,-1.059334,0.003941,0.003941,1.6e-05
official_test,Seasonal_Persistence,720,Dharashiv,2022-12-01,h1,-1.156812,-1.315075,-0.158263,0.158263,0.025047
official_test,Seasonal_Persistence,720,Dharashiv,2022-12-01,h2,-1.063274,-1.059334,0.003941,0.003941,1.6e-05
official_test,Seasonal_Persistence,720,Dharashiv,2022-12-01,h3,-1.160185,-0.678753,0.481432,0.481432,0.231776
official_test,Seasonal_Persistence,721,Dharashiv,2023-01-01,h1,-1.063274,-1.059334,0.003941,0.003941,1.6e-05
official_test,Seasonal_Persistence,721,Dharashiv,2023-01-01,h2,-1.160185,-0.678753,0.481432,0.481432,0.231776
official_test,Seasonal_Persistence,721,Dharashiv,2023-01-01,h3,-1.195078,-1.011028,0.18405,0.18405,0.033875
official_test,Seasonal_Persistence,722,Dharashiv,2023-02-01,h1,-1.160185,-0.678753,0.481432,0.481432,0.231776
official_test,Seasonal_Persistence,722,Dharashiv,2023-02-01,h2,-1.195078,-1.011028,0.18405,0.18405,0.033875
official_test,Seasonal_Persistence,722,Dharashiv,2023-02-01,h3,-0.678428,-0.864825,-0.186397,0.186397,0.034744
official_test,Seasonal_Persistence,723,Dharashiv,2023-03-01,h1,-1.195078,-1.011028,0.18405,0.18405,0.033875
official_test,Seasonal_Persistence,723,Dharashiv,2023-03-01,h2,-0.678428,-0.864825,-0.186397,0.186397,0.034744
official_test,Seasonal_Persistence,723,Dharashiv,2023-03-01,h3,0.030571,-0.674226,-0.704797,0.704797,0.496739
official_test,Seasonal_Persistence,724,Dharashiv,2023-04-01,h1,-0.678428,-0.864825,-0.186397,0.186397,0.034744
official_test,Seasonal_Persistence,724,Dharashiv,2023-04-01,h2,0.030571,-0.674226,-0.704797,0.704797,0.496739
official_test,Seasonal_Persistence,724,Dharashiv,2023-04-01,h3,-0.795612,-1.718629,-0.923016,0.923016,0.851959
official_test,Seasonal_Persistence,725,Dharashiv,2023-05-01,h1,0.030571,-0.674226,-0.704797,0.704797,0.496739
official_test,Seasonal_Persistence,725,Dharashiv,2023-05-01,h2,-0.795612,-1.718629,-0.923016,0.923016,0.851959
official_test,Seasonal_Persistence,725,Dharashiv,2023-05-01,h3,-0.451253,-1.900719,-1.449467,1.449467,2.100954
official_test,Seasonal_Persistence,726,Dharashiv,2023-06-01,h1,-0.795612,-1.718629,-0.923016,0.923016,0.851959
official_test,Seasonal_Persistence,726,Dharashiv,2023-06-01,h2,-0.451253,-1.900719,-1.449467,1.449467,2.100954
official_test,Seasonal_Persistence,726,Dharashiv,2023-06-01,h3,-0.124314,-1.326715,-1.202401,1.202401,1.445768
official_test,Seasonal_Persistence,727,Dharashiv,2023-07-01,h1,-0.451253,-1.900719,-1.449467,1.449467,2.100954
official_test,Seasonal_Persistence,727,Dharashiv,2023-07-01,h2,-0.124314,-1.326715,-1.202401,1.202401,1.445768
official_test,Seasonal_Persistence,727,Dharashiv,2023-07-01,h3,0.484405,-1.357456,-1.841862,1.841862,3.392454
official_test,Seasonal_Persistence,728,Dharashiv,2023-08-01,h1,-0.124314,-1.326715,-1.202401,1.202401,1.445768
official_test,Seasonal_Persistence,728,Dharashiv,2023-08-01,h2,0.484405,-1.357456,-1.841862,1.841862,3.392454
official_test,Seasonal_Persistence,728,Dharashiv,2023-08-01,h3,0.038974,-1.057977,-1.096952,1.096952,1.203303
official_test,Seasonal_Persistence,729,Dharashiv,2023-09-01,h1,0.484405,-1.357456,-1.841862,1.841862,3.392454
official_test,Seasonal_Persistence,729,Dharashiv,2023-09-01,h2,0.038974,-1.057977,-1.096952,1.096952,1.203303
official_test,Seasonal_Persistence,729,Dharashiv,2023-09-01,h3,-0.143573,-0.976196,-0.832623,0.832623,0.693261
official_test,Seasonal_Persistence,730,Dharashiv,2023-10-01,h1,0.038974,-1.057977,-1.096952,1.096952,1.203303
official_test,Seasonal_Persistence,730,Dharashiv,2023-10-01,h2,-0.143573,-0.976196,-0.832623,0.832623,0.693261
official_test,Seasonal_Persistence,730,Dharashiv,2023-10-01,h3,-0.622017,-1.156812,-0.534794,0.534794,0.286005
official_test,Seasonal_Persistence,731,Dharashiv,2023-11-01,h1,-0.143573,-0.976196,-0.832623,0.832623,0.693261
official_test,Seasonal_Persistence,731,Dharashiv,2023-11-01,h2,-0.622017,-1.156812,-0.534794,0.534794,0.286005
official_test,Seasonal_Persistence,731,Dharashiv,2023-11-01,h3,-0.520353,-1.063274,-0.542921,0.542921,0.294763
official_test,Seasonal_Persistence,732,Dharashiv,2023-12-01,h1,-0.622017,-1.156812,-0.534794,0.534794,0.286005
official_test,Seasonal_Persistence,732,Dharashiv,2023-12-01,h2,-0.520353,-1.063274,-0.542921,0.542921,0.294763
official_test,Seasonal_Persistence,732,Dharashiv,2023-12-01,h3,-0.07049,-1.160185,-1.089694,1.089694,1.187434
official_test,Seasonal_Persistence,733,Dharashiv,2024-01-01,h1,-0.520353,-1.063274,-0.542921,0.542921,0.294763
official_test,Seasonal_Persistence,733,Dharashiv,2024-01-01,h2,-0.07049,-1.160185,-1.089694,1.089694,1.187434
official_test,Seasonal_Persistence,733,Dharashiv,2024-01-01,h3,-0.432588,-1.195078,-0.762491,0.762491,0.581392
official_test,Seasonal_Persistence,734,Dharashiv,2024-02-01,h1,-0.07049,-1.160185,-1.089694,1.089694,1.187434
official_test,Seasonal_Persistence,734,Dharashiv,2024-02-01,h2,-0.432588,-1.195078,-0.762491,0.762491,0.581392
official_test,Seasonal_Persistence,734,Dharashiv,2024-02-01,h3,-0.588232,-0.678428,-0.090196,0.090196,0.008135
official_test,Seasonal_Persistence,735,Dharashiv,2024-03-01,h1,-0.432588,-1.195078,-0.762491,0.762491,0.581392
official_test,Seasonal_Persistence,735,Dharashiv,2024-03-01,h2,-0.588232,-0.678428,-0.090196,0.090196,0.008135
official_test,Seasonal_Persistence,735,Dharashiv,2024-03-01,h3,-1.270592,0.030571,1.301163,1.301163,1.693024
official_test,Seasonal_Persistence,736,Dharashiv,2024-04-01,h1,-0.588232,-0.678428,-0.090196,0.090196,0.008135
official_test,Seasonal_Persistence,736,Dharashiv,2024-04-01,h2,-1.270592,0.030571,1.301163,1.301163,1.693024
official_test,Seasonal_Persistence,736,Dharashiv,2024-04-01,h3,-2.091565,-0.795612,1.295953,1.295953,1.679493
official_test,Seasonal_Persistence,737,Dharashiv,2024-05-01,h1,-1.270592,0.030571,1.301163,1.301163,1.693024
official_test,Seasonal_Persistence,737,Dharashiv,2024-05-01,h2,-2.091565,-0.795612,1.295953,1.295953,1.679493
official_test,Seasonal_Persistence,737,Dharashiv,2024-05-01,h3,-1.655419,-0.451253,1.204166,1.204166,1.450016
official_test,Seasonal_Persistence,738,Dharashiv,2024-06-01,h1,-2.091565,-0.795612,1.295953,1.295953,1.679493
official_test,Seasonal_Persistence,738,Dharashiv,2024-06-01,h2,-1.655419,-0.451253,1.204166,1.204166,1.450016
official_test,Seasonal_Persistence,738,Dharashiv,2024-06-01,h3,-0.833192,-0.124314,0.708879,0.708879,0.502509
official_test,Seasonal_Persistence,739,Dharashiv,2024-07-01,h1,-1.655419,-0.451253,1.204166,1.204166,1.450016
official_test,Seasonal_Persistence,739,Dharashiv,2024-07-01,h2,-0.833192,-0.124314,0.708879,0.708879,0.502509
official_test,Seasonal_Persistence,739,Dharashiv,2024-07-01,h3,-0.893157,0.484405,1.377562,1.377562,1.897678
official_test,Seasonal_Persistence,740,Dharashiv,2024-08-01,h1,-0.833192,-0.124314,0.708879,0.708879,0.502509
official_test,Seasonal_Persistence,740,Dharashiv,2024-08-01,h2,-0.893157,0.484405,1.377562,1.377562,1.897678
official_test,Seasonal_Persistence,740,Dharashiv,2024-08-01,h3,-0.858376,0.038974,0.89735,0.89735,0.805237
official_test,Seasonal_Persistence,741,Dharashiv,2024-09-01,h1,-0.893157,0.484405,1.377562,1.377562,1.897678
official_test,Seasonal_Persistence,741,Dharashiv,2024-09-01,h2,-0.858376,0.038974,0.89735,0.89735,0.805237
official_test,Seasonal_Persistence,741,Dharashiv,2024-09-01,h3,-1.064045,-0.143573,0.920472,0.920472,0.847268
official_test,Seasonal_Persistence,944,Hingoli,2021-01-01,h1,-0.58886,-1.225456,-0.636597,0.636597,0.405255
official_test,Seasonal_Persistence,944,Hingoli,2021-01-01,h2,-0.574969,-1.330725,-0.755756,0.755756,0.571167
official_test,Seasonal_Persistence,944,Hingoli,2021-01-01,h3,-0.639672,-0.905591,-0.265919,0.265919,0.070713
official_test,Seasonal_Persistence,945,Hingoli,2021-02-01,h1,-0.574969,-1.330725,-0.755756,0.755756,0.571167
official_test,Seasonal_Persistence,945,Hingoli,2021-02-01,h2,-0.639672,-0.905591,-0.265919,0.265919,0.070713
official_test,Seasonal_Persistence,945,Hingoli,2021-02-01,h3,-0.863956,-0.443491,0.420465,0.420465,0.176791
official_test,Seasonal_Persistence,946,Hingoli,2021-03-01,h1,-0.639672,-0.905591,-0.265919,0.265919,0.070713
official_test,Seasonal_Persistence,946,Hingoli,2021-03-01,h2,-0.863956,-0.443491,0.420465,0.420465,0.176791
official_test,Seasonal_Persistence,946,Hingoli,2021-03-01,h3,-1.613695,-0.956472,0.657223,0.657223,0.431942
official_test,Seasonal_Persistence,947,Hingoli,2021-04-01,h1,-0.863956,-0.443491,0.420465,0.420465,0.176791
official_test,Seasonal_Persistence,947,Hingoli,2021-04-01,h2,-1.613695,-0.956472,0.657223,0.657223,0.431942
official_test,Seasonal_Persistence,947,Hingoli,2021-04-01,h3,-0.925624,-1.517859,-0.592234,0.592234,0.350742
official_test,Seasonal_Persistence,948,Hingoli,2021-05-01,h1,-1.613695,-0.956472,0.657223,0.657223,0.431942
official_test,Seasonal_Persistence,948,Hingoli,2021-05-01,h2,-0.925624,-1.517859,-0.592234,0.592234,0.350742
official_test,Seasonal_Persistence,948,Hingoli,2021-05-01,h3,-0.873509,-1.074136,-0.200627,0.200627,0.040251
official_test,Seasonal_Persistence,949,Hingoli,2021-06-01,h1,-0.925624,-1.517859,-0.592234,0.592234,0.350742
official_test,Seasonal_Persistence,949,Hingoli,2021-06-01,h2,-0.873509,-1.074136,-0.200627,0.200627,0.040251
official_test,Seasonal_Persistence,949,Hingoli,2021-06-01,h3,-0.840391,-0.750244,0.090147,0.090147,0.008127
official_test,Seasonal_Persistence,950,Hingoli,2021-07-01,h1,-0.873509,-1.074136,-0.200627,0.200627,0.040251
official_test,Seasonal_Persistence,950,Hingoli,2021-07-01,h2,-0.840391,-0.750244,0.090147,0.090147,0.008127
official_test,Seasonal_Persistence,950,Hingoli,2021-07-01,h3,-1.552016,-1.513537,0.03848,0.03848,0.001481
official_test,Seasonal_Persistence,951,Hingoli,2021-08-01,h1,-0.840391,-0.750244,0.090147,0.090147,0.008127
official_test,Seasonal_Persistence,951,Hingoli,2021-08-01,h2,-1.552016,-1.513537,0.03848,0.03848,0.001481
official_test,Seasonal_Persistence,951,Hingoli,2021-08-01,h3,-1.345644,-1.403782,-0.058138,0.058138,0.00338
official_test,Seasonal_Persistence,952,Hingoli,2021-09-01,h1,-1.552016,-1.513537,0.03848,0.03848,0.001481
official_test,Seasonal_Persistence,952,Hingoli,2021-09-01,h2,-1.345644,-1.403782,-0.058138,0.058138,0.00338
official_test,Seasonal_Persistence,952,Hingoli,2021-09-01,h3,-1.110448,-1.327591,-0.217143,0.217143,0.047151
official_test,Seasonal_Persistence,953,Hingoli,2021-10-01,h1,-1.345644,-1.403782,-0.058138,0.058138,0.00338
official_test,Seasonal_Persistence,953,Hingoli,2021-10-01,h2,-1.110448,-1.327591,-0.217143,0.217143,0.047151
official_test,Seasonal_Persistence,953,Hingoli,2021-10-01,h3,-1.119442,-0.490261,0.62918,0.62918,0.395868
official_test,Seasonal_Persistence,954,Hingoli,2021-11-01,h1,-1.110448,-1.327591,-0.217143,0.217143,0.047151
official_test,Seasonal_Persistence,954,Hingoli,2021-11-01,h2,-1.119442,-0.490261,0.62918,0.62918,0.395868
official_test,Seasonal_Persistence,954,Hingoli,2021-11-01,h3,-0.947181,-0.58886,0.358322,0.358322,0.128394
official_test,Seasonal_Persistence,955,Hingoli,2021-12-01,h1,-1.119442,-0.490261,0.62918,0.62918,0.395868
official_test,Seasonal_Persistence,955,Hingoli,2021-12-01,h2,-0.947181,-0.58886,0.358322,0.358322,0.128394
official_test,Seasonal_Persistence,955,Hingoli,2021-12-01,h3,-0.42456,-0.574969,-0.150409,0.150409,0.022623
official_test,Seasonal_Persistence,956,Hingoli,2022-01-01,h1,-0.947181,-0.58886,0.358322,0.358322,0.128394
official_test,Seasonal_Persistence,956,Hingoli,2022-01-01,h2,-0.42456,-0.574969,-0.150409,0.150409,0.022623
official_test,Seasonal_Persistence,956,Hingoli,2022-01-01,h3,-0.450531,-0.639672,-0.189141,0.189141,0.035774
official_test,Seasonal_Persistence,957,Hingoli,2022-02-01,h1,-0.42456,-0.574969,-0.150409,0.150409,0.022623
official_test,Seasonal_Persistence,957,Hingoli,2022-02-01,h2,-0.450531,-0.639672,-0.189141,0.189141,0.035774
official_test,Seasonal_Persistence,957,Hingoli,2022-02-01,h3,-0.567104,-0.863956,-0.296852,0.296852,0.088121
official_test,Seasonal_Persistence,958,Hingoli,2022-03-01,h1,-0.450531,-0.639672,-0.189141,0.189141,0.035774
official_test,Seasonal_Persistence,958,Hingoli,2022-03-01,h2,-0.567104,-0.863956,-0.296852,0.296852,0.088121
official_test,Seasonal_Persistence,958,Hingoli,2022-03-01,h3,-0.288783,-1.613695,-1.324912,1.324912,1.755391
official_test,Seasonal_Persistence,959,Hingoli,2022-04-01,h1,-0.567104,-0.863956,-0.296852,0.296852,0.088121
official_test,Seasonal_Persistence,959,Hingoli,2022-04-01,h2,-0.288783,-1.613695,-1.324912,1.324912,1.755391
official_test,Seasonal_Persistence,959,Hingoli,2022-04-01,h3,-2.072833,-0.925624,1.147209,1.147209,1.316088
official_test,Seasonal_Persistence,960,Hingoli,2022-05-01,h1,-0.288783,-1.613695,-1.324912,1.324912,1.755391
official_test,Seasonal_Persistence,960,Hingoli,2022-05-01,h2,-2.072833,-0.925624,1.147209,1.147209,1.316088
official_test,Seasonal_Persistence,960,Hingoli,2022-05-01,h3,-1.568348,-0.873509,0.694839,0.694839,0.482801
official_test,Seasonal_Persistence,961,Hingoli,2022-06-01,h1,-2.072833,-0.925624,1.147209,1.147209,1.316088
official_test,Seasonal_Persistence,961,Hingoli,2022-06-01,h2,-1.568348,-0.873509,0.694839,0.694839,0.482801
official_test,Seasonal_Persistence,961,Hingoli,2022-06-01,h3,-1.300487,-0.840391,0.460096,0.460096,0.211689
official_test,Seasonal_Persistence,962,Hingoli,2022-07-01,h1,-1.568348,-0.873509,0.694839,0.694839,0.482801
official_test,Seasonal_Persistence,962,Hingoli,2022-07-01,h2,-1.300487,-0.840391,0.460096,0.460096,0.211689
official_test,Seasonal_Persistence,962,Hingoli,2022-07-01,h3,-1.419324,-1.552016,-0.132693,0.132693,0.017607
official_test,Seasonal_Persistence,963,Hingoli,2022-08-01,h1,-1.300487,-0.840391,0.460096,0.460096,0.211689
official_test,Seasonal_Persistence,963,Hingoli,2022-08-01,h2,-1.419324,-1.552016,-0.132693,0.132693,0.017607
official_test,Seasonal_Persistence,963,Hingoli,2022-08-01,h3,-1.194139,-1.345644,-0.151505,0.151505,0.022954
official_test,Seasonal_Persistence,964,Hingoli,2022-09-01,h1,-1.419324,-1.552016,-0.132693,0.132693,0.017607
official_test,Seasonal_Persistence,964,Hingoli,2022-09-01,h2,-1.194139,-1.345644,-0.151505,0.151505,0.022954
official_test,Seasonal_Persistence,964,Hingoli,2022-09-01,h3,-1.258018,-1.110448,0.147571,0.147571,0.021777
official_test,Seasonal_Persistence,965,Hingoli,2022-10-01,h1,-1.194139,-1.345644,-0.151505,0.151505,0.022954
official_test,Seasonal_Persistence,965,Hingoli,2022-10-01,h2,-1.258018,-1.110448,0.147571,0.147571,0.021777
official_test,Seasonal_Persistence,965,Hingoli,2022-10-01,h3,-1.290343,-1.119442,0.170902,0.170902,0.029207
official_test,Seasonal_Persistence,966,Hingoli,2022-11-01,h1,-1.258018,-1.110448,0.147571,0.147571,0.021777
official_test,Seasonal_Persistence,966,Hingoli,2022-11-01,h2,-1.290343,-1.119442,0.170902,0.170902,0.029207
official_test,Seasonal_Persistence,966,Hingoli,2022-11-01,h3,-1.079439,-0.947181,0.132258,0.132258,0.017492
official_test,Seasonal_Persistence,967,Hingoli,2022-12-01,h1,-1.290343,-1.119442,0.170902,0.170902,0.029207
official_test,Seasonal_Persistence,967,Hingoli,2022-12-01,h2,-1.079439,-0.947181,0.132258,0.132258,0.017492
official_test,Seasonal_Persistence,967,Hingoli,2022-12-01,h3,-1.061776,-0.42456,0.637217,0.637217,0.406045
official_test,Seasonal_Persistence,968,Hingoli,2023-01-01,h1,-1.079439,-0.947181,0.132258,0.132258,0.017492
official_test,Seasonal_Persistence,968,Hingoli,2023-01-01,h2,-1.061776,-0.42456,0.637217,0.637217,0.406045
official_test,Seasonal_Persistence,968,Hingoli,2023-01-01,h3,-1.311137,-0.450531,0.860606,0.860606,0.740642
official_test,Seasonal_Persistence,969,Hingoli,2023-02-01,h1,-1.061776,-0.42456,0.637217,0.637217,0.406045
official_test,Seasonal_Persistence,969,Hingoli,2023-02-01,h2,-1.311137,-0.450531,0.860606,0.860606,0.740642
official_test,Seasonal_Persistence,969,Hingoli,2023-02-01,h3,-1.272599,-0.567104,0.705495,0.705495,0.497724
official_test,Seasonal_Persistence,970,Hingoli,2023-03-01,h1,-1.311137,-0.450531,0.860606,0.860606,0.740642
official_test,Seasonal_Persistence,970,Hingoli,2023-03-01,h2,-1.272599,-0.567104,0.705495,0.705495,0.497724
official_test,Seasonal_Persistence,970,Hingoli,2023-03-01,h3,-0.172713,-0.288783,-0.116071,0.116071,0.013472
official_test,Seasonal_Persistence,971,Hingoli,2023-04-01,h1,-1.272599,-0.567104,0.705495,0.705495,0.497724
official_test,Seasonal_Persistence,971,Hingoli,2023-04-01,h2,-0.172713,-0.288783,-0.116071,0.116071,0.013472
official_test,Seasonal_Persistence,971,Hingoli,2023-04-01,h3,-1.498485,-2.072833,-0.574348,0.574348,0.329875
official_test,Seasonal_Persistence,972,Hingoli,2023-05-01,h1,-0.172713,-0.288783,-0.116071,0.116071,0.013472
official_test,Seasonal_Persistence,972,Hingoli,2023-05-01,h2,-1.498485,-2.072833,-0.574348,0.574348,0.329875
official_test,Seasonal_Persistence,972,Hingoli,2023-05-01,h3,-0.567348,-1.568348,-1.001,1.001,1.002001
official_test,Seasonal_Persistence,973,Hingoli,2023-06-01,h1,-1.498485,-2.072833,-0.574348,0.574348,0.329875
official_test,Seasonal_Persistence,973,Hingoli,2023-06-01,h2,-0.567348,-1.568348,-1.001,1.001,1.002001
official_test,Seasonal_Persistence,973,Hingoli,2023-06-01,h3,-0.82369,-1.300487,-0.476797,0.476797,0.227335
official_test,Seasonal_Persistence,974,Hingoli,2023-07-01,h1,-0.567348,-1.568348,-1.001,1.001,1.002001
official_test,Seasonal_Persistence,974,Hingoli,2023-07-01,h2,-0.82369,-1.300487,-0.476797,0.476797,0.227335
official_test,Seasonal_Persistence,974,Hingoli,2023-07-01,h3,-0.356734,-1.419324,-1.06259,1.06259,1.129097
official_test,Seasonal_Persistence,975,Hingoli,2023-08-01,h1,-0.82369,-1.300487,-0.476797,0.476797,0.227335
official_test,Seasonal_Persistence,975,Hingoli,2023-08-01,h2,-0.356734,-1.419324,-1.06259,1.06259,1.129097
official_test,Seasonal_Persistence,975,Hingoli,2023-08-01,h3,-0.658419,-1.194139,-0.53572,0.53572,0.286996
official_test,Seasonal_Persistence,976,Hingoli,2023-09-01,h1,-0.356734,-1.419324,-1.06259,1.06259,1.129097
official_test,Seasonal_Persistence,976,Hingoli,2023-09-01,h2,-0.658419,-1.194139,-0.53572,0.53572,0.286996
official_test,Seasonal_Persistence,976,Hingoli,2023-09-01,h3,-1.007658,-1.258018,-0.250361,0.250361,0.062681
official_test,Seasonal_Persistence,977,Hingoli,2023-10-01,h1,-0.658419,-1.194139,-0.53572,0.53572,0.286996
official_test,Seasonal_Persistence,977,Hingoli,2023-10-01,h2,-1.007658,-1.258018,-0.250361,0.250361,0.062681
official_test,Seasonal_Persistence,977,Hingoli,2023-10-01,h3,-1.46656,-1.290343,0.176217,0.176217,0.031053
official_test,Seasonal_Persistence,978,Hingoli,2023-11-01,h1,-1.007658,-1.258018,-0.250361,0.250361,0.062681
official_test,Seasonal_Persistence,978,Hingoli,2023-11-01,h2,-1.46656,-1.290343,0.176217,0.176217,0.031053
official_test,Seasonal_Persistence,978,Hingoli,2023-11-01,h3,-1.067525,-1.079439,-0.011914,0.011914,0.000142
official_test,Seasonal_Persistence,979,Hingoli,2023-12-01,h1,-1.46656,-1.290343,0.176217,0.176217,0.031053
official_test,Seasonal_Persistence,979,Hingoli,2023-12-01,h2,-1.067525,-1.079439,-0.011914,0.011914,0.000142
official_test,Seasonal_Persistence,979,Hingoli,2023-12-01,h3,-0.761897,-1.061776,-0.29988,0.29988,0.089928
official_test,Seasonal_Persistence,980,Hingoli,2024-01-01,h1,-1.067525,-1.079439,-0.011914,0.011914,0.000142
official_test,Seasonal_Persistence,980,Hingoli,2024-01-01,h2,-0.761897,-1.061776,-0.29988,0.29988,0.089928
official_test,Seasonal_Persistence,980,Hingoli,2024-01-01,h3,-1.023078,-1.311137,-0.288059,0.288059,0.082978
official_test,Seasonal_Persistence,981,Hingoli,2024-02-01,h1,-0.761897,-1.061776,-0.29988,0.29988,0.089928
official_test,Seasonal_Persistence,981,Hingoli,2024-02-01,h2,-1.023078,-1.311137,-0.288059,0.288059,0.082978
official_test,Seasonal_Persistence,981,Hingoli,2024-02-01,h3,-1.24441,-1.272599,-0.028189,0.028189,0.000795
official_test,Seasonal_Persistence,982,Hingoli,2024-03-01,h1,-1.023078,-1.311137,-0.288059,0.288059,0.082978
official_test,Seasonal_Persistence,982,Hingoli,2024-03-01,h2,-1.24441,-1.272599,-0.028189,0.028189,0.000795
official_test,Seasonal_Persistence,982,Hingoli,2024-03-01,h3,-1.122982,-0.172713,0.95027,0.95027,0.903012
official_test,Seasonal_Persistence,983,Hingoli,2024-04-01,h1,-1.24441,-1.272599,-0.028189,0.028189,0.000795
official_test,Seasonal_Persistence,983,Hingoli,2024-04-01,h2,-1.122982,-0.172713,0.95027,0.95027,0.903012
official_test,Seasonal_Persistence,983,Hingoli,2024-04-01,h3,-1.306816,-1.498485,-0.19167,0.19167,0.036737
official_test,Seasonal_Persistence,984,Hingoli,2024-05-01,h1,-1.122982,-0.172713,0.95027,0.95027,0.903012
official_test,Seasonal_Persistence,984,Hingoli,2024-05-01,h2,-1.306816,-1.498485,-0.19167,0.19167,0.036737
official_test,Seasonal_Persistence,984,Hingoli,2024-05-01,h3,-1.685414,-0.567348,1.118066,1.118066,1.250072
official_test,Seasonal_Persistence,985,Hingoli,2024-06-01,h1,-1.306816,-1.498485,-0.19167,0.19167,0.036737
official_test,Seasonal_Persistence,985,Hingoli,2024-06-01,h2,-1.685414,-0.567348,1.118066,1.118066,1.250072
official_test,Seasonal_Persistence,985,Hingoli,2024-06-01,h3,-1.091652,-0.82369,0.267962,0.267962,0.071804
official_test,Seasonal_Persistence,986,Hingoli,2024-07-01,h1,-1.685414,-0.567348,1.118066,1.118066,1.250072
official_test,Seasonal_Persistence,986,Hingoli,2024-07-01,h2,-1.091652,-0.82369,0.267962,0.267962,0.071804
official_test,Seasonal_Persistence,986,Hingoli,2024-07-01,h3,-1.101871,-0.356734,0.745137,0.745137,0.555229
official_test,Seasonal_Persistence,987,Hingoli,2024-08-01,h1,-1.091652,-0.82369,0.267962,0.267962,0.071804
official_test,Seasonal_Persistence,987,Hingoli,2024-08-01,h2,-1.101871,-0.356734,0.745137,0.745137,0.555229
official_test,Seasonal_Persistence,987,Hingoli,2024-08-01,h3,-1.146379,-0.658419,0.487959,0.487959,0.238104
official_test,Seasonal_Persistence,988,Hingoli,2024-09-01,h1,-1.101871,-0.356734,0.745137,0.745137,0.555229
official_test,Seasonal_Persistence,988,Hingoli,2024-09-01,h2,-1.146379,-0.658419,0.487959,0.487959,0.238104
official_test,Seasonal_Persistence,988,Hingoli,2024-09-01,h3,-1.219497,-1.007658,0.211839,0.211839,0.044876
official_test,Seasonal_Persistence,1191,Jalna,2021-01-01,h1,-1.084933,-1.254788,-0.169855,0.169855,0.028851
official_test,Seasonal_Persistence,1191,Jalna,2021-01-01,h2,-0.77881,-1.280052,-0.501242,0.501242,0.251244
official_test,Seasonal_Persistence,1191,Jalna,2021-01-01,h3,-0.892222,-0.675194,0.217028,0.217028,0.047101
official_test,Seasonal_Persistence,1192,Jalna,2021-02-01,h1,-0.77881,-1.280052,-0.501242,0.501242,0.251244
official_test,Seasonal_Persistence,1192,Jalna,2021-02-01,h2,-0.892222,-0.675194,0.217028,0.217028,0.047101
official_test,Seasonal_Persistence,1192,Jalna,2021-02-01,h3,-1.313019,-0.301405,1.011614,1.011614,1.023363
official_test,Seasonal_Persistence,1193,Jalna,2021-03-01,h1,-0.892222,-0.675194,0.217028,0.217028,0.047101
official_test,Seasonal_Persistence,1193,Jalna,2021-03-01,h2,-1.313019,-0.301405,1.011614,1.011614,1.023363
official_test,Seasonal_Persistence,1193,Jalna,2021-03-01,h3,-1.321961,-1.03964,0.282321,0.282321,0.079705
official_test,Seasonal_Persistence,1194,Jalna,2021-04-01,h1,-1.313019,-0.301405,1.011614,1.011614,1.023363
official_test,Seasonal_Persistence,1194,Jalna,2021-04-01,h2,-1.321961,-1.03964,0.282321,0.282321,0.079705
official_test,Seasonal_Persistence,1194,Jalna,2021-04-01,h3,-0.957447,-1.470543,-0.513097,0.513097,0.263268
official_test,Seasonal_Persistence,1195,Jalna,2021-05-01,h1,-1.321961,-1.03964,0.282321,0.282321,0.079705
official_test,Seasonal_Persistence,1195,Jalna,2021-05-01,h2,-0.957447,-1.470543,-0.513097,0.513097,0.263268
official_test,Seasonal_Persistence,1195,Jalna,2021-05-01,h3,-0.583822,-1.222958,-0.639136,0.639136,0.408495
official_test,Seasonal_Persistence,1196,Jalna,2021-06-01,h1,-0.957447,-1.470543,-0.513097,0.513097,0.263268
official_test,Seasonal_Persistence,1196,Jalna,2021-06-01,h2,-0.583822,-1.222958,-0.639136,0.639136,0.408495
official_test,Seasonal_Persistence,1196,Jalna,2021-06-01,h3,-1.388171,-1.34028,0.04789,0.04789,0.002293
official_test,Seasonal_Persistence,1197,Jalna,2021-07-01,h1,-0.583822,-1.222958,-0.639136,0.639136,0.408495
official_test,Seasonal_Persistence,1197,Jalna,2021-07-01,h2,-1.388171,-1.34028,0.04789,0.04789,0.002293
official_test,Seasonal_Persistence,1197,Jalna,2021-07-01,h3,-1.893021,-1.761822,0.131199,0.131199,0.017213
official_test,Seasonal_Persistence,1198,Jalna,2021-08-01,h1,-1.388171,-1.34028,0.04789,0.04789,0.002293
official_test,Seasonal_Persistence,1198,Jalna,2021-08-01,h2,-1.893021,-1.761822,0.131199,0.131199,0.017213
official_test,Seasonal_Persistence,1198,Jalna,2021-08-01,h3,-1.659952,-1.600692,0.05926,0.05926,0.003512
official_test,Seasonal_Persistence,1199,Jalna,2021-09-01,h1,-1.893021,-1.761822,0.131199,0.131199,0.017213
official_test,Seasonal_Persistence,1199,Jalna,2021-09-01,h2,-1.659952,-1.600692,0.05926,0.05926,0.003512
official_test,Seasonal_Persistence,1199,Jalna,2021-09-01,h3,-1.415569,-1.422869,-0.0073,0.0073,5.3e-05
official_test,Seasonal_Persistence,1200,Jalna,2021-10-01,h1,-1.659952,-1.600692,0.05926,0.05926,0.003512
official_test,Seasonal_Persistence,1200,Jalna,2021-10-01,h2,-1.415569,-1.422869,-0.0073,0.0073,5.3e-05
official_test,Seasonal_Persistence,1200,Jalna,2021-10-01,h3,-1.551115,-0.929903,0.621212,0.621212,0.385904
official_test,Seasonal_Persistence,1201,Jalna,2021-11-01,h1,-1.415569,-1.422869,-0.0073,0.0073,5.3e-05
official_test,Seasonal_Persistence,1201,Jalna,2021-11-01,h2,-1.551115,-0.929903,0.621212,0.621212,0.385904
official_test,Seasonal_Persistence,1201,Jalna,2021-11-01,h3,-1.687502,-1.084933,0.60257,0.60257,0.36309
official_test,Seasonal_Persistence,1202,Jalna,2021-12-01,h1,-1.551115,-0.929903,0.621212,0.621212,0.385904
official_test,Seasonal_Persistence,1202,Jalna,2021-12-01,h2,-1.687502,-1.084933,0.60257,0.60257,0.36309
official_test,Seasonal_Persistence,1202,Jalna,2021-12-01,h3,-1.025407,-0.77881,0.246597,0.246597,0.06081
official_test,Seasonal_Persistence,1203,Jalna,2022-01-01,h1,-1.687502,-1.084933,0.60257,0.60257,0.36309
official_test,Seasonal_Persistence,1203,Jalna,2022-01-01,h2,-1.025407,-0.77881,0.246597,0.246597,0.06081
official_test,Seasonal_Persistence,1203,Jalna,2022-01-01,h3,-0.852789,-0.892222,-0.039434,0.039434,0.001555
official_test,Seasonal_Persistence,1204,Jalna,2022-02-01,h1,-1.025407,-0.77881,0.246597,0.246597,0.06081
official_test,Seasonal_Persistence,1204,Jalna,2022-02-01,h2,-0.852789,-0.892222,-0.039434,0.039434,0.001555
official_test,Seasonal_Persistence,1204,Jalna,2022-02-01,h3,-0.475177,-1.313019,-0.837842,0.837842,0.701979
official_test,Seasonal_Persistence,1205,Jalna,2022-03-01,h1,-0.852789,-0.892222,-0.039434,0.039434,0.001555
official_test,Seasonal_Persistence,1205,Jalna,2022-03-01,h2,-0.475177,-1.313019,-0.837842,0.837842,0.701979
official_test,Seasonal_Persistence,1205,Jalna,2022-03-01,h3,-0.555113,-1.321961,-0.766848,0.766848,0.588057
official_test,Seasonal_Persistence,1206,Jalna,2022-04-01,h1,-0.475177,-1.313019,-0.837842,0.837842,0.701979
official_test,Seasonal_Persistence,1206,Jalna,2022-04-01,h2,-0.555113,-1.321961,-0.766848,0.766848,0.588057
official_test,Seasonal_Persistence,1206,Jalna,2022-04-01,h3,-1.813084,-0.957447,0.855638,0.855638,0.732116
official_test,Seasonal_Persistence,1207,Jalna,2022-05-01,h1,-0.555113,-1.321961,-0.766848,0.766848,0.588057
official_test,Seasonal_Persistence,1207,Jalna,2022-05-01,h2,-1.813084,-0.957447,0.855638,0.855638,0.732116
official_test,Seasonal_Persistence,1207,Jalna,2022-05-01,h3,-1.687787,-0.583822,1.103964,1.103964,1.218738
official_test,Seasonal_Persistence,1208,Jalna,2022-06-01,h1,-1.813084,-0.957447,0.855638,0.855638,0.732116
official_test,Seasonal_Persistence,1208,Jalna,2022-06-01,h2,-1.687787,-0.583822,1.103964,1.103964,1.218738
official_test,Seasonal_Persistence,1208,Jalna,2022-06-01,h3,-1.693944,-1.388171,0.305773,0.305773,0.093497
official_test,Seasonal_Persistence,1209,Jalna,2022-07-01,h1,-1.687787,-0.583822,1.103964,1.103964,1.218738
official_test,Seasonal_Persistence,1209,Jalna,2022-07-01,h2,-1.693944,-1.388171,0.305773,0.305773,0.093497
official_test,Seasonal_Persistence,1209,Jalna,2022-07-01,h3,-1.874008,-1.893021,-0.019013,0.019013,0.000362
official_test,Seasonal_Persistence,1210,Jalna,2022-08-01,h1,-1.693944,-1.388171,0.305773,0.305773,0.093497
official_test,Seasonal_Persistence,1210,Jalna,2022-08-01,h2,-1.874008,-1.893021,-0.019013,0.019013,0.000362
official_test,Seasonal_Persistence,1210,Jalna,2022-08-01,h3,-1.489064,-1.659952,-0.170888,0.170888,0.029203
official_test,Seasonal_Persistence,1211,Jalna,2022-09-01,h1,-1.874008,-1.893021,-0.019013,0.019013,0.000362
official_test,Seasonal_Persistence,1211,Jalna,2022-09-01,h2,-1.489064,-1.659952,-0.170888,0.170888,0.029203
official_test,Seasonal_Persistence,1211,Jalna,2022-09-01,h3,-1.371654,-1.415569,-0.043915,0.043915,0.001929
official_test,Seasonal_Persistence,1212,Jalna,2022-10-01,h1,-1.489064,-1.659952,-0.170888,0.170888,0.029203
official_test,Seasonal_Persistence,1212,Jalna,2022-10-01,h2,-1.371654,-1.415569,-0.043915,0.043915,0.001929
official_test,Seasonal_Persistence,1212,Jalna,2022-10-01,h3,-1.557353,-1.551115,0.006238,0.006238,3.9e-05
official_test,Seasonal_Persistence,1213,Jalna,2022-11-01,h1,-1.371654,-1.415569,-0.043915,0.043915,0.001929
official_test,Seasonal_Persistence,1213,Jalna,2022-11-01,h2,-1.557353,-1.551115,0.006238,0.006238,3.9e-05
official_test,Seasonal_Persistence,1213,Jalna,2022-11-01,h3,-1.532346,-1.687502,-0.155157,0.155157,0.024074
official_test,Seasonal_Persistence,1214,Jalna,2022-12-01,h1,-1.557353,-1.551115,0.006238,0.006238,3.9e-05
official_test,Seasonal_Persistence,1214,Jalna,2022-12-01,h2,-1.532346,-1.687502,-0.155157,0.155157,0.024074
official_test,Seasonal_Persistence,1214,Jalna,2022-12-01,h3,-1.57631,-1.025407,0.550902,0.550902,0.303494
official_test,Seasonal_Persistence,1215,Jalna,2023-01-01,h1,-1.532346,-1.687502,-0.155157,0.155157,0.024074
official_test,Seasonal_Persistence,1215,Jalna,2023-01-01,h2,-1.57631,-1.025407,0.550902,0.550902,0.303494
official_test,Seasonal_Persistence,1215,Jalna,2023-01-01,h3,-1.695428,-0.852789,0.842639,0.842639,0.710041
official_test,Seasonal_Persistence,1216,Jalna,2023-02-01,h1,-1.57631,-1.025407,0.550902,0.550902,0.303494
official_test,Seasonal_Persistence,1216,Jalna,2023-02-01,h2,-1.695428,-0.852789,0.842639,0.842639,0.710041
official_test,Seasonal_Persistence,1216,Jalna,2023-02-01,h3,-1.086681,-0.475177,0.611504,0.611504,0.373937
official_test,Seasonal_Persistence,1217,Jalna,2023-03-01,h1,-1.695428,-0.852789,0.842639,0.842639,0.710041
official_test,Seasonal_Persistence,1217,Jalna,2023-03-01,h2,-1.086681,-0.475177,0.611504,0.611504,0.373937
official_test,Seasonal_Persistence,1217,Jalna,2023-03-01,h3,-0.162401,-0.555113,-0.392712,0.392712,0.154223
official_test,Seasonal_Persistence,1218,Jalna,2023-04-01,h1,-1.086681,-0.475177,0.611504,0.611504,0.373937
official_test,Seasonal_Persistence,1218,Jalna,2023-04-01,h2,-0.162401,-0.555113,-0.392712,0.392712,0.154223
official_test,Seasonal_Persistence,1218,Jalna,2023-04-01,h3,-0.50462,-1.813084,-1.308464,1.308464,1.712078
official_test,Seasonal_Persistence,1219,Jalna,2023-05-01,h1,-0.162401,-0.555113,-0.392712,0.392712,0.154223
official_test,Seasonal_Persistence,1219,Jalna,2023-05-01,h2,-0.50462,-1.813084,-1.308464,1.308464,1.712078
official_test,Seasonal_Persistence,1219,Jalna,2023-05-01,h3,-0.466112,-1.687787,-1.221675,1.221675,1.492489
official_test,Seasonal_Persistence,1220,Jalna,2023-06-01,h1,-0.50462,-1.813084,-1.308464,1.308464,1.712078
official_test,Seasonal_Persistence,1220,Jalna,2023-06-01,h2,-0.466112,-1.687787,-1.221675,1.221675,1.492489
official_test,Seasonal_Persistence,1220,Jalna,2023-06-01,h3,-0.227014,-1.693944,-1.46693,1.46693,2.151883
official_test,Seasonal_Persistence,1221,Jalna,2023-07-01,h1,-0.466112,-1.687787,-1.221675,1.221675,1.492489
official_test,Seasonal_Persistence,1221,Jalna,2023-07-01,h2,-0.227014,-1.693944,-1.46693,1.46693,2.151883
official_test,Seasonal_Persistence,1221,Jalna,2023-07-01,h3,0.167087,-1.874008,-2.041094,2.041094,4.166066
official_test,Seasonal_Persistence,1222,Jalna,2023-08-01,h1,-0.227014,-1.693944,-1.46693,1.46693,2.151883
official_test,Seasonal_Persistence,1222,Jalna,2023-08-01,h2,0.167087,-1.874008,-2.041094,2.041094,4.166066
official_test,Seasonal_Persistence,1222,Jalna,2023-08-01,h3,-0.01928,-1.489064,-1.469784,1.469784,2.160266
official_test,Seasonal_Persistence,1223,Jalna,2023-09-01,h1,0.167087,-1.874008,-2.041094,2.041094,4.166066
official_test,Seasonal_Persistence,1223,Jalna,2023-09-01,h2,-0.01928,-1.489064,-1.469784,1.469784,2.160266
official_test,Seasonal_Persistence,1223,Jalna,2023-09-01,h3,-0.555578,-1.371654,-0.816077,0.816077,0.665981
official_test,Seasonal_Persistence,1224,Jalna,2023-10-01,h1,-0.01928,-1.489064,-1.469784,1.469784,2.160266
official_test,Seasonal_Persistence,1224,Jalna,2023-10-01,h2,-0.555578,-1.371654,-0.816077,0.816077,0.665981
official_test,Seasonal_Persistence,1224,Jalna,2023-10-01,h3,-1.443007,-1.557353,-0.114346,0.114346,0.013075
official_test,Seasonal_Persistence,1225,Jalna,2023-11-01,h1,-0.555578,-1.371654,-0.816077,0.816077,0.665981
official_test,Seasonal_Persistence,1225,Jalna,2023-11-01,h2,-1.443007,-1.557353,-0.114346,0.114346,0.013075
official_test,Seasonal_Persistence,1225,Jalna,2023-11-01,h3,-1.111587,-1.532346,-0.420759,0.420759,0.177038
official_test,Seasonal_Persistence,1226,Jalna,2023-12-01,h1,-1.443007,-1.557353,-0.114346,0.114346,0.013075
official_test,Seasonal_Persistence,1226,Jalna,2023-12-01,h2,-1.111587,-1.532346,-0.420759,0.420759,0.177038
official_test,Seasonal_Persistence,1226,Jalna,2023-12-01,h3,-0.727681,-1.57631,-0.848629,0.848629,0.72017
official_test,Seasonal_Persistence,1227,Jalna,2024-01-01,h1,-1.111587,-1.532346,-0.420759,0.420759,0.177038
official_test,Seasonal_Persistence,1227,Jalna,2024-01-01,h2,-0.727681,-1.57631,-0.848629,0.848629,0.72017
official_test,Seasonal_Persistence,1227,Jalna,2024-01-01,h3,-0.756189,-1.695428,-0.939239,0.939239,0.882169
official_test,Seasonal_Persistence,1228,Jalna,2024-02-01,h1,-0.727681,-1.57631,-0.848629,0.848629,0.72017
official_test,Seasonal_Persistence,1228,Jalna,2024-02-01,h2,-0.756189,-1.695428,-0.939239,0.939239,0.882169
official_test,Seasonal_Persistence,1228,Jalna,2024-02-01,h3,-0.53955,-1.086681,-0.547131,0.547131,0.299352
official_test,Seasonal_Persistence,1229,Jalna,2024-03-01,h1,-0.756189,-1.695428,-0.939239,0.939239,0.882169
official_test,Seasonal_Persistence,1229,Jalna,2024-03-01,h2,-0.53955,-1.086681,-0.547131,0.547131,0.299352
official_test,Seasonal_Persistence,1229,Jalna,2024-03-01,h3,-0.622275,-0.162401,0.459874,0.459874,0.211484
official_test,Seasonal_Persistence,1230,Jalna,2024-04-01,h1,-0.53955,-1.086681,-0.547131,0.547131,0.299352
official_test,Seasonal_Persistence,1230,Jalna,2024-04-01,h2,-0.622275,-0.162401,0.459874,0.459874,0.211484
official_test,Seasonal_Persistence,1230,Jalna,2024-04-01,h3,-0.293043,-0.50462,-0.211577,0.211577,0.044765
official_test,Seasonal_Persistence,1231,Jalna,2024-05-01,h1,-0.622275,-0.162401,0.459874,0.459874,0.211484
official_test,Seasonal_Persistence,1231,Jalna,2024-05-01,h2,-0.293043,-0.50462,-0.211577,0.211577,0.044765
official_test,Seasonal_Persistence,1231,Jalna,2024-05-01,h3,-1.813465,-0.466112,1.347353,1.347353,1.81536
official_test,Seasonal_Persistence,1232,Jalna,2024-06-01,h1,-0.293043,-0.50462,-0.211577,0.211577,0.044765
official_test,Seasonal_Persistence,1232,Jalna,2024-06-01,h2,-1.813465,-0.466112,1.347353,1.347353,1.81536
official_test,Seasonal_Persistence,1232,Jalna,2024-06-01,h3,-1.240877,-0.227014,1.013862,1.013862,1.027917
official_test,Seasonal_Persistence,1233,Jalna,2024-07-01,h1,-1.813465,-0.466112,1.347353,1.347353,1.81536
official_test,Seasonal_Persistence,1233,Jalna,2024-07-01,h2,-1.240877,-0.227014,1.013862,1.013862,1.027917
official_test,Seasonal_Persistence,1233,Jalna,2024-07-01,h3,-1.216326,0.167087,1.383412,1.383412,1.91383
official_test,Seasonal_Persistence,1234,Jalna,2024-08-01,h1,-1.240877,-0.227014,1.013862,1.013862,1.027917
official_test,Seasonal_Persistence,1234,Jalna,2024-08-01,h2,-1.216326,0.167087,1.383412,1.383412,1.91383
official_test,Seasonal_Persistence,1234,Jalna,2024-08-01,h3,-1.331815,-0.01928,1.312535,1.312535,1.722747
official_test,Seasonal_Persistence,1235,Jalna,2024-09-01,h1,-1.216326,0.167087,1.383412,1.383412,1.91383
official_test,Seasonal_Persistence,1235,Jalna,2024-09-01,h2,-1.331815,-0.01928,1.312535,1.312535,1.722747
official_test,Seasonal_Persistence,1235,Jalna,2024-09-01,h3,-1.465196,-0.555578,0.909619,0.909619,0.827406
official_test,Seasonal_Persistence,1438,Latur,2021-01-01,h1,-0.473082,-0.414757,0.058325,0.058325,0.003402
official_test,Seasonal_Persistence,1438,Latur,2021-01-01,h2,-0.388585,-0.213745,0.17484,0.17484,0.030569
official_test,Seasonal_Persistence,1438,Latur,2021-01-01,h3,-0.725314,-0.111809,0.613505,0.613505,0.376388
official_test,Seasonal_Persistence,1439,Latur,2021-02-01,h1,-0.388585,-0.213745,0.17484,0.17484,0.030569
official_test,Seasonal_Persistence,1439,Latur,2021-02-01,h2,-0.725314,-0.111809,0.613505,0.613505,0.376388
official_test,Seasonal_Persistence,1439,Latur,2021-02-01,h3,-0.829665,-0.361138,0.468527,0.468527,0.219518
official_test,Seasonal_Persistence,1440,Latur,2021-03-01,h1,-0.725314,-0.111809,0.613505,0.613505,0.376388
official_test,Seasonal_Persistence,1440,Latur,2021-03-01,h2,-0.829665,-0.361138,0.468527,0.468527,0.219518
official_test,Seasonal_Persistence,1440,Latur,2021-03-01,h3,-1.327054,-0.63747,0.689584,0.689584,0.475526
official_test,Seasonal_Persistence,1441,Latur,2021-04-01,h1,-0.829665,-0.361138,0.468527,0.468527,0.219518
official_test,Seasonal_Persistence,1441,Latur,2021-04-01,h2,-1.327054,-0.63747,0.689584,0.689584,0.475526
official_test,Seasonal_Persistence,1441,Latur,2021-04-01,h3,-0.942042,-1.910826,-0.968784,0.968784,0.938542
official_test,Seasonal_Persistence,1442,Latur,2021-05-01,h1,-1.327054,-0.63747,0.689584,0.689584,0.475526
official_test,Seasonal_Persistence,1442,Latur,2021-05-01,h2,-0.942042,-1.910826,-0.968784,0.968784,0.938542
official_test,Seasonal_Persistence,1442,Latur,2021-05-01,h3,-1.242447,-0.945298,0.297149,0.297149,0.088297
official_test,Seasonal_Persistence,1443,Latur,2021-06-01,h1,-0.942042,-1.910826,-0.968784,0.968784,0.938542
official_test,Seasonal_Persistence,1443,Latur,2021-06-01,h2,-1.242447,-0.945298,0.297149,0.297149,0.088297
official_test,Seasonal_Persistence,1443,Latur,2021-06-01,h3,-1.074094,-0.332597,0.741497,0.741497,0.549818
official_test,Seasonal_Persistence,1444,Latur,2021-07-01,h1,-1.242447,-0.945298,0.297149,0.297149,0.088297
official_test,Seasonal_Persistence,1444,Latur,2021-07-01,h2,-1.074094,-0.332597,0.741497,0.741497,0.549818
official_test,Seasonal_Persistence,1444,Latur,2021-07-01,h3,-1.267526,-0.808747,0.458779,0.458779,0.210478
official_test,Seasonal_Persistence,1445,Latur,2021-08-01,h1,-1.074094,-0.332597,0.741497,0.741497,0.549818
official_test,Seasonal_Persistence,1445,Latur,2021-08-01,h2,-1.267526,-0.808747,0.458779,0.458779,0.210478
official_test,Seasonal_Persistence,1445,Latur,2021-08-01,h3,-1.35856,-1.005325,0.353236,0.353236,0.124775
official_test,Seasonal_Persistence,1446,Latur,2021-09-01,h1,-1.267526,-0.808747,0.458779,0.458779,0.210478
official_test,Seasonal_Persistence,1446,Latur,2021-09-01,h2,-1.35856,-1.005325,0.353236,0.353236,0.124775
official_test,Seasonal_Persistence,1446,Latur,2021-09-01,h3,-1.277225,-0.831957,0.445268,0.445268,0.198264
official_test,Seasonal_Persistence,1447,Latur,2021-10-01,h1,-1.35856,-1.005325,0.353236,0.353236,0.124775
official_test,Seasonal_Persistence,1447,Latur,2021-10-01,h2,-1.277225,-0.831957,0.445268,0.445268,0.198264
official_test,Seasonal_Persistence,1447,Latur,2021-10-01,h3,-1.508318,-0.502564,1.005754,1.005754,1.011541
official_test,Seasonal_Persistence,1448,Latur,2021-11-01,h1,-1.277225,-0.831957,0.445268,0.445268,0.198264
official_test,Seasonal_Persistence,1448,Latur,2021-11-01,h2,-1.508318,-0.502564,1.005754,1.005754,1.011541
official_test,Seasonal_Persistence,1448,Latur,2021-11-01,h3,-1.086189,-0.473082,0.613107,0.613107,0.375901
official_test,Seasonal_Persistence,1449,Latur,2021-12-01,h1,-1.508318,-0.502564,1.005754,1.005754,1.011541
official_test,Seasonal_Persistence,1449,Latur,2021-12-01,h2,-1.086189,-0.473082,0.613107,0.613107,0.375901
official_test,Seasonal_Persistence,1449,Latur,2021-12-01,h3,-0.807308,-0.388585,0.418723,0.418723,0.175329
official_test,Seasonal_Persistence,1450,Latur,2022-01-01,h1,-1.086189,-0.473082,0.613107,0.613107,0.375901
official_test,Seasonal_Persistence,1450,Latur,2022-01-01,h2,-0.807308,-0.388585,0.418723,0.418723,0.175329
official_test,Seasonal_Persistence,1450,Latur,2022-01-01,h3,-1.051906,-0.725314,0.326593,0.326593,0.106663
official_test,Seasonal_Persistence,1451,Latur,2022-02-01,h1,-0.807308,-0.388585,0.418723,0.418723,0.175329
official_test,Seasonal_Persistence,1451,Latur,2022-02-01,h2,-1.051906,-0.725314,0.326593,0.326593,0.106663
official_test,Seasonal_Persistence,1451,Latur,2022-02-01,h3,-1.102535,-0.829665,0.27287,0.27287,0.074458
official_test,Seasonal_Persistence,1452,Latur,2022-03-01,h1,-1.051906,-0.725314,0.326593,0.326593,0.106663
official_test,Seasonal_Persistence,1452,Latur,2022-03-01,h2,-1.102535,-0.829665,0.27287,0.27287,0.074458
official_test,Seasonal_Persistence,1452,Latur,2022-03-01,h3,-1.009426,-1.327054,-0.317629,0.317629,0.100888
official_test,Seasonal_Persistence,1453,Latur,2022-04-01,h1,-1.102535,-0.829665,0.27287,0.27287,0.074458
official_test,Seasonal_Persistence,1453,Latur,2022-04-01,h2,-1.009426,-1.327054,-0.317629,0.317629,0.100888
official_test,Seasonal_Persistence,1453,Latur,2022-04-01,h3,-1.794731,-0.942042,0.852689,0.852689,0.727078
official_test,Seasonal_Persistence,1454,Latur,2022-05-01,h1,-1.009426,-1.327054,-0.317629,0.317629,0.100888
official_test,Seasonal_Persistence,1454,Latur,2022-05-01,h2,-1.794731,-0.942042,0.852689,0.852689,0.727078
official_test,Seasonal_Persistence,1454,Latur,2022-05-01,h3,-1.899216,-1.242447,0.656769,0.656769,0.431345
official_test,Seasonal_Persistence,1455,Latur,2022-06-01,h1,-1.794731,-0.942042,0.852689,0.852689,0.727078
official_test,Seasonal_Persistence,1455,Latur,2022-06-01,h2,-1.899216,-1.242447,0.656769,0.656769,0.431345
official_test,Seasonal_Persistence,1455,Latur,2022-06-01,h3,-1.5984,-1.074094,0.524306,0.524306,0.274897
official_test,Seasonal_Persistence,1456,Latur,2022-07-01,h1,-1.899216,-1.242447,0.656769,0.656769,0.431345
official_test,Seasonal_Persistence,1456,Latur,2022-07-01,h2,-1.5984,-1.074094,0.524306,0.524306,0.274897
official_test,Seasonal_Persistence,1456,Latur,2022-07-01,h3,-1.468791,-1.267526,0.201265,0.201265,0.040508
official_test,Seasonal_Persistence,1457,Latur,2022-08-01,h1,-1.5984,-1.074094,0.524306,0.524306,0.274897
official_test,Seasonal_Persistence,1457,Latur,2022-08-01,h2,-1.468791,-1.267526,0.201265,0.201265,0.040508
official_test,Seasonal_Persistence,1457,Latur,2022-08-01,h3,-1.200625,-1.35856,-0.157935,0.157935,0.024943
official_test,Seasonal_Persistence,1458,Latur,2022-09-01,h1,-1.468791,-1.267526,0.201265,0.201265,0.040508
official_test,Seasonal_Persistence,1458,Latur,2022-09-01,h2,-1.200625,-1.35856,-0.157935,0.157935,0.024943
official_test,Seasonal_Persistence,1458,Latur,2022-09-01,h3,-1.236884,-1.277225,-0.040342,0.040342,0.001627
official_test,Seasonal_Persistence,1459,Latur,2022-10-01,h1,-1.200625,-1.35856,-0.157935,0.157935,0.024943
official_test,Seasonal_Persistence,1459,Latur,2022-10-01,h2,-1.236884,-1.277225,-0.040342,0.040342,0.001627
official_test,Seasonal_Persistence,1459,Latur,2022-10-01,h3,-1.348149,-1.508318,-0.160169,0.160169,0.025654
official_test,Seasonal_Persistence,1460,Latur,2022-11-01,h1,-1.236884,-1.277225,-0.040342,0.040342,0.001627
official_test,Seasonal_Persistence,1460,Latur,2022-11-01,h2,-1.348149,-1.508318,-0.160169,0.160169,0.025654
official_test,Seasonal_Persistence,1460,Latur,2022-11-01,h3,-1.074304,-1.086189,-0.011885,0.011885,0.000141
official_test,Seasonal_Persistence,1461,Latur,2022-12-01,h1,-1.348149,-1.508318,-0.160169,0.160169,0.025654
official_test,Seasonal_Persistence,1461,Latur,2022-12-01,h2,-1.074304,-1.086189,-0.011885,0.011885,0.000141
official_test,Seasonal_Persistence,1461,Latur,2022-12-01,h3,-1.272316,-0.807308,0.465008,0.465008,0.216233
official_test,Seasonal_Persistence,1462,Latur,2023-01-01,h1,-1.074304,-1.086189,-0.011885,0.011885,0.000141
official_test,Seasonal_Persistence,1462,Latur,2023-01-01,h2,-1.272316,-0.807308,0.465008,0.465008,0.216233
official_test,Seasonal_Persistence,1462,Latur,2023-01-01,h3,-1.215608,-1.051906,0.163701,0.163701,0.026798
official_test,Seasonal_Persistence,1463,Latur,2023-02-01,h1,-1.272316,-0.807308,0.465008,0.465008,0.216233
official_test,Seasonal_Persistence,1463,Latur,2023-02-01,h2,-1.215608,-1.051906,0.163701,0.163701,0.026798
official_test,Seasonal_Persistence,1463,Latur,2023-02-01,h3,-0.807146,-1.102535,-0.29539,0.29539,0.087255
official_test,Seasonal_Persistence,1464,Latur,2023-03-01,h1,-1.215608,-1.051906,0.163701,0.163701,0.026798
official_test,Seasonal_Persistence,1464,Latur,2023-03-01,h2,-0.807146,-1.102535,-0.29539,0.29539,0.087255
official_test,Seasonal_Persistence,1464,Latur,2023-03-01,h3,-0.304694,-1.009426,-0.704732,0.704732,0.496647
official_test,Seasonal_Persistence,1465,Latur,2023-04-01,h1,-0.807146,-1.102535,-0.29539,0.29539,0.087255
official_test,Seasonal_Persistence,1465,Latur,2023-04-01,h2,-0.304694,-1.009426,-0.704732,0.704732,0.496647
official_test,Seasonal_Persistence,1465,Latur,2023-04-01,h3,-0.923662,-1.794731,-0.871069,0.871069,0.758761
official_test,Seasonal_Persistence,1466,Latur,2023-05-01,h1,-0.304694,-1.009426,-0.704732,0.704732,0.496647
official_test,Seasonal_Persistence,1466,Latur,2023-05-01,h2,-0.923662,-1.794731,-0.871069,0.871069,0.758761
official_test,Seasonal_Persistence,1466,Latur,2023-05-01,h3,-0.656814,-1.899216,-1.242401,1.242401,1.543561
official_test,Seasonal_Persistence,1467,Latur,2023-06-01,h1,-0.923662,-1.794731,-0.871069,0.871069,0.758761
official_test,Seasonal_Persistence,1467,Latur,2023-06-01,h2,-0.656814,-1.899216,-1.242401,1.242401,1.543561
official_test,Seasonal_Persistence,1467,Latur,2023-06-01,h3,-0.221499,-1.5984,-1.376901,1.376901,1.895857
official_test,Seasonal_Persistence,1468,Latur,2023-07-01,h1,-0.656814,-1.899216,-1.242401,1.242401,1.543561
official_test,Seasonal_Persistence,1468,Latur,2023-07-01,h2,-0.221499,-1.5984,-1.376901,1.376901,1.895857
official_test,Seasonal_Persistence,1468,Latur,2023-07-01,h3,0.399457,-1.468791,-1.868248,1.868248,3.490349
official_test,Seasonal_Persistence,1469,Latur,2023-08-01,h1,-0.221499,-1.5984,-1.376901,1.376901,1.895857
official_test,Seasonal_Persistence,1469,Latur,2023-08-01,h2,0.399457,-1.468791,-1.868248,1.868248,3.490349
official_test,Seasonal_Persistence,1469,Latur,2023-08-01,h3,-0.132963,-1.200625,-1.067662,1.067662,1.139902
official_test,Seasonal_Persistence,1470,Latur,2023-09-01,h1,0.399457,-1.468791,-1.868248,1.868248,3.490349
official_test,Seasonal_Persistence,1470,Latur,2023-09-01,h2,-0.132963,-1.200625,-1.067662,1.067662,1.139902
official_test,Seasonal_Persistence,1470,Latur,2023-09-01,h3,-0.218241,-1.236884,-1.018643,1.018643,1.037633
official_test,Seasonal_Persistence,1471,Latur,2023-10-01,h1,-0.132963,-1.200625,-1.067662,1.067662,1.139902
official_test,Seasonal_Persistence,1471,Latur,2023-10-01,h2,-0.218241,-1.236884,-1.018643,1.018643,1.037633
official_test,Seasonal_Persistence,1471,Latur,2023-10-01,h3,-0.624966,-1.348149,-0.723183,0.723183,0.522994
official_test,Seasonal_Persistence,1472,Latur,2023-11-01,h1,-0.218241,-1.236884,-1.018643,1.018643,1.037633
official_test,Seasonal_Persistence,1472,Latur,2023-11-01,h2,-0.624966,-1.348149,-0.723183,0.723183,0.522994
official_test,Seasonal_Persistence,1472,Latur,2023-11-01,h3,-0.699745,-1.074304,-0.374558,0.374558,0.140294
official_test,Seasonal_Persistence,1473,Latur,2023-12-01,h1,-0.624966,-1.348149,-0.723183,0.723183,0.522994
official_test,Seasonal_Persistence,1473,Latur,2023-12-01,h2,-0.699745,-1.074304,-0.374558,0.374558,0.140294
official_test,Seasonal_Persistence,1473,Latur,2023-12-01,h3,-0.388636,-1.272316,-0.88368,0.88368,0.78089
official_test,Seasonal_Persistence,1474,Latur,2024-01-01,h1,-0.699745,-1.074304,-0.374558,0.374558,0.140294
official_test,Seasonal_Persistence,1474,Latur,2024-01-01,h2,-0.388636,-1.272316,-0.88368,0.88368,0.78089
official_test,Seasonal_Persistence,1474,Latur,2024-01-01,h3,-0.836742,-1.215608,-0.378866,0.378866,0.14354
official_test,Seasonal_Persistence,1475,Latur,2024-02-01,h1,-0.388636,-1.272316,-0.88368,0.88368,0.78089
official_test,Seasonal_Persistence,1475,Latur,2024-02-01,h2,-0.836742,-1.215608,-0.378866,0.378866,0.14354
official_test,Seasonal_Persistence,1475,Latur,2024-02-01,h3,-0.55064,-0.807146,-0.256506,0.256506,0.065795
official_test,Seasonal_Persistence,1476,Latur,2024-03-01,h1,-0.836742,-1.215608,-0.378866,0.378866,0.14354
official_test,Seasonal_Persistence,1476,Latur,2024-03-01,h2,-0.55064,-0.807146,-0.256506,0.256506,0.065795
official_test,Seasonal_Persistence,1476,Latur,2024-03-01,h3,-1.097466,-0.304694,0.792772,0.792772,0.628487
official_test,Seasonal_Persistence,1477,Latur,2024-04-01,h1,-0.55064,-0.807146,-0.256506,0.256506,0.065795
official_test,Seasonal_Persistence,1477,Latur,2024-04-01,h2,-1.097466,-0.304694,0.792772,0.792772,0.628487
official_test,Seasonal_Persistence,1477,Latur,2024-04-01,h3,-1.947929,-0.923662,1.024267,1.024267,1.049123
official_test,Seasonal_Persistence,1478,Latur,2024-05-01,h1,-1.097466,-0.304694,0.792772,0.792772,0.628487
official_test,Seasonal_Persistence,1478,Latur,2024-05-01,h2,-1.947929,-0.923662,1.024267,1.024267,1.049123
official_test,Seasonal_Persistence,1478,Latur,2024-05-01,h3,-1.412266,-0.656814,0.755451,0.755451,0.570707
official_test,Seasonal_Persistence,1479,Latur,2024-06-01,h1,-1.947929,-0.923662,1.024267,1.024267,1.049123
official_test,Seasonal_Persistence,1479,Latur,2024-06-01,h2,-1.412266,-0.656814,0.755451,0.755451,0.570707
official_test,Seasonal_Persistence,1479,Latur,2024-06-01,h3,-1.008846,-0.221499,0.787347,0.787347,0.619915
official_test,Seasonal_Persistence,1480,Latur,2024-07-01,h1,-1.412266,-0.656814,0.755451,0.755451,0.570707
official_test,Seasonal_Persistence,1480,Latur,2024-07-01,h2,-1.008846,-0.221499,0.787347,0.787347,0.619915
official_test,Seasonal_Persistence,1480,Latur,2024-07-01,h3,-1.090186,0.399457,1.489643,1.489643,2.219035
official_test,Seasonal_Persistence,1481,Latur,2024-08-01,h1,-1.008846,-0.221499,0.787347,0.787347,0.619915
official_test,Seasonal_Persistence,1481,Latur,2024-08-01,h2,-1.090186,0.399457,1.489643,1.489643,2.219035
official_test,Seasonal_Persistence,1481,Latur,2024-08-01,h3,-1.100223,-0.132963,0.967259,0.967259,0.935591
official_test,Seasonal_Persistence,1482,Latur,2024-09-01,h1,-1.090186,0.399457,1.489643,1.489643,2.219035
official_test,Seasonal_Persistence,1482,Latur,2024-09-01,h2,-1.100223,-0.132963,0.967259,0.967259,0.935591
official_test,Seasonal_Persistence,1482,Latur,2024-09-01,h3,-1.078854,-0.218241,0.860613,0.860613,0.740656
official_test,Seasonal_Persistence,1685,Nanded,2021-01-01,h1,-0.243768,-0.702299,-0.458531,0.458531,0.210251
official_test,Seasonal_Persistence,1685,Nanded,2021-01-01,h2,-0.30948,-0.789177,-0.479697,0.479697,0.230109
official_test,Seasonal_Persistence,1685,Nanded,2021-01-01,h3,-0.532606,-0.395796,0.13681,0.13681,0.018717
official_test,Seasonal_Persistence,1686,Nanded,2021-02-01,h1,-0.30948,-0.789177,-0.479697,0.479697,0.230109
official_test,Seasonal_Persistence,1686,Nanded,2021-02-01,h2,-0.532606,-0.395796,0.13681,0.13681,0.018717
official_test,Seasonal_Persistence,1686,Nanded,2021-02-01,h3,-0.669454,-0.517399,0.152054,0.152054,0.023121
official_test,Seasonal_Persistence,1687,Nanded,2021-03-01,h1,-0.532606,-0.395796,0.13681,0.13681,0.018717
official_test,Seasonal_Persistence,1687,Nanded,2021-03-01,h2,-0.669454,-0.517399,0.152054,0.152054,0.023121
official_test,Seasonal_Persistence,1687,Nanded,2021-03-01,h3,-1.442475,-0.728391,0.714083,0.714083,0.509915
official_test,Seasonal_Persistence,1688,Nanded,2021-04-01,h1,-0.669454,-0.517399,0.152054,0.152054,0.023121
official_test,Seasonal_Persistence,1688,Nanded,2021-04-01,h2,-1.442475,-0.728391,0.714083,0.714083,0.509915
official_test,Seasonal_Persistence,1688,Nanded,2021-04-01,h3,-0.676418,-1.175448,-0.49903,0.49903,0.249031
official_test,Seasonal_Persistence,1689,Nanded,2021-05-01,h1,-1.442475,-0.728391,0.714083,0.714083,0.509915
official_test,Seasonal_Persistence,1689,Nanded,2021-05-01,h2,-0.676418,-1.175448,-0.49903,0.49903,0.249031
official_test,Seasonal_Persistence,1689,Nanded,2021-05-01,h3,-1.055703,-1.006988,0.048715,0.048715,0.002373
official_test,Seasonal_Persistence,1690,Nanded,2021-06-01,h1,-0.676418,-1.175448,-0.49903,0.49903,0.249031
official_test,Seasonal_Persistence,1690,Nanded,2021-06-01,h2,-1.055703,-1.006988,0.048715,0.048715,0.002373
official_test,Seasonal_Persistence,1690,Nanded,2021-06-01,h3,-0.818098,-0.748807,0.06929,0.06929,0.004801
official_test,Seasonal_Persistence,1691,Nanded,2021-07-01,h1,-1.055703,-1.006988,0.048715,0.048715,0.002373
official_test,Seasonal_Persistence,1691,Nanded,2021-07-01,h2,-0.818098,-0.748807,0.06929,0.06929,0.004801
official_test,Seasonal_Persistence,1691,Nanded,2021-07-01,h3,-1.255908,-1.297493,-0.041584,0.041584,0.001729
official_test,Seasonal_Persistence,1692,Nanded,2021-08-01,h1,-0.818098,-0.748807,0.06929,0.06929,0.004801
official_test,Seasonal_Persistence,1692,Nanded,2021-08-01,h2,-1.255908,-1.297493,-0.041584,0.041584,0.001729
official_test,Seasonal_Persistence,1692,Nanded,2021-08-01,h3,-1.224085,-1.367869,-0.143785,0.143785,0.020674
official_test,Seasonal_Persistence,1693,Nanded,2021-09-01,h1,-1.255908,-1.297493,-0.041584,0.041584,0.001729
official_test,Seasonal_Persistence,1693,Nanded,2021-09-01,h2,-1.224085,-1.367869,-0.143785,0.143785,0.020674
official_test,Seasonal_Persistence,1693,Nanded,2021-09-01,h3,-1.010821,-1.234806,-0.223985,0.223985,0.050169
official_test,Seasonal_Persistence,1694,Nanded,2021-10-01,h1,-1.224085,-1.367869,-0.143785,0.143785,0.020674
official_test,Seasonal_Persistence,1694,Nanded,2021-10-01,h2,-1.010821,-1.234806,-0.223985,0.223985,0.050169
official_test,Seasonal_Persistence,1694,Nanded,2021-10-01,h3,-0.999292,-0.268892,0.7304,0.7304,0.533484
official_test,Seasonal_Persistence,1695,Nanded,2021-11-01,h1,-1.010821,-1.234806,-0.223985,0.223985,0.050169
official_test,Seasonal_Persistence,1695,Nanded,2021-11-01,h2,-0.999292,-0.268892,0.7304,0.7304,0.533484
official_test,Seasonal_Persistence,1695,Nanded,2021-11-01,h3,-0.736928,-0.243768,0.49316,0.49316,0.243207
official_test,Seasonal_Persistence,1696,Nanded,2021-12-01,h1,-0.999292,-0.268892,0.7304,0.7304,0.533484
official_test,Seasonal_Persistence,1696,Nanded,2021-12-01,h2,-0.736928,-0.243768,0.49316,0.49316,0.243207
official_test,Seasonal_Persistence,1696,Nanded,2021-12-01,h3,-0.316169,-0.30948,0.006688,0.006688,4.5e-05
official_test,Seasonal_Persistence,1697,Nanded,2022-01-01,h1,-0.736928,-0.243768,0.49316,0.49316,0.243207
official_test,Seasonal_Persistence,1697,Nanded,2022-01-01,h2,-0.316169,-0.30948,0.006688,0.006688,4.5e-05
official_test,Seasonal_Persistence,1697,Nanded,2022-01-01,h3,-0.294063,-0.532606,-0.238543,0.238543,0.056903
official_test,Seasonal_Persistence,1698,Nanded,2022-02-01,h1,-0.316169,-0.30948,0.006688,0.006688,4.5e-05
official_test,Seasonal_Persistence,1698,Nanded,2022-02-01,h2,-0.294063,-0.532606,-0.238543,0.238543,0.056903
official_test,Seasonal_Persistence,1698,Nanded,2022-02-01,h3,-0.547762,-0.669454,-0.121691,0.121691,0.014809
official_test,Seasonal_Persistence,1699,Nanded,2022-03-01,h1,-0.294063,-0.532606,-0.238543,0.238543,0.056903
official_test,Seasonal_Persistence,1699,Nanded,2022-03-01,h2,-0.547762,-0.669454,-0.121691,0.121691,0.014809
official_test,Seasonal_Persistence,1699,Nanded,2022-03-01,h3,-0.546943,-1.442475,-0.895532,0.895532,0.801977
official_test,Seasonal_Persistence,1700,Nanded,2022-04-01,h1,-0.547762,-0.669454,-0.121691,0.121691,0.014809
official_test,Seasonal_Persistence,1700,Nanded,2022-04-01,h2,-0.546943,-1.442475,-0.895532,0.895532,0.801977
official_test,Seasonal_Persistence,1700,Nanded,2022-04-01,h3,-1.984708,-0.676418,1.308289,1.308289,1.711621
official_test,Seasonal_Persistence,1701,Nanded,2022-05-01,h1,-0.546943,-1.442475,-0.895532,0.895532,0.801977
official_test,Seasonal_Persistence,1701,Nanded,2022-05-01,h2,-1.984708,-0.676418,1.308289,1.308289,1.711621
official_test,Seasonal_Persistence,1701,Nanded,2022-05-01,h3,-1.658001,-1.055703,0.602298,0.602298,0.362763
official_test,Seasonal_Persistence,1702,Nanded,2022-06-01,h1,-1.984708,-0.676418,1.308289,1.308289,1.711621
official_test,Seasonal_Persistence,1702,Nanded,2022-06-01,h2,-1.658001,-1.055703,0.602298,0.602298,0.362763
official_test,Seasonal_Persistence,1702,Nanded,2022-06-01,h3,-1.797948,-0.818098,0.97985,0.97985,0.960106
official_test,Seasonal_Persistence,1703,Nanded,2022-07-01,h1,-1.658001,-1.055703,0.602298,0.602298,0.362763
official_test,Seasonal_Persistence,1703,Nanded,2022-07-01,h2,-1.797948,-0.818098,0.97985,0.97985,0.960106
official_test,Seasonal_Persistence,1703,Nanded,2022-07-01,h3,-1.814412,-1.255908,0.558504,0.558504,0.311927
official_test,Seasonal_Persistence,1704,Nanded,2022-08-01,h1,-1.797948,-0.818098,0.97985,0.97985,0.960106
official_test,Seasonal_Persistence,1704,Nanded,2022-08-01,h2,-1.814412,-1.255908,0.558504,0.558504,0.311927
official_test,Seasonal_Persistence,1704,Nanded,2022-08-01,h3,-1.442533,-1.224085,0.218448,0.218448,0.04772
official_test,Seasonal_Persistence,1705,Nanded,2022-09-01,h1,-1.814412,-1.255908,0.558504,0.558504,0.311927
official_test,Seasonal_Persistence,1705,Nanded,2022-09-01,h2,-1.442533,-1.224085,0.218448,0.218448,0.04772
official_test,Seasonal_Persistence,1705,Nanded,2022-09-01,h3,-1.296071,-1.010821,0.28525,0.28525,0.081368
official_test,Seasonal_Persistence,1706,Nanded,2022-10-01,h1,-1.442533,-1.224085,0.218448,0.218448,0.04772
official_test,Seasonal_Persistence,1706,Nanded,2022-10-01,h2,-1.296071,-1.010821,0.28525,0.28525,0.081368
official_test,Seasonal_Persistence,1706,Nanded,2022-10-01,h3,-1.007008,-0.999292,0.007717,0.007717,6e-05
official_test,Seasonal_Persistence,1707,Nanded,2022-11-01,h1,-1.296071,-1.010821,0.28525,0.28525,0.081368
official_test,Seasonal_Persistence,1707,Nanded,2022-11-01,h2,-1.007008,-0.999292,0.007717,0.007717,6e-05
official_test,Seasonal_Persistence,1707,Nanded,2022-11-01,h3,-0.686082,-0.736928,-0.050847,0.050847,0.002585
official_test,Seasonal_Persistence,1708,Nanded,2022-12-01,h1,-1.007008,-0.999292,0.007717,0.007717,6e-05
official_test,Seasonal_Persistence,1708,Nanded,2022-12-01,h2,-0.686082,-0.736928,-0.050847,0.050847,0.002585
official_test,Seasonal_Persistence,1708,Nanded,2022-12-01,h3,-0.860004,-0.316169,0.543835,0.543835,0.295756
official_test,Seasonal_Persistence,1709,Nanded,2023-01-01,h1,-0.686082,-0.736928,-0.050847,0.050847,0.002585
official_test,Seasonal_Persistence,1709,Nanded,2023-01-01,h2,-0.860004,-0.316169,0.543835,0.543835,0.295756
official_test,Seasonal_Persistence,1709,Nanded,2023-01-01,h3,-1.224165,-0.294063,0.930102,0.930102,0.86509
official_test,Seasonal_Persistence,1710,Nanded,2023-02-01,h1,-0.860004,-0.316169,0.543835,0.543835,0.295756
official_test,Seasonal_Persistence,1710,Nanded,2023-02-01,h2,-1.224165,-0.294063,0.930102,0.930102,0.86509
official_test,Seasonal_Persistence,1710,Nanded,2023-02-01,h3,-0.991943,-0.547762,0.44418,0.44418,0.197296
official_test,Seasonal_Persistence,1711,Nanded,2023-03-01,h1,-1.224165,-0.294063,0.930102,0.930102,0.86509
official_test,Seasonal_Persistence,1711,Nanded,2023-03-01,h2,-0.991943,-0.547762,0.44418,0.44418,0.197296
official_test,Seasonal_Persistence,1711,Nanded,2023-03-01,h3,-0.075345,-0.546943,-0.471597,0.471597,0.222404
official_test,Seasonal_Persistence,1712,Nanded,2023-04-01,h1,-0.991943,-0.547762,0.44418,0.44418,0.197296
official_test,Seasonal_Persistence,1712,Nanded,2023-04-01,h2,-0.075345,-0.546943,-0.471597,0.471597,0.222404
official_test,Seasonal_Persistence,1712,Nanded,2023-04-01,h3,-0.461445,-1.984708,-1.523263,1.523263,2.32033
official_test,Seasonal_Persistence,1713,Nanded,2023-05-01,h1,-0.075345,-0.546943,-0.471597,0.471597,0.222404
official_test,Seasonal_Persistence,1713,Nanded,2023-05-01,h2,-0.461445,-1.984708,-1.523263,1.523263,2.32033
official_test,Seasonal_Persistence,1713,Nanded,2023-05-01,h3,-0.545395,-1.658001,-1.112606,1.112606,1.237892
official_test,Seasonal_Persistence,1714,Nanded,2023-06-01,h1,-0.461445,-1.984708,-1.523263,1.523263,2.32033
official_test,Seasonal_Persistence,1714,Nanded,2023-06-01,h2,-0.545395,-1.658001,-1.112606,1.112606,1.237892
official_test,Seasonal_Persistence,1714,Nanded,2023-06-01,h3,-1.168921,-1.797948,-0.629027,0.629027,0.395675
official_test,Seasonal_Persistence,1715,Nanded,2023-07-01,h1,-0.545395,-1.658001,-1.112606,1.112606,1.237892
official_test,Seasonal_Persistence,1715,Nanded,2023-07-01,h2,-1.168921,-1.797948,-0.629027,0.629027,0.395675
official_test,Seasonal_Persistence,1715,Nanded,2023-07-01,h3,-0.325495,-1.814412,-1.488917,1.488917,2.216874
official_test,Seasonal_Persistence,1716,Nanded,2023-08-01,h1,-1.168921,-1.797948,-0.629027,0.629027,0.395675
official_test,Seasonal_Persistence,1716,Nanded,2023-08-01,h2,-0.325495,-1.814412,-1.488917,1.488917,2.216874
official_test,Seasonal_Persistence,1716,Nanded,2023-08-01,h3,-0.827834,-1.442533,-0.614698,0.614698,0.377854
official_test,Seasonal_Persistence,1717,Nanded,2023-09-01,h1,-0.325495,-1.814412,-1.488917,1.488917,2.216874
official_test,Seasonal_Persistence,1717,Nanded,2023-09-01,h2,-0.827834,-1.442533,-0.614698,0.614698,0.377854
official_test,Seasonal_Persistence,1717,Nanded,2023-09-01,h3,-1.117531,-1.296071,-0.178541,0.178541,0.031877
official_test,Seasonal_Persistence,1718,Nanded,2023-10-01,h1,-0.827834,-1.442533,-0.614698,0.614698,0.377854
official_test,Seasonal_Persistence,1718,Nanded,2023-10-01,h2,-1.117531,-1.296071,-0.178541,0.178541,0.031877
official_test,Seasonal_Persistence,1718,Nanded,2023-10-01,h3,-1.193442,-1.007008,0.186434,0.186434,0.034758
official_test,Seasonal_Persistence,1719,Nanded,2023-11-01,h1,-1.117531,-1.296071,-0.178541,0.178541,0.031877
official_test,Seasonal_Persistence,1719,Nanded,2023-11-01,h2,-1.193442,-1.007008,0.186434,0.186434,0.034758
official_test,Seasonal_Persistence,1719,Nanded,2023-11-01,h3,-1.061826,-0.686082,0.375745,0.375745,0.141184
official_test,Seasonal_Persistence,1720,Nanded,2023-12-01,h1,-1.193442,-1.007008,0.186434,0.186434,0.034758
official_test,Seasonal_Persistence,1720,Nanded,2023-12-01,h2,-1.061826,-0.686082,0.375745,0.375745,0.141184
official_test,Seasonal_Persistence,1720,Nanded,2023-12-01,h3,-0.672207,-0.860004,-0.187797,0.187797,0.035268
official_test,Seasonal_Persistence,1721,Nanded,2024-01-01,h1,-1.061826,-0.686082,0.375745,0.375745,0.141184
official_test,Seasonal_Persistence,1721,Nanded,2024-01-01,h2,-0.672207,-0.860004,-0.187797,0.187797,0.035268
official_test,Seasonal_Persistence,1721,Nanded,2024-01-01,h3,-0.771966,-1.224165,-0.452199,0.452199,0.204484
official_test,Seasonal_Persistence,1722,Nanded,2024-02-01,h1,-0.672207,-0.860004,-0.187797,0.187797,0.035268
official_test,Seasonal_Persistence,1722,Nanded,2024-02-01,h2,-0.771966,-1.224165,-0.452199,0.452199,0.204484
official_test,Seasonal_Persistence,1722,Nanded,2024-02-01,h3,-0.881096,-0.991943,-0.110847,0.110847,0.012287
official_test,Seasonal_Persistence,1723,Nanded,2024-03-01,h1,-0.771966,-1.224165,-0.452199,0.452199,0.204484
official_test,Seasonal_Persistence,1723,Nanded,2024-03-01,h2,-0.881096,-0.991943,-0.110847,0.110847,0.012287
official_test,Seasonal_Persistence,1723,Nanded,2024-03-01,h3,-0.832193,-0.075345,0.756847,0.756847,0.572818
official_test,Seasonal_Persistence,1724,Nanded,2024-04-01,h1,-0.881096,-0.991943,-0.110847,0.110847,0.012287
official_test,Seasonal_Persistence,1724,Nanded,2024-04-01,h2,-0.832193,-0.075345,0.756847,0.756847,0.572818
official_test,Seasonal_Persistence,1724,Nanded,2024-04-01,h3,-1.395622,-0.461445,0.934178,0.934178,0.872688
official_test,Seasonal_Persistence,1725,Nanded,2024-05-01,h1,-0.832193,-0.075345,0.756847,0.756847,0.572818
official_test,Seasonal_Persistence,1725,Nanded,2024-05-01,h2,-1.395622,-0.461445,0.934178,0.934178,0.872688
official_test,Seasonal_Persistence,1725,Nanded,2024-05-01,h3,-1.107504,-0.545395,0.562108,0.562108,0.315966
official_test,Seasonal_Persistence,1726,Nanded,2024-06-01,h1,-1.395622,-0.461445,0.934178,0.934178,0.872688
official_test,Seasonal_Persistence,1726,Nanded,2024-06-01,h2,-1.107504,-0.545395,0.562108,0.562108,0.315966
official_test,Seasonal_Persistence,1726,Nanded,2024-06-01,h3,-1.075043,-1.168921,-0.093878,0.093878,0.008813
official_test,Seasonal_Persistence,1727,Nanded,2024-07-01,h1,-1.107504,-0.545395,0.562108,0.562108,0.315966
official_test,Seasonal_Persistence,1727,Nanded,2024-07-01,h2,-1.075043,-1.168921,-0.093878,0.093878,0.008813
official_test,Seasonal_Persistence,1727,Nanded,2024-07-01,h3,-1.098037,-0.325495,0.772542,0.772542,0.596821
official_test,Seasonal_Persistence,1728,Nanded,2024-08-01,h1,-1.075043,-1.168921,-0.093878,0.093878,0.008813
official_test,Seasonal_Persistence,1728,Nanded,2024-08-01,h2,-1.098037,-0.325495,0.772542,0.772542,0.596821
official_test,Seasonal_Persistence,1728,Nanded,2024-08-01,h3,-1.059154,-0.827834,0.23132,0.23132,0.053509
official_test,Seasonal_Persistence,1729,Nanded,2024-09-01,h1,-1.098037,-0.325495,0.772542,0.772542,0.596821
official_test,Seasonal_Persistence,1729,Nanded,2024-09-01,h2,-1.059154,-0.827834,0.23132,0.23132,0.053509
official_test,Seasonal_Persistence,1729,Nanded,2024-09-01,h3,-1.103211,-1.117531,-0.014319,0.014319,0.000205
official_test,Seasonal_Persistence,1932,Parbhani,2021-01-01,h1,-0.823652,-1.362506,-0.538854,0.538854,0.290364
official_test,Seasonal_Persistence,1932,Parbhani,2021-01-01,h2,-0.773763,-1.375719,-0.601957,0.601957,0.362352
official_test,Seasonal_Persistence,1932,Parbhani,2021-01-01,h3,-0.891927,-0.845423,0.046504,0.046504,0.002163
official_test,Seasonal_Persistence,1933,Parbhani,2021-02-01,h1,-0.773763,-1.375719,-0.601957,0.601957,0.362352
official_test,Seasonal_Persistence,1933,Parbhani,2021-02-01,h2,-0.891927,-0.845423,0.046504,0.046504,0.002163
official_test,Seasonal_Persistence,1933,Parbhani,2021-02-01,h3,-0.967354,-0.495507,0.471847,0.471847,0.22264
official_test,Seasonal_Persistence,1934,Parbhani,2021-03-01,h1,-0.891927,-0.845423,0.046504,0.046504,0.002163
official_test,Seasonal_Persistence,1934,Parbhani,2021-03-01,h2,-0.967354,-0.495507,0.471847,0.471847,0.22264
official_test,Seasonal_Persistence,1934,Parbhani,2021-03-01,h3,-1.544187,-0.803546,0.740641,0.740641,0.548549
official_test,Seasonal_Persistence,1935,Parbhani,2021-04-01,h1,-0.967354,-0.495507,0.471847,0.471847,0.22264
official_test,Seasonal_Persistence,1935,Parbhani,2021-04-01,h2,-1.544187,-0.803546,0.740641,0.740641,0.548549
official_test,Seasonal_Persistence,1935,Parbhani,2021-04-01,h3,-0.880017,-1.57465,-0.694633,0.694633,0.482515
official_test,Seasonal_Persistence,1936,Parbhani,2021-05-01,h1,-1.544187,-0.803546,0.740641,0.740641,0.548549
official_test,Seasonal_Persistence,1936,Parbhani,2021-05-01,h2,-0.880017,-1.57465,-0.694633,0.694633,0.482515
official_test,Seasonal_Persistence,1936,Parbhani,2021-05-01,h3,-1.049633,-1.274196,-0.224563,0.224563,0.050429
official_test,Seasonal_Persistence,1937,Parbhani,2021-06-01,h1,-0.880017,-1.57465,-0.694633,0.694633,0.482515
official_test,Seasonal_Persistence,1937,Parbhani,2021-06-01,h2,-1.049633,-1.274196,-0.224563,0.224563,0.050429
official_test,Seasonal_Persistence,1937,Parbhani,2021-06-01,h3,-1.208647,-0.835875,0.372772,0.372772,0.138959
official_test,Seasonal_Persistence,1938,Parbhani,2021-07-01,h1,-1.049633,-1.274196,-0.224563,0.224563,0.050429
official_test,Seasonal_Persistence,1938,Parbhani,2021-07-01,h2,-1.208647,-0.835875,0.372772,0.372772,0.138959
official_test,Seasonal_Persistence,1938,Parbhani,2021-07-01,h3,-1.370457,-1.432207,-0.06175,0.06175,0.003813
official_test,Seasonal_Persistence,1939,Parbhani,2021-08-01,h1,-1.208647,-0.835875,0.372772,0.372772,0.138959
official_test,Seasonal_Persistence,1939,Parbhani,2021-08-01,h2,-1.370457,-1.432207,-0.06175,0.06175,0.003813
official_test,Seasonal_Persistence,1939,Parbhani,2021-08-01,h3,-1.19618,-1.399495,-0.203314,0.203314,0.041337
official_test,Seasonal_Persistence,1940,Parbhani,2021-09-01,h1,-1.370457,-1.432207,-0.06175,0.06175,0.003813
official_test,Seasonal_Persistence,1940,Parbhani,2021-09-01,h2,-1.19618,-1.399495,-0.203314,0.203314,0.041337
official_test,Seasonal_Persistence,1940,Parbhani,2021-09-01,h3,-0.956805,-1.29301,-0.336205,0.336205,0.113034
official_test,Seasonal_Persistence,1941,Parbhani,2021-10-01,h1,-1.19618,-1.399495,-0.203314,0.203314,0.041337
official_test,Seasonal_Persistence,1941,Parbhani,2021-10-01,h2,-0.956805,-1.29301,-0.336205,0.336205,0.113034
official_test,Seasonal_Persistence,1941,Parbhani,2021-10-01,h3,-1.478693,-0.538732,0.939961,0.939961,0.883527
official_test,Seasonal_Persistence,1942,Parbhani,2021-11-01,h1,-0.956805,-1.29301,-0.336205,0.336205,0.113034
official_test,Seasonal_Persistence,1942,Parbhani,2021-11-01,h2,-1.478693,-0.538732,0.939961,0.939961,0.883527
official_test,Seasonal_Persistence,1942,Parbhani,2021-11-01,h3,-1.345712,-0.823652,0.52206,0.52206,0.272546
official_test,Seasonal_Persistence,1943,Parbhani,2021-12-01,h1,-1.478693,-0.538732,0.939961,0.939961,0.883527
official_test,Seasonal_Persistence,1943,Parbhani,2021-12-01,h2,-1.345712,-0.823652,0.52206,0.52206,0.272546
official_test,Seasonal_Persistence,1943,Parbhani,2021-12-01,h3,-0.937379,-0.773763,0.163617,0.163617,0.02677
official_test,Seasonal_Persistence,1944,Parbhani,2022-01-01,h1,-1.345712,-0.823652,0.52206,0.52206,0.272546
official_test,Seasonal_Persistence,1944,Parbhani,2022-01-01,h2,-0.937379,-0.773763,0.163617,0.163617,0.02677
official_test,Seasonal_Persistence,1944,Parbhani,2022-01-01,h3,-0.927963,-0.891927,0.036037,0.036037,0.001299
official_test,Seasonal_Persistence,1945,Parbhani,2022-02-01,h1,-0.937379,-0.773763,0.163617,0.163617,0.02677
official_test,Seasonal_Persistence,1945,Parbhani,2022-02-01,h2,-0.927963,-0.891927,0.036037,0.036037,0.001299
official_test,Seasonal_Persistence,1945,Parbhani,2022-02-01,h3,-0.966004,-0.967354,-0.00135,0.00135,2e-06
official_test,Seasonal_Persistence,1946,Parbhani,2022-03-01,h1,-0.927963,-0.891927,0.036037,0.036037,0.001299
official_test,Seasonal_Persistence,1946,Parbhani,2022-03-01,h2,-0.966004,-0.967354,-0.00135,0.00135,2e-06
official_test,Seasonal_Persistence,1946,Parbhani,2022-03-01,h3,-0.856223,-1.544187,-0.687965,0.687965,0.473295
official_test,Seasonal_Persistence,1947,Parbhani,2022-04-01,h1,-0.966004,-0.967354,-0.00135,0.00135,2e-06
official_test,Seasonal_Persistence,1947,Parbhani,2022-04-01,h2,-0.856223,-1.544187,-0.687965,0.687965,0.473295
official_test,Seasonal_Persistence,1947,Parbhani,2022-04-01,h3,-2.42137,-0.880017,1.541353,1.541353,2.375768
official_test,Seasonal_Persistence,1948,Parbhani,2022-05-01,h1,-0.856223,-1.544187,-0.687965,0.687965,0.473295
official_test,Seasonal_Persistence,1948,Parbhani,2022-05-01,h2,-2.42137,-0.880017,1.541353,1.541353,2.375768
official_test,Seasonal_Persistence,1948,Parbhani,2022-05-01,h3,-2.195737,-1.049633,1.146104,1.146104,1.313554
official_test,Seasonal_Persistence,1949,Parbhani,2022-06-01,h1,-2.42137,-0.880017,1.541353,1.541353,2.375768
official_test,Seasonal_Persistence,1949,Parbhani,2022-06-01,h2,-2.195737,-1.049633,1.146104,1.146104,1.313554
official_test,Seasonal_Persistence,1949,Parbhani,2022-06-01,h3,-1.604258,-1.208647,0.395611,0.395611,0.156508
official_test,Seasonal_Persistence,1950,Parbhani,2022-07-01,h1,-2.195737,-1.049633,1.146104,1.146104,1.313554
official_test,Seasonal_Persistence,1950,Parbhani,2022-07-01,h2,-1.604258,-1.208647,0.395611,0.395611,0.156508
official_test,Seasonal_Persistence,1950,Parbhani,2022-07-01,h3,-1.397967,-1.370457,0.02751,0.02751,0.000757
official_test,Seasonal_Persistence,1951,Parbhani,2022-08-01,h1,-1.604258,-1.208647,0.395611,0.395611,0.156508
official_test,Seasonal_Persistence,1951,Parbhani,2022-08-01,h2,-1.397967,-1.370457,0.02751,0.02751,0.000757
official_test,Seasonal_Persistence,1951,Parbhani,2022-08-01,h3,-1.103062,-1.19618,-0.093119,0.093119,0.008671
official_test,Seasonal_Persistence,1952,Parbhani,2022-09-01,h1,-1.397967,-1.370457,0.02751,0.02751,0.000757
official_test,Seasonal_Persistence,1952,Parbhani,2022-09-01,h2,-1.103062,-1.19618,-0.093119,0.093119,0.008671
official_test,Seasonal_Persistence,1952,Parbhani,2022-09-01,h3,-1.124712,-0.956805,0.167907,0.167907,0.028193
official_test,Seasonal_Persistence,1953,Parbhani,2022-10-01,h1,-1.103062,-1.19618,-0.093119,0.093119,0.008671
official_test,Seasonal_Persistence,1953,Parbhani,2022-10-01,h2,-1.124712,-0.956805,0.167907,0.167907,0.028193
official_test,Seasonal_Persistence,1953,Parbhani,2022-10-01,h3,-1.451603,-1.478693,-0.02709,0.02709,0.000734
official_test,Seasonal_Persistence,1954,Parbhani,2022-11-01,h1,-1.124712,-0.956805,0.167907,0.167907,0.028193
official_test,Seasonal_Persistence,1954,Parbhani,2022-11-01,h2,-1.451603,-1.478693,-0.02709,0.02709,0.000734
official_test,Seasonal_Persistence,1954,Parbhani,2022-11-01,h3,-1.367015,-1.345712,0.021303,0.021303,0.000454
official_test,Seasonal_Persistence,1955,Parbhani,2022-12-01,h1,-1.451603,-1.478693,-0.02709,0.02709,0.000734
official_test,Seasonal_Persistence,1955,Parbhani,2022-12-01,h2,-1.367015,-1.345712,0.021303,0.021303,0.000454
official_test,Seasonal_Persistence,1955,Parbhani,2022-12-01,h3,-1.581225,-0.937379,0.643846,0.643846,0.414537
official_test,Seasonal_Persistence,1956,Parbhani,2023-01-01,h1,-1.367015,-1.345712,0.021303,0.021303,0.000454
official_test,Seasonal_Persistence,1956,Parbhani,2023-01-01,h2,-1.581225,-0.937379,0.643846,0.643846,0.414537
official_test,Seasonal_Persistence,1956,Parbhani,2023-01-01,h3,-1.781829,-0.927963,0.853865,0.853865,0.729086
official_test,Seasonal_Persistence,1957,Parbhani,2023-02-01,h1,-1.581225,-0.937379,0.643846,0.643846,0.414537
official_test,Seasonal_Persistence,1957,Parbhani,2023-02-01,h2,-1.781829,-0.927963,0.853865,0.853865,0.729086
official_test,Seasonal_Persistence,1957,Parbhani,2023-02-01,h3,-1.219545,-0.966004,0.253541,0.253541,0.064283
official_test,Seasonal_Persistence,1958,Parbhani,2023-03-01,h1,-1.781829,-0.927963,0.853865,0.853865,0.729086
official_test,Seasonal_Persistence,1958,Parbhani,2023-03-01,h2,-1.219545,-0.966004,0.253541,0.253541,0.064283
official_test,Seasonal_Persistence,1958,Parbhani,2023-03-01,h3,-0.427768,-0.856223,-0.428455,0.428455,0.183573
official_test,Seasonal_Persistence,1959,Parbhani,2023-04-01,h1,-1.219545,-0.966004,0.253541,0.253541,0.064283
official_test,Seasonal_Persistence,1959,Parbhani,2023-04-01,h2,-0.427768,-0.856223,-0.428455,0.428455,0.183573
official_test,Seasonal_Persistence,1959,Parbhani,2023-04-01,h3,-1.789542,-2.42137,-0.631828,0.631828,0.399206
official_test,Seasonal_Persistence,1960,Parbhani,2023-05-01,h1,-0.427768,-0.856223,-0.428455,0.428455,0.183573
official_test,Seasonal_Persistence,1960,Parbhani,2023-05-01,h2,-1.789542,-2.42137,-0.631828,0.631828,0.399206
official_test,Seasonal_Persistence,1960,Parbhani,2023-05-01,h3,-0.799252,-2.195737,-1.396485,1.396485,1.950169
official_test,Seasonal_Persistence,1961,Parbhani,2023-06-01,h1,-1.789542,-2.42137,-0.631828,0.631828,0.399206
official_test,Seasonal_Persistence,1961,Parbhani,2023-06-01,h2,-0.799252,-2.195737,-1.396485,1.396485,1.950169
official_test,Seasonal_Persistence,1961,Parbhani,2023-06-01,h3,-0.750914,-1.604258,-0.853344,0.853344,0.728195
official_test,Seasonal_Persistence,1962,Parbhani,2023-07-01,h1,-0.799252,-2.195737,-1.396485,1.396485,1.950169
official_test,Seasonal_Persistence,1962,Parbhani,2023-07-01,h2,-0.750914,-1.604258,-0.853344,0.853344,0.728195
official_test,Seasonal_Persistence,1962,Parbhani,2023-07-01,h3,-0.088494,-1.397967,-1.309472,1.309472,1.714718
official_test,Seasonal_Persistence,1963,Parbhani,2023-08-01,h1,-0.750914,-1.604258,-0.853344,0.853344,0.728195
official_test,Seasonal_Persistence,1963,Parbhani,2023-08-01,h2,-0.088494,-1.397967,-1.309472,1.309472,1.714718
official_test,Seasonal_Persistence,1963,Parbhani,2023-08-01,h3,-0.334244,-1.103062,-0.768818,0.768818,0.591081
official_test,Seasonal_Persistence,1964,Parbhani,2023-09-01,h1,-0.088494,-1.397967,-1.309472,1.309472,1.714718
official_test,Seasonal_Persistence,1964,Parbhani,2023-09-01,h2,-0.334244,-1.103062,-0.768818,0.768818,0.591081
official_test,Seasonal_Persistence,1964,Parbhani,2023-09-01,h3,-0.650745,-1.124712,-0.473967,0.473967,0.224645
official_test,Seasonal_Persistence,1965,Parbhani,2023-10-01,h1,-0.334244,-1.103062,-0.768818,0.768818,0.591081
official_test,Seasonal_Persistence,1965,Parbhani,2023-10-01,h2,-0.650745,-1.124712,-0.473967,0.473967,0.224645
official_test,Seasonal_Persistence,1965,Parbhani,2023-10-01,h3,-1.421044,-1.451603,-0.030559,0.030559,0.000934
official_test,Seasonal_Persistence,1966,Parbhani,2023-11-01,h1,-0.650745,-1.124712,-0.473967,0.473967,0.224645
official_test,Seasonal_Persistence,1966,Parbhani,2023-11-01,h2,-1.421044,-1.451603,-0.030559,0.030559,0.000934
official_test,Seasonal_Persistence,1966,Parbhani,2023-11-01,h3,-1.148436,-1.367015,-0.218579,0.218579,0.047777
official_test,Seasonal_Persistence,1967,Parbhani,2023-12-01,h1,-1.421044,-1.451603,-0.030559,0.030559,0.000934
official_test,Seasonal_Persistence,1967,Parbhani,2023-12-01,h2,-1.148436,-1.367015,-0.218579,0.218579,0.047777
official_test,Seasonal_Persistence,1967,Parbhani,2023-12-01,h3,-0.854776,-1.581225,-0.726449,0.726449,0.527729
official_test,Seasonal_Persistence,1968,Parbhani,2024-01-01,h1,-1.148436,-1.367015,-0.218579,0.218579,0.047777
official_test,Seasonal_Persistence,1968,Parbhani,2024-01-01,h2,-0.854776,-1.581225,-0.726449,0.726449,0.527729
official_test,Seasonal_Persistence,1968,Parbhani,2024-01-01,h3,-0.956638,-1.781829,-0.825191,0.825191,0.68094
official_test,Seasonal_Persistence,1969,Parbhani,2024-02-01,h1,-0.854776,-1.581225,-0.726449,0.726449,0.527729
official_test,Seasonal_Persistence,1969,Parbhani,2024-02-01,h2,-0.956638,-1.781829,-0.825191,0.825191,0.68094
official_test,Seasonal_Persistence,1969,Parbhani,2024-02-01,h3,-0.722429,-1.219545,-0.497116,0.497116,0.247124
official_test,Seasonal_Persistence,1970,Parbhani,2024-03-01,h1,-0.956638,-1.781829,-0.825191,0.825191,0.68094
official_test,Seasonal_Persistence,1970,Parbhani,2024-03-01,h2,-0.722429,-1.219545,-0.497116,0.497116,0.247124
official_test,Seasonal_Persistence,1970,Parbhani,2024-03-01,h3,-1.080126,-0.427768,0.652357,0.652357,0.42557
official_test,Seasonal_Persistence,1971,Parbhani,2024-04-01,h1,-0.722429,-1.219545,-0.497116,0.497116,0.247124
official_test,Seasonal_Persistence,1971,Parbhani,2024-04-01,h2,-1.080126,-0.427768,0.652357,0.652357,0.42557
official_test,Seasonal_Persistence,1971,Parbhani,2024-04-01,h3,-1.879651,-1.789542,0.090109,0.090109,0.00812
official_test,Seasonal_Persistence,1972,Parbhani,2024-05-01,h1,-1.080126,-0.427768,0.652357,0.652357,0.42557
official_test,Seasonal_Persistence,1972,Parbhani,2024-05-01,h2,-1.879651,-1.789542,0.090109,0.090109,0.00812
official_test,Seasonal_Persistence,1972,Parbhani,2024-05-01,h3,-1.519184,-0.799252,0.719932,0.719932,0.518302
official_test,Seasonal_Persistence,1973,Parbhani,2024-06-01,h1,-1.879651,-1.789542,0.090109,0.090109,0.00812
official_test,Seasonal_Persistence,1973,Parbhani,2024-06-01,h2,-1.519184,-0.799252,0.719932,0.719932,0.518302
official_test,Seasonal_Persistence,1973,Parbhani,2024-06-01,h3,-1.12221,-0.750914,0.371295,0.371295,0.13786
official_test,Seasonal_Persistence,1974,Parbhani,2024-07-01,h1,-1.519184,-0.799252,0.719932,0.719932,0.518302
official_test,Seasonal_Persistence,1974,Parbhani,2024-07-01,h2,-1.12221,-0.750914,0.371295,0.371295,0.13786
official_test,Seasonal_Persistence,1974,Parbhani,2024-07-01,h3,-0.844416,-0.088494,0.755922,0.755922,0.571418
official_test,Seasonal_Persistence,1975,Parbhani,2024-08-01,h1,-1.12221,-0.750914,0.371295,0.371295,0.13786
official_test,Seasonal_Persistence,1975,Parbhani,2024-08-01,h2,-0.844416,-0.088494,0.755922,0.755922,0.571418
official_test,Seasonal_Persistence,1975,Parbhani,2024-08-01,h3,-0.933659,-0.334244,0.599415,0.599415,0.359299
official_test,Seasonal_Persistence,1976,Parbhani,2024-09-01,h1,-0.844416,-0.088494,0.755922,0.755922,0.571418
official_test,Seasonal_Persistence,1976,Parbhani,2024-09-01,h2,-0.933659,-0.334244,0.599415,0.599415,0.359299
official_test,Seasonal_Persistence,1976,Parbhani,2024-09-01,h3,-1.057159,-0.650745,0.406414,0.406414,0.165172
official_test,WSI_Autoregression,203,Beed,2021-01-01,h1,-0.991253,-0.603687,0.387565,0.387565,0.150207
official_test,WSI_Autoregression,203,Beed,2021-01-01,h2,-0.607982,-0.572803,0.035179,0.035179,0.001238
official_test,WSI_Autoregression,203,Beed,2021-01-01,h3,-0.919128,-0.50471,0.414418,0.414418,0.171742
official_test,WSI_Autoregression,204,Beed,2021-02-01,h1,-0.607982,-0.926725,-0.318743,0.318743,0.101597
official_test,WSI_Autoregression,204,Beed,2021-02-01,h2,-0.919128,-0.791844,0.127284,0.127284,0.016201
official_test,WSI_Autoregression,204,Beed,2021-02-01,h3,-1.078125,-0.524331,0.553794,0.553794,0.306688
official_test,WSI_Autoregression,205,Beed,2021-03-01,h1,-0.919128,-0.488454,0.430674,0.430674,0.18548
official_test,WSI_Autoregression,205,Beed,2021-03-01,h2,-1.078125,-0.276081,0.802044,0.802044,0.643275
official_test,WSI_Autoregression,205,Beed,2021-03-01,h3,-1.572654,-0.241859,1.330794,1.330794,1.771013
official_test,WSI_Autoregression,206,Beed,2021-04-01,h1,-1.078125,-0.630558,0.447567,0.447567,0.200317
official_test,WSI_Autoregression,206,Beed,2021-04-01,h2,-1.572654,-0.551868,1.020786,1.020786,1.042003
official_test,WSI_Autoregression,206,Beed,2021-04-01,h3,-0.900427,-0.375323,0.525105,0.525105,0.275735
official_test,WSI_Autoregression,207,Beed,2021-05-01,h1,-1.572654,-0.960969,0.611684,0.611684,0.374158
official_test,WSI_Autoregression,207,Beed,2021-05-01,h2,-0.900427,-0.70978,0.190647,0.190647,0.036346
official_test,WSI_Autoregression,207,Beed,2021-05-01,h3,-1.040114,-0.529166,0.510948,0.510948,0.261067
official_test,WSI_Autoregression,208,Beed,2021-06-01,h1,-0.900427,-1.273689,-0.373261,0.373261,0.139324
official_test,WSI_Autoregression,208,Beed,2021-06-01,h2,-1.040114,-0.993431,0.046683,0.046683,0.002179
official_test,WSI_Autoregression,208,Beed,2021-06-01,h3,-1.310035,-0.719219,0.590816,0.590816,0.349064
official_test,WSI_Autoregression,209,Beed,2021-07-01,h1,-1.040114,-0.632633,0.407481,0.407481,0.166041
official_test,WSI_Autoregression,209,Beed,2021-07-01,h2,-1.310035,-0.425076,0.88496,0.88496,0.783154
official_test,WSI_Autoregression,209,Beed,2021-07-01,h3,-1.531427,-0.353982,1.177445,1.177445,1.386377
official_test,WSI_Autoregression,210,Beed,2021-08-01,h1,-1.310035,-0.754347,0.555688,0.555688,0.308789
official_test,WSI_Autoregression,210,Beed,2021-08-01,h2,-1.531427,-0.63872,0.892707,0.892707,0.796925
official_test,WSI_Autoregression,210,Beed,2021-08-01,h3,-1.385618,-0.413563,0.972055,0.972055,0.94489
official_test,WSI_Autoregression,211,Beed,2021-09-01,h1,-1.531427,-1.154716,0.376711,0.376711,0.141911
official_test,WSI_Autoregression,211,Beed,2021-09-01,h2,-1.385618,-0.834571,0.551046,0.551046,0.303652
official_test,WSI_Autoregression,211,Beed,2021-09-01,h3,-1.365189,-0.597645,0.767545,0.767545,0.589125
official_test,WSI_Autoregression,212,Beed,2021-10-01,h1,-1.385618,-1.153392,0.232225,0.232225,0.053929
official_test,WSI_Autoregression,212,Beed,2021-10-01,h2,-1.365189,-0.869791,0.495398,0.495398,0.245419
official_test,WSI_Autoregression,212,Beed,2021-10-01,h3,-1.349812,-0.688251,0.661562,0.661562,0.437664
official_test,WSI_Autoregression,213,Beed,2021-11-01,h1,-1.365189,-1.041708,0.323482,0.323482,0.10464
official_test,WSI_Autoregression,213,Beed,2021-11-01,h2,-1.349812,-0.846318,0.503494,0.503494,0.253506
official_test,WSI_Autoregression,213,Beed,2021-11-01,h3,-1.337564,-0.752639,0.584926,0.584926,0.342138
official_test,WSI_Autoregression,214,Beed,2021-12-01,h1,-1.349812,-1.111647,0.238165,0.238165,0.056723
official_test,WSI_Autoregression,214,Beed,2021-12-01,h2,-1.337564,-0.978589,0.358976,0.358976,0.128864
official_test,WSI_Autoregression,214,Beed,2021-12-01,h3,-0.885369,-0.769794,0.115575,0.115575,0.013358
official_test,WSI_Autoregression,215,Beed,2022-01-01,h1,-1.337564,-1.199738,0.137826,0.137826,0.018996
official_test,WSI_Autoregression,215,Beed,2022-01-01,h2,-0.885369,-0.947439,-0.06207,0.06207,0.003853
official_test,WSI_Autoregression,215,Beed,2022-01-01,h3,-0.980494,-0.682364,0.298131,0.298131,0.088882
official_test,WSI_Autoregression,216,Beed,2022-02-01,h1,-0.885369,-1.04181,-0.156441,0.156441,0.024474
official_test,WSI_Autoregression,216,Beed,2022-02-01,h2,-0.980494,-0.77093,0.209565,0.209565,0.043917
official_test,WSI_Autoregression,216,Beed,2022-02-01,h3,-0.732434,-0.590056,0.142378,0.142378,0.020271
official_test,WSI_Autoregression,217,Beed,2022-03-01,h1,-0.980494,-0.622672,0.357822,0.357822,0.128037
official_test,WSI_Autoregression,217,Beed,2022-03-01,h2,-0.732434,-0.466558,0.265875,0.265875,0.07069
official_test,WSI_Autoregression,217,Beed,2022-03-01,h3,-0.872087,-0.37108,0.501007,0.501007,0.251008
official_test,WSI_Autoregression,218,Beed,2022-04-01,h1,-0.732434,-0.78154,-0.049106,0.049106,0.002411
official_test,WSI_Autoregression,218,Beed,2022-04-01,h2,-0.872087,-0.632695,0.239392,0.239392,0.057309
official_test,WSI_Autoregression,218,Beed,2022-04-01,h3,-2.360202,-0.488139,1.872063,1.872063,3.504618
official_test,WSI_Autoregression,219,Beed,2022-05-01,h1,-0.872087,-0.604018,0.26807,0.26807,0.071861
official_test,WSI_Autoregression,219,Beed,2022-05-01,h2,-2.360202,-0.454798,1.905404,1.905404,3.630563
official_test,WSI_Autoregression,219,Beed,2022-05-01,h3,-1.99196,-0.320532,1.671428,1.671428,2.793672
official_test,WSI_Autoregression,220,Beed,2022-06-01,h1,-2.360202,-0.655179,1.705023,1.705023,2.907103
official_test,WSI_Autoregression,220,Beed,2022-06-01,h2,-1.99196,-0.501042,1.490917,1.490917,2.222835
official_test,WSI_Autoregression,220,Beed,2022-06-01,h3,-1.767666,-0.326842,1.440824,1.440824,2.075974
official_test,WSI_Autoregression,221,Beed,2022-07-01,h1,-1.99196,-2.008182,-0.016222,0.016222,0.000263
official_test,WSI_Autoregression,221,Beed,2022-07-01,h2,-1.767666,-1.598431,0.169235,0.169235,0.028641
official_test,WSI_Autoregression,221,Beed,2022-07-01,h3,-1.786287,-1.125652,0.660636,0.660636,0.436439
official_test,WSI_Autoregression,222,Beed,2022-08-01,h1,-1.767666,-1.582324,0.185343,0.185343,0.034352
official_test,WSI_Autoregression,222,Beed,2022-08-01,h2,-1.786287,-1.106902,0.679386,0.679386,0.461565
official_test,WSI_Autoregression,222,Beed,2022-08-01,h3,-1.329664,-0.921821,0.407843,0.407843,0.166336
official_test,WSI_Autoregression,223,Beed,2022-09-01,h1,-1.786287,-1.254808,0.531479,0.531479,0.28247
official_test,WSI_Autoregression,223,Beed,2022-09-01,h2,-1.329664,-1.051777,0.277887,0.277887,0.077221
official_test,WSI_Autoregression,223,Beed,2022-09-01,h3,-1.253302,-0.848531,0.404771,0.404771,0.16384
official_test,WSI_Autoregression,224,Beed,2022-10-01,h1,-1.329664,-1.500575,-0.170911,0.170911,0.02921
official_test,WSI_Autoregression,224,Beed,2022-10-01,h2,-1.253302,-1.229029,0.024273,0.024273,0.000589
official_test,WSI_Autoregression,224,Beed,2022-10-01,h3,-1.259245,-0.88163,0.377615,0.377615,0.142593
official_test,WSI_Autoregression,225,Beed,2022-11-01,h1,-1.253302,-1.07305,0.180252,0.180252,0.032491
official_test,WSI_Autoregression,225,Beed,2022-11-01,h2,-1.259245,-0.741724,0.517521,0.517521,0.267828
official_test,WSI_Autoregression,225,Beed,2022-11-01,h3,-1.331864,-0.496733,0.83513,0.83513,0.697443
official_test,WSI_Autoregression,226,Beed,2022-12-01,h1,-1.259245,-0.877733,0.381513,0.381513,0.145552
official_test,WSI_Autoregression,226,Beed,2022-12-01,h2,-1.331864,-0.622907,0.708957,0.708957,0.50262
official_test,WSI_Autoregression,226,Beed,2022-12-01,h3,-1.557681,-0.602025,0.955656,0.955656,0.913279
official_test,WSI_Autoregression,227,Beed,2023-01-01,h1,-1.331864,-0.93797,0.393894,0.393894,0.155152
official_test,WSI_Autoregression,227,Beed,2023-01-01,h2,-1.557681,-0.874116,0.683565,0.683565,0.467261
official_test,WSI_Autoregression,227,Beed,2023-01-01,h3,-1.765735,-0.705335,1.0604,1.0604,1.124448
official_test,WSI_Autoregression,228,Beed,2023-02-01,h1,-1.557681,-1.210582,0.3471,0.3471,0.120478
official_test,WSI_Autoregression,228,Beed,2023-02-01,h2,-1.765735,-0.985659,0.780076,0.780076,0.608518
official_test,WSI_Autoregression,228,Beed,2023-02-01,h3,-1.039115,-0.76583,0.273284,0.273284,0.074684
official_test,WSI_Autoregression,229,Beed,2023-03-01,h1,-1.765735,-1.291594,0.474141,0.474141,0.22481
official_test,WSI_Autoregression,229,Beed,2023-03-01,h2,-1.039115,-1.025081,0.014034,0.014034,0.000197
official_test,WSI_Autoregression,229,Beed,2023-03-01,h3,-0.209279,-0.791565,-0.582286,0.582286,0.339057
official_test,WSI_Autoregression,230,Beed,2023-04-01,h1,-1.039115,-1.415171,-0.376056,0.376056,0.141418
official_test,WSI_Autoregression,230,Beed,2023-04-01,h2,-0.209279,-1.129135,-0.919856,0.919856,0.846136
official_test,WSI_Autoregression,230,Beed,2023-04-01,h3,-0.990097,-0.725436,0.264661,0.264661,0.070045
official_test,WSI_Autoregression,231,Beed,2023-05-01,h1,-0.209279,-0.784503,-0.575224,0.575224,0.330883
official_test,WSI_Autoregression,231,Beed,2023-05-01,h2,-0.990097,-0.431737,0.55836,0.55836,0.311766
official_test,WSI_Autoregression,231,Beed,2023-05-01,h3,-0.668363,-0.344284,0.324079,0.324079,0.105027
official_test,WSI_Autoregression,232,Beed,2023-06-01,h1,-0.990097,0.041904,1.032,1.032,1.065025
official_test,WSI_Autoregression,232,Beed,2023-06-01,h2,-0.668363,0.071358,0.739721,0.739721,0.547188
official_test,WSI_Autoregression,232,Beed,2023-06-01,h3,-0.253432,0.105948,0.35938,0.35938,0.129154
official_test,WSI_Autoregression,233,Beed,2023-07-01,h1,-0.668363,-0.818399,-0.150036,0.150036,0.022511
official_test,WSI_Autoregression,233,Beed,2023-07-01,h2,-0.253432,-0.648148,-0.394716,0.394716,0.155801
official_test,WSI_Autoregression,233,Beed,2023-07-01,h3,0.190173,-0.302774,-0.492948,0.492948,0.242997
official_test,WSI_Autoregression,234,Beed,2023-08-01,h1,-0.253432,-0.499558,-0.246126,0.246126,0.060578
official_test,WSI_Autoregression,234,Beed,2023-08-01,h2,0.190173,-0.177444,-0.367617,0.367617,0.135142
official_test,WSI_Autoregression,234,Beed,2023-08-01,h3,0.05167,-0.152281,-0.203951,0.203951,0.041596
official_test,WSI_Autoregression,235,Beed,2023-09-01,h1,0.190173,0.06518,-0.124993,0.124993,0.015623
official_test,WSI_Autoregression,235,Beed,2023-09-01,h2,0.05167,0.041148,-0.010522,0.010522,0.000111
official_test,WSI_Autoregression,235,Beed,2023-09-01,h3,-0.378396,-0.032446,0.345949,0.345949,0.119681
official_test,WSI_Autoregression,236,Beed,2023-10-01,h1,0.05167,0.184227,0.132556,0.132556,0.017571
official_test,WSI_Autoregression,236,Beed,2023-10-01,h2,-0.378396,0.080716,0.459112,0.459112,0.210783
official_test,WSI_Autoregression,236,Beed,2023-10-01,h3,-0.87605,0.106865,0.982915,0.982915,0.966123
official_test,WSI_Autoregression,237,Beed,2023-11-01,h1,-0.378396,-0.046215,0.332181,0.332181,0.110344
official_test,WSI_Autoregression,237,Beed,2023-11-01,h2,-0.87605,0.013069,0.889119,0.889119,0.790533
official_test,WSI_Autoregression,237,Beed,2023-11-01,h3,-0.69608,0.244106,0.940186,0.940186,0.88395
official_test,WSI_Autoregression,238,Beed,2023-12-01,h1,-0.87605,-0.275775,0.600276,0.600276,0.360331
official_test,WSI_Autoregression,238,Beed,2023-12-01,h2,-0.69608,-0.002798,0.693282,0.693282,0.48064
official_test,WSI_Autoregression,238,Beed,2023-12-01,h3,-0.542161,0.090507,0.632668,0.632668,0.400269
official_test,WSI_Autoregression,239,Beed,2024-01-01,h1,-0.69608,-0.511127,0.184954,0.184954,0.034208
official_test,WSI_Autoregression,239,Beed,2024-01-01,h2,-0.542161,-0.348134,0.194027,0.194027,0.037647
official_test,WSI_Autoregression,239,Beed,2024-01-01,h3,-0.878338,-0.219024,0.659314,0.659314,0.434695
official_test,WSI_Autoregression,240,Beed,2024-02-01,h1,-0.542161,-0.510617,0.031544,0.031544,0.000995
official_test,WSI_Autoregression,240,Beed,2024-02-01,h2,-0.878338,-0.350433,0.527905,0.527905,0.278684
official_test,WSI_Autoregression,240,Beed,2024-02-01,h3,-0.672243,-0.318298,0.353945,0.353945,0.125277
official_test,WSI_Autoregression,241,Beed,2024-03-01,h1,-0.878338,-0.385573,0.492765,0.492765,0.242817
official_test,WSI_Autoregression,241,Beed,2024-03-01,h2,-0.672243,-0.341265,0.330978,0.330978,0.109546
official_test,WSI_Autoregression,241,Beed,2024-03-01,h3,-1.180469,-0.260936,0.919533,0.919533,0.845541
official_test,WSI_Autoregression,242,Beed,2024-04-01,h1,-0.672243,-0.744357,-0.072114,0.072114,0.0052
official_test,WSI_Autoregression,242,Beed,2024-04-01,h2,-1.180469,-0.610455,0.570014,0.570014,0.324916
official_test,WSI_Autoregression,242,Beed,2024-04-01,h3,-1.901815,-0.336518,1.565297,1.565297,2.450155
official_test,WSI_Autoregression,243,Beed,2024-05-01,h1,-1.180469,-0.505235,0.675234,0.675234,0.45594
official_test,WSI_Autoregression,243,Beed,2024-05-01,h2,-1.901815,-0.259185,1.642629,1.642629,2.698231
official_test,WSI_Autoregression,243,Beed,2024-05-01,h3,-1.597088,-0.247162,1.349926,1.349926,1.8223
official_test,WSI_Autoregression,244,Beed,2024-06-01,h1,-1.901815,-0.875827,1.025988,1.025988,1.052651
official_test,WSI_Autoregression,244,Beed,2024-06-01,h2,-1.597088,-0.76214,0.834948,0.834948,0.697138
official_test,WSI_Autoregression,244,Beed,2024-06-01,h3,-1.208366,-0.6608,0.547566,0.547566,0.299828
official_test,WSI_Autoregression,245,Beed,2024-07-01,h1,-1.597088,-1.65831,-0.061222,0.061222,0.003748
official_test,WSI_Autoregression,245,Beed,2024-07-01,h2,-1.208366,-1.418615,-0.210249,0.210249,0.044205
official_test,WSI_Autoregression,245,Beed,2024-07-01,h3,-1.177683,-1.170398,0.007284,0.007284,5.3e-05
official_test,WSI_Autoregression,246,Beed,2024-08-01,h1,-1.208366,-1.34967,-0.141304,0.141304,0.019967
official_test,WSI_Autoregression,246,Beed,2024-08-01,h2,-1.177683,-1.11383,0.063852,0.063852,0.004077
official_test,WSI_Autoregression,246,Beed,2024-08-01,h3,-1.192881,-0.962613,0.230268,0.230268,0.053023
official_test,WSI_Autoregression,247,Beed,2024-09-01,h1,-1.177683,-0.957772,0.219911,0.219911,0.048361
official_test,WSI_Autoregression,247,Beed,2024-09-01,h2,-1.192881,-0.84318,0.3497,0.3497,0.12229
official_test,WSI_Autoregression,247,Beed,2024-09-01,h3,-1.165328,-0.734786,0.430542,0.430542,0.185367
official_test,WSI_Autoregression,450,Chhatrapati Sambhajinagar,2021-01-01,h1,-0.901384,-0.579895,0.321489,0.321489,0.103355
official_test,WSI_Autoregression,450,Chhatrapati Sambhajinagar,2021-01-01,h2,-0.87235,-0.470837,0.401513,0.401513,0.161213
official_test,WSI_Autoregression,450,Chhatrapati Sambhajinagar,2021-01-01,h3,-1.212614,-0.467553,0.745061,0.745061,0.555116
official_test,WSI_Autoregression,451,Chhatrapati Sambhajinagar,2021-02-01,h1,-0.87235,-0.765026,0.107324,0.107324,0.011518
official_test,WSI_Autoregression,451,Chhatrapati Sambhajinagar,2021-02-01,h2,-1.212614,-0.706732,0.505882,0.505882,0.255916
official_test,WSI_Autoregression,451,Chhatrapati Sambhajinagar,2021-02-01,h3,-1.602686,-0.440458,1.162228,1.162228,1.350774
official_test,WSI_Autoregression,452,Chhatrapati Sambhajinagar,2021-03-01,h1,-1.212614,-0.77701,0.435604,0.435604,0.189751
official_test,WSI_Autoregression,452,Chhatrapati Sambhajinagar,2021-03-01,h2,-1.602686,-0.506736,1.09595,1.09595,1.201106
official_test,WSI_Autoregression,452,Chhatrapati Sambhajinagar,2021-03-01,h3,-1.609204,-0.295163,1.314041,1.314041,1.726705
official_test,WSI_Autoregression,453,Chhatrapati Sambhajinagar,2021-04-01,h1,-1.602686,-0.863307,0.739379,0.739379,0.546681
official_test,WSI_Autoregression,453,Chhatrapati Sambhajinagar,2021-04-01,h2,-1.609204,-0.605498,1.003706,1.003706,1.007426
official_test,WSI_Autoregression,453,Chhatrapati Sambhajinagar,2021-04-01,h3,-0.935192,-0.411945,0.523248,0.523248,0.273788
official_test,WSI_Autoregression,454,Chhatrapati Sambhajinagar,2021-05-01,h1,-1.609204,-1.284483,0.324722,0.324722,0.105444
official_test,WSI_Autoregression,454,Chhatrapati Sambhajinagar,2021-05-01,h2,-0.935192,-0.973615,-0.038423,0.038423,0.001476
official_test,WSI_Autoregression,454,Chhatrapati Sambhajinagar,2021-05-01,h3,-0.303652,-0.717832,-0.41418,0.41418,0.171545
official_test,WSI_Autoregression,455,Chhatrapati Sambhajinagar,2021-06-01,h1,-0.935192,-1.256898,-0.321706,0.321706,0.103495
official_test,WSI_Autoregression,455,Chhatrapati Sambhajinagar,2021-06-01,h2,-0.303652,-0.9514,-0.647748,0.647748,0.419578
official_test,WSI_Autoregression,455,Chhatrapati Sambhajinagar,2021-06-01,h3,-1.210215,-0.6793,0.530916,0.530916,0.281871
official_test,WSI_Autoregression,456,Chhatrapati Sambhajinagar,2021-07-01,h1,-0.303652,-0.649301,-0.34565,0.34565,0.119474
official_test,WSI_Autoregression,456,Chhatrapati Sambhajinagar,2021-07-01,h2,-1.210215,-0.426862,0.783353,0.783353,0.613642
official_test,WSI_Autoregression,456,Chhatrapati Sambhajinagar,2021-07-01,h3,-1.755722,-0.273415,1.482307,1.482307,2.197233
official_test,WSI_Autoregression,457,Chhatrapati Sambhajinagar,2021-08-01,h1,-1.210215,-0.078539,1.131677,1.131677,1.280692
official_test,WSI_Autoregression,457,Chhatrapati Sambhajinagar,2021-08-01,h2,-1.755722,0.009836,1.765557,1.765557,3.117193
official_test,WSI_Autoregression,457,Chhatrapati Sambhajinagar,2021-08-01,h3,-1.585057,0.075281,1.660339,1.660339,2.756724
official_test,WSI_Autoregression,458,Chhatrapati Sambhajinagar,2021-09-01,h1,-1.755722,-1.003804,0.751918,0.751918,0.565381
official_test,WSI_Autoregression,458,Chhatrapati Sambhajinagar,2021-09-01,h2,-1.585057,-0.770601,0.814456,0.814456,0.663339
official_test,WSI_Autoregression,458,Chhatrapati Sambhajinagar,2021-09-01,h3,-1.401432,-0.431142,0.97029,0.97029,0.941462
official_test,WSI_Autoregression,459,Chhatrapati Sambhajinagar,2021-10-01,h1,-1.585057,-1.423169,0.161888,0.161888,0.026208
official_test,WSI_Autoregression,459,Chhatrapati Sambhajinagar,2021-10-01,h2,-1.401432,-0.983506,0.417925,0.417925,0.174662
official_test,WSI_Autoregression,459,Chhatrapati Sambhajinagar,2021-10-01,h3,-1.187325,-0.827215,0.36011,0.36011,0.129679
official_test,WSI_Autoregression,460,Chhatrapati Sambhajinagar,2021-11-01,h1,-1.401432,-1.097028,0.304404,0.304404,0.092662
official_test,WSI_Autoregression,460,Chhatrapati Sambhajinagar,2021-11-01,h2,-1.187325,-0.935698,0.251627,0.251627,0.063316
official_test,WSI_Autoregression,460,Chhatrapati Sambhajinagar,2021-11-01,h3,-1.420752,-0.848857,0.571894,0.571894,0.327063
official_test,WSI_Autoregression,461,Chhatrapati Sambhajinagar,2021-12-01,h1,-1.187325,-1.156369,0.030956,0.030956,0.000958
official_test,WSI_Autoregression,461,Chhatrapati Sambhajinagar,2021-12-01,h2,-1.420752,-1.048541,0.37221,0.37221,0.13854
official_test,WSI_Autoregression,461,Chhatrapati Sambhajinagar,2021-12-01,h3,-0.800335,-0.840684,-0.040348,0.040348,0.001628
official_test,WSI_Autoregression,462,Chhatrapati Sambhajinagar,2022-01-01,h1,-1.420752,-1.087703,0.333048,0.333048,0.110921
official_test,WSI_Autoregression,462,Chhatrapati Sambhajinagar,2022-01-01,h2,-0.800335,-0.859871,-0.059536,0.059536,0.003545
official_test,WSI_Autoregression,462,Chhatrapati Sambhajinagar,2022-01-01,h3,-0.672696,-0.51197,0.160726,0.160726,0.025833
official_test,WSI_Autoregression,463,Chhatrapati Sambhajinagar,2022-02-01,h1,-0.800335,-1.144231,-0.343896,0.343896,0.118265
official_test,WSI_Autoregression,463,Chhatrapati Sambhajinagar,2022-02-01,h2,-0.672696,-0.753977,-0.081281,0.081281,0.006607
official_test,WSI_Autoregression,463,Chhatrapati Sambhajinagar,2022-02-01,h3,-0.462274,-0.491938,-0.029663,0.029663,0.00088
official_test,WSI_Autoregression,464,Chhatrapati Sambhajinagar,2022-03-01,h1,-0.672696,-0.42982,0.242876,0.242876,0.058989
official_test,WSI_Autoregression,464,Chhatrapati Sambhajinagar,2022-03-01,h2,-0.462274,-0.225914,0.23636,0.23636,0.055866
official_test,WSI_Autoregression,464,Chhatrapati Sambhajinagar,2022-03-01,h3,-0.494102,-0.258606,0.235496,0.235496,0.055458
official_test,WSI_Autoregression,465,Chhatrapati Sambhajinagar,2022-04-01,h1,-0.462274,-0.440689,0.021585,0.021585,0.000466
official_test,WSI_Autoregression,465,Chhatrapati Sambhajinagar,2022-04-01,h2,-0.494102,-0.435105,0.058997,0.058997,0.003481
official_test,WSI_Autoregression,465,Chhatrapati Sambhajinagar,2022-04-01,h3,-2.112228,-0.370139,1.742089,1.742089,3.034876
official_test,WSI_Autoregression,466,Chhatrapati Sambhajinagar,2022-05-01,h1,-0.494102,-0.459259,0.034843,0.034843,0.001214
official_test,WSI_Autoregression,466,Chhatrapati Sambhajinagar,2022-05-01,h2,-2.112228,-0.38317,1.729058,1.729058,2.989643
official_test,WSI_Autoregression,466,Chhatrapati Sambhajinagar,2022-05-01,h3,-1.34669,-0.309772,1.036918,1.036918,1.0752
official_test,WSI_Autoregression,467,Chhatrapati Sambhajinagar,2022-06-01,h1,-2.112228,-0.384692,1.727537,1.727537,2.984383
official_test,WSI_Autoregression,467,Chhatrapati Sambhajinagar,2022-06-01,h2,-1.34669,-0.319785,1.026905,1.026905,1.054535
official_test,WSI_Autoregression,467,Chhatrapati Sambhajinagar,2022-06-01,h3,-1.597277,-0.121316,1.475961,1.475961,2.178461
official_test,WSI_Autoregression,468,Chhatrapati Sambhajinagar,2022-07-01,h1,-1.34669,-1.816005,-0.469315,0.469315,0.220256
official_test,WSI_Autoregression,468,Chhatrapati Sambhajinagar,2022-07-01,h2,-1.597277,-1.396567,0.20071,0.20071,0.040285
official_test,WSI_Autoregression,468,Chhatrapati Sambhajinagar,2022-07-01,h3,-1.940291,-0.94898,0.991311,0.991311,0.982697
official_test,WSI_Autoregression,469,Chhatrapati Sambhajinagar,2022-08-01,h1,-1.597277,-0.999359,0.597918,0.597918,0.357506
official_test,WSI_Autoregression,469,Chhatrapati Sambhajinagar,2022-08-01,h2,-1.940291,-0.602088,1.338204,1.338204,1.790789
official_test,WSI_Autoregression,469,Chhatrapati Sambhajinagar,2022-08-01,h3,-1.561697,-0.552543,1.009154,1.009154,1.018392
official_test,WSI_Autoregression,470,Chhatrapati Sambhajinagar,2022-09-01,h1,-1.940291,-1.133476,0.806815,0.806815,0.650951
official_test,WSI_Autoregression,470,Chhatrapati Sambhajinagar,2022-09-01,h2,-1.561697,-0.998601,0.563096,0.563096,0.317078
official_test,WSI_Autoregression,470,Chhatrapati Sambhajinagar,2022-09-01,h3,-1.444408,-0.733411,0.710997,0.710997,0.505516
official_test,WSI_Autoregression,471,Chhatrapati Sambhajinagar,2022-10-01,h1,-1.561697,-1.697332,-0.135635,0.135635,0.018397
official_test,WSI_Autoregression,471,Chhatrapati Sambhajinagar,2022-10-01,h2,-1.444408,-1.322486,0.121921,0.121921,0.014865
official_test,WSI_Autoregression,471,Chhatrapati Sambhajinagar,2022-10-01,h3,-1.019117,-0.947354,0.071763,0.071763,0.00515
official_test,WSI_Autoregression,472,Chhatrapati Sambhajinagar,2022-11-01,h1,-1.444408,-1.187723,0.256684,0.256684,0.065887
official_test,WSI_Autoregression,472,Chhatrapati Sambhajinagar,2022-11-01,h2,-1.019117,-0.830387,0.188729,0.188729,0.035619
official_test,WSI_Autoregression,472,Chhatrapati Sambhajinagar,2022-11-01,h3,-1.085541,-0.56713,0.518412,0.518412,0.268751
official_test,WSI_Autoregression,473,Chhatrapati Sambhajinagar,2022-12-01,h1,-1.019117,-1.02041,-0.001293,0.001293,2e-06
official_test,WSI_Autoregression,473,Chhatrapati Sambhajinagar,2022-12-01,h2,-1.085541,-0.744865,0.340676,0.340676,0.11606
official_test,WSI_Autoregression,473,Chhatrapati Sambhajinagar,2022-12-01,h3,-1.566303,-0.756626,0.809677,0.809677,0.655577
official_test,WSI_Autoregression,474,Chhatrapati Sambhajinagar,2023-01-01,h1,-1.085541,-0.732829,0.352712,0.352712,0.124406
official_test,WSI_Autoregression,474,Chhatrapati Sambhajinagar,2023-01-01,h2,-1.566303,-0.745577,0.820726,0.820726,0.673592
official_test,WSI_Autoregression,474,Chhatrapati Sambhajinagar,2023-01-01,h3,-1.734646,-0.609555,1.125091,1.125091,1.265831
official_test,WSI_Autoregression,475,Chhatrapati Sambhajinagar,2023-02-01,h1,-1.566303,-1.044481,0.521822,0.521822,0.272299
official_test,WSI_Autoregression,475,Chhatrapati Sambhajinagar,2023-02-01,h2,-1.734646,-0.85825,0.876396,0.876396,0.768071
official_test,WSI_Autoregression,475,Chhatrapati Sambhajinagar,2023-02-01,h3,-1.075118,-0.646789,0.42833,0.42833,0.183466
official_test,WSI_Autoregression,476,Chhatrapati Sambhajinagar,2023-03-01,h1,-1.734646,-1.310561,0.424085,0.424085,0.179848
official_test,WSI_Autoregression,476,Chhatrapati Sambhajinagar,2023-03-01,h2,-1.075118,-1.03463,0.040489,0.040489,0.001639
official_test,WSI_Autoregression,476,Chhatrapati Sambhajinagar,2023-03-01,h3,-0.084688,-0.823413,-0.738725,0.738725,0.545714
official_test,WSI_Autoregression,477,Chhatrapati Sambhajinagar,2023-04-01,h1,-1.075118,-1.381924,-0.306805,0.306805,0.09413
official_test,WSI_Autoregression,477,Chhatrapati Sambhajinagar,2023-04-01,h2,-0.084688,-1.124986,-1.040298,1.040298,1.08222
official_test,WSI_Autoregression,477,Chhatrapati Sambhajinagar,2023-04-01,h3,-0.264452,-0.776676,-0.512224,0.512224,0.262374
official_test,WSI_Autoregression,478,Chhatrapati Sambhajinagar,2023-05-01,h1,-0.084688,-0.840933,-0.756245,0.756245,0.571906
official_test,WSI_Autoregression,478,Chhatrapati Sambhajinagar,2023-05-01,h2,-0.264452,-0.535777,-0.271325,0.271325,0.073617
official_test,WSI_Autoregression,478,Chhatrapati Sambhajinagar,2023-05-01,h3,-0.096381,-0.509839,-0.413458,0.413458,0.170948
official_test,WSI_Autoregression,479,Chhatrapati Sambhajinagar,2023-06-01,h1,-0.264452,0.088204,0.352655,0.352655,0.124366
official_test,WSI_Autoregression,479,Chhatrapati Sambhajinagar,2023-06-01,h2,-0.096381,0.036586,0.132967,0.132967,0.01768
official_test,WSI_Autoregression,479,Chhatrapati Sambhajinagar,2023-06-01,h3,-0.399514,0.106598,0.506112,0.506112,0.25615
official_test,WSI_Autoregression,480,Chhatrapati Sambhajinagar,2023-07-01,h1,-0.096381,-0.239177,-0.142797,0.142797,0.020391
official_test,WSI_Autoregression,480,Chhatrapati Sambhajinagar,2023-07-01,h2,-0.399514,-0.132378,0.267137,0.267137,0.071362
official_test,WSI_Autoregression,480,Chhatrapati Sambhajinagar,2023-07-01,h3,-0.151739,0.119573,0.271312,0.271312,0.07361
official_test,WSI_Autoregression,481,Chhatrapati Sambhajinagar,2023-08-01,h1,-0.399514,-0.007153,0.392362,0.392362,0.153948
official_test,WSI_Autoregression,481,Chhatrapati Sambhajinagar,2023-08-01,h2,-0.151739,0.229241,0.38098,0.38098,0.145146
official_test,WSI_Autoregression,481,Chhatrapati Sambhajinagar,2023-08-01,h3,-0.390781,0.222128,0.61291,0.61291,0.375658
official_test,WSI_Autoregression,482,Chhatrapati Sambhajinagar,2023-09-01,h1,-0.151739,-0.1106,0.041139,0.041139,0.001692
official_test,WSI_Autoregression,482,Chhatrapati Sambhajinagar,2023-09-01,h2,-0.390781,-0.069235,0.321546,0.321546,0.103392
official_test,WSI_Autoregression,482,Chhatrapati Sambhajinagar,2023-09-01,h3,-0.605908,-0.047256,0.558652,0.558652,0.312092
official_test,WSI_Autoregression,483,Chhatrapati Sambhajinagar,2023-10-01,h1,-0.390781,-0.079449,0.311332,0.311332,0.096928
official_test,WSI_Autoregression,483,Chhatrapati Sambhajinagar,2023-10-01,h2,-0.605908,-0.061685,0.544223,0.544223,0.296179
official_test,WSI_Autoregression,483,Chhatrapati Sambhajinagar,2023-10-01,h3,-1.119045,-0.078428,1.040617,1.040617,1.082884
official_test,WSI_Autoregression,484,Chhatrapati Sambhajinagar,2023-11-01,h1,-0.605908,-0.338056,0.267852,0.267852,0.071745
official_test,WSI_Autoregression,484,Chhatrapati Sambhajinagar,2023-11-01,h2,-1.119045,-0.305088,0.813957,0.813957,0.662526
official_test,WSI_Autoregression,484,Chhatrapati Sambhajinagar,2023-11-01,h3,-0.894783,-0.073226,0.821557,0.821557,0.674957
official_test,WSI_Autoregression,485,Chhatrapati Sambhajinagar,2023-12-01,h1,-1.119045,-0.521144,0.597901,0.597901,0.357486
official_test,WSI_Autoregression,485,Chhatrapati Sambhajinagar,2023-12-01,h2,-0.894783,-0.261253,0.63353,0.63353,0.40136
official_test,WSI_Autoregression,485,Chhatrapati Sambhajinagar,2023-12-01,h3,-0.753684,-0.078898,0.674786,0.674786,0.455336
official_test,WSI_Autoregression,486,Chhatrapati Sambhajinagar,2024-01-01,h1,-0.894783,-0.775385,0.119398,0.119398,0.014256
official_test,WSI_Autoregression,486,Chhatrapati Sambhajinagar,2024-01-01,h2,-0.753684,-0.516678,0.237006,0.237006,0.056172
official_test,WSI_Autoregression,486,Chhatrapati Sambhajinagar,2024-01-01,h3,-0.553116,-0.29268,0.260436,0.260436,0.067827
official_test,WSI_Autoregression,487,Chhatrapati Sambhajinagar,2024-02-01,h1,-0.753684,-0.624342,0.129341,0.129341,0.016729
official_test,WSI_Autoregression,487,Chhatrapati Sambhajinagar,2024-02-01,h2,-0.553116,-0.379327,0.173789,0.173789,0.030203
official_test,WSI_Autoregression,487,Chhatrapati Sambhajinagar,2024-02-01,h3,-0.553166,-0.370836,0.18233,0.18233,0.033244
official_test,WSI_Autoregression,488,Chhatrapati Sambhajinagar,2024-03-01,h1,-0.553116,-0.491174,0.061942,0.061942,0.003837
official_test,WSI_Autoregression,488,Chhatrapati Sambhajinagar,2024-03-01,h2,-0.553166,-0.46274,0.090426,0.090426,0.008177
official_test,WSI_Autoregression,488,Chhatrapati Sambhajinagar,2024-03-01,h3,-0.879648,-0.415694,0.463954,0.463954,0.215253
official_test,WSI_Autoregression,489,Chhatrapati Sambhajinagar,2024-04-01,h1,-0.553166,-0.489506,0.06366,0.06366,0.004053
official_test,WSI_Autoregression,489,Chhatrapati Sambhajinagar,2024-04-01,h2,-0.879648,-0.444699,0.434948,0.434948,0.18918
official_test,WSI_Autoregression,489,Chhatrapati Sambhajinagar,2024-04-01,h3,-0.275423,-0.339435,-0.064011,0.064011,0.004097
official_test,WSI_Autoregression,490,Chhatrapati Sambhajinagar,2024-05-01,h1,-0.879648,-0.46167,0.417978,0.417978,0.174706
official_test,WSI_Autoregression,490,Chhatrapati Sambhajinagar,2024-05-01,h2,-0.275423,-0.36535,-0.089927,0.089927,0.008087
official_test,WSI_Autoregression,490,Chhatrapati Sambhajinagar,2024-05-01,h3,-1.480146,-0.300423,1.179723,1.179723,1.391746
official_test,WSI_Autoregression,491,Chhatrapati Sambhajinagar,2024-06-01,h1,-0.275423,-0.73672,-0.461297,0.461297,0.212795
official_test,WSI_Autoregression,491,Chhatrapati Sambhajinagar,2024-06-01,h2,-1.480146,-0.614341,0.865805,0.865805,0.749618
official_test,WSI_Autoregression,491,Chhatrapati Sambhajinagar,2024-06-01,h3,-1.334362,-0.510097,0.824265,0.824265,0.679413
official_test,WSI_Autoregression,492,Chhatrapati Sambhajinagar,2024-07-01,h1,-1.480146,-0.193104,1.287042,1.287042,1.656477
official_test,WSI_Autoregression,492,Chhatrapati Sambhajinagar,2024-07-01,h2,-1.334362,-0.156876,1.177486,1.177486,1.386473
official_test,WSI_Autoregression,492,Chhatrapati Sambhajinagar,2024-07-01,h3,-1.430122,-0.238286,1.191836,1.191836,1.420474
official_test,WSI_Autoregression,493,Chhatrapati Sambhajinagar,2024-08-01,h1,-1.334362,-1.312813,0.021549,0.021549,0.000464
official_test,WSI_Autoregression,493,Chhatrapati Sambhajinagar,2024-08-01,h2,-1.430122,-1.207157,0.222965,0.222965,0.049713
official_test,WSI_Autoregression,493,Chhatrapati Sambhajinagar,2024-08-01,h3,-1.33475,-0.845544,0.489206,0.489206,0.239322
official_test,WSI_Autoregression,494,Chhatrapati Sambhajinagar,2024-09-01,h1,-1.430122,-1.218072,0.21205,0.21205,0.044965
official_test,WSI_Autoregression,494,Chhatrapati Sambhajinagar,2024-09-01,h2,-1.33475,-0.853714,0.481036,0.481036,0.231396
official_test,WSI_Autoregression,494,Chhatrapati Sambhajinagar,2024-09-01,h3,-1.503817,-0.697786,0.806031,0.806031,0.649686
official_test,WSI_Autoregression,697,Dharashiv,2021-01-01,h1,-0.925367,-0.579723,0.345644,0.345644,0.11947
official_test,WSI_Autoregression,697,Dharashiv,2021-01-01,h2,-0.483298,-0.580067,-0.096768,0.096768,0.009364
official_test,WSI_Autoregression,697,Dharashiv,2021-01-01,h3,-0.786925,-0.569005,0.217919,0.217919,0.047489
official_test,WSI_Autoregression,698,Dharashiv,2021-02-01,h1,-0.483298,-0.879634,-0.396336,0.396336,0.157082
official_test,WSI_Autoregression,698,Dharashiv,2021-02-01,h2,-0.786925,-0.81541,-0.028486,0.028486,0.000811
official_test,WSI_Autoregression,698,Dharashiv,2021-02-01,h3,-1.037942,-0.559758,0.478184,0.478184,0.22866
official_test,WSI_Autoregression,699,Dharashiv,2021-03-01,h1,-0.786925,-0.468414,0.318511,0.318511,0.101449
official_test,WSI_Autoregression,699,Dharashiv,2021-03-01,h2,-1.037942,-0.26374,0.774203,0.774203,0.59939
official_test,WSI_Autoregression,699,Dharashiv,2021-03-01,h3,-1.112037,-0.242159,0.869878,0.869878,0.756687
official_test,WSI_Autoregression,700,Dharashiv,2021-04-01,h1,-1.037942,-0.522047,0.515895,0.515895,0.266148
official_test,WSI_Autoregression,700,Dharashiv,2021-04-01,h2,-1.112037,-0.472034,0.640003,0.640003,0.409604
official_test,WSI_Autoregression,700,Dharashiv,2021-04-01,h3,-1.025305,-0.334205,0.691101,0.691101,0.47762
official_test,WSI_Autoregression,701,Dharashiv,2021-05-01,h1,-1.112037,-0.932375,0.179661,0.179661,0.032278
official_test,WSI_Autoregression,701,Dharashiv,2021-05-01,h2,-1.025305,-0.716297,0.309009,0.309009,0.095486
official_test,WSI_Autoregression,701,Dharashiv,2021-05-01,h3,-0.790949,-0.524226,0.266723,0.266723,0.071141
official_test,WSI_Autoregression,702,Dharashiv,2021-06-01,h1,-1.025305,-0.899087,0.126218,0.126218,0.015931
official_test,WSI_Autoregression,702,Dharashiv,2021-06-01,h2,-0.790949,-0.665832,0.125117,0.125117,0.015654
official_test,WSI_Autoregression,702,Dharashiv,2021-06-01,h3,-1.008118,-0.559436,0.448682,0.448682,0.201316
official_test,WSI_Autoregression,703,Dharashiv,2021-07-01,h1,-0.790949,-0.771401,0.019548,0.019548,0.000382
official_test,WSI_Autoregression,703,Dharashiv,2021-07-01,h2,-1.008118,-0.651971,0.356147,0.356147,0.126841
official_test,WSI_Autoregression,703,Dharashiv,2021-07-01,h3,-1.107112,-0.486356,0.620756,0.620756,0.385338
official_test,WSI_Autoregression,704,Dharashiv,2021-08-01,h1,-1.008118,-0.623983,0.384135,0.384135,0.14756
official_test,WSI_Autoregression,704,Dharashiv,2021-08-01,h2,-1.107112,-0.473387,0.633725,0.633725,0.401607
official_test,WSI_Autoregression,704,Dharashiv,2021-08-01,h3,-1.170155,-0.320024,0.850131,0.850131,0.722722
official_test,WSI_Autoregression,705,Dharashiv,2021-09-01,h1,-1.107112,-0.840172,0.26694,0.26694,0.071257
official_test,WSI_Autoregression,705,Dharashiv,2021-09-01,h2,-1.170155,-0.61591,0.554245,0.554245,0.307187
official_test,WSI_Autoregression,705,Dharashiv,2021-09-01,h3,-1.343819,-0.423191,0.920628,0.920628,0.847556
official_test,WSI_Autoregression,706,Dharashiv,2021-10-01,h1,-1.170155,-0.84405,0.326105,0.326105,0.106345
official_test,WSI_Autoregression,706,Dharashiv,2021-10-01,h2,-1.343819,-0.61738,0.726438,0.726438,0.527713
official_test,WSI_Autoregression,706,Dharashiv,2021-10-01,h3,-1.315075,-0.500535,0.81454,0.81454,0.663475
official_test,WSI_Autoregression,707,Dharashiv,2021-11-01,h1,-1.343819,-0.88564,0.458178,0.458178,0.209927
official_test,WSI_Autoregression,707,Dharashiv,2021-11-01,h2,-1.315075,-0.732474,0.582601,0.582601,0.339424
official_test,WSI_Autoregression,707,Dharashiv,2021-11-01,h3,-1.059334,-0.588879,0.470454,0.470454,0.221327
official_test,WSI_Autoregression,708,Dharashiv,2021-12-01,h1,-1.315075,-1.122377,0.192698,0.192698,0.037133
official_test,WSI_Autoregression,708,Dharashiv,2021-12-01,h2,-1.059334,-0.920438,0.138896,0.138896,0.019292
official_test,WSI_Autoregression,708,Dharashiv,2021-12-01,h3,-0.678753,-0.761051,-0.082298,0.082298,0.006773
official_test,WSI_Autoregression,709,Dharashiv,2022-01-01,h1,-1.059334,-1.092384,-0.03305,0.03305,0.001092
official_test,WSI_Autoregression,709,Dharashiv,2022-01-01,h2,-0.678753,-0.9021,-0.223347,0.223347,0.049884
official_test,WSI_Autoregression,709,Dharashiv,2022-01-01,h3,-1.011028,-0.672655,0.338373,0.338373,0.114496
official_test,WSI_Autoregression,710,Dharashiv,2022-02-01,h1,-0.678753,-0.844892,-0.166139,0.166139,0.027602
official_test,WSI_Autoregression,710,Dharashiv,2022-02-01,h2,-1.011028,-0.631822,0.379206,0.379206,0.143797
official_test,WSI_Autoregression,710,Dharashiv,2022-02-01,h3,-0.864825,-0.49321,0.371615,0.371615,0.138098
official_test,WSI_Autoregression,711,Dharashiv,2022-03-01,h1,-1.011028,-0.481473,0.529555,0.529555,0.280429
official_test,WSI_Autoregression,711,Dharashiv,2022-03-01,h2,-0.864825,-0.365162,0.499663,0.499663,0.249663
official_test,WSI_Autoregression,711,Dharashiv,2022-03-01,h3,-0.674226,-0.283635,0.390591,0.390591,0.152562
official_test,WSI_Autoregression,712,Dharashiv,2022-04-01,h1,-0.864825,-0.837958,0.026867,0.026867,0.000722
official_test,WSI_Autoregression,712,Dharashiv,2022-04-01,h2,-0.674226,-0.677204,-0.002977,0.002977,9e-06
official_test,WSI_Autoregression,712,Dharashiv,2022-04-01,h3,-1.718629,-0.463493,1.255136,1.255136,1.575366
official_test,WSI_Autoregression,713,Dharashiv,2022-05-01,h1,-0.674226,-0.6984,-0.024173,0.024173,0.000584
official_test,WSI_Autoregression,713,Dharashiv,2022-05-01,h2,-1.718629,-0.479237,1.239392,1.239392,1.536093
official_test,WSI_Autoregression,713,Dharashiv,2022-05-01,h3,-1.900719,-0.404878,1.495842,1.495842,2.237543
official_test,WSI_Autoregression,714,Dharashiv,2022-06-01,h1,-1.718629,-0.439971,1.278657,1.278657,1.634965
official_test,WSI_Autoregression,714,Dharashiv,2022-06-01,h2,-1.900719,-0.37775,1.52297,1.52297,2.319437
official_test,WSI_Autoregression,714,Dharashiv,2022-06-01,h3,-1.326715,-0.304689,1.022026,1.022026,1.044537
official_test,WSI_Autoregression,715,Dharashiv,2022-07-01,h1,-1.900719,-1.49613,0.40459,0.40459,0.163693
official_test,WSI_Autoregression,715,Dharashiv,2022-07-01,h2,-1.326715,-1.250776,0.075939,0.075939,0.005767
official_test,WSI_Autoregression,715,Dharashiv,2022-07-01,h3,-1.357456,-0.874436,0.48302,0.48302,0.233309
official_test,WSI_Autoregression,716,Dharashiv,2022-08-01,h1,-1.326715,-1.616578,-0.289863,0.289863,0.084021
official_test,WSI_Autoregression,716,Dharashiv,2022-08-01,h2,-1.357456,-1.174409,0.183047,0.183047,0.033506
official_test,WSI_Autoregression,716,Dharashiv,2022-08-01,h3,-1.057977,-0.879727,0.17825,0.17825,0.031773
official_test,WSI_Autoregression,717,Dharashiv,2022-09-01,h1,-1.357456,-0.898521,0.458935,0.458935,0.210621
official_test,WSI_Autoregression,717,Dharashiv,2022-09-01,h2,-1.057977,-0.653819,0.404159,0.404159,0.163344
official_test,WSI_Autoregression,717,Dharashiv,2022-09-01,h3,-0.976196,-0.575796,0.4004,0.4004,0.16032
official_test,WSI_Autoregression,718,Dharashiv,2022-10-01,h1,-1.057977,-1.039654,0.018323,0.018323,0.000336
official_test,WSI_Autoregression,718,Dharashiv,2022-10-01,h2,-0.976196,-0.906133,0.070063,0.070063,0.004909
official_test,WSI_Autoregression,718,Dharashiv,2022-10-01,h3,-1.156812,-0.667659,0.489152,0.489152,0.23927
official_test,WSI_Autoregression,719,Dharashiv,2022-11-01,h1,-0.976196,-0.929787,0.046409,0.046409,0.002154
official_test,WSI_Autoregression,719,Dharashiv,2022-11-01,h2,-1.156812,-0.674298,0.482514,0.482514,0.232819
official_test,WSI_Autoregression,719,Dharashiv,2022-11-01,h3,-1.063274,-0.446585,0.616689,0.616689,0.380305
official_test,WSI_Autoregression,720,Dharashiv,2022-12-01,h1,-1.156812,-0.704604,0.452208,0.452208,0.204492
official_test,WSI_Autoregression,720,Dharashiv,2022-12-01,h2,-1.063274,-0.47598,0.587294,0.587294,0.344914
official_test,WSI_Autoregression,720,Dharashiv,2022-12-01,h3,-1.160185,-0.424051,0.736134,0.736134,0.541893
official_test,WSI_Autoregression,721,Dharashiv,2023-01-01,h1,-1.063274,-0.842572,0.220702,0.220702,0.04871
official_test,WSI_Autoregression,721,Dharashiv,2023-01-01,h2,-1.160185,-0.747559,0.412625,0.412625,0.17026
official_test,WSI_Autoregression,721,Dharashiv,2023-01-01,h3,-1.195078,-0.616158,0.57892,0.57892,0.335149
official_test,WSI_Autoregression,722,Dharashiv,2023-02-01,h1,-1.160185,-0.925927,0.234257,0.234257,0.054877
official_test,WSI_Autoregression,722,Dharashiv,2023-02-01,h2,-1.195078,-0.765302,0.429776,0.429776,0.184708
official_test,WSI_Autoregression,722,Dharashiv,2023-02-01,h3,-0.678428,-0.598256,0.080171,0.080171,0.006427
official_test,WSI_Autoregression,723,Dharashiv,2023-03-01,h1,-1.195078,-0.986254,0.208825,0.208825,0.043608
official_test,WSI_Autoregression,723,Dharashiv,2023-03-01,h2,-0.678428,-0.777892,-0.099464,0.099464,0.009893
official_test,WSI_Autoregression,723,Dharashiv,2023-03-01,h3,0.030571,-0.605197,-0.635768,0.635768,0.404201
official_test,WSI_Autoregression,724,Dharashiv,2023-04-01,h1,-0.678428,-0.941642,-0.263214,0.263214,0.069282
official_test,WSI_Autoregression,724,Dharashiv,2023-04-01,h2,0.030571,-0.749912,-0.780483,0.780483,0.609153
official_test,WSI_Autoregression,724,Dharashiv,2023-04-01,h3,-0.795612,-0.471799,0.323813,0.323813,0.104855
official_test,WSI_Autoregression,725,Dharashiv,2023-05-01,h1,0.030571,-0.494189,-0.52476,0.52476,0.275373
official_test,WSI_Autoregression,725,Dharashiv,2023-05-01,h2,-0.795612,-0.25819,0.537422,0.537422,0.288822
official_test,WSI_Autoregression,725,Dharashiv,2023-05-01,h3,-0.451253,-0.152173,0.29908,0.29908,0.089449
official_test,WSI_Autoregression,726,Dharashiv,2023-06-01,h1,-0.795612,0.18224,0.977853,0.977853,0.956196
official_test,WSI_Autoregression,726,Dharashiv,2023-06-01,h2,-0.451253,0.23111,0.682362,0.682362,0.465618
official_test,WSI_Autoregression,726,Dharashiv,2023-06-01,h3,-0.124314,0.174401,0.298714,0.298714,0.08923
official_test,WSI_Autoregression,727,Dharashiv,2023-07-01,h1,-0.451253,-0.634627,-0.183374,0.183374,0.033626
official_test,WSI_Autoregression,727,Dharashiv,2023-07-01,h2,-0.124314,-0.552916,-0.428602,0.428602,0.1837
official_test,WSI_Autoregression,727,Dharashiv,2023-07-01,h3,0.484405,-0.259098,-0.743504,0.743504,0.552798
official_test,WSI_Autoregression,728,Dharashiv,2023-08-01,h1,-0.124314,-0.364515,-0.240202,0.240202,0.057697
official_test,WSI_Autoregression,728,Dharashiv,2023-08-01,h2,0.484405,-0.104093,-0.588499,0.588499,0.346331
official_test,WSI_Autoregression,728,Dharashiv,2023-08-01,h3,0.038974,-0.10455,-0.143524,0.143524,0.020599
official_test,WSI_Autoregression,729,Dharashiv,2023-09-01,h1,0.484405,0.126301,-0.358105,0.358105,0.128239
official_test,WSI_Autoregression,729,Dharashiv,2023-09-01,h2,0.038974,0.081612,0.042638,0.042638,0.001818
official_test,WSI_Autoregression,729,Dharashiv,2023-09-01,h3,-0.143573,0.021592,0.165165,0.165165,0.027279
official_test,WSI_Autoregression,730,Dharashiv,2023-10-01,h1,0.038974,0.423505,0.38453,0.38453,0.147864
official_test,WSI_Autoregression,730,Dharashiv,2023-10-01,h2,-0.143573,0.304574,0.448147,0.448147,0.200836
official_test,WSI_Autoregression,730,Dharashiv,2023-10-01,h3,-0.622017,0.274384,0.896401,0.896401,0.803535
official_test,WSI_Autoregression,731,Dharashiv,2023-11-01,h1,-0.143573,-0.045178,0.098395,0.098395,0.009682
official_test,WSI_Autoregression,731,Dharashiv,2023-11-01,h2,-0.622017,-0.008923,0.613095,0.613095,0.375885
official_test,WSI_Autoregression,731,Dharashiv,2023-11-01,h3,-0.520353,0.219418,0.739772,0.739772,0.547262
official_test,WSI_Autoregression,732,Dharashiv,2023-12-01,h1,-0.622017,-0.0998,0.522218,0.522218,0.272711
official_test,WSI_Autoregression,732,Dharashiv,2023-12-01,h2,-0.520353,0.14313,0.663484,0.663484,0.440211
official_test,WSI_Autoregression,732,Dharashiv,2023-12-01,h3,-0.07049,0.143787,0.214277,0.214277,0.045915
official_test,WSI_Autoregression,733,Dharashiv,2024-01-01,h1,-0.520353,-0.293621,0.226733,0.226733,0.051408
official_test,WSI_Autoregression,733,Dharashiv,2024-01-01,h2,-0.07049,-0.236026,-0.165536,0.165536,0.027402
official_test,WSI_Autoregression,733,Dharashiv,2024-01-01,h3,-0.432588,-0.162659,0.269929,0.269929,0.072862
official_test,WSI_Autoregression,734,Dharashiv,2024-02-01,h1,-0.07049,-0.434778,-0.364288,0.364288,0.132705
official_test,WSI_Autoregression,734,Dharashiv,2024-02-01,h2,-0.432588,-0.326061,0.106526,0.106526,0.011348
official_test,WSI_Autoregression,734,Dharashiv,2024-02-01,h3,-0.588232,-0.304754,0.283478,0.283478,0.08036
official_test,WSI_Autoregression,735,Dharashiv,2024-03-01,h1,-0.432588,-0.008482,0.424106,0.424106,0.179866
official_test,WSI_Autoregression,735,Dharashiv,2024-03-01,h2,-0.588232,-0.030036,0.558196,0.558196,0.311583
official_test,WSI_Autoregression,735,Dharashiv,2024-03-01,h3,-1.270592,-0.025693,1.244899,1.244899,1.549774
official_test,WSI_Autoregression,736,Dharashiv,2024-04-01,h1,-0.588232,-0.381961,0.206271,0.206271,0.042548
official_test,WSI_Autoregression,736,Dharashiv,2024-04-01,h2,-1.270592,-0.330803,0.939789,0.939789,0.883204
official_test,WSI_Autoregression,736,Dharashiv,2024-04-01,h3,-2.091565,-0.134542,1.957023,1.957023,3.829939
official_test,WSI_Autoregression,737,Dharashiv,2024-05-01,h1,-1.270592,-0.481136,0.789456,0.789456,0.623241
official_test,WSI_Autoregression,737,Dharashiv,2024-05-01,h2,-2.091565,-0.269958,1.821607,1.821607,3.318251
official_test,WSI_Autoregression,737,Dharashiv,2024-05-01,h3,-1.655419,-0.226772,1.428647,1.428647,2.041032
official_test,WSI_Autoregression,738,Dharashiv,2024-06-01,h1,-2.091565,-0.996499,1.095066,1.095066,1.19917
official_test,WSI_Autoregression,738,Dharashiv,2024-06-01,h2,-1.655419,-0.830715,0.824703,0.824703,0.680135
official_test,WSI_Autoregression,738,Dharashiv,2024-06-01,h3,-0.833192,-0.712161,0.121032,0.121032,0.014649
official_test,WSI_Autoregression,739,Dharashiv,2024-07-01,h1,-1.655419,-1.78539,-0.129971,0.129971,0.016892
official_test,WSI_Autoregression,739,Dharashiv,2024-07-01,h2,-0.833192,-1.522988,-0.689796,0.689796,0.475818
official_test,WSI_Autoregression,739,Dharashiv,2024-07-01,h3,-0.893157,-1.309215,-0.416058,0.416058,0.173104
official_test,WSI_Autoregression,740,Dharashiv,2024-08-01,h1,-0.833192,-1.393921,-0.560728,0.560728,0.314416
official_test,WSI_Autoregression,740,Dharashiv,2024-08-01,h2,-0.893157,-1.201322,-0.308165,0.308165,0.094966
official_test,WSI_Autoregression,740,Dharashiv,2024-08-01,h3,-0.858376,-1.02204,-0.163665,0.163665,0.026786
official_test,WSI_Autoregression,741,Dharashiv,2024-09-01,h1,-0.893157,-0.671786,0.221371,0.221371,0.049005
official_test,WSI_Autoregression,741,Dharashiv,2024-09-01,h2,-0.858376,-0.585612,0.272764,0.272764,0.0744
official_test,WSI_Autoregression,741,Dharashiv,2024-09-01,h3,-1.064045,-0.551726,0.512319,0.512319,0.26247
official_test,WSI_Autoregression,944,Hingoli,2021-01-01,h1,-0.58886,-0.338689,0.25017,0.25017,0.062585
official_test,WSI_Autoregression,944,Hingoli,2021-01-01,h2,-0.574969,-0.320894,0.254075,0.254075,0.064554
official_test,WSI_Autoregression,944,Hingoli,2021-01-01,h3,-0.639672,-0.323516,0.316156,0.316156,0.099955
official_test,WSI_Autoregression,945,Hingoli,2021-02-01,h1,-0.574969,-0.556962,0.018008,0.018008,0.000324
official_test,WSI_Autoregression,945,Hingoli,2021-02-01,h2,-0.639672,-0.5092,0.130472,0.130472,0.017023
official_test,WSI_Autoregression,945,Hingoli,2021-02-01,h3,-0.863956,-0.288022,0.575934,0.575934,0.3317
official_test,WSI_Autoregression,946,Hingoli,2021-03-01,h1,-0.639672,-0.504504,0.135168,0.135168,0.01827
official_test,WSI_Autoregression,946,Hingoli,2021-03-01,h2,-0.863956,-0.291841,0.572115,0.572115,0.327315
official_test,WSI_Autoregression,946,Hingoli,2021-03-01,h3,-1.613695,-0.192201,1.421494,1.421494,2.020644
official_test,WSI_Autoregression,947,Hingoli,2021-04-01,h1,-0.863956,-0.372799,0.491157,0.491157,0.241235
official_test,WSI_Autoregression,947,Hingoli,2021-04-01,h2,-1.613695,-0.274711,1.338984,1.338984,1.792878
official_test,WSI_Autoregression,947,Hingoli,2021-04-01,h3,-0.925624,-0.180805,0.74482,0.74482,0.554757
official_test,WSI_Autoregression,948,Hingoli,2021-05-01,h1,-1.613695,-0.721,0.892695,0.892695,0.796904
official_test,WSI_Autoregression,948,Hingoli,2021-05-01,h2,-0.925624,-0.55032,0.375304,0.375304,0.140853
official_test,WSI_Autoregression,948,Hingoli,2021-05-01,h3,-0.873509,-0.458087,0.415422,0.415422,0.172576
official_test,WSI_Autoregression,949,Hingoli,2021-06-01,h1,-0.925624,-1.36609,-0.440466,0.440466,0.19401
official_test,WSI_Autoregression,949,Hingoli,2021-06-01,h2,-0.873509,-1.132794,-0.259285,0.259285,0.067229
official_test,WSI_Autoregression,949,Hingoli,2021-06-01,h3,-0.840391,-0.786522,0.053869,0.053869,0.002902
official_test,WSI_Autoregression,950,Hingoli,2021-07-01,h1,-0.873509,-0.713704,0.159806,0.159806,0.025538
official_test,WSI_Autoregression,950,Hingoli,2021-07-01,h2,-0.840391,-0.440123,0.400268,0.400268,0.160215
official_test,WSI_Autoregression,950,Hingoli,2021-07-01,h3,-1.552016,-0.329719,1.222298,1.222298,1.494012
official_test,WSI_Autoregression,951,Hingoli,2021-08-01,h1,-0.840391,-0.545954,0.294437,0.294437,0.086693
official_test,WSI_Autoregression,951,Hingoli,2021-08-01,h2,-1.552016,-0.430851,1.121166,1.121166,1.257013
official_test,WSI_Autoregression,951,Hingoli,2021-08-01,h3,-1.345644,-0.29438,1.051264,1.051264,1.105156
official_test,WSI_Autoregression,952,Hingoli,2021-09-01,h1,-1.552016,-0.711819,0.840198,0.840198,0.705932
official_test,WSI_Autoregression,952,Hingoli,2021-09-01,h2,-1.345644,-0.517935,0.827709,0.827709,0.685103
official_test,WSI_Autoregression,952,Hingoli,2021-09-01,h3,-1.110448,-0.330368,0.78008,0.78008,0.608524
official_test,WSI_Autoregression,953,Hingoli,2021-10-01,h1,-1.345644,-1.259176,0.086468,0.086468,0.007477
official_test,WSI_Autoregression,953,Hingoli,2021-10-01,h2,-1.110448,-0.951951,0.158496,0.158496,0.025121
official_test,WSI_Autoregression,953,Hingoli,2021-10-01,h3,-1.119442,-0.711019,0.408422,0.408422,0.166809
official_test,WSI_Autoregression,954,Hingoli,2021-11-01,h1,-1.110448,-1.006792,0.103655,0.103655,0.010744
official_test,WSI_Autoregression,954,Hingoli,2021-11-01,h2,-1.119442,-0.76775,0.351692,0.351692,0.123687
official_test,WSI_Autoregression,954,Hingoli,2021-11-01,h3,-0.947181,-0.745336,0.201845,0.201845,0.040741
official_test,WSI_Autoregression,955,Hingoli,2021-12-01,h1,-1.119442,-0.810252,0.30919,0.30919,0.095598
official_test,WSI_Autoregression,955,Hingoli,2021-12-01,h2,-0.947181,-0.795954,0.151227,0.151227,0.02287
official_test,WSI_Autoregression,955,Hingoli,2021-12-01,h3,-0.42456,-0.666639,-0.242079,0.242079,0.058602
official_test,WSI_Autoregression,956,Hingoli,2022-01-01,h1,-0.947181,-1.078056,-0.130874,0.130874,0.017128
official_test,WSI_Autoregression,956,Hingoli,2022-01-01,h2,-0.42456,-0.895523,-0.470964,0.470964,0.221807
official_test,WSI_Autoregression,956,Hingoli,2022-01-01,h3,-0.450531,-0.657351,-0.20682,0.20682,0.042775
official_test,WSI_Autoregression,957,Hingoli,2022-02-01,h1,-0.42456,-0.777406,-0.352847,0.352847,0.124501
official_test,WSI_Autoregression,957,Hingoli,2022-02-01,h2,-0.450531,-0.555002,-0.104471,0.104471,0.010914
official_test,WSI_Autoregression,957,Hingoli,2022-02-01,h3,-0.567104,-0.370939,0.196165,0.196165,0.038481
official_test,WSI_Autoregression,958,Hingoli,2022-03-01,h1,-0.450531,-0.222962,0.227568,0.227568,0.051787
official_test,WSI_Autoregression,958,Hingoli,2022-03-01,h2,-0.567104,-0.098364,0.46874,0.46874,0.219717
official_test,WSI_Autoregression,958,Hingoli,2022-03-01,h3,-0.288783,-0.082418,0.206366,0.206366,0.042587
official_test,WSI_Autoregression,959,Hingoli,2022-04-01,h1,-0.567104,-0.294814,0.27229,0.27229,0.074142
official_test,WSI_Autoregression,959,Hingoli,2022-04-01,h2,-0.288783,-0.246942,0.041841,0.041841,0.001751
official_test,WSI_Autoregression,959,Hingoli,2022-04-01,h3,-2.072833,-0.202617,1.870216,1.870216,3.497706
official_test,WSI_Autoregression,960,Hingoli,2022-05-01,h1,-0.288783,-0.520725,-0.231942,0.231942,0.053797
official_test,WSI_Autoregression,960,Hingoli,2022-05-01,h2,-2.072833,-0.416432,1.656401,1.656401,2.743664
official_test,WSI_Autoregression,960,Hingoli,2022-05-01,h3,-1.568348,-0.256884,1.311465,1.311465,1.71994
official_test,WSI_Autoregression,961,Hingoli,2022-06-01,h1,-2.072833,-0.178982,1.893851,1.893851,3.586673
official_test,WSI_Autoregression,961,Hingoli,2022-06-01,h2,-1.568348,-0.06661,1.501739,1.501739,2.255219
official_test,WSI_Autoregression,961,Hingoli,2022-06-01,h3,-1.300487,-0.057318,1.24317,1.24317,1.545471
official_test,WSI_Autoregression,962,Hingoli,2022-07-01,h1,-1.568348,-1.731779,-0.16343,0.16343,0.026709
official_test,WSI_Autoregression,962,Hingoli,2022-07-01,h2,-1.300487,-1.468204,-0.167717,0.167717,0.028129
official_test,WSI_Autoregression,962,Hingoli,2022-07-01,h3,-1.419324,-0.959209,0.460115,0.460115,0.211705
official_test,WSI_Autoregression,963,Hingoli,2022-08-01,h1,-1.300487,-1.314473,-0.013986,0.013986,0.000196
official_test,WSI_Autoregression,963,Hingoli,2022-08-01,h2,-1.419324,-0.825103,0.594221,0.594221,0.353098
official_test,WSI_Autoregression,963,Hingoli,2022-08-01,h3,-1.194139,-0.704011,0.490128,0.490128,0.240226
official_test,WSI_Autoregression,964,Hingoli,2022-09-01,h1,-1.419324,-0.820282,0.599041,0.599041,0.35885
official_test,WSI_Autoregression,964,Hingoli,2022-09-01,h2,-1.194139,-0.696642,0.497497,0.497497,0.247503
official_test,WSI_Autoregression,964,Hingoli,2022-09-01,h3,-1.258018,-0.561638,0.696381,0.696381,0.484946
official_test,WSI_Autoregression,965,Hingoli,2022-10-01,h1,-1.194139,-1.201447,-0.007308,0.007308,5.3e-05
official_test,WSI_Autoregression,965,Hingoli,2022-10-01,h2,-1.258018,-0.993562,0.264456,0.264456,0.069937
official_test,WSI_Autoregression,965,Hingoli,2022-10-01,h3,-1.290343,-0.725746,0.564597,0.564597,0.31877
official_test,WSI_Autoregression,966,Hingoli,2022-11-01,h1,-1.258018,-0.979412,0.278607,0.278607,0.077622
official_test,WSI_Autoregression,966,Hingoli,2022-11-01,h2,-1.290343,-0.705443,0.5849,0.5849,0.342108
official_test,WSI_Autoregression,966,Hingoli,2022-11-01,h3,-1.079439,-0.45211,0.627329,0.627329,0.393542
official_test,WSI_Autoregression,967,Hingoli,2022-12-01,h1,-1.290343,-0.936815,0.353528,0.353528,0.124982
official_test,WSI_Autoregression,967,Hingoli,2022-12-01,h2,-1.079439,-0.656555,0.422885,0.422885,0.178831
official_test,WSI_Autoregression,967,Hingoli,2022-12-01,h3,-1.061776,-0.669697,0.392079,0.392079,0.153726
official_test,WSI_Autoregression,968,Hingoli,2023-01-01,h1,-1.079439,-0.940155,0.139284,0.139284,0.0194
official_test,WSI_Autoregression,968,Hingoli,2023-01-01,h2,-1.061776,-0.919885,0.141891,0.141891,0.020133
official_test,WSI_Autoregression,968,Hingoli,2023-01-01,h3,-1.311137,-0.788172,0.522964,0.522964,0.273492
official_test,WSI_Autoregression,969,Hingoli,2023-02-01,h1,-1.061776,-1.029355,0.032422,0.032422,0.001051
official_test,WSI_Autoregression,969,Hingoli,2023-02-01,h2,-1.311137,-0.87682,0.434317,0.434317,0.188631
official_test,WSI_Autoregression,969,Hingoli,2023-02-01,h3,-1.272599,-0.689926,0.582673,0.582673,0.339508
official_test,WSI_Autoregression,970,Hingoli,2023-03-01,h1,-1.311137,-0.907125,0.404011,0.404011,0.163225
official_test,WSI_Autoregression,970,Hingoli,2023-03-01,h2,-1.272599,-0.714948,0.557651,0.557651,0.310974
official_test,WSI_Autoregression,970,Hingoli,2023-03-01,h3,-0.172713,-0.588132,-0.415419,0.415419,0.172573
official_test,WSI_Autoregression,971,Hingoli,2023-04-01,h1,-1.272599,-1.060701,0.211898,0.211898,0.044901
official_test,WSI_Autoregression,971,Hingoli,2023-04-01,h2,-0.172713,-0.883412,-0.710699,0.710699,0.505094
official_test,WSI_Autoregression,971,Hingoli,2023-04-01,h3,-1.498485,-0.512503,0.985982,0.985982,0.972161
official_test,WSI_Autoregression,972,Hingoli,2023-05-01,h1,-0.172713,-1.050263,-0.87755,0.87755,0.770094
official_test,WSI_Autoregression,972,Hingoli,2023-05-01,h2,-1.498485,-0.654553,0.843932,0.843932,0.712221
official_test,WSI_Autoregression,972,Hingoli,2023-05-01,h3,-0.567348,-0.515652,0.051696,0.051696,0.002672
official_test,WSI_Autoregression,973,Hingoli,2023-06-01,h1,-1.498485,0.073533,1.572018,1.572018,2.471241
official_test,WSI_Autoregression,973,Hingoli,2023-06-01,h2,-0.567348,0.117868,0.685217,0.685217,0.469522
official_test,WSI_Autoregression,973,Hingoli,2023-06-01,h3,-0.82369,0.032915,0.856606,0.856606,0.733773
official_test,WSI_Autoregression,974,Hingoli,2023-07-01,h1,-0.567348,-1.245972,-0.678624,0.678624,0.46053
official_test,WSI_Autoregression,974,Hingoli,2023-07-01,h2,-0.82369,-1.12485,-0.301159,0.301159,0.090697
official_test,WSI_Autoregression,974,Hingoli,2023-07-01,h3,-0.356734,-0.669693,-0.31296,0.31296,0.097944
official_test,WSI_Autoregression,975,Hingoli,2023-08-01,h1,-0.82369,-0.510823,0.312867,0.312867,0.097886
official_test,WSI_Autoregression,975,Hingoli,2023-08-01,h2,-0.356734,-0.148154,0.20858,0.20858,0.043505
official_test,WSI_Autoregression,975,Hingoli,2023-08-01,h3,-0.658419,-0.159504,0.498915,0.498915,0.248917
official_test,WSI_Autoregression,976,Hingoli,2023-09-01,h1,-0.356734,-0.409511,-0.052777,0.052777,0.002785
official_test,WSI_Autoregression,976,Hingoli,2023-09-01,h2,-0.658419,-0.388128,0.270292,0.270292,0.073058
official_test,WSI_Autoregression,976,Hingoli,2023-09-01,h3,-1.007658,-0.26546,0.742198,0.742198,0.550858
official_test,WSI_Autoregression,977,Hingoli,2023-10-01,h1,-0.658419,-0.313182,0.345237,0.345237,0.119189
official_test,WSI_Autoregression,977,Hingoli,2023-10-01,h2,-1.007658,-0.209955,0.797702,0.797702,0.636329
official_test,WSI_Autoregression,977,Hingoli,2023-10-01,h3,-1.46656,-0.197069,1.269492,1.269492,1.611609
official_test,WSI_Autoregression,978,Hingoli,2023-11-01,h1,-1.007658,-0.525795,0.481863,0.481863,0.232192
official_test,WSI_Autoregression,978,Hingoli,2023-11-01,h2,-1.46656,-0.449638,1.016923,1.016923,1.034132
official_test,WSI_Autoregression,978,Hingoli,2023-11-01,h3,-1.067525,-0.154531,0.912995,0.912995,0.833559
official_test,WSI_Autoregression,979,Hingoli,2023-12-01,h1,-1.46656,-0.871452,0.595109,0.595109,0.354154
official_test,WSI_Autoregression,979,Hingoli,2023-12-01,h2,-1.067525,-0.51438,0.553145,0.553145,0.305969
official_test,WSI_Autoregression,979,Hingoli,2023-12-01,h3,-0.761897,-0.429996,0.331901,0.331901,0.110158
official_test,WSI_Autoregression,980,Hingoli,2024-01-01,h1,-1.067525,-1.010578,0.056948,0.056948,0.003243
official_test,WSI_Autoregression,980,Hingoli,2024-01-01,h2,-0.761897,-0.859218,-0.097321,0.097321,0.009471
official_test,WSI_Autoregression,980,Hingoli,2024-01-01,h3,-1.023078,-0.604035,0.419043,0.419043,0.175597
official_test,WSI_Autoregression,981,Hingoli,2024-02-01,h1,-0.761897,-0.899399,-0.137502,0.137502,0.018907
official_test,WSI_Autoregression,981,Hingoli,2024-02-01,h2,-1.023078,-0.635489,0.387589,0.387589,0.150225
official_test,WSI_Autoregression,981,Hingoli,2024-02-01,h3,-1.24441,-0.54898,0.69543,0.69543,0.483623
official_test,WSI_Autoregression,982,Hingoli,2024-03-01,h1,-1.023078,-0.516321,0.506757,0.506757,0.256803
official_test,WSI_Autoregression,982,Hingoli,2024-03-01,h2,-1.24441,-0.444399,0.800011,0.800011,0.640018
official_test,WSI_Autoregression,982,Hingoli,2024-03-01,h3,-1.122982,-0.381372,0.74161,0.74161,0.549985
official_test,WSI_Autoregression,983,Hingoli,2024-04-01,h1,-1.24441,-0.883736,0.360674,0.360674,0.130086
official_test,WSI_Autoregression,983,Hingoli,2024-04-01,h2,-1.122982,-0.752224,0.370758,0.370758,0.137462
official_test,WSI_Autoregression,983,Hingoli,2024-04-01,h3,-1.306816,-0.414247,0.892568,0.892568,0.796678
official_test,WSI_Autoregression,984,Hingoli,2024-05-01,h1,-1.122982,-1.02401,0.098972,0.098972,0.009796
official_test,WSI_Autoregression,984,Hingoli,2024-05-01,h2,-1.306816,-0.656279,0.650536,0.650536,0.423197
official_test,WSI_Autoregression,984,Hingoli,2024-05-01,h3,-1.685414,-0.564306,1.121109,1.121109,1.256885
official_test,WSI_Autoregression,985,Hingoli,2024-06-01,h1,-1.306816,-0.77725,0.529565,0.529565,0.28044
official_test,WSI_Autoregression,985,Hingoli,2024-06-01,h2,-1.685414,-0.656441,1.028974,1.028974,1.058787
official_test,WSI_Autoregression,985,Hingoli,2024-06-01,h3,-1.091652,-0.590565,0.501088,0.501088,0.251089
official_test,WSI_Autoregression,986,Hingoli,2024-07-01,h1,-1.685414,-1.080136,0.605278,0.605278,0.366362
official_test,WSI_Autoregression,986,Hingoli,2024-07-01,h2,-1.091652,-0.960831,0.130821,0.130821,0.017114
official_test,WSI_Autoregression,986,Hingoli,2024-07-01,h3,-1.101871,-0.800304,0.301567,0.301567,0.090943
official_test,WSI_Autoregression,987,Hingoli,2024-08-01,h1,-1.091652,-1.512224,-0.420571,0.420571,0.17688
official_test,WSI_Autoregression,987,Hingoli,2024-08-01,h2,-1.101871,-1.25475,-0.152879,0.152879,0.023372
official_test,WSI_Autoregression,987,Hingoli,2024-08-01,h3,-1.146379,-0.906684,0.239695,0.239695,0.057454
official_test,WSI_Autoregression,988,Hingoli,2024-09-01,h1,-1.101871,-0.85372,0.248151,0.248151,0.061579
official_test,WSI_Autoregression,988,Hingoli,2024-09-01,h2,-1.146379,-0.576483,0.569896,0.569896,0.324781
official_test,WSI_Autoregression,988,Hingoli,2024-09-01,h3,-1.219497,-0.484903,0.734594,0.734594,0.539628
official_test,WSI_Autoregression,1191,Jalna,2021-01-01,h1,-1.084933,-0.750057,0.334875,0.334875,0.112141
official_test,WSI_Autoregression,1191,Jalna,2021-01-01,h2,-0.77881,-0.647897,0.130912,0.130912,0.017138
official_test,WSI_Autoregression,1191,Jalna,2021-01-01,h3,-0.892222,-0.558325,0.333897,0.333897,0.111487
official_test,WSI_Autoregression,1192,Jalna,2021-02-01,h1,-0.77881,-0.950952,-0.172142,0.172142,0.029633
official_test,WSI_Autoregression,1192,Jalna,2021-02-01,h2,-0.892222,-0.806749,0.085473,0.085473,0.007306
official_test,WSI_Autoregression,1192,Jalna,2021-02-01,h3,-1.313019,-0.596676,0.716343,0.716343,0.513147
official_test,WSI_Autoregression,1193,Jalna,2021-03-01,h1,-0.892222,-0.61921,0.273013,0.273013,0.074536
official_test,WSI_Autoregression,1193,Jalna,2021-03-01,h2,-1.313019,-0.451316,0.861703,0.861703,0.742532
official_test,WSI_Autoregression,1193,Jalna,2021-03-01,h3,-1.321961,-0.354112,0.967849,0.967849,0.936731
official_test,WSI_Autoregression,1194,Jalna,2021-04-01,h1,-1.313019,-0.662466,0.650553,0.650553,0.423219
official_test,WSI_Autoregression,1194,Jalna,2021-04-01,h2,-1.321961,-0.541682,0.780279,0.780279,0.608835
official_test,WSI_Autoregression,1194,Jalna,2021-04-01,h3,-0.957447,-0.379647,0.5778,0.5778,0.333853
official_test,WSI_Autoregression,1195,Jalna,2021-05-01,h1,-1.321961,-1.142449,0.179512,0.179512,0.032225
official_test,WSI_Autoregression,1195,Jalna,2021-05-01,h2,-0.957447,-0.873834,0.083613,0.083613,0.006991
official_test,WSI_Autoregression,1195,Jalna,2021-05-01,h3,-0.583822,-0.64643,-0.062607,0.062607,0.00392
official_test,WSI_Autoregression,1196,Jalna,2021-06-01,h1,-0.957447,-1.043407,-0.08596,0.08596,0.007389
official_test,WSI_Autoregression,1196,Jalna,2021-06-01,h2,-0.583822,-0.781515,-0.197693,0.197693,0.039082
official_test,WSI_Autoregression,1196,Jalna,2021-06-01,h3,-1.388171,-0.545889,0.842282,0.842282,0.709439
official_test,WSI_Autoregression,1197,Jalna,2021-07-01,h1,-0.583822,-0.675726,-0.091904,0.091904,0.008446
official_test,WSI_Autoregression,1197,Jalna,2021-07-01,h2,-1.388171,-0.465611,0.922559,0.922559,0.851116
official_test,WSI_Autoregression,1197,Jalna,2021-07-01,h3,-1.893021,-0.334486,1.558534,1.558534,2.429029
official_test,WSI_Autoregression,1198,Jalna,2021-08-01,h1,-1.388171,-0.37014,1.01803,1.01803,1.036386
official_test,WSI_Autoregression,1198,Jalna,2021-08-01,h2,-1.893021,-0.254277,1.638744,1.638744,2.685482
official_test,WSI_Autoregression,1198,Jalna,2021-08-01,h3,-1.659952,-0.135257,1.524695,1.524695,2.324695
official_test,WSI_Autoregression,1199,Jalna,2021-09-01,h1,-1.893021,-1.16932,0.723701,0.723701,0.523743
official_test,WSI_Autoregression,1199,Jalna,2021-09-01,h2,-1.659952,-0.896706,0.763246,0.763246,0.582544
official_test,WSI_Autoregression,1199,Jalna,2021-09-01,h3,-1.415569,-0.546016,0.869553,0.869553,0.756123
official_test,WSI_Autoregression,1200,Jalna,2021-10-01,h1,-1.659952,-1.52253,0.137422,0.137422,0.018885
official_test,WSI_Autoregression,1200,Jalna,2021-10-01,h2,-1.415569,-1.07752,0.338049,0.338049,0.114277
official_test,WSI_Autoregression,1200,Jalna,2021-10-01,h3,-1.551115,-0.872366,0.678749,0.678749,0.460701
official_test,WSI_Autoregression,1201,Jalna,2021-11-01,h1,-1.415569,-1.166623,0.248947,0.248947,0.061974
official_test,WSI_Autoregression,1201,Jalna,2021-11-01,h2,-1.551115,-0.959604,0.591511,0.591511,0.349885
official_test,WSI_Autoregression,1201,Jalna,2021-11-01,h3,-1.687502,-0.844061,0.843441,0.843441,0.711393
official_test,WSI_Autoregression,1202,Jalna,2021-12-01,h1,-1.551115,-1.146105,0.40501,0.40501,0.164033
official_test,WSI_Autoregression,1202,Jalna,2021-12-01,h2,-1.687502,-1.009043,0.678459,0.678459,0.460307
official_test,WSI_Autoregression,1202,Jalna,2021-12-01,h3,-1.025407,-0.831064,0.194343,0.194343,0.037769
official_test,WSI_Autoregression,1203,Jalna,2022-01-01,h1,-1.687502,-1.37707,0.310433,0.310433,0.096368
official_test,WSI_Autoregression,1203,Jalna,2022-01-01,h2,-1.025407,-1.130374,-0.104967,0.104967,0.011018
official_test,WSI_Autoregression,1203,Jalna,2022-01-01,h3,-0.852789,-0.756912,0.095876,0.095876,0.009192
official_test,WSI_Autoregression,1204,Jalna,2022-02-01,h1,-1.025407,-1.384433,-0.359026,0.359026,0.1289
official_test,WSI_Autoregression,1204,Jalna,2022-02-01,h2,-0.852789,-0.976619,-0.12383,0.12383,0.015334
official_test,WSI_Autoregression,1204,Jalna,2022-02-01,h3,-0.475177,-0.718566,-0.243389,0.243389,0.059238
official_test,WSI_Autoregression,1205,Jalna,2022-03-01,h1,-0.852789,-0.63229,0.220499,0.220499,0.04862
official_test,WSI_Autoregression,1205,Jalna,2022-03-01,h2,-0.475177,-0.438225,0.036952,0.036952,0.001365
official_test,WSI_Autoregression,1205,Jalna,2022-03-01,h3,-0.555113,-0.457457,0.097656,0.097656,0.009537
official_test,WSI_Autoregression,1206,Jalna,2022-04-01,h1,-0.475177,-0.634759,-0.159582,0.159582,0.025466
official_test,WSI_Autoregression,1206,Jalna,2022-04-01,h2,-0.555113,-0.618311,-0.063198,0.063198,0.003994
official_test,WSI_Autoregression,1206,Jalna,2022-04-01,h3,-1.813084,-0.498773,1.314311,1.314311,1.727413
official_test,WSI_Autoregression,1207,Jalna,2022-05-01,h1,-0.555113,-0.482752,0.072361,0.072361,0.005236
official_test,WSI_Autoregression,1207,Jalna,2022-05-01,h2,-1.813084,-0.375192,1.437893,1.437893,2.067536
official_test,WSI_Autoregression,1207,Jalna,2022-05-01,h3,-1.687787,-0.267334,1.420452,1.420452,2.017685
official_test,WSI_Autoregression,1208,Jalna,2022-06-01,h1,-1.813084,-0.41933,1.393755,1.393755,1.942552
official_test,WSI_Autoregression,1208,Jalna,2022-06-01,h2,-1.687787,-0.310956,1.376831,1.376831,1.895662
official_test,WSI_Autoregression,1208,Jalna,2022-06-01,h3,-1.693944,-0.123286,1.570658,1.570658,2.466966
official_test,WSI_Autoregression,1209,Jalna,2022-07-01,h1,-1.687787,-1.516534,0.171252,0.171252,0.029327
official_test,WSI_Autoregression,1209,Jalna,2022-07-01,h2,-1.693944,-1.151399,0.542544,0.542544,0.294354
official_test,WSI_Autoregression,1209,Jalna,2022-07-01,h3,-1.874008,-0.780792,1.093215,1.093215,1.19512
official_test,WSI_Autoregression,1210,Jalna,2022-08-01,h1,-1.693944,-1.321441,0.372503,0.372503,0.138758
official_test,WSI_Autoregression,1210,Jalna,2022-08-01,h2,-1.874008,-0.912088,0.96192,0.96192,0.925289
official_test,WSI_Autoregression,1210,Jalna,2022-08-01,h3,-1.489064,-0.732982,0.756082,0.756082,0.571661
official_test,WSI_Autoregression,1211,Jalna,2022-09-01,h1,-1.874008,-1.243822,0.630186,0.630186,0.397134
official_test,WSI_Autoregression,1211,Jalna,2022-09-01,h2,-1.489064,-1.010122,0.478943,0.478943,0.229386
official_test,WSI_Autoregression,1211,Jalna,2022-09-01,h3,-1.371654,-0.783753,0.587902,0.587902,0.345628
official_test,WSI_Autoregression,1212,Jalna,2022-10-01,h1,-1.489064,-1.543329,-0.054265,0.054265,0.002945
official_test,WSI_Autoregression,1212,Jalna,2022-10-01,h2,-1.371654,-1.237455,0.134199,0.134199,0.018009
official_test,WSI_Autoregression,1212,Jalna,2022-10-01,h3,-1.557353,-0.856636,0.700717,0.700717,0.491005
official_test,WSI_Autoregression,1213,Jalna,2022-11-01,h1,-1.371654,-1.16965,0.202005,0.202005,0.040806
official_test,WSI_Autoregression,1213,Jalna,2022-11-01,h2,-1.557353,-0.797489,0.759865,0.759865,0.577394
official_test,WSI_Autoregression,1213,Jalna,2022-11-01,h3,-1.532346,-0.528023,1.004323,1.004323,1.008664
official_test,WSI_Autoregression,1214,Jalna,2022-12-01,h1,-1.557353,-0.957374,0.59998,0.59998,0.359976
official_test,WSI_Autoregression,1214,Jalna,2022-12-01,h2,-1.532346,-0.670588,0.861757,0.861757,0.742626
official_test,WSI_Autoregression,1214,Jalna,2022-12-01,h3,-1.57631,-0.62024,0.956069,0.956069,0.914068
official_test,WSI_Autoregression,1215,Jalna,2023-01-01,h1,-1.532346,-1.186588,0.345758,0.345758,0.119548
official_test,WSI_Autoregression,1215,Jalna,2023-01-01,h2,-1.57631,-1.058583,0.517727,0.517727,0.268041
official_test,WSI_Autoregression,1215,Jalna,2023-01-01,h3,-1.695428,-0.844562,0.850866,0.850866,0.723973
official_test,WSI_Autoregression,1216,Jalna,2023-02-01,h1,-1.57631,-1.340785,0.235525,0.235525,0.055472
official_test,WSI_Autoregression,1216,Jalna,2023-02-01,h2,-1.695428,-1.083967,0.611461,0.611461,0.373884
official_test,WSI_Autoregression,1216,Jalna,2023-02-01,h3,-1.086681,-0.890758,0.195923,0.195923,0.038386
official_test,WSI_Autoregression,1217,Jalna,2023-03-01,h1,-1.695428,-1.277656,0.417772,0.417772,0.174534
official_test,WSI_Autoregression,1217,Jalna,2023-03-01,h2,-1.086681,-1.060401,0.02628,0.02628,0.000691
official_test,WSI_Autoregression,1217,Jalna,2023-03-01,h3,-0.162401,-0.875766,-0.713365,0.713365,0.50889
official_test,WSI_Autoregression,1218,Jalna,2023-04-01,h1,-1.086681,-1.398882,-0.312201,0.312201,0.09747
official_test,WSI_Autoregression,1218,Jalna,2023-04-01,h2,-0.162401,-1.170298,-1.007897,1.007897,1.015856
official_test,WSI_Autoregression,1218,Jalna,2023-04-01,h3,-0.50462,-0.807057,-0.302437,0.302437,0.091468
official_test,WSI_Autoregression,1219,Jalna,2023-05-01,h1,-0.162401,-0.886527,-0.724126,0.724126,0.524359
official_test,WSI_Autoregression,1219,Jalna,2023-05-01,h2,-0.50462,-0.563047,-0.058427,0.058427,0.003414
official_test,WSI_Autoregression,1219,Jalna,2023-05-01,h3,-0.466112,-0.428476,0.037636,0.037636,0.001416
official_test,WSI_Autoregression,1220,Jalna,2023-06-01,h1,-0.50462,0.049756,0.554377,0.554377,0.307333
official_test,WSI_Autoregression,1220,Jalna,2023-06-01,h2,-0.466112,0.100919,0.567031,0.567031,0.321524
official_test,WSI_Autoregression,1220,Jalna,2023-06-01,h3,-0.227014,0.102552,0.329566,0.329566,0.108614
official_test,WSI_Autoregression,1221,Jalna,2023-07-01,h1,-0.466112,-0.37097,0.095142,0.095142,0.009052
official_test,WSI_Autoregression,1221,Jalna,2023-07-01,h2,-0.227014,-0.298256,-0.071242,0.071242,0.005075
official_test,WSI_Autoregression,1221,Jalna,2023-07-01,h3,0.167087,-0.060262,-0.227348,0.227348,0.051687
official_test,WSI_Autoregression,1222,Jalna,2023-08-01,h1,-0.227014,-0.379307,-0.152293,0.152293,0.023193
official_test,WSI_Autoregression,1222,Jalna,2023-08-01,h2,0.167087,-0.123526,-0.290613,0.290613,0.084456
official_test,WSI_Autoregression,1222,Jalna,2023-08-01,h3,-0.01928,-0.040896,-0.021616,0.021616,0.000467
official_test,WSI_Autoregression,1223,Jalna,2023-09-01,h1,0.167087,0.022291,-0.144796,0.144796,0.020966
official_test,WSI_Autoregression,1223,Jalna,2023-09-01,h2,-0.01928,0.077181,0.096461,0.096461,0.009305
official_test,WSI_Autoregression,1223,Jalna,2023-09-01,h3,-0.555578,0.039549,0.595127,0.595127,0.354176
official_test,WSI_Autoregression,1224,Jalna,2023-10-01,h1,-0.01928,0.239336,0.258616,0.258616,0.066882
official_test,WSI_Autoregression,1224,Jalna,2023-10-01,h2,-0.555578,0.166223,0.721801,0.721801,0.520996
official_test,WSI_Autoregression,1224,Jalna,2023-10-01,h3,-1.443007,0.174718,1.617725,1.617725,2.617035
official_test,WSI_Autoregression,1225,Jalna,2023-11-01,h1,-0.555578,-0.063035,0.492543,0.492543,0.242599
official_test,WSI_Autoregression,1225,Jalna,2023-11-01,h2,-1.443007,-0.009922,1.433085,1.433085,2.053734
official_test,WSI_Autoregression,1225,Jalna,2023-11-01,h3,-1.111587,0.204932,1.316519,1.316519,1.733221
official_test,WSI_Autoregression,1226,Jalna,2023-12-01,h1,-1.443007,-0.452216,0.990791,0.990791,0.981667
official_test,WSI_Autoregression,1226,Jalna,2023-12-01,h2,-1.111587,-0.164185,0.947402,0.947402,0.89757
official_test,WSI_Autoregression,1226,Jalna,2023-12-01,h3,-0.727681,0.010052,0.737733,0.737733,0.54425
official_test,WSI_Autoregression,1227,Jalna,2024-01-01,h1,-1.111587,-1.019282,0.092304,0.092304,0.00852
official_test,WSI_Autoregression,1227,Jalna,2024-01-01,h2,-0.727681,-0.720749,0.006932,0.006932,4.8e-05
official_test,WSI_Autoregression,1227,Jalna,2024-01-01,h3,-0.756189,-0.486852,0.269338,0.269338,0.072543
official_test,WSI_Autoregression,1228,Jalna,2024-02-01,h1,-0.727681,-0.785416,-0.057735,0.057735,0.003333
official_test,WSI_Autoregression,1228,Jalna,2024-02-01,h2,-0.756189,-0.543102,0.213087,0.213087,0.045406
official_test,WSI_Autoregression,1228,Jalna,2024-02-01,h3,-0.53955,-0.519384,0.020166,0.020166,0.000407
official_test,WSI_Autoregression,1229,Jalna,2024-03-01,h1,-0.756189,-0.488938,0.267252,0.267252,0.071423
official_test,WSI_Autoregression,1229,Jalna,2024-03-01,h2,-0.53955,-0.47013,0.06942,0.06942,0.004819
official_test,WSI_Autoregression,1229,Jalna,2024-03-01,h3,-0.622275,-0.410538,0.211737,0.211737,0.044833
official_test,WSI_Autoregression,1230,Jalna,2024-04-01,h1,-0.53955,-0.681541,-0.141991,0.141991,0.020161
official_test,WSI_Autoregression,1230,Jalna,2024-04-01,h2,-0.622275,-0.593756,0.028518,0.028518,0.000813
official_test,WSI_Autoregression,1230,Jalna,2024-04-01,h3,-0.293043,-0.370927,-0.077883,0.077883,0.006066
official_test,WSI_Autoregression,1231,Jalna,2024-05-01,h1,-0.622275,-0.428133,0.194142,0.194142,0.037691
official_test,WSI_Autoregression,1231,Jalna,2024-05-01,h2,-0.293043,-0.24177,0.051273,0.051273,0.002629
official_test,WSI_Autoregression,1231,Jalna,2024-05-01,h3,-1.813465,-0.195303,1.618163,1.618163,2.61845
official_test,WSI_Autoregression,1232,Jalna,2024-06-01,h1,-0.293043,-0.413379,-0.120335,0.120335,0.014481
official_test,WSI_Autoregression,1232,Jalna,2024-06-01,h2,-1.813465,-0.342903,1.470562,1.470562,2.162553
official_test,WSI_Autoregression,1232,Jalna,2024-06-01,h3,-1.240877,-0.385415,0.855462,0.855462,0.731815
official_test,WSI_Autoregression,1233,Jalna,2024-07-01,h1,-1.813465,-0.229076,1.584389,1.584389,2.510289
official_test,WSI_Autoregression,1233,Jalna,2024-07-01,h2,-1.240877,-0.28999,0.950887,0.950887,0.904186
official_test,WSI_Autoregression,1233,Jalna,2024-07-01,h3,-1.216326,-0.345132,0.871194,0.871194,0.758979
official_test,WSI_Autoregression,1234,Jalna,2024-08-01,h1,-1.240877,-1.700534,-0.459658,0.459658,0.211285
official_test,WSI_Autoregression,1234,Jalna,2024-08-01,h2,-1.216326,-1.529525,-0.3132,0.3132,0.098094
official_test,WSI_Autoregression,1234,Jalna,2024-08-01,h3,-1.331815,-1.076822,0.254993,0.254993,0.065021
official_test,WSI_Autoregression,1235,Jalna,2024-09-01,h1,-1.216326,-1.106519,0.109807,0.109807,0.012058
official_test,WSI_Autoregression,1235,Jalna,2024-09-01,h2,-1.331815,-0.724196,0.607619,0.607619,0.3692
official_test,WSI_Autoregression,1235,Jalna,2024-09-01,h3,-1.465196,-0.660354,0.804842,0.804842,0.64777
official_test,WSI_Autoregression,1438,Latur,2021-01-01,h1,-0.473082,-0.349283,0.123799,0.123799,0.015326
official_test,WSI_Autoregression,1438,Latur,2021-01-01,h2,-0.388585,-0.501591,-0.113006,0.113006,0.01277
official_test,WSI_Autoregression,1438,Latur,2021-01-01,h3,-0.725314,-0.477595,0.247719,0.247719,0.061365
official_test,WSI_Autoregression,1439,Latur,2021-02-01,h1,-0.388585,-0.62349,-0.234905,0.234905,0.05518
official_test,WSI_Autoregression,1439,Latur,2021-02-01,h2,-0.725314,-0.566191,0.159123,0.159123,0.02532
official_test,WSI_Autoregression,1439,Latur,2021-02-01,h3,-0.829665,-0.328028,0.501637,0.501637,0.25164
official_test,WSI_Autoregression,1440,Latur,2021-03-01,h1,-0.725314,-0.357677,0.367637,0.367637,0.135157
official_test,WSI_Autoregression,1440,Latur,2021-03-01,h2,-0.829665,-0.152685,0.676981,0.676981,0.458303
official_test,WSI_Autoregression,1440,Latur,2021-03-01,h3,-1.327054,-0.077648,1.249406,1.249406,1.561015
official_test,WSI_Autoregression,1441,Latur,2021-04-01,h1,-0.829665,-0.46427,0.365395,0.365395,0.133514
official_test,WSI_Autoregression,1441,Latur,2021-04-01,h2,-1.327054,-0.34825,0.978805,0.978805,0.958058
official_test,WSI_Autoregression,1441,Latur,2021-04-01,h3,-0.942042,-0.166345,0.775698,0.775698,0.601707
official_test,WSI_Autoregression,1442,Latur,2021-05-01,h1,-1.327054,-0.674267,0.652787,0.652787,0.426131
official_test,WSI_Autoregression,1442,Latur,2021-05-01,h2,-0.942042,-0.435024,0.507019,0.507019,0.257068
official_test,WSI_Autoregression,1442,Latur,2021-05-01,h3,-1.242447,-0.397789,0.844658,0.844658,0.713446
official_test,WSI_Autoregression,1443,Latur,2021-06-01,h1,-0.942042,-1.064058,-0.122016,0.122016,0.014888
official_test,WSI_Autoregression,1443,Latur,2021-06-01,h2,-1.242447,-0.907625,0.334822,0.334822,0.112106
official_test,WSI_Autoregression,1443,Latur,2021-06-01,h3,-1.074094,-0.694794,0.3793,0.3793,0.143868
official_test,WSI_Autoregression,1444,Latur,2021-07-01,h1,-1.242447,-0.752108,0.490338,0.490338,0.240432
official_test,WSI_Autoregression,1444,Latur,2021-07-01,h2,-1.074094,-0.578417,0.495677,0.495677,0.245696
official_test,WSI_Autoregression,1444,Latur,2021-07-01,h3,-1.267526,-0.461632,0.805894,0.805894,0.649466
official_test,WSI_Autoregression,1445,Latur,2021-08-01,h1,-1.074094,-0.977717,0.096377,0.096377,0.009289
official_test,WSI_Autoregression,1445,Latur,2021-08-01,h2,-1.267526,-0.808468,0.459058,0.459058,0.210734
official_test,WSI_Autoregression,1445,Latur,2021-08-01,h3,-1.35856,-0.564908,0.793652,0.793652,0.629883
official_test,WSI_Autoregression,1446,Latur,2021-09-01,h1,-1.267526,-0.904537,0.362989,0.362989,0.131761
official_test,WSI_Autoregression,1446,Latur,2021-09-01,h2,-1.35856,-0.638268,0.720292,0.720292,0.518821
official_test,WSI_Autoregression,1446,Latur,2021-09-01,h3,-1.277225,-0.523725,0.753501,0.753501,0.567763
official_test,WSI_Autoregression,1447,Latur,2021-10-01,h1,-1.35856,-0.959461,0.3991,0.3991,0.15928
official_test,WSI_Autoregression,1447,Latur,2021-10-01,h2,-1.277225,-0.792328,0.484898,0.484898,0.235126
official_test,WSI_Autoregression,1447,Latur,2021-10-01,h3,-1.508318,-0.627685,0.880633,0.880633,0.775515
official_test,WSI_Autoregression,1448,Latur,2021-11-01,h1,-1.277225,-1.128769,0.148456,0.148456,0.022039
official_test,WSI_Autoregression,1448,Latur,2021-11-01,h2,-1.508318,-0.916975,0.591343,0.591343,0.349687
official_test,WSI_Autoregression,1448,Latur,2021-11-01,h3,-1.086189,-0.790917,0.295272,0.295272,0.087186
official_test,WSI_Autoregression,1449,Latur,2021-12-01,h1,-1.508318,-1.029438,0.478881,0.478881,0.229327
official_test,WSI_Autoregression,1449,Latur,2021-12-01,h2,-1.086189,-0.88894,0.197249,0.197249,0.038907
official_test,WSI_Autoregression,1449,Latur,2021-12-01,h3,-0.807308,-0.723674,0.083634,0.083634,0.006995
official_test,WSI_Autoregression,1450,Latur,2022-01-01,h1,-1.086189,-1.308062,-0.221873,0.221873,0.049228
official_test,WSI_Autoregression,1450,Latur,2022-01-01,h2,-0.807308,-1.077103,-0.269795,0.269795,0.072789
official_test,WSI_Autoregression,1450,Latur,2022-01-01,h3,-1.051906,-0.836155,0.215751,0.215751,0.046549
official_test,WSI_Autoregression,1451,Latur,2022-02-01,h1,-0.807308,-0.86725,-0.059942,0.059942,0.003593
official_test,WSI_Autoregression,1451,Latur,2022-02-01,h2,-1.051906,-0.660911,0.390995,0.390995,0.152877
official_test,WSI_Autoregression,1451,Latur,2022-02-01,h3,-1.102535,-0.541733,0.560802,0.560802,0.314499
official_test,WSI_Autoregression,1452,Latur,2022-03-01,h1,-1.051906,-0.608075,0.443831,0.443831,0.196986
official_test,WSI_Autoregression,1452,Latur,2022-03-01,h2,-1.102535,-0.494412,0.608123,0.608123,0.369814
official_test,WSI_Autoregression,1452,Latur,2022-03-01,h3,-1.009426,-0.347184,0.662241,0.662241,0.438563
official_test,WSI_Autoregression,1453,Latur,2022-04-01,h1,-1.102535,-0.884165,0.21837,0.21837,0.047686
official_test,WSI_Autoregression,1453,Latur,2022-04-01,h2,-1.009426,-0.67406,0.335366,0.335366,0.11247
official_test,WSI_Autoregression,1453,Latur,2022-04-01,h3,-1.794731,-0.502041,1.29269,1.29269,1.671048
official_test,WSI_Autoregression,1454,Latur,2022-05-01,h1,-1.009426,-0.880171,0.129255,0.129255,0.016707
official_test,WSI_Autoregression,1454,Latur,2022-05-01,h2,-1.794731,-0.667634,1.127097,1.127097,1.270348
official_test,WSI_Autoregression,1454,Latur,2022-05-01,h3,-1.899216,-0.465807,1.433408,1.433408,2.05466
official_test,WSI_Autoregression,1455,Latur,2022-06-01,h1,-1.794731,-0.753214,1.041517,1.041517,1.084758
official_test,WSI_Autoregression,1455,Latur,2022-06-01,h2,-1.899216,-0.547312,1.351904,1.351904,1.827645
official_test,WSI_Autoregression,1455,Latur,2022-06-01,h3,-1.5984,-0.471382,1.127019,1.127019,1.270171
official_test,WSI_Autoregression,1456,Latur,2022-07-01,h1,-1.899216,-1.470198,0.429017,0.429017,0.184056
official_test,WSI_Autoregression,1456,Latur,2022-07-01,h2,-1.5984,-1.247996,0.350405,0.350405,0.122783
official_test,WSI_Autoregression,1456,Latur,2022-07-01,h3,-1.468791,-0.881439,0.587352,0.587352,0.344983
official_test,WSI_Autoregression,1457,Latur,2022-08-01,h1,-1.5984,-1.61729,-0.01889,0.01889,0.000357
official_test,WSI_Autoregression,1457,Latur,2022-08-01,h2,-1.468791,-1.189985,0.278806,0.278806,0.077733
official_test,WSI_Autoregression,1457,Latur,2022-08-01,h3,-1.200625,-0.885116,0.31551,0.31551,0.099546
official_test,WSI_Autoregression,1458,Latur,2022-09-01,h1,-1.468791,-1.161566,0.307225,0.307225,0.094387
official_test,WSI_Autoregression,1458,Latur,2022-09-01,h2,-1.200625,-0.864133,0.336492,0.336492,0.113227
official_test,WSI_Autoregression,1458,Latur,2022-09-01,h3,-1.236884,-0.708817,0.528066,0.528066,0.278854
official_test,WSI_Autoregression,1459,Latur,2022-10-01,h1,-1.200625,-1.115408,0.085218,0.085218,0.007262
official_test,WSI_Autoregression,1459,Latur,2022-10-01,h2,-1.236884,-0.925749,0.311134,0.311134,0.096804
official_test,WSI_Autoregression,1459,Latur,2022-10-01,h3,-1.348149,-0.690561,0.657588,0.657588,0.432422
official_test,WSI_Autoregression,1460,Latur,2022-11-01,h1,-1.236884,-0.992108,0.244775,0.244775,0.059915
official_test,WSI_Autoregression,1460,Latur,2022-11-01,h2,-1.348149,-0.740894,0.607255,0.607255,0.368758
official_test,WSI_Autoregression,1460,Latur,2022-11-01,h3,-1.074304,-0.538032,0.536272,0.536272,0.287588
official_test,WSI_Autoregression,1461,Latur,2022-12-01,h1,-1.348149,-0.95721,0.390939,0.390939,0.152834
official_test,WSI_Autoregression,1461,Latur,2022-12-01,h2,-1.074304,-0.719479,0.354825,0.354825,0.125901
official_test,WSI_Autoregression,1461,Latur,2022-12-01,h3,-1.272316,-0.586536,0.685781,0.685781,0.470295
official_test,WSI_Autoregression,1462,Latur,2023-01-01,h1,-1.074304,-1.030056,0.044248,0.044248,0.001958
official_test,WSI_Autoregression,1462,Latur,2023-01-01,h2,-1.272316,-0.861271,0.411045,0.411045,0.168958
official_test,WSI_Autoregression,1462,Latur,2023-01-01,h3,-1.215608,-0.692312,0.523296,0.523296,0.273839
official_test,WSI_Autoregression,1463,Latur,2023-02-01,h1,-1.272316,-0.880899,0.391418,0.391418,0.153208
official_test,WSI_Autoregression,1463,Latur,2023-02-01,h2,-1.215608,-0.710524,0.505083,0.505083,0.255109
official_test,WSI_Autoregression,1463,Latur,2023-02-01,h3,-0.807146,-0.568987,0.238158,0.238158,0.056719
official_test,WSI_Autoregression,1464,Latur,2023-03-01,h1,-1.215608,-1.062162,0.153446,0.153446,0.023546
official_test,WSI_Autoregression,1464,Latur,2023-03-01,h2,-0.807146,-0.861318,-0.054172,0.054172,0.002935
official_test,WSI_Autoregression,1464,Latur,2023-03-01,h3,-0.304694,-0.633411,-0.328717,0.328717,0.108055
official_test,WSI_Autoregression,1465,Latur,2023-04-01,h1,-0.807146,-0.98712,-0.179974,0.179974,0.032391
official_test,WSI_Autoregression,1465,Latur,2023-04-01,h2,-0.304694,-0.739831,-0.435137,0.435137,0.189344
official_test,WSI_Autoregression,1465,Latur,2023-04-01,h3,-0.923662,-0.466786,0.456876,0.456876,0.208736
official_test,WSI_Autoregression,1466,Latur,2023-05-01,h1,-0.304694,-0.559873,-0.255179,0.255179,0.065116
official_test,WSI_Autoregression,1466,Latur,2023-05-01,h2,-0.923662,-0.317903,0.60576,0.60576,0.366945
official_test,WSI_Autoregression,1466,Latur,2023-05-01,h3,-0.656814,-0.20261,0.454204,0.454204,0.206301
official_test,WSI_Autoregression,1467,Latur,2023-06-01,h1,-0.923662,-0.102323,0.821339,0.821339,0.674598
official_test,WSI_Autoregression,1467,Latur,2023-06-01,h2,-0.656814,-0.014447,0.642368,0.642368,0.412636
official_test,WSI_Autoregression,1467,Latur,2023-06-01,h3,-0.221499,0.005006,0.226505,0.226505,0.051305
official_test,WSI_Autoregression,1468,Latur,2023-07-01,h1,-0.656814,-0.738819,-0.082004,0.082004,0.006725
official_test,WSI_Autoregression,1468,Latur,2023-07-01,h2,-0.221499,-0.602076,-0.380577,0.380577,0.144839
official_test,WSI_Autoregression,1468,Latur,2023-07-01,h3,0.399457,-0.314016,-0.713473,0.713473,0.509044
official_test,WSI_Autoregression,1469,Latur,2023-08-01,h1,-0.221499,-0.511763,-0.290264,0.290264,0.084253
official_test,WSI_Autoregression,1469,Latur,2023-08-01,h2,0.399457,-0.239701,-0.639157,0.639157,0.408522
official_test,WSI_Autoregression,1469,Latur,2023-08-01,h3,-0.132963,-0.196082,-0.063119,0.063119,0.003984
official_test,WSI_Autoregression,1470,Latur,2023-09-01,h1,0.399457,0.044205,-0.355252,0.355252,0.126204
official_test,WSI_Autoregression,1470,Latur,2023-09-01,h2,-0.132963,0.033009,0.165972,0.165972,0.027547
official_test,WSI_Autoregression,1470,Latur,2023-09-01,h3,-0.218241,0.005654,0.223895,0.223895,0.050129
official_test,WSI_Autoregression,1471,Latur,2023-10-01,h1,-0.132963,0.371747,0.504711,0.504711,0.254733
official_test,WSI_Autoregression,1471,Latur,2023-10-01,h2,-0.218241,0.287234,0.505475,0.505475,0.255505
official_test,WSI_Autoregression,1471,Latur,2023-10-01,h3,-0.624966,0.274267,0.899233,0.899233,0.80862
official_test,WSI_Autoregression,1472,Latur,2023-11-01,h1,-0.218241,-0.170337,0.047904,0.047904,0.002295
official_test,WSI_Autoregression,1472,Latur,2023-11-01,h2,-0.624966,-0.100704,0.524262,0.524262,0.27485
official_test,WSI_Autoregression,1472,Latur,2023-11-01,h3,-0.699745,0.1232,0.822945,0.822945,0.677239
official_test,WSI_Autoregression,1473,Latur,2023-12-01,h1,-0.624966,-0.142144,0.482821,0.482821,0.233117
official_test,WSI_Autoregression,1473,Latur,2023-12-01,h2,-0.699745,0.087787,0.787532,0.787532,0.620207
official_test,WSI_Autoregression,1473,Latur,2023-12-01,h3,-0.388636,0.105549,0.494186,0.494186,0.244219
official_test,WSI_Autoregression,1474,Latur,2024-01-01,h1,-0.699745,-0.307764,0.391981,0.391981,0.153649
official_test,WSI_Autoregression,1474,Latur,2024-01-01,h2,-0.388636,-0.241338,0.147298,0.147298,0.021697
official_test,WSI_Autoregression,1474,Latur,2024-01-01,h3,-0.836742,-0.178318,0.658423,0.658423,0.433521
official_test,WSI_Autoregression,1475,Latur,2024-02-01,h1,-0.388636,-0.590004,-0.201368,0.201368,0.040549
official_test,WSI_Autoregression,1475,Latur,2024-02-01,h2,-0.836742,-0.467333,0.369409,0.369409,0.136463
official_test,WSI_Autoregression,1475,Latur,2024-02-01,h3,-0.55064,-0.379866,0.170773,0.170773,0.029163
official_test,WSI_Autoregression,1476,Latur,2024-03-01,h1,-0.836742,-0.290343,0.546399,0.546399,0.298551
official_test,WSI_Autoregression,1476,Latur,2024-03-01,h2,-0.55064,-0.224178,0.326462,0.326462,0.106577
official_test,WSI_Autoregression,1476,Latur,2024-03-01,h3,-1.097466,-0.144333,0.953133,0.953133,0.908462
official_test,WSI_Autoregression,1477,Latur,2024-04-01,h1,-0.55064,-0.685275,-0.134635,0.134635,0.018127
official_test,WSI_Autoregression,1477,Latur,2024-04-01,h2,-1.097466,-0.541781,0.555685,0.555685,0.308786
official_test,WSI_Autoregression,1477,Latur,2024-04-01,h3,-1.947929,-0.324466,1.623464,1.623464,2.635634
official_test,WSI_Autoregression,1478,Latur,2024-05-01,h1,-1.097466,-0.391231,0.706235,0.706235,0.498767
official_test,WSI_Autoregression,1478,Latur,2024-05-01,h2,-1.947929,-0.205405,1.742525,1.742525,3.036392
official_test,WSI_Autoregression,1478,Latur,2024-05-01,h3,-1.412266,-0.203545,1.208721,1.208721,1.461007
official_test,WSI_Autoregression,1479,Latur,2024-06-01,h1,-1.947929,-0.849851,1.098078,1.098078,1.205776
official_test,WSI_Autoregression,1479,Latur,2024-06-01,h2,-1.412266,-0.739454,0.672812,0.672812,0.452675
official_test,WSI_Autoregression,1479,Latur,2024-06-01,h3,-1.008846,-0.61131,0.397536,0.397536,0.158035
official_test,WSI_Autoregression,1480,Latur,2024-07-01,h1,-1.412266,-1.702734,-0.290468,0.290468,0.084372
official_test,WSI_Autoregression,1480,Latur,2024-07-01,h2,-1.008846,-1.426541,-0.417695,0.417695,0.174469
official_test,WSI_Autoregression,1480,Latur,2024-07-01,h3,-1.090186,-1.199054,-0.108868,0.108868,0.011852
official_test,WSI_Autoregression,1481,Latur,2024-08-01,h1,-1.008846,-1.148825,-0.139978,0.139978,0.019594
official_test,WSI_Autoregression,1481,Latur,2024-08-01,h2,-1.090186,-0.96867,0.121516,0.121516,0.014766
official_test,WSI_Autoregression,1481,Latur,2024-08-01,h3,-1.100223,-0.840745,0.259478,0.259478,0.067329
official_test,WSI_Autoregression,1482,Latur,2024-09-01,h1,-1.090186,-0.80866,0.281526,0.281526,0.079257
official_test,WSI_Autoregression,1482,Latur,2024-09-01,h2,-1.100223,-0.719076,0.381147,0.381147,0.145273
official_test,WSI_Autoregression,1482,Latur,2024-09-01,h3,-1.078854,-0.661999,0.416855,0.416855,0.173768
official_test,WSI_Autoregression,1685,Nanded,2021-01-01,h1,-0.243768,-0.151408,0.09236,0.09236,0.00853
official_test,WSI_Autoregression,1685,Nanded,2021-01-01,h2,-0.30948,-0.166717,0.142764,0.142764,0.020382
official_test,WSI_Autoregression,1685,Nanded,2021-01-01,h3,-0.532606,-0.24687,0.285737,0.285737,0.081645
official_test,WSI_Autoregression,1686,Nanded,2021-02-01,h1,-0.30948,-0.256546,0.052934,0.052934,0.002802
official_test,WSI_Autoregression,1686,Nanded,2021-02-01,h2,-0.532606,-0.314008,0.218598,0.218598,0.047785
official_test,WSI_Autoregression,1686,Nanded,2021-02-01,h3,-0.669454,-0.135453,0.534,0.534,0.285156
official_test,WSI_Autoregression,1687,Nanded,2021-03-01,h1,-0.532606,-0.348739,0.183867,0.183867,0.033807
official_test,WSI_Autoregression,1687,Nanded,2021-03-01,h2,-0.669454,-0.16709,0.502364,0.502364,0.252369
official_test,WSI_Autoregression,1687,Nanded,2021-03-01,h3,-1.442475,-0.087167,1.355308,1.355308,1.83686
official_test,WSI_Autoregression,1688,Nanded,2021-04-01,h1,-0.669454,-0.321544,0.347909,0.347909,0.121041
official_test,WSI_Autoregression,1688,Nanded,2021-04-01,h2,-1.442475,-0.221895,1.22058,1.22058,1.489815
official_test,WSI_Autoregression,1688,Nanded,2021-04-01,h3,-0.676418,-0.149082,0.527336,0.527336,0.278083
official_test,WSI_Autoregression,1689,Nanded,2021-05-01,h1,-1.442475,-0.526747,0.915728,0.915728,0.838558
official_test,WSI_Autoregression,1689,Nanded,2021-05-01,h2,-0.676418,-0.406481,0.269938,0.269938,0.072866
official_test,WSI_Autoregression,1689,Nanded,2021-05-01,h3,-1.055703,-0.362406,0.693298,0.693298,0.480662
official_test,WSI_Autoregression,1690,Nanded,2021-06-01,h1,-0.676418,-1.238423,-0.562005,0.562005,0.31585
official_test,WSI_Autoregression,1690,Nanded,2021-06-01,h2,-1.055703,-1.052089,0.003614,0.003614,1.3e-05
official_test,WSI_Autoregression,1690,Nanded,2021-06-01,h3,-0.818098,-0.719516,0.098582,0.098582,0.009718
official_test,WSI_Autoregression,1691,Nanded,2021-07-01,h1,-1.055703,-0.541452,0.514252,0.514252,0.264455
official_test,WSI_Autoregression,1691,Nanded,2021-07-01,h2,-0.818098,-0.289103,0.528995,0.528995,0.279836
official_test,WSI_Autoregression,1691,Nanded,2021-07-01,h3,-1.255908,-0.211039,1.044869,1.044869,1.091751
official_test,WSI_Autoregression,1692,Nanded,2021-08-01,h1,-0.818098,-0.714888,0.10321,0.10321,0.010652
official_test,WSI_Autoregression,1692,Nanded,2021-08-01,h2,-1.255908,-0.580821,0.675088,0.675088,0.455743
official_test,WSI_Autoregression,1692,Nanded,2021-08-01,h3,-1.224085,-0.36009,0.863994,0.863994,0.746486
official_test,WSI_Autoregression,1693,Nanded,2021-09-01,h1,-1.255908,-0.681556,0.574353,0.574353,0.329881
official_test,WSI_Autoregression,1693,Nanded,2021-09-01,h2,-1.224085,-0.436082,0.788002,0.788002,0.620948
official_test,WSI_Autoregression,1693,Nanded,2021-09-01,h3,-1.010821,-0.326249,0.684573,0.684573,0.46864
official_test,WSI_Autoregression,1694,Nanded,2021-10-01,h1,-1.224085,-0.945523,0.278561,0.278561,0.077596
official_test,WSI_Autoregression,1694,Nanded,2021-10-01,h2,-1.010821,-0.75149,0.259332,0.259332,0.067253
official_test,WSI_Autoregression,1694,Nanded,2021-10-01,h3,-0.999292,-0.594663,0.404629,0.404629,0.163725
official_test,WSI_Autoregression,1695,Nanded,2021-11-01,h1,-1.010821,-0.979465,0.031356,0.031356,0.000983
official_test,WSI_Autoregression,1695,Nanded,2021-11-01,h2,-0.999292,-0.795919,0.203372,0.203372,0.04136
official_test,WSI_Autoregression,1695,Nanded,2021-11-01,h3,-0.736928,-0.754968,-0.018039,0.018039,0.000325
official_test,WSI_Autoregression,1696,Nanded,2021-12-01,h1,-0.999292,-0.777467,0.221825,0.221825,0.049206
official_test,WSI_Autoregression,1696,Nanded,2021-12-01,h2,-0.736928,-0.751815,-0.014887,0.014887,0.000222
official_test,WSI_Autoregression,1696,Nanded,2021-12-01,h3,-0.316169,-0.609946,-0.293777,0.293777,0.086305
official_test,WSI_Autoregression,1697,Nanded,2022-01-01,h1,-0.736928,-0.949463,-0.212535,0.212535,0.045171
official_test,WSI_Autoregression,1697,Nanded,2022-01-01,h2,-0.316169,-0.773001,-0.456832,0.456832,0.208696
official_test,WSI_Autoregression,1697,Nanded,2022-01-01,h3,-0.294063,-0.607438,-0.313375,0.313375,0.098204
official_test,WSI_Autoregression,1698,Nanded,2022-02-01,h1,-0.316169,-0.581855,-0.265686,0.265686,0.070589
official_test,WSI_Autoregression,1698,Nanded,2022-02-01,h2,-0.294063,-0.444925,-0.150863,0.150863,0.02276
official_test,WSI_Autoregression,1698,Nanded,2022-02-01,h3,-0.547762,-0.325106,0.222656,0.222656,0.049576
official_test,WSI_Autoregression,1699,Nanded,2022-03-01,h1,-0.294063,-0.204932,0.089131,0.089131,0.007944
official_test,WSI_Autoregression,1699,Nanded,2022-03-01,h2,-0.547762,-0.122532,0.425231,0.425231,0.180821
official_test,WSI_Autoregression,1699,Nanded,2022-03-01,h3,-0.546943,-0.062686,0.484257,0.484257,0.234505
official_test,WSI_Autoregression,1700,Nanded,2022-04-01,h1,-0.547762,-0.19847,0.349292,0.349292,0.122005
official_test,WSI_Autoregression,1700,Nanded,2022-04-01,h2,-0.546943,-0.125434,0.421509,0.421509,0.17767
official_test,WSI_Autoregression,1700,Nanded,2022-04-01,h3,-1.984708,-0.121354,1.863353,1.863353,3.472085
official_test,WSI_Autoregression,1701,Nanded,2022-05-01,h1,-0.546943,-0.463707,0.083236,0.083236,0.006928
official_test,WSI_Autoregression,1701,Nanded,2022-05-01,h2,-1.984708,-0.393127,1.59158,1.59158,2.533128
official_test,WSI_Autoregression,1701,Nanded,2022-05-01,h3,-1.658001,-0.210977,1.447024,1.447024,2.093878
official_test,WSI_Autoregression,1702,Nanded,2022-06-01,h1,-1.984708,-0.433006,1.551702,1.551702,2.407778
official_test,WSI_Autoregression,1702,Nanded,2022-06-01,h2,-1.658001,-0.254516,1.403485,1.403485,1.96977
official_test,WSI_Autoregression,1702,Nanded,2022-06-01,h3,-1.797948,-0.211976,1.585972,1.585972,2.515307
official_test,WSI_Autoregression,1703,Nanded,2022-07-01,h1,-1.658001,-1.635394,0.022608,0.022608,0.000511
official_test,WSI_Autoregression,1703,Nanded,2022-07-01,h2,-1.797948,-1.375656,0.422292,0.422292,0.17833
official_test,WSI_Autoregression,1703,Nanded,2022-07-01,h3,-1.814412,-0.941659,0.872753,0.872753,0.761698
official_test,WSI_Autoregression,1704,Nanded,2022-08-01,h1,-1.797948,-1.377392,0.420556,0.420556,0.176868
official_test,WSI_Autoregression,1704,Nanded,2022-08-01,h2,-1.814412,-0.943567,0.870846,0.870846,0.758373
official_test,WSI_Autoregression,1704,Nanded,2022-08-01,h3,-1.442533,-0.779727,0.662806,0.662806,0.439312
official_test,WSI_Autoregression,1705,Nanded,2022-09-01,h1,-1.814412,-1.316914,0.497499,0.497499,0.247505
official_test,WSI_Autoregression,1705,Nanded,2022-09-01,h2,-1.442533,-1.092818,0.349715,0.349715,0.122301
official_test,WSI_Autoregression,1705,Nanded,2022-09-01,h3,-1.296071,-0.843614,0.452457,0.452457,0.204718
official_test,WSI_Autoregression,1706,Nanded,2022-10-01,h1,-1.442533,-1.515894,-0.073361,0.073361,0.005382
official_test,WSI_Autoregression,1706,Nanded,2022-10-01,h2,-1.296071,-1.203244,0.092828,0.092828,0.008617
official_test,WSI_Autoregression,1706,Nanded,2022-10-01,h3,-1.007008,-0.933014,0.073994,0.073994,0.005475
official_test,WSI_Autoregression,1707,Nanded,2022-11-01,h1,-1.296071,-1.123314,0.172758,0.172758,0.029845
official_test,WSI_Autoregression,1707,Nanded,2022-11-01,h2,-1.007008,-0.862706,0.144302,0.144302,0.020823
official_test,WSI_Autoregression,1707,Nanded,2022-11-01,h3,-0.686082,-0.658717,0.027364,0.027364,0.000749
official_test,WSI_Autoregression,1708,Nanded,2022-12-01,h1,-1.007008,-0.99926,0.007748,0.007748,6e-05
official_test,WSI_Autoregression,1708,Nanded,2022-12-01,h2,-0.686082,-0.781475,-0.095394,0.095394,0.0091
official_test,WSI_Autoregression,1708,Nanded,2022-12-01,h3,-0.860004,-0.757852,0.102151,0.102151,0.010435
official_test,WSI_Autoregression,1709,Nanded,2023-01-01,h1,-0.686082,-0.763149,-0.077068,0.077068,0.005939
official_test,WSI_Autoregression,1709,Nanded,2023-01-01,h2,-0.860004,-0.749236,0.110767,0.110767,0.012269
official_test,WSI_Autoregression,1709,Nanded,2023-01-01,h3,-1.224165,-0.648778,0.575387,0.575387,0.331071
official_test,WSI_Autoregression,1710,Nanded,2023-02-01,h1,-0.860004,-0.667992,0.192011,0.192011,0.036868
official_test,WSI_Autoregression,1710,Nanded,2023-02-01,h2,-1.224165,-0.579212,0.644953,0.644953,0.415965
official_test,WSI_Autoregression,1710,Nanded,2023-02-01,h3,-0.991943,-0.468854,0.523089,0.523089,0.273622
official_test,WSI_Autoregression,1711,Nanded,2023-03-01,h1,-1.224165,-0.746729,0.477436,0.477436,0.227945
official_test,WSI_Autoregression,1711,Nanded,2023-03-01,h2,-0.991943,-0.611541,0.380401,0.380401,0.144705
official_test,WSI_Autoregression,1711,Nanded,2023-03-01,h3,-0.075345,-0.474222,-0.398877,0.398877,0.159103
official_test,WSI_Autoregression,1712,Nanded,2023-04-01,h1,-0.991943,-1.034231,-0.042288,0.042288,0.001788
official_test,WSI_Autoregression,1712,Nanded,2023-04-01,h2,-0.075345,-0.828992,-0.753647,0.753647,0.567984
official_test,WSI_Autoregression,1712,Nanded,2023-04-01,h3,-0.461445,-0.488213,-0.026768,0.026768,0.000717
official_test,WSI_Autoregression,1713,Nanded,2023-05-01,h1,-0.075345,-0.780781,-0.705436,0.705436,0.49764
official_test,WSI_Autoregression,1713,Nanded,2023-05-01,h2,-0.461445,-0.446841,0.014604,0.014604,0.000213
official_test,WSI_Autoregression,1713,Nanded,2023-05-01,h3,-0.545395,-0.355964,0.189432,0.189432,0.035884
official_test,WSI_Autoregression,1714,Nanded,2023-06-01,h1,-0.461445,0.144055,0.605499,0.605499,0.36663
official_test,WSI_Autoregression,1714,Nanded,2023-06-01,h2,-0.545395,0.156615,0.70201,0.70201,0.492819
official_test,WSI_Autoregression,1714,Nanded,2023-06-01,h3,-1.168921,0.151834,1.320755,1.320755,1.744394
official_test,WSI_Autoregression,1715,Nanded,2023-07-01,h1,-0.545395,-0.357274,0.188122,0.188122,0.03539
official_test,WSI_Autoregression,1715,Nanded,2023-07-01,h2,-1.168921,-0.283701,0.88522,0.88522,0.783614
official_test,WSI_Autoregression,1715,Nanded,2023-07-01,h3,-0.325495,-0.017736,0.30776,0.30776,0.094716
official_test,WSI_Autoregression,1716,Nanded,2023-08-01,h1,-1.168921,-0.454021,0.7149,0.7149,0.511081
official_test,WSI_Autoregression,1716,Nanded,2023-08-01,h2,-0.325495,-0.153987,0.171509,0.171509,0.029415
official_test,WSI_Autoregression,1716,Nanded,2023-08-01,h3,-0.827834,-0.030703,0.797132,0.797132,0.635419
official_test,WSI_Autoregression,1717,Nanded,2023-09-01,h1,-0.325495,-0.769975,-0.444479,0.444479,0.197562
official_test,WSI_Autoregression,1717,Nanded,2023-09-01,h2,-0.827834,-0.558281,0.269554,0.269554,0.072659
official_test,WSI_Autoregression,1717,Nanded,2023-09-01,h3,-1.117531,-0.416106,0.701424,0.701424,0.491996
official_test,WSI_Autoregression,1718,Nanded,2023-10-01,h1,-0.827834,-0.126513,0.701321,0.701321,0.491851
official_test,WSI_Autoregression,1718,Nanded,2023-10-01,h2,-1.117531,-0.063649,1.053882,1.053882,1.110667
official_test,WSI_Autoregression,1718,Nanded,2023-10-01,h3,-1.193442,-0.17878,1.014661,1.014661,1.029538
official_test,WSI_Autoregression,1719,Nanded,2023-11-01,h1,-1.117531,-0.680705,0.436825,0.436825,0.190816
official_test,WSI_Autoregression,1719,Nanded,2023-11-01,h2,-1.193442,-0.694203,0.499239,0.499239,0.249239
official_test,WSI_Autoregression,1719,Nanded,2023-11-01,h3,-1.061826,-0.401819,0.660007,0.660007,0.43561
official_test,WSI_Autoregression,1720,Nanded,2023-12-01,h1,-1.193442,-1.075647,0.117795,0.117795,0.013876
official_test,WSI_Autoregression,1720,Nanded,2023-12-01,h2,-1.061826,-0.721424,0.340402,0.340402,0.115874
official_test,WSI_Autoregression,1720,Nanded,2023-12-01,h3,-0.672207,-0.48661,0.185597,0.185597,0.034446
official_test,WSI_Autoregression,1721,Nanded,2024-01-01,h1,-1.061826,-0.795861,0.265965,0.265965,0.070738
official_test,WSI_Autoregression,1721,Nanded,2024-01-01,h2,-0.672207,-0.560058,0.112149,0.112149,0.012577
official_test,WSI_Autoregression,1721,Nanded,2024-01-01,h3,-0.771966,-0.408071,0.363894,0.363894,0.132419
official_test,WSI_Autoregression,1722,Nanded,2024-02-01,h1,-0.672207,-0.778657,-0.10645,0.10645,0.011332
official_test,WSI_Autoregression,1722,Nanded,2024-02-01,h2,-0.771966,-0.598889,0.173076,0.173076,0.029955
official_test,WSI_Autoregression,1722,Nanded,2024-02-01,h3,-0.881096,-0.582908,0.298188,0.298188,0.088916
official_test,WSI_Autoregression,1723,Nanded,2024-03-01,h1,-0.771966,-0.516127,0.255839,0.255839,0.065453
official_test,WSI_Autoregression,1723,Nanded,2024-03-01,h2,-0.881096,-0.501697,0.379399,0.379399,0.143943
official_test,WSI_Autoregression,1723,Nanded,2024-03-01,h3,-0.832193,-0.423468,0.408725,0.408725,0.167056
official_test,WSI_Autoregression,1724,Nanded,2024-04-01,h1,-0.881096,-0.724887,0.156209,0.156209,0.024401
official_test,WSI_Autoregression,1724,Nanded,2024-04-01,h2,-0.832193,-0.609466,0.222726,0.222726,0.049607
official_test,WSI_Autoregression,1724,Nanded,2024-04-01,h3,-1.395622,-0.414047,0.981575,0.981575,0.963489
official_test,WSI_Autoregression,1725,Nanded,2024-05-01,h1,-0.832193,-0.702939,0.129254,0.129254,0.016707
official_test,WSI_Autoregression,1725,Nanded,2024-05-01,h2,-1.395622,-0.509557,0.886065,0.886065,0.785112
official_test,WSI_Autoregression,1725,Nanded,2024-05-01,h3,-1.107504,-0.417998,0.689506,0.689506,0.475418
official_test,WSI_Autoregression,1726,Nanded,2024-06-01,h1,-1.395622,-0.625407,0.770215,0.770215,0.593231
official_test,WSI_Autoregression,1726,Nanded,2024-06-01,h2,-1.107504,-0.513965,0.593539,0.593539,0.352289
official_test,WSI_Autoregression,1726,Nanded,2024-06-01,h3,-1.075043,-0.400163,0.67488,0.67488,0.455463
official_test,WSI_Autoregression,1727,Nanded,2024-07-01,h1,-1.107504,-1.198048,-0.090544,0.090544,0.008198
official_test,WSI_Autoregression,1727,Nanded,2024-07-01,h2,-1.075043,-0.973853,0.10119,0.10119,0.010239
official_test,WSI_Autoregression,1727,Nanded,2024-07-01,h3,-1.098037,-0.80311,0.294928,0.294928,0.086982
official_test,WSI_Autoregression,1728,Nanded,2024-08-01,h1,-1.075043,-0.914184,0.160859,0.160859,0.025876
official_test,WSI_Autoregression,1728,Nanded,2024-08-01,h2,-1.098037,-0.74209,0.355947,0.355947,0.126699
official_test,WSI_Autoregression,1728,Nanded,2024-08-01,h3,-1.059154,-0.558205,0.50095,0.50095,0.250951
official_test,WSI_Autoregression,1729,Nanded,2024-09-01,h1,-1.098037,-0.840761,0.257276,0.257276,0.066191
official_test,WSI_Autoregression,1729,Nanded,2024-09-01,h2,-1.059154,-0.654881,0.404273,0.404273,0.163437
official_test,WSI_Autoregression,1729,Nanded,2024-09-01,h3,-1.103211,-0.47667,0.626542,0.626542,0.392555
official_test,WSI_Autoregression,1932,Parbhani,2021-01-01,h1,-0.823652,-0.327292,0.49636,0.49636,0.246373
official_test,WSI_Autoregression,1932,Parbhani,2021-01-01,h2,-0.773763,-0.315568,0.458194,0.458194,0.209942
official_test,WSI_Autoregression,1932,Parbhani,2021-01-01,h3,-0.891927,-0.34418,0.547746,0.547746,0.300026
official_test,WSI_Autoregression,1933,Parbhani,2021-02-01,h1,-0.773763,-0.76451,0.009253,0.009253,8.6e-05
official_test,WSI_Autoregression,1933,Parbhani,2021-02-01,h2,-0.891927,-0.711361,0.180565,0.180565,0.032604
official_test,WSI_Autoregression,1933,Parbhani,2021-02-01,h3,-0.967354,-0.441724,0.52563,0.52563,0.276286
official_test,WSI_Autoregression,1934,Parbhani,2021-03-01,h1,-0.891927,-0.698838,0.193088,0.193088,0.037283
official_test,WSI_Autoregression,1934,Parbhani,2021-03-01,h2,-0.967354,-0.437439,0.529915,0.529915,0.28081
official_test,WSI_Autoregression,1934,Parbhani,2021-03-01,h3,-1.544187,-0.322959,1.221228,1.221228,1.491398
official_test,WSI_Autoregression,1935,Parbhani,2021-04-01,h1,-0.967354,-0.572903,0.394451,0.394451,0.155592
official_test,WSI_Autoregression,1935,Parbhani,2021-04-01,h2,-1.544187,-0.451444,1.092744,1.092744,1.194089
official_test,WSI_Autoregression,1935,Parbhani,2021-04-01,h3,-0.880017,-0.308528,0.571489,0.571489,0.326599
official_test,WSI_Autoregression,1936,Parbhani,2021-05-01,h1,-1.544187,-0.800274,0.743914,0.743914,0.553408
official_test,WSI_Autoregression,1936,Parbhani,2021-05-01,h2,-0.880017,-0.599531,0.280485,0.280485,0.078672
official_test,WSI_Autoregression,1936,Parbhani,2021-05-01,h3,-1.049633,-0.492611,0.557021,0.557021,0.310273
official_test,WSI_Autoregression,1937,Parbhani,2021-06-01,h1,-0.880017,-1.290731,-0.410715,0.410715,0.168686
official_test,WSI_Autoregression,1937,Parbhani,2021-06-01,h2,-1.049633,-1.058566,-0.008933,0.008933,8e-05
official_test,WSI_Autoregression,1937,Parbhani,2021-06-01,h3,-1.208647,-0.731478,0.477169,0.477169,0.22769
official_test,WSI_Autoregression,1938,Parbhani,2021-07-01,h1,-1.049633,-0.670828,0.378805,0.378805,0.143493
official_test,WSI_Autoregression,1938,Parbhani,2021-07-01,h2,-1.208647,-0.410215,0.798432,0.798432,0.637493
official_test,WSI_Autoregression,1938,Parbhani,2021-07-01,h3,-1.370457,-0.316012,1.054445,1.054445,1.111855
official_test,WSI_Autoregression,1939,Parbhani,2021-08-01,h1,-1.208647,-0.70661,0.502037,0.502037,0.252041
official_test,WSI_Autoregression,1939,Parbhani,2021-08-01,h2,-1.370457,-0.579068,0.791388,0.791388,0.626296
official_test,WSI_Autoregression,1939,Parbhani,2021-08-01,h3,-1.19618,-0.39194,0.804241,0.804241,0.646803
official_test,WSI_Autoregression,1940,Parbhani,2021-09-01,h1,-1.370457,-1.038638,0.331819,0.331819,0.110104
official_test,WSI_Autoregression,1940,Parbhani,2021-09-01,h2,-1.19618,-0.768411,0.42777,0.42777,0.182987
official_test,WSI_Autoregression,1940,Parbhani,2021-09-01,h3,-0.956805,-0.546555,0.41025,0.41025,0.168305
official_test,WSI_Autoregression,1941,Parbhani,2021-10-01,h1,-1.19618,-1.057488,0.138693,0.138693,0.019236
official_test,WSI_Autoregression,1941,Parbhani,2021-10-01,h2,-0.956805,-0.78777,0.169035,0.169035,0.028573
official_test,WSI_Autoregression,1941,Parbhani,2021-10-01,h3,-1.478693,-0.636245,0.842448,0.842448,0.709718
official_test,WSI_Autoregression,1942,Parbhani,2021-11-01,h1,-0.956805,-0.886721,0.070084,0.070084,0.004912
official_test,WSI_Autoregression,1942,Parbhani,2021-11-01,h2,-1.478693,-0.730302,0.748391,0.748391,0.560089
official_test,WSI_Autoregression,1942,Parbhani,2021-11-01,h3,-1.345712,-0.653721,0.691991,0.691991,0.478851
official_test,WSI_Autoregression,1943,Parbhani,2021-12-01,h1,-1.478693,-0.75145,0.727243,0.727243,0.528883
official_test,WSI_Autoregression,1943,Parbhani,2021-12-01,h2,-1.345712,-0.681136,0.664576,0.664576,0.441661
official_test,WSI_Autoregression,1943,Parbhani,2021-12-01,h3,-0.937379,-0.526199,0.411181,0.411181,0.169069
official_test,WSI_Autoregression,1944,Parbhani,2022-01-01,h1,-1.345712,-1.340599,0.005113,0.005113,2.6e-05
official_test,WSI_Autoregression,1944,Parbhani,2022-01-01,h2,-0.937379,-1.07218,-0.134801,0.134801,0.018171
official_test,WSI_Autoregression,1944,Parbhani,2022-01-01,h3,-0.927963,-0.750275,0.177688,0.177688,0.031573
official_test,WSI_Autoregression,1945,Parbhani,2022-02-01,h1,-0.937379,-1.064716,-0.127337,0.127337,0.016215
official_test,WSI_Autoregression,1945,Parbhani,2022-02-01,h2,-0.927963,-0.746893,0.18107,0.18107,0.032786
official_test,WSI_Autoregression,1945,Parbhani,2022-02-01,h3,-0.966004,-0.602222,0.363782,0.363782,0.132337
official_test,WSI_Autoregression,1946,Parbhani,2022-03-01,h1,-0.927963,-0.614888,0.313075,0.313075,0.098016
official_test,WSI_Autoregression,1946,Parbhani,2022-03-01,h2,-0.966004,-0.496968,0.469036,0.469036,0.219995
official_test,WSI_Autoregression,1946,Parbhani,2022-03-01,h3,-0.856223,-0.397574,0.458649,0.458649,0.210359
official_test,WSI_Autoregression,1947,Parbhani,2022-04-01,h1,-0.966004,-0.767555,0.198449,0.198449,0.039382
official_test,WSI_Autoregression,1947,Parbhani,2022-04-01,h2,-0.856223,-0.623468,0.232755,0.232755,0.054175
official_test,WSI_Autoregression,1947,Parbhani,2022-04-01,h3,-2.42137,-0.49147,1.929899,1.929899,3.724511
official_test,WSI_Autoregression,1948,Parbhani,2022-05-01,h1,-0.856223,-0.822569,0.033654,0.033654,0.001133
official_test,WSI_Autoregression,1948,Parbhani,2022-05-01,h2,-2.42137,-0.645208,1.776161,1.776161,3.154749
official_test,WSI_Autoregression,1948,Parbhani,2022-05-01,h3,-2.195737,-0.400804,1.794933,1.794933,3.221784
official_test,WSI_Autoregression,1949,Parbhani,2022-06-01,h1,-2.42137,-0.636829,1.78454,1.78454,3.184584
official_test,WSI_Autoregression,1949,Parbhani,2022-06-01,h2,-2.195737,-0.406703,1.789034,1.789034,3.200641
official_test,WSI_Autoregression,1949,Parbhani,2022-06-01,h3,-1.604258,-0.322228,1.28203,1.28203,1.643601
official_test,WSI_Autoregression,1950,Parbhani,2022-07-01,h1,-2.195737,-1.97919,0.216547,0.216547,0.046893
official_test,WSI_Autoregression,1950,Parbhani,2022-07-01,h2,-1.604258,-1.652467,-0.048208,0.048208,0.002324
official_test,WSI_Autoregression,1950,Parbhani,2022-07-01,h3,-1.397967,-1.184564,0.213403,0.213403,0.045541
official_test,WSI_Autoregression,1951,Parbhani,2022-08-01,h1,-1.604258,-1.843045,-0.238786,0.238786,0.057019
official_test,WSI_Autoregression,1951,Parbhani,2022-08-01,h2,-1.397967,-1.338409,0.059558,0.059558,0.003547
official_test,WSI_Autoregression,1951,Parbhani,2022-08-01,h3,-1.103062,-1.10998,-0.006918,0.006918,4.8e-05
official_test,WSI_Autoregression,1952,Parbhani,2022-09-01,h1,-1.397967,-1.113027,0.28494,0.28494,0.081191
official_test,WSI_Autoregression,1952,Parbhani,2022-09-01,h2,-1.103062,-0.923434,0.179628,0.179628,0.032266
official_test,WSI_Autoregression,1952,Parbhani,2022-09-01,h3,-1.124712,-0.793354,0.331357,0.331357,0.109798
official_test,WSI_Autoregression,1953,Parbhani,2022-10-01,h1,-1.103062,-1.147588,-0.044527,0.044527,0.001983
official_test,WSI_Autoregression,1953,Parbhani,2022-10-01,h2,-1.124712,-0.989248,0.135464,0.135464,0.01835
official_test,WSI_Autoregression,1953,Parbhani,2022-10-01,h3,-1.451603,-0.692783,0.75882,0.75882,0.575807
official_test,WSI_Autoregression,1954,Parbhani,2022-11-01,h1,-1.124712,-0.939451,0.18526,0.18526,0.034321
official_test,WSI_Autoregression,1954,Parbhani,2022-11-01,h2,-1.451603,-0.643101,0.808502,0.808502,0.653675
official_test,WSI_Autoregression,1954,Parbhani,2022-11-01,h3,-1.367015,-0.381073,0.985941,0.985941,0.97208
official_test,WSI_Autoregression,1955,Parbhani,2022-12-01,h1,-1.451603,-0.812008,0.639595,0.639595,0.409081
official_test,WSI_Autoregression,1955,Parbhani,2022-12-01,h2,-1.367015,-0.523834,0.843181,0.843181,0.710954
official_test,WSI_Autoregression,1955,Parbhani,2022-12-01,h3,-1.581225,-0.498042,1.083183,1.083183,1.173285
official_test,WSI_Autoregression,1956,Parbhani,2023-01-01,h1,-1.367015,-1.060079,0.306936,0.306936,0.09421
official_test,WSI_Autoregression,1956,Parbhani,2023-01-01,h2,-1.581225,-0.962567,0.618658,0.618658,0.382737
official_test,WSI_Autoregression,1956,Parbhani,2023-01-01,h3,-1.781829,-0.800604,0.981225,0.981225,0.962802
official_test,WSI_Autoregression,1957,Parbhani,2023-02-01,h1,-1.581225,-1.218885,0.36234,0.36234,0.13129
official_test,WSI_Autoregression,1957,Parbhani,2023-02-01,h2,-1.781829,-1.014307,0.767522,0.767522,0.589089
official_test,WSI_Autoregression,1957,Parbhani,2023-02-01,h3,-1.219545,-0.791633,0.427912,0.427912,0.183109
official_test,WSI_Autoregression,1958,Parbhani,2023-03-01,h1,-1.781829,-1.33386,0.447969,0.447969,0.200676
official_test,WSI_Autoregression,1958,Parbhani,2023-03-01,h2,-1.219545,-1.059993,0.159552,0.159552,0.025457
official_test,WSI_Autoregression,1958,Parbhani,2023-03-01,h3,-0.427768,-0.797473,-0.369705,0.369705,0.136681
official_test,WSI_Autoregression,1959,Parbhani,2023-04-01,h1,-1.219545,-1.438759,-0.219214,0.219214,0.048055
official_test,WSI_Autoregression,1959,Parbhani,2023-04-01,h2,-0.427768,-1.12164,-0.693872,0.693872,0.481458
official_test,WSI_Autoregression,1959,Parbhani,2023-04-01,h3,-1.789542,-0.692377,1.097165,1.097165,1.203771
official_test,WSI_Autoregression,1960,Parbhani,2023-05-01,h1,-0.427768,-0.903034,-0.475266,0.475266,0.225878
official_test,WSI_Autoregression,1960,Parbhani,2023-05-01,h2,-1.789542,-0.509532,1.28001,1.28001,1.638426
official_test,WSI_Autoregression,1960,Parbhani,2023-05-01,h3,-0.799252,-0.373324,0.425928,0.425928,0.181415
official_test,WSI_Autoregression,1961,Parbhani,2023-06-01,h1,-1.789542,-0.124884,1.664657,1.664657,2.771084
official_test,WSI_Autoregression,1961,Parbhani,2023-06-01,h2,-0.799252,-0.033141,0.766111,0.766111,0.586927
official_test,WSI_Autoregression,1961,Parbhani,2023-06-01,h3,-0.750914,-0.04373,0.707184,0.707184,0.500109
official_test,WSI_Autoregression,1962,Parbhani,2023-07-01,h1,-0.799252,-1.490335,-0.691083,0.691083,0.477596
official_test,WSI_Autoregression,1962,Parbhani,2023-07-01,h2,-0.750914,-1.274743,-0.523828,0.523828,0.274396
official_test,WSI_Autoregression,1962,Parbhani,2023-07-01,h3,-0.088494,-0.801338,-0.712843,0.712843,0.508146
official_test,WSI_Autoregression,1963,Parbhani,2023-08-01,h1,-0.750914,-0.632918,0.117996,0.117996,0.013923
official_test,WSI_Autoregression,1963,Parbhani,2023-08-01,h2,-0.088494,-0.263515,-0.17502,0.17502,0.030632
official_test,WSI_Autoregression,1963,Parbhani,2023-08-01,h3,-0.334244,-0.304909,0.029334,0.029334,0.00086
official_test,WSI_Autoregression,1964,Parbhani,2023-09-01,h1,-0.088494,-0.333576,-0.245082,0.245082,0.060065
official_test,WSI_Autoregression,1964,Parbhani,2023-09-01,h2,-0.334244,-0.380156,-0.045912,0.045912,0.002108
official_test,WSI_Autoregression,1964,Parbhani,2023-09-01,h3,-0.650745,-0.326571,0.324174,0.324174,0.105089
official_test,WSI_Autoregression,1965,Parbhani,2023-10-01,h1,-0.334244,-0.137095,0.197149,0.197149,0.038868
official_test,WSI_Autoregression,1965,Parbhani,2023-10-01,h2,-0.650745,-0.125317,0.525428,0.525428,0.276074
official_test,WSI_Autoregression,1965,Parbhani,2023-10-01,h3,-1.421044,-0.055927,1.365117,1.365117,1.863545
official_test,WSI_Autoregression,1966,Parbhani,2023-11-01,h1,-0.650745,-0.313552,0.337193,0.337193,0.113699
official_test,WSI_Autoregression,1966,Parbhani,2023-11-01,h2,-1.421044,-0.199066,1.221978,1.221978,1.49323
official_test,WSI_Autoregression,1966,Parbhani,2023-11-01,h3,-1.148436,0.08744,1.235876,1.235876,1.52739
official_test,WSI_Autoregression,1967,Parbhani,2023-12-01,h1,-1.421044,-0.497263,0.923781,0.923781,0.853371
official_test,WSI_Autoregression,1967,Parbhani,2023-12-01,h2,-1.148436,-0.168529,0.979907,0.979907,0.960219
official_test,WSI_Autoregression,1967,Parbhani,2023-12-01,h3,-0.854776,-0.124526,0.73025,0.73025,0.533265
official_test,WSI_Autoregression,1968,Parbhani,2024-01-01,h1,-1.148436,-0.957548,0.190889,0.190889,0.036438
official_test,WSI_Autoregression,1968,Parbhani,2024-01-01,h2,-0.854776,-0.799947,0.054829,0.054829,0.003006
official_test,WSI_Autoregression,1968,Parbhani,2024-01-01,h3,-0.956638,-0.52529,0.431348,0.431348,0.186061
official_test,WSI_Autoregression,1969,Parbhani,2024-02-01,h1,-0.854776,-0.97122,-0.116444,0.116444,0.013559
official_test,WSI_Autoregression,1969,Parbhani,2024-02-01,h2,-0.956638,-0.661745,0.294893,0.294893,0.086962
official_test,WSI_Autoregression,1969,Parbhani,2024-02-01,h3,-0.722429,-0.581912,0.140518,0.140518,0.019745
official_test,WSI_Autoregression,1970,Parbhani,2024-03-01,h1,-0.956638,-0.557897,0.398741,0.398741,0.158994
official_test,WSI_Autoregression,1970,Parbhani,2024-03-01,h2,-0.722429,-0.491839,0.23059,0.23059,0.053172
official_test,WSI_Autoregression,1970,Parbhani,2024-03-01,h3,-1.080126,-0.379248,0.700878,0.700878,0.49123
official_test,WSI_Autoregression,1971,Parbhani,2024-04-01,h1,-0.722429,-0.810677,-0.088248,0.088248,0.007788
official_test,WSI_Autoregression,1971,Parbhani,2024-04-01,h2,-1.080126,-0.656802,0.423324,0.423324,0.179203
official_test,WSI_Autoregression,1971,Parbhani,2024-04-01,h3,-1.879651,-0.32545,1.554201,1.554201,2.415541
official_test,WSI_Autoregression,1972,Parbhani,2024-05-01,h1,-1.080126,-0.539991,0.540135,0.540135,0.291745
official_test,WSI_Autoregression,1972,Parbhani,2024-05-01,h2,-1.879651,-0.234767,1.644884,1.644884,2.705644
official_test,WSI_Autoregression,1972,Parbhani,2024-05-01,h3,-1.519184,-0.217454,1.30173,1.30173,1.694502
official_test,WSI_Autoregression,1973,Parbhani,2024-06-01,h1,-1.879651,-0.749989,1.129662,1.129662,1.276136
official_test,WSI_Autoregression,1973,Parbhani,2024-06-01,h2,-1.519184,-0.641167,0.878017,0.878017,0.770914
official_test,WSI_Autoregression,1973,Parbhani,2024-06-01,h3,-1.12221,-0.536028,0.586182,0.586182,0.343609
official_test,WSI_Autoregression,1974,Parbhani,2024-07-01,h1,-1.519184,-1.597906,-0.078722,0.078722,0.006197
official_test,WSI_Autoregression,1974,Parbhani,2024-07-01,h2,-1.12221,-1.356055,-0.233845,0.233845,0.054683
official_test,WSI_Autoregression,1974,Parbhani,2024-07-01,h3,-0.844416,-1.117182,-0.272766,0.272766,0.074401
official_test,WSI_Autoregression,1975,Parbhani,2024-08-01,h1,-1.12221,-1.284778,-0.162569,0.162569,0.026429
official_test,WSI_Autoregression,1975,Parbhani,2024-08-01,h2,-0.844416,-1.05319,-0.208774,0.208774,0.043587
official_test,WSI_Autoregression,1975,Parbhani,2024-08-01,h3,-0.933659,-0.890724,0.042935,0.042935,0.001843
official_test,WSI_Autoregression,1976,Parbhani,2024-09-01,h1,-0.844416,-0.870003,-0.025587,0.025587,0.000655
official_test,WSI_Autoregression,1976,Parbhani,2024-09-01,h2,-0.933659,-0.750433,0.183226,0.183226,0.033572
official_test,WSI_Autoregression,1976,Parbhani,2024-09-01,h3,-1.057159,-0.629778,0.427381,0.427381,0.182654
official_test,Ridge_Regression,203,Beed,2021-01-01,h1,-0.991253,-0.728409,0.262844,0.262844,0.069087
official_test,Ridge_Regression,203,Beed,2021-01-01,h2,-0.607982,-0.856253,-0.248271,0.248271,0.061639
official_test,Ridge_Regression,203,Beed,2021-01-01,h3,-0.919128,-0.856001,0.063127,0.063127,0.003985
official_test,Ridge_Regression,204,Beed,2021-02-01,h1,-0.607982,-1.018817,-0.410835,0.410835,0.168786
official_test,Ridge_Regression,204,Beed,2021-02-01,h2,-0.919128,-1.025531,-0.106402,0.106402,0.011321
official_test,Ridge_Regression,204,Beed,2021-02-01,h3,-1.078125,-0.692251,0.385874,0.385874,0.148899
official_test,Ridge_Regression,205,Beed,2021-03-01,h1,-0.919128,-0.598842,0.320286,0.320286,0.102583
official_test,Ridge_Regression,205,Beed,2021-03-01,h2,-1.078125,-0.385052,0.693073,0.693073,0.480351
official_test,Ridge_Regression,205,Beed,2021-03-01,h3,-1.572654,-0.389476,1.183177,1.183177,1.399909
official_test,Ridge_Regression,206,Beed,2021-04-01,h1,-1.078125,-0.557381,0.520744,0.520744,0.271175
official_test,Ridge_Regression,206,Beed,2021-04-01,h2,-1.572654,-0.479902,1.092752,1.092752,1.194107
official_test,Ridge_Regression,206,Beed,2021-04-01,h3,-0.900427,-0.234003,0.666425,0.666425,0.444122
official_test,Ridge_Regression,207,Beed,2021-05-01,h1,-1.572654,-0.781725,0.790928,0.790928,0.625567
official_test,Ridge_Regression,207,Beed,2021-05-01,h2,-0.900427,-0.357606,0.542822,0.542822,0.294655
official_test,Ridge_Regression,207,Beed,2021-05-01,h3,-1.040114,-0.072499,0.967615,0.967615,0.936278
official_test,Ridge_Regression,208,Beed,2021-06-01,h1,-0.900427,-0.801362,0.099065,0.099065,0.009814
official_test,Ridge_Regression,208,Beed,2021-06-01,h2,-1.040114,-0.297739,0.742375,0.742375,0.551121
official_test,Ridge_Regression,208,Beed,2021-06-01,h3,-1.310035,0.03631,1.346346,1.346346,1.812646
official_test,Ridge_Regression,209,Beed,2021-07-01,h1,-1.040114,-0.51458,0.525534,0.525534,0.276186
official_test,Ridge_Regression,209,Beed,2021-07-01,h2,-1.310035,-0.442819,0.867216,0.867216,0.752064
official_test,Ridge_Regression,209,Beed,2021-07-01,h3,-1.531427,-0.531919,0.999508,0.999508,0.999017
official_test,Ridge_Regression,210,Beed,2021-08-01,h1,-1.310035,-0.665838,0.644197,0.644197,0.41499
official_test,Ridge_Regression,210,Beed,2021-08-01,h2,-1.531427,-0.683712,0.847715,0.847715,0.71862
official_test,Ridge_Regression,210,Beed,2021-08-01,h3,-1.385618,-0.635221,0.750396,0.750396,0.563095
official_test,Ridge_Regression,211,Beed,2021-09-01,h1,-1.531427,-1.450622,0.080805,0.080805,0.006529
official_test,Ridge_Regression,211,Beed,2021-09-01,h2,-1.385618,-1.237351,0.148267,0.148267,0.021983
official_test,Ridge_Regression,211,Beed,2021-09-01,h3,-1.365189,-0.969065,0.396124,0.396124,0.156914
official_test,Ridge_Regression,212,Beed,2021-10-01,h1,-1.385618,-1.340139,0.045479,0.045479,0.002068
official_test,Ridge_Regression,212,Beed,2021-10-01,h2,-1.365189,-1.06727,0.29792,0.29792,0.088756
official_test,Ridge_Regression,212,Beed,2021-10-01,h3,-1.349812,-1.118792,0.23102,0.23102,0.05337
official_test,Ridge_Regression,213,Beed,2021-11-01,h1,-1.365189,-1.095336,0.269854,0.269854,0.072821
official_test,Ridge_Regression,213,Beed,2021-11-01,h2,-1.349812,-1.064939,0.284874,0.284874,0.081153
official_test,Ridge_Regression,213,Beed,2021-11-01,h3,-1.337564,-1.226077,0.111487,0.111487,0.012429
official_test,Ridge_Regression,214,Beed,2021-12-01,h1,-1.349812,-1.270909,0.078903,0.078903,0.006226
official_test,Ridge_Regression,214,Beed,2021-12-01,h2,-1.337564,-1.376148,-0.038584,0.038584,0.001489
official_test,Ridge_Regression,214,Beed,2021-12-01,h3,-0.885369,-1.240653,-0.355283,0.355283,0.126226
official_test,Ridge_Regression,215,Beed,2022-01-01,h1,-1.337564,-1.43208,-0.094515,0.094515,0.008933
official_test,Ridge_Regression,215,Beed,2022-01-01,h2,-0.885369,-1.288996,-0.403627,0.403627,0.162915
official_test,Ridge_Regression,215,Beed,2022-01-01,h3,-0.980494,-1.02479,-0.044295,0.044295,0.001962
official_test,Ridge_Regression,216,Beed,2022-02-01,h1,-0.885369,-1.189861,-0.304492,0.304492,0.092715
official_test,Ridge_Regression,216,Beed,2022-02-01,h2,-0.980494,-1.004295,-0.023801,0.023801,0.000566
official_test,Ridge_Regression,216,Beed,2022-02-01,h3,-0.732434,-0.720434,0.012,0.012,0.000144
official_test,Ridge_Regression,217,Beed,2022-03-01,h1,-0.980494,-0.714411,0.266083,0.266083,0.0708
official_test,Ridge_Regression,217,Beed,2022-03-01,h2,-0.732434,-0.529703,0.202731,0.202731,0.0411
official_test,Ridge_Regression,217,Beed,2022-03-01,h3,-0.872087,-0.671822,0.200266,0.200266,0.040106
official_test,Ridge_Regression,218,Beed,2022-04-01,h1,-0.732434,-0.729822,0.002612,0.002612,7e-06
official_test,Ridge_Regression,218,Beed,2022-04-01,h2,-0.872087,-0.793387,0.078701,0.078701,0.006194
official_test,Ridge_Regression,218,Beed,2022-04-01,h3,-2.360202,-0.481584,1.878618,1.878618,3.529207
official_test,Ridge_Regression,219,Beed,2022-05-01,h1,-0.872087,-0.685041,0.187046,0.187046,0.034986
official_test,Ridge_Regression,219,Beed,2022-05-01,h2,-2.360202,-0.33625,2.023952,2.023952,4.096382
official_test,Ridge_Regression,219,Beed,2022-05-01,h3,-1.99196,0.103012,2.094972,2.094972,4.388907
official_test,Ridge_Regression,220,Beed,2022-06-01,h1,-2.360202,-0.406936,1.953266,1.953266,3.815247
official_test,Ridge_Regression,220,Beed,2022-06-01,h2,-1.99196,-0.125788,1.866172,1.866172,3.482597
official_test,Ridge_Regression,220,Beed,2022-06-01,h3,-1.767666,-0.035065,1.732601,1.732601,3.001906
official_test,Ridge_Regression,221,Beed,2022-07-01,h1,-1.99196,-1.79588,0.19608,0.19608,0.038447
official_test,Ridge_Regression,221,Beed,2022-07-01,h2,-1.767666,-1.632992,0.134674,0.134674,0.018137
official_test,Ridge_Regression,221,Beed,2022-07-01,h3,-1.786287,-1.033284,0.753003,0.753003,0.567013
official_test,Ridge_Regression,222,Beed,2022-08-01,h1,-1.767666,-1.814328,-0.046661,0.046661,0.002177
official_test,Ridge_Regression,222,Beed,2022-08-01,h2,-1.786287,-1.386307,0.39998,0.39998,0.159984
official_test,Ridge_Regression,222,Beed,2022-08-01,h3,-1.329664,-1.249697,0.079967,0.079967,0.006395
official_test,Ridge_Regression,223,Beed,2022-09-01,h1,-1.786287,-1.368631,0.417656,0.417656,0.174437
official_test,Ridge_Regression,223,Beed,2022-09-01,h2,-1.329664,-1.213713,0.115951,0.115951,0.013445
official_test,Ridge_Regression,223,Beed,2022-09-01,h3,-1.253302,-1.139429,0.113873,0.113873,0.012967
official_test,Ridge_Regression,224,Beed,2022-10-01,h1,-1.329664,-1.61481,-0.285146,0.285146,0.081308
official_test,Ridge_Regression,224,Beed,2022-10-01,h2,-1.253302,-1.456197,-0.202895,0.202895,0.041166
official_test,Ridge_Regression,224,Beed,2022-10-01,h3,-1.259245,-1.104976,0.154269,0.154269,0.023799
official_test,Ridge_Regression,225,Beed,2022-11-01,h1,-1.253302,-1.241519,0.011783,0.011783,0.000139
official_test,Ridge_Regression,225,Beed,2022-11-01,h2,-1.259245,-0.798729,0.460516,0.460516,0.212075
official_test,Ridge_Regression,225,Beed,2022-11-01,h3,-1.331864,-0.618552,0.713312,0.713312,0.508813
official_test,Ridge_Regression,226,Beed,2022-12-01,h1,-1.259245,-0.769999,0.489246,0.489246,0.239362
official_test,Ridge_Regression,226,Beed,2022-12-01,h2,-1.331864,-0.603342,0.728521,0.728521,0.530744
official_test,Ridge_Regression,226,Beed,2022-12-01,h3,-1.557681,-0.648208,0.909473,0.909473,0.827141
official_test,Ridge_Regression,227,Beed,2023-01-01,h1,-1.331864,-0.93622,0.395644,0.395644,0.156534
official_test,Ridge_Regression,227,Beed,2023-01-01,h2,-1.557681,-1.012452,0.54523,0.54523,0.297275
official_test,Ridge_Regression,227,Beed,2023-01-01,h3,-1.765735,-0.991264,0.774471,0.774471,0.599805
official_test,Ridge_Regression,228,Beed,2023-02-01,h1,-1.557681,-1.285002,0.27268,0.27268,0.074354
official_test,Ridge_Regression,228,Beed,2023-02-01,h2,-1.765735,-1.101741,0.663994,0.663994,0.440888
official_test,Ridge_Regression,228,Beed,2023-02-01,h3,-1.039115,-0.720326,0.318789,0.318789,0.101626
official_test,Ridge_Regression,229,Beed,2023-03-01,h1,-1.765735,-1.255793,0.509942,0.509942,0.26004
official_test,Ridge_Regression,229,Beed,2023-03-01,h2,-1.039115,-0.843741,0.195374,0.195374,0.038171
official_test,Ridge_Regression,229,Beed,2023-03-01,h3,-0.209279,-0.493376,-0.284097,0.284097,0.080711
official_test,Ridge_Regression,230,Beed,2023-04-01,h1,-1.039115,-1.103169,-0.064054,0.064054,0.004103
official_test,Ridge_Regression,230,Beed,2023-04-01,h2,-0.209279,-0.493818,-0.284539,0.284539,0.080962
official_test,Ridge_Regression,230,Beed,2023-04-01,h3,-0.990097,-0.067655,0.922442,0.922442,0.850899
official_test,Ridge_Regression,231,Beed,2023-05-01,h1,-0.209279,-0.268094,-0.058815,0.058815,0.003459
official_test,Ridge_Regression,231,Beed,2023-05-01,h2,-0.990097,0.225583,1.21568,1.21568,1.477877
official_test,Ridge_Regression,231,Beed,2023-05-01,h3,-0.668363,0.426289,1.094653,1.094653,1.198264
official_test,Ridge_Regression,232,Beed,2023-06-01,h1,-0.990097,0.146692,1.136789,1.136789,1.292288
official_test,Ridge_Regression,232,Beed,2023-06-01,h2,-0.668363,0.185501,0.853864,0.853864,0.729084
official_test,Ridge_Regression,232,Beed,2023-06-01,h3,-0.253432,0.291951,0.545383,0.545383,0.297443
official_test,Ridge_Regression,233,Beed,2023-07-01,h1,-0.668363,-0.681109,-0.012745,0.012745,0.000162
official_test,Ridge_Regression,233,Beed,2023-07-01,h2,-0.253432,-0.4286,-0.175168,0.175168,0.030684
official_test,Ridge_Regression,233,Beed,2023-07-01,h3,0.190173,-0.162491,-0.352664,0.352664,0.124372
official_test,Ridge_Regression,234,Beed,2023-08-01,h1,-0.253432,-0.371598,-0.118166,0.118166,0.013963
official_test,Ridge_Regression,234,Beed,2023-08-01,h2,0.190173,-0.129736,-0.319909,0.319909,0.102342
official_test,Ridge_Regression,234,Beed,2023-08-01,h3,0.05167,0.105301,0.053631,0.053631,0.002876
official_test,Ridge_Regression,235,Beed,2023-09-01,h1,0.190173,0.166304,-0.023869,0.023869,0.00057
official_test,Ridge_Regression,235,Beed,2023-09-01,h2,0.05167,0.449267,0.397597,0.397597,0.158083
official_test,Ridge_Regression,235,Beed,2023-09-01,h3,-0.378396,0.114722,0.493117,0.493117,0.243165
official_test,Ridge_Regression,236,Beed,2023-10-01,h1,0.05167,0.440047,0.388377,0.388377,0.150837
official_test,Ridge_Regression,236,Beed,2023-10-01,h2,-0.378396,0.025013,0.403409,0.403409,0.162738
official_test,Ridge_Regression,236,Beed,2023-10-01,h3,-0.87605,-0.304786,0.571265,0.571265,0.326343
official_test,Ridge_Regression,237,Beed,2023-11-01,h1,-0.378396,-0.287984,0.090412,0.090412,0.008174
official_test,Ridge_Regression,237,Beed,2023-11-01,h2,-0.87605,-0.388252,0.487798,0.487798,0.237947
official_test,Ridge_Regression,237,Beed,2023-11-01,h3,-0.69608,-0.187776,0.508304,0.508304,0.258373
official_test,Ridge_Regression,238,Beed,2023-12-01,h1,-0.87605,-0.23562,0.64043,0.64043,0.410151
official_test,Ridge_Regression,238,Beed,2023-12-01,h2,-0.69608,0.033241,0.729322,0.729322,0.53191
official_test,Ridge_Regression,238,Beed,2023-12-01,h3,-0.542161,0.05798,0.600141,0.600141,0.360169
official_test,Ridge_Regression,239,Beed,2024-01-01,h1,-0.69608,-0.464515,0.231565,0.231565,0.053623
official_test,Ridge_Regression,239,Beed,2024-01-01,h2,-0.542161,-0.311122,0.231039,0.231039,0.053379
official_test,Ridge_Regression,239,Beed,2024-01-01,h3,-0.878338,-0.16527,0.713068,0.713068,0.508466
official_test,Ridge_Regression,240,Beed,2024-02-01,h1,-0.542161,-0.484752,0.057409,0.057409,0.003296
official_test,Ridge_Regression,240,Beed,2024-02-01,h2,-0.878338,-0.298887,0.57945,0.57945,0.335763
official_test,Ridge_Regression,240,Beed,2024-02-01,h3,-0.672243,-0.056822,0.615421,0.615421,0.378743
official_test,Ridge_Regression,241,Beed,2024-03-01,h1,-0.878338,-0.172031,0.706306,0.706306,0.498869
official_test,Ridge_Regression,241,Beed,2024-03-01,h2,-0.672243,0.085463,0.757706,0.757706,0.574118
official_test,Ridge_Regression,241,Beed,2024-03-01,h3,-1.180469,0.076541,1.25701,1.25701,1.580074
official_test,Ridge_Regression,242,Beed,2024-04-01,h1,-0.672243,-0.427298,0.244945,0.244945,0.059998
official_test,Ridge_Regression,242,Beed,2024-04-01,h2,-1.180469,-0.143942,1.036527,1.036527,1.074387
official_test,Ridge_Regression,242,Beed,2024-04-01,h3,-1.901815,0.389316,2.291131,2.291131,5.249282
official_test,Ridge_Regression,243,Beed,2024-05-01,h1,-1.180469,-0.025963,1.154506,1.154506,1.332883
official_test,Ridge_Regression,243,Beed,2024-05-01,h2,-1.901815,0.521521,2.423336,2.423336,5.872557
official_test,Ridge_Regression,243,Beed,2024-05-01,h3,-1.597088,0.709182,2.30627,2.30627,5.318881
official_test,Ridge_Regression,244,Beed,2024-06-01,h1,-1.901815,-0.494874,1.406941,1.406941,1.979483
official_test,Ridge_Regression,244,Beed,2024-06-01,h2,-1.597088,-0.072377,1.524711,1.524711,2.324743
official_test,Ridge_Regression,244,Beed,2024-06-01,h3,-1.208366,0.079119,1.287485,1.287485,1.657617
official_test,Ridge_Regression,245,Beed,2024-07-01,h1,-1.597088,-1.072891,0.524198,0.524198,0.274783
official_test,Ridge_Regression,245,Beed,2024-07-01,h2,-1.208366,-0.779532,0.428833,0.428833,0.183898
official_test,Ridge_Regression,245,Beed,2024-07-01,h3,-1.177683,-0.465086,0.712596,0.712596,0.507793
official_test,Ridge_Regression,246,Beed,2024-08-01,h1,-1.208366,-1.195343,0.013022,0.013022,0.00017
official_test,Ridge_Regression,246,Beed,2024-08-01,h2,-1.177683,-0.825798,0.351884,0.351884,0.123823
official_test,Ridge_Regression,246,Beed,2024-08-01,h3,-1.192881,-0.732636,0.460244,0.460244,0.211825
official_test,Ridge_Regression,247,Beed,2024-09-01,h1,-1.177683,-0.952592,0.225091,0.225091,0.050666
official_test,Ridge_Regression,247,Beed,2024-09-01,h2,-1.192881,-0.805098,0.387782,0.387782,0.150375
official_test,Ridge_Regression,247,Beed,2024-09-01,h3,-1.165328,-0.720779,0.444548,0.444548,0.197623
official_test,Ridge_Regression,450,Chhatrapati Sambhajinagar,2021-01-01,h1,-0.901384,-0.47386,0.427524,0.427524,0.182777
official_test,Ridge_Regression,450,Chhatrapati Sambhajinagar,2021-01-01,h2,-0.87235,-0.546783,0.325567,0.325567,0.105994
official_test,Ridge_Regression,450,Chhatrapati Sambhajinagar,2021-01-01,h3,-1.212614,-0.917674,0.29494,0.29494,0.08699
official_test,Ridge_Regression,451,Chhatrapati Sambhajinagar,2021-02-01,h1,-0.87235,-0.801193,0.071157,0.071157,0.005063
official_test,Ridge_Regression,451,Chhatrapati Sambhajinagar,2021-02-01,h2,-1.212614,-1.181532,0.031082,0.031082,0.000966
official_test,Ridge_Regression,451,Chhatrapati Sambhajinagar,2021-02-01,h3,-1.602686,-0.847304,0.755382,0.755382,0.570601
official_test,Ridge_Regression,452,Chhatrapati Sambhajinagar,2021-03-01,h1,-1.212614,-1.166258,0.046356,0.046356,0.002149
official_test,Ridge_Regression,452,Chhatrapati Sambhajinagar,2021-03-01,h2,-1.602686,-0.864998,0.737687,0.737687,0.544182
official_test,Ridge_Regression,452,Chhatrapati Sambhajinagar,2021-03-01,h3,-1.609204,-0.77222,0.836984,0.836984,0.700543
official_test,Ridge_Regression,453,Chhatrapati Sambhajinagar,2021-04-01,h1,-1.602686,-0.853622,0.749064,0.749064,0.561097
official_test,Ridge_Regression,453,Chhatrapati Sambhajinagar,2021-04-01,h2,-1.609204,-0.716443,0.892762,0.892762,0.797023
official_test,Ridge_Regression,453,Chhatrapati Sambhajinagar,2021-04-01,h3,-0.935192,-0.452141,0.483051,0.483051,0.233338
official_test,Ridge_Regression,454,Chhatrapati Sambhajinagar,2021-05-01,h1,-1.609204,-1.343567,0.265638,0.265638,0.070563
official_test,Ridge_Regression,454,Chhatrapati Sambhajinagar,2021-05-01,h2,-0.935192,-0.902502,0.032691,0.032691,0.001069
official_test,Ridge_Regression,454,Chhatrapati Sambhajinagar,2021-05-01,h3,-0.303652,-0.663015,-0.359363,0.359363,0.129142
official_test,Ridge_Regression,455,Chhatrapati Sambhajinagar,2021-06-01,h1,-0.935192,-0.914353,0.020839,0.020839,0.000434
official_test,Ridge_Regression,455,Chhatrapati Sambhajinagar,2021-06-01,h2,-0.303652,-0.557702,-0.25405,0.25405,0.064541
official_test,Ridge_Regression,455,Chhatrapati Sambhajinagar,2021-06-01,h3,-1.210215,-0.199337,1.010878,1.010878,1.021875
official_test,Ridge_Regression,456,Chhatrapati Sambhajinagar,2021-07-01,h1,-0.303652,-0.591933,-0.288281,0.288281,0.083106
official_test,Ridge_Regression,456,Chhatrapati Sambhajinagar,2021-07-01,h2,-1.210215,-0.401741,0.808474,0.808474,0.653631
official_test,Ridge_Regression,456,Chhatrapati Sambhajinagar,2021-07-01,h3,-1.755722,-0.369865,1.385857,1.385857,1.920598
official_test,Ridge_Regression,457,Chhatrapati Sambhajinagar,2021-08-01,h1,-1.210215,-0.15707,1.053146,1.053146,1.109116
official_test,Ridge_Regression,457,Chhatrapati Sambhajinagar,2021-08-01,h2,-1.755722,-0.13234,1.623382,1.623382,2.63537
official_test,Ridge_Regression,457,Chhatrapati Sambhajinagar,2021-08-01,h3,-1.585057,0.043587,1.628644,1.628644,2.652481
official_test,Ridge_Regression,458,Chhatrapati Sambhajinagar,2021-09-01,h1,-1.755722,-1.028953,0.726769,0.726769,0.528193
official_test,Ridge_Regression,458,Chhatrapati Sambhajinagar,2021-09-01,h2,-1.585057,-0.620094,0.964963,0.964963,0.931154
official_test,Ridge_Regression,458,Chhatrapati Sambhajinagar,2021-09-01,h3,-1.401432,-0.486545,0.914886,0.914886,0.837017
official_test,Ridge_Regression,459,Chhatrapati Sambhajinagar,2021-10-01,h1,-1.585057,-1.395966,0.189091,0.189091,0.035755
official_test,Ridge_Regression,459,Chhatrapati Sambhajinagar,2021-10-01,h2,-1.401432,-1.215105,0.186326,0.186326,0.034717
official_test,Ridge_Regression,459,Chhatrapati Sambhajinagar,2021-10-01,h3,-1.187325,-1.310515,-0.123189,0.123189,0.015176
official_test,Ridge_Regression,460,Chhatrapati Sambhajinagar,2021-11-01,h1,-1.401432,-1.385653,0.015778,0.015778,0.000249
official_test,Ridge_Regression,460,Chhatrapati Sambhajinagar,2021-11-01,h2,-1.187325,-1.408185,-0.220859,0.220859,0.048779
official_test,Ridge_Regression,460,Chhatrapati Sambhajinagar,2021-11-01,h3,-1.420752,-1.635834,-0.215083,0.215083,0.046261
official_test,Ridge_Regression,461,Chhatrapati Sambhajinagar,2021-12-01,h1,-1.187325,-1.479543,-0.292218,0.292218,0.085391
official_test,Ridge_Regression,461,Chhatrapati Sambhajinagar,2021-12-01,h2,-1.420752,-1.714882,-0.29413,0.29413,0.086513
official_test,Ridge_Regression,461,Chhatrapati Sambhajinagar,2021-12-01,h3,-0.800335,-1.383744,-0.583408,0.583408,0.340365
official_test,Ridge_Regression,462,Chhatrapati Sambhajinagar,2022-01-01,h1,-1.420752,-1.356396,0.064355,0.064355,0.004142
official_test,Ridge_Regression,462,Chhatrapati Sambhajinagar,2022-01-01,h2,-0.800335,-1.07527,-0.274934,0.274934,0.075589
official_test,Ridge_Regression,462,Chhatrapati Sambhajinagar,2022-01-01,h3,-0.672696,-0.872662,-0.199966,0.199966,0.039986
official_test,Ridge_Regression,463,Chhatrapati Sambhajinagar,2022-02-01,h1,-0.800335,-1.016923,-0.216588,0.216588,0.04691
official_test,Ridge_Regression,463,Chhatrapati Sambhajinagar,2022-02-01,h2,-0.672696,-0.798819,-0.126123,0.126123,0.015907
official_test,Ridge_Regression,463,Chhatrapati Sambhajinagar,2022-02-01,h3,-0.462274,-0.35194,0.110335,0.110335,0.012174
official_test,Ridge_Regression,464,Chhatrapati Sambhajinagar,2022-03-01,h1,-0.672696,-0.536162,0.136534,0.136534,0.018642
official_test,Ridge_Regression,464,Chhatrapati Sambhajinagar,2022-03-01,h2,-0.462274,-0.198422,0.263852,0.263852,0.069618
official_test,Ridge_Regression,464,Chhatrapati Sambhajinagar,2022-03-01,h3,-0.494102,-0.516757,-0.022655,0.022655,0.000513
official_test,Ridge_Regression,465,Chhatrapati Sambhajinagar,2022-04-01,h1,-0.462274,-0.302316,0.159959,0.159959,0.025587
official_test,Ridge_Regression,465,Chhatrapati Sambhajinagar,2022-04-01,h2,-0.494102,-0.63029,-0.136188,0.136188,0.018547
official_test,Ridge_Regression,465,Chhatrapati Sambhajinagar,2022-04-01,h3,-2.112228,-0.362806,1.749422,1.749422,3.060479
official_test,Ridge_Regression,466,Chhatrapati Sambhajinagar,2022-05-01,h1,-0.494102,-0.672494,-0.178392,0.178392,0.031824
official_test,Ridge_Regression,466,Chhatrapati Sambhajinagar,2022-05-01,h2,-2.112228,-0.349203,1.763026,1.763026,3.10826
official_test,Ridge_Regression,466,Chhatrapati Sambhajinagar,2022-05-01,h3,-1.34669,-0.158521,1.188169,1.188169,1.411746
official_test,Ridge_Regression,467,Chhatrapati Sambhajinagar,2022-06-01,h1,-2.112228,-0.209902,1.902326,1.902326,3.618845
official_test,Ridge_Regression,467,Chhatrapati Sambhajinagar,2022-06-01,h2,-1.34669,-0.151266,1.195424,1.195424,1.429038
official_test,Ridge_Regression,467,Chhatrapati Sambhajinagar,2022-06-01,h3,-1.597277,0.334274,1.93155,1.93155,3.730887
official_test,Ridge_Regression,468,Chhatrapati Sambhajinagar,2022-07-01,h1,-1.34669,-1.577904,-0.231214,0.231214,0.05346
official_test,Ridge_Regression,468,Chhatrapati Sambhajinagar,2022-07-01,h2,-1.597277,-1.115201,0.482076,0.482076,0.232397
official_test,Ridge_Regression,468,Chhatrapati Sambhajinagar,2022-07-01,h3,-1.940291,-0.727055,1.213236,1.213236,1.471942
official_test,Ridge_Regression,469,Chhatrapati Sambhajinagar,2022-08-01,h1,-1.597277,-1.185803,0.411474,0.411474,0.169311
official_test,Ridge_Regression,469,Chhatrapati Sambhajinagar,2022-08-01,h2,-1.940291,-0.945084,0.995207,0.995207,0.990438
official_test,Ridge_Regression,469,Chhatrapati Sambhajinagar,2022-08-01,h3,-1.561697,-0.699486,0.862211,0.862211,0.743407
official_test,Ridge_Regression,470,Chhatrapati Sambhajinagar,2022-09-01,h1,-1.940291,-1.434011,0.50628,0.50628,0.25632
official_test,Ridge_Regression,470,Chhatrapati Sambhajinagar,2022-09-01,h2,-1.561697,-1.125491,0.436206,0.436206,0.190276
official_test,Ridge_Regression,470,Chhatrapati Sambhajinagar,2022-09-01,h3,-1.444408,-1.011331,0.433076,0.433076,0.187555
official_test,Ridge_Regression,471,Chhatrapati Sambhajinagar,2022-10-01,h1,-1.561697,-1.528666,0.033031,0.033031,0.001091
official_test,Ridge_Regression,471,Chhatrapati Sambhajinagar,2022-10-01,h2,-1.444408,-1.293674,0.150734,0.150734,0.022721
official_test,Ridge_Regression,471,Chhatrapati Sambhajinagar,2022-10-01,h3,-1.019117,-0.909041,0.110076,0.110076,0.012117
official_test,Ridge_Regression,472,Chhatrapati Sambhajinagar,2022-11-01,h1,-1.444408,-1.344253,0.100155,0.100155,0.010031
official_test,Ridge_Regression,472,Chhatrapati Sambhajinagar,2022-11-01,h2,-1.019117,-0.878708,0.140409,0.140409,0.019715
official_test,Ridge_Regression,472,Chhatrapati Sambhajinagar,2022-11-01,h3,-1.085541,-0.859094,0.226447,0.226447,0.051278
official_test,Ridge_Regression,473,Chhatrapati Sambhajinagar,2022-12-01,h1,-1.019117,-0.960863,0.058254,0.058254,0.003394
official_test,Ridge_Regression,473,Chhatrapati Sambhajinagar,2022-12-01,h2,-1.085541,-0.90474,0.180802,0.180802,0.032689
official_test,Ridge_Regression,473,Chhatrapati Sambhajinagar,2022-12-01,h3,-1.566303,-0.981739,0.584564,0.584564,0.341715
official_test,Ridge_Regression,474,Chhatrapati Sambhajinagar,2023-01-01,h1,-1.085541,-0.75575,0.329791,0.329791,0.108762
official_test,Ridge_Regression,474,Chhatrapati Sambhajinagar,2023-01-01,h2,-1.566303,-0.910734,0.655569,0.655569,0.429771
official_test,Ridge_Regression,474,Chhatrapati Sambhajinagar,2023-01-01,h3,-1.734646,-1.08123,0.653416,0.653416,0.426953
official_test,Ridge_Regression,475,Chhatrapati Sambhajinagar,2023-02-01,h1,-1.566303,-1.098245,0.468058,0.468058,0.219079
official_test,Ridge_Regression,475,Chhatrapati Sambhajinagar,2023-02-01,h2,-1.734646,-1.161431,0.573215,0.573215,0.328576
official_test,Ridge_Regression,475,Chhatrapati Sambhajinagar,2023-02-01,h3,-1.075118,-0.935757,0.139361,0.139361,0.019422
official_test,Ridge_Regression,476,Chhatrapati Sambhajinagar,2023-03-01,h1,-1.734646,-1.3488,0.385846,0.385846,0.148877
official_test,Ridge_Regression,476,Chhatrapati Sambhajinagar,2023-03-01,h2,-1.075118,-1.039068,0.03605,0.03605,0.0013
official_test,Ridge_Regression,476,Chhatrapati Sambhajinagar,2023-03-01,h3,-0.084688,-0.678277,-0.593589,0.593589,0.352348
official_test,Ridge_Regression,477,Chhatrapati Sambhajinagar,2023-04-01,h1,-1.075118,-1.182112,-0.106993,0.106993,0.011448
official_test,Ridge_Regression,477,Chhatrapati Sambhajinagar,2023-04-01,h2,-0.084688,-0.696752,-0.612064,0.612064,0.374622
official_test,Ridge_Regression,477,Chhatrapati Sambhajinagar,2023-04-01,h3,-0.264452,-0.305765,-0.041313,0.041313,0.001707
official_test,Ridge_Regression,478,Chhatrapati Sambhajinagar,2023-05-01,h1,-0.084688,-0.543695,-0.459007,0.459007,0.210688
official_test,Ridge_Regression,478,Chhatrapati Sambhajinagar,2023-05-01,h2,-0.264452,-0.184999,0.079453,0.079453,0.006313
official_test,Ridge_Regression,478,Chhatrapati Sambhajinagar,2023-05-01,h3,-0.096381,-0.26215,-0.16577,0.16577,0.02748
official_test,Ridge_Regression,479,Chhatrapati Sambhajinagar,2023-06-01,h1,-0.264452,0.114084,0.378536,0.378536,0.143289
official_test,Ridge_Regression,479,Chhatrapati Sambhajinagar,2023-06-01,h2,-0.096381,-0.093371,0.003009,0.003009,9e-06
official_test,Ridge_Regression,479,Chhatrapati Sambhajinagar,2023-06-01,h3,-0.399514,0.129108,0.528622,0.528622,0.279441
official_test,Ridge_Regression,480,Chhatrapati Sambhajinagar,2023-07-01,h1,-0.096381,-0.518119,-0.421739,0.421739,0.177864
official_test,Ridge_Regression,480,Chhatrapati Sambhajinagar,2023-07-01,h2,-0.399514,-0.432245,-0.032731,0.032731,0.001071
official_test,Ridge_Regression,480,Chhatrapati Sambhajinagar,2023-07-01,h3,-0.151739,-0.239039,-0.0873,0.0873,0.007621
official_test,Ridge_Regression,481,Chhatrapati Sambhajinagar,2023-08-01,h1,-0.399514,-0.11608,0.283435,0.283435,0.080335
official_test,Ridge_Regression,481,Chhatrapati Sambhajinagar,2023-08-01,h2,-0.151739,0.001301,0.15304,0.15304,0.023421
official_test,Ridge_Regression,481,Chhatrapati Sambhajinagar,2023-08-01,h3,-0.390781,0.036278,0.427059,0.427059,0.18238
official_test,Ridge_Regression,482,Chhatrapati Sambhajinagar,2023-09-01,h1,-0.151739,0.035396,0.187135,0.187135,0.035019
official_test,Ridge_Regression,482,Chhatrapati Sambhajinagar,2023-09-01,h2,-0.390781,0.284042,0.674823,0.674823,0.455386
official_test,Ridge_Regression,482,Chhatrapati Sambhajinagar,2023-09-01,h3,-0.605908,0.244231,0.850139,0.850139,0.722737
official_test,Ridge_Regression,483,Chhatrapati Sambhajinagar,2023-10-01,h1,-0.390781,0.13423,0.525012,0.525012,0.275637
official_test,Ridge_Regression,483,Chhatrapati Sambhajinagar,2023-10-01,h2,-0.605908,0.064691,0.670599,0.670599,0.449703
official_test,Ridge_Regression,483,Chhatrapati Sambhajinagar,2023-10-01,h3,-1.119045,-0.23803,0.881015,0.881015,0.776187
official_test,Ridge_Regression,484,Chhatrapati Sambhajinagar,2023-11-01,h1,-0.605908,-0.318534,0.287374,0.287374,0.082584
official_test,Ridge_Regression,484,Chhatrapati Sambhajinagar,2023-11-01,h2,-1.119045,-0.406321,0.712725,0.712725,0.507977
official_test,Ridge_Regression,484,Chhatrapati Sambhajinagar,2023-11-01,h3,-0.894783,-0.440145,0.454638,0.454638,0.206696
official_test,Ridge_Regression,485,Chhatrapati Sambhajinagar,2023-12-01,h1,-1.119045,-0.468409,0.650636,0.650636,0.423327
official_test,Ridge_Regression,485,Chhatrapati Sambhajinagar,2023-12-01,h2,-0.894783,-0.443301,0.451482,0.451482,0.203836
official_test,Ridge_Regression,485,Chhatrapati Sambhajinagar,2023-12-01,h3,-0.753684,-0.380896,0.372788,0.372788,0.138971
official_test,Ridge_Regression,486,Chhatrapati Sambhajinagar,2024-01-01,h1,-0.894783,-0.820729,0.074054,0.074054,0.005484
official_test,Ridge_Regression,486,Chhatrapati Sambhajinagar,2024-01-01,h2,-0.753684,-0.592212,0.161471,0.161471,0.026073
official_test,Ridge_Regression,486,Chhatrapati Sambhajinagar,2024-01-01,h3,-0.553116,-0.332927,0.220189,0.220189,0.048483
official_test,Ridge_Regression,487,Chhatrapati Sambhajinagar,2024-02-01,h1,-0.753684,-0.513285,0.240398,0.240398,0.057791
official_test,Ridge_Regression,487,Chhatrapati Sambhajinagar,2024-02-01,h2,-0.553116,-0.228437,0.324679,0.324679,0.105416
official_test,Ridge_Regression,487,Chhatrapati Sambhajinagar,2024-02-01,h3,-0.553166,0.105936,0.659102,0.659102,0.434415
official_test,Ridge_Regression,488,Chhatrapati Sambhajinagar,2024-03-01,h1,-0.553116,-0.264166,0.28895,0.28895,0.083492
official_test,Ridge_Regression,488,Chhatrapati Sambhajinagar,2024-03-01,h2,-0.553166,0.115283,0.668449,0.668449,0.446824
official_test,Ridge_Regression,488,Chhatrapati Sambhajinagar,2024-03-01,h3,-0.879648,0.113597,0.993244,0.993244,0.986535
official_test,Ridge_Regression,489,Chhatrapati Sambhajinagar,2024-04-01,h1,-0.553166,-0.070258,0.482908,0.482908,0.233201
official_test,Ridge_Regression,489,Chhatrapati Sambhajinagar,2024-04-01,h2,-0.879648,0.08323,0.962877,0.962877,0.927133
official_test,Ridge_Regression,489,Chhatrapati Sambhajinagar,2024-04-01,h3,-0.275423,0.401834,0.677258,0.677258,0.458678
official_test,Ridge_Regression,490,Chhatrapati Sambhajinagar,2024-05-01,h1,-0.879648,-0.016767,0.862881,0.862881,0.744564
official_test,Ridge_Regression,490,Chhatrapati Sambhajinagar,2024-05-01,h2,-0.275423,0.30867,0.584093,0.584093,0.341164
official_test,Ridge_Regression,490,Chhatrapati Sambhajinagar,2024-05-01,h3,-1.480146,0.414082,1.894227,1.894227,3.588098
official_test,Ridge_Regression,491,Chhatrapati Sambhajinagar,2024-06-01,h1,-0.275423,-0.36265,-0.087227,0.087227,0.007609
official_test,Ridge_Regression,491,Chhatrapati Sambhajinagar,2024-06-01,h2,-1.480146,0.012952,1.493098,1.493098,2.229343
official_test,Ridge_Regression,491,Chhatrapati Sambhajinagar,2024-06-01,h3,-1.334362,0.24024,1.574601,1.574601,2.479369
official_test,Ridge_Regression,492,Chhatrapati Sambhajinagar,2024-07-01,h1,-1.480146,-0.166496,1.31365,1.31365,1.725676
official_test,Ridge_Regression,492,Chhatrapati Sambhajinagar,2024-07-01,h2,-1.334362,-0.098708,1.235653,1.235653,1.526839
official_test,Ridge_Regression,492,Chhatrapati Sambhajinagar,2024-07-01,h3,-1.430122,0.050285,1.480407,1.480407,2.191606
official_test,Ridge_Regression,493,Chhatrapati Sambhajinagar,2024-08-01,h1,-1.334362,-1.108631,0.22573,0.22573,0.050954
official_test,Ridge_Regression,493,Chhatrapati Sambhajinagar,2024-08-01,h2,-1.430122,-0.725625,0.704497,0.704497,0.496316
official_test,Ridge_Regression,493,Chhatrapati Sambhajinagar,2024-08-01,h3,-1.33475,-0.697315,0.637435,0.637435,0.406323
official_test,Ridge_Regression,494,Chhatrapati Sambhajinagar,2024-09-01,h1,-1.430122,-1.035047,0.395075,0.395075,0.156084
official_test,Ridge_Regression,494,Chhatrapati Sambhajinagar,2024-09-01,h2,-1.33475,-0.911561,0.423189,0.423189,0.179089
official_test,Ridge_Regression,494,Chhatrapati Sambhajinagar,2024-09-01,h3,-1.503817,-0.709901,0.793916,0.793916,0.630303
official_test,Ridge_Regression,697,Dharashiv,2021-01-01,h1,-0.925367,-0.369592,0.555775,0.555775,0.308886
official_test,Ridge_Regression,697,Dharashiv,2021-01-01,h2,-0.483298,-0.531434,-0.048136,0.048136,0.002317
official_test,Ridge_Regression,697,Dharashiv,2021-01-01,h3,-0.786925,-0.6696,0.117325,0.117325,0.013765
official_test,Ridge_Regression,698,Dharashiv,2021-02-01,h1,-0.483298,-0.868887,-0.385588,0.385588,0.148678
official_test,Ridge_Regression,698,Dharashiv,2021-02-01,h2,-0.786925,-0.947989,-0.161065,0.161065,0.025942
official_test,Ridge_Regression,698,Dharashiv,2021-02-01,h3,-1.037942,-0.794323,0.243619,0.243619,0.05935
official_test,Ridge_Regression,699,Dharashiv,2021-03-01,h1,-0.786925,-0.527578,0.259347,0.259347,0.067261
official_test,Ridge_Regression,699,Dharashiv,2021-03-01,h2,-1.037942,-0.465176,0.572766,0.572766,0.328061
official_test,Ridge_Regression,699,Dharashiv,2021-03-01,h3,-1.112037,-0.365105,0.746932,0.746932,0.557907
official_test,Ridge_Regression,700,Dharashiv,2021-04-01,h1,-1.037942,-0.437402,0.60054,0.60054,0.360649
official_test,Ridge_Regression,700,Dharashiv,2021-04-01,h2,-1.112037,-0.208175,0.903862,0.903862,0.816966
official_test,Ridge_Regression,700,Dharashiv,2021-04-01,h3,-1.025305,-0.127706,0.897599,0.897599,0.805685
official_test,Ridge_Regression,701,Dharashiv,2021-05-01,h1,-1.112037,-0.438046,0.673991,0.673991,0.454264
official_test,Ridge_Regression,701,Dharashiv,2021-05-01,h2,-1.025305,-0.107852,0.917454,0.917454,0.841721
official_test,Ridge_Regression,701,Dharashiv,2021-05-01,h3,-0.790949,0.16878,0.959729,0.959729,0.92108
official_test,Ridge_Regression,702,Dharashiv,2021-06-01,h1,-1.025305,-0.574977,0.450329,0.450329,0.202796
official_test,Ridge_Regression,702,Dharashiv,2021-06-01,h2,-0.790949,-0.126115,0.664834,0.664834,0.442004
official_test,Ridge_Regression,702,Dharashiv,2021-06-01,h3,-1.008118,-0.048701,0.959417,0.959417,0.920481
official_test,Ridge_Regression,703,Dharashiv,2021-07-01,h1,-0.790949,-0.697297,0.093652,0.093652,0.008771
official_test,Ridge_Regression,703,Dharashiv,2021-07-01,h2,-1.008118,-0.706825,0.301294,0.301294,0.090778
official_test,Ridge_Regression,703,Dharashiv,2021-07-01,h3,-1.107112,-0.838291,0.26882,0.26882,0.072264
official_test,Ridge_Regression,704,Dharashiv,2021-08-01,h1,-1.008118,-0.619479,0.388639,0.388639,0.15104
official_test,Ridge_Regression,704,Dharashiv,2021-08-01,h2,-1.107112,-0.776896,0.330216,0.330216,0.109043
official_test,Ridge_Regression,704,Dharashiv,2021-08-01,h3,-1.170155,-0.662984,0.507171,0.507171,0.257222
official_test,Ridge_Regression,705,Dharashiv,2021-09-01,h1,-1.107112,-1.200074,-0.092963,0.092963,0.008642
official_test,Ridge_Regression,705,Dharashiv,2021-09-01,h2,-1.170155,-0.965267,0.204888,0.204888,0.041979
official_test,Ridge_Regression,705,Dharashiv,2021-09-01,h3,-1.343819,-0.847967,0.495852,0.495852,0.245869
official_test,Ridge_Regression,706,Dharashiv,2021-10-01,h1,-1.170155,-0.883222,0.286932,0.286932,0.08233
official_test,Ridge_Regression,706,Dharashiv,2021-10-01,h2,-1.343819,-0.704513,0.639306,0.639306,0.408712
official_test,Ridge_Regression,706,Dharashiv,2021-10-01,h3,-1.315075,-0.849963,0.465112,0.465112,0.216329
official_test,Ridge_Regression,707,Dharashiv,2021-11-01,h1,-1.343819,-0.904874,0.438945,0.438945,0.192672
official_test,Ridge_Regression,707,Dharashiv,2021-11-01,h2,-1.315075,-0.855397,0.459678,0.459678,0.211304
official_test,Ridge_Regression,707,Dharashiv,2021-11-01,h3,-1.059334,-0.968452,0.090882,0.090882,0.008259
official_test,Ridge_Regression,708,Dharashiv,2021-12-01,h1,-1.315075,-1.10143,0.213645,0.213645,0.045644
official_test,Ridge_Regression,708,Dharashiv,2021-12-01,h2,-1.059334,-1.087743,-0.028409,0.028409,0.000807
official_test,Ridge_Regression,708,Dharashiv,2021-12-01,h3,-0.678753,-0.974533,-0.29578,0.29578,0.087486
official_test,Ridge_Regression,709,Dharashiv,2022-01-01,h1,-1.059334,-1.177009,-0.117675,0.117675,0.013847
official_test,Ridge_Regression,709,Dharashiv,2022-01-01,h2,-0.678753,-1.042012,-0.363259,0.363259,0.131957
official_test,Ridge_Regression,709,Dharashiv,2022-01-01,h3,-1.011028,-0.854959,0.156069,0.156069,0.024358
official_test,Ridge_Regression,710,Dharashiv,2022-02-01,h1,-0.678753,-0.924009,-0.245256,0.245256,0.06015
official_test,Ridge_Regression,710,Dharashiv,2022-02-01,h2,-1.011028,-0.888604,0.122424,0.122424,0.014988
official_test,Ridge_Regression,710,Dharashiv,2022-02-01,h3,-0.864825,-0.598739,0.266086,0.266086,0.070802
official_test,Ridge_Regression,711,Dharashiv,2022-03-01,h1,-1.011028,-0.684935,0.326093,0.326093,0.106337
official_test,Ridge_Regression,711,Dharashiv,2022-03-01,h2,-0.864825,-0.489693,0.375131,0.375131,0.140724
official_test,Ridge_Regression,711,Dharashiv,2022-03-01,h3,-0.674226,-0.586231,0.087995,0.087995,0.007743
official_test,Ridge_Regression,712,Dharashiv,2022-04-01,h1,-0.864825,-0.648387,0.216438,0.216438,0.046845
official_test,Ridge_Regression,712,Dharashiv,2022-04-01,h2,-0.674226,-0.591059,0.083167,0.083167,0.006917
official_test,Ridge_Regression,712,Dharashiv,2022-04-01,h3,-1.718629,-0.036705,1.681924,1.681924,2.828869
official_test,Ridge_Regression,713,Dharashiv,2022-05-01,h1,-0.674226,-0.512354,0.161873,0.161873,0.026203
official_test,Ridge_Regression,713,Dharashiv,2022-05-01,h2,-1.718629,0.112288,1.830917,1.830917,3.352257
official_test,Ridge_Regression,713,Dharashiv,2022-05-01,h3,-1.900719,0.355482,2.256202,2.256202,5.090446
official_test,Ridge_Regression,714,Dharashiv,2022-06-01,h1,-1.718629,0.104005,1.822634,1.822634,3.321996
official_test,Ridge_Regression,714,Dharashiv,2022-06-01,h2,-1.900719,0.299545,2.200265,2.200265,4.841164
official_test,Ridge_Regression,714,Dharashiv,2022-06-01,h3,-1.326715,0.245719,1.572434,1.572434,2.472548
official_test,Ridge_Regression,715,Dharashiv,2022-07-01,h1,-1.900719,-1.339686,0.561034,0.561034,0.314759
official_test,Ridge_Regression,715,Dharashiv,2022-07-01,h2,-1.326715,-1.40999,-0.083275,0.083275,0.006935
official_test,Ridge_Regression,715,Dharashiv,2022-07-01,h3,-1.357456,-1.059626,0.29783,0.29783,0.088703
official_test,Ridge_Regression,716,Dharashiv,2022-08-01,h1,-1.326715,-1.816368,-0.489653,0.489653,0.23976
official_test,Ridge_Regression,716,Dharashiv,2022-08-01,h2,-1.357456,-1.473658,-0.116202,0.116202,0.013503
official_test,Ridge_Regression,716,Dharashiv,2022-08-01,h3,-1.057977,-1.463234,-0.405257,0.405257,0.164233
official_test,Ridge_Regression,717,Dharashiv,2022-09-01,h1,-1.357456,-0.998706,0.35875,0.35875,0.128701
official_test,Ridge_Regression,717,Dharashiv,2022-09-01,h2,-1.057977,-0.951605,0.106372,0.106372,0.011315
official_test,Ridge_Regression,717,Dharashiv,2022-09-01,h3,-0.976196,-0.942581,0.033615,0.033615,0.00113
official_test,Ridge_Regression,718,Dharashiv,2022-10-01,h1,-1.057977,-1.239838,-0.181861,0.181861,0.033073
official_test,Ridge_Regression,718,Dharashiv,2022-10-01,h2,-0.976196,-1.14485,-0.168653,0.168653,0.028444
official_test,Ridge_Regression,718,Dharashiv,2022-10-01,h3,-1.156812,-0.933804,0.223008,0.223008,0.049733
official_test,Ridge_Regression,719,Dharashiv,2022-11-01,h1,-0.976196,-0.956083,0.020113,0.020113,0.000405
official_test,Ridge_Regression,719,Dharashiv,2022-11-01,h2,-1.156812,-0.621352,0.535459,0.535459,0.286717
official_test,Ridge_Regression,719,Dharashiv,2022-11-01,h3,-1.063274,-0.619013,0.444262,0.444262,0.197368
official_test,Ridge_Regression,720,Dharashiv,2022-12-01,h1,-1.156812,-0.559723,0.597089,0.597089,0.356515
official_test,Ridge_Regression,720,Dharashiv,2022-12-01,h2,-1.063274,-0.594895,0.468379,0.468379,0.219379
official_test,Ridge_Regression,720,Dharashiv,2022-12-01,h3,-1.160185,-0.716868,0.443317,0.443317,0.19653
official_test,Ridge_Regression,721,Dharashiv,2023-01-01,h1,-1.063274,-0.948128,0.115146,0.115146,0.013259
official_test,Ridge_Regression,721,Dharashiv,2023-01-01,h2,-1.160185,-1.106904,0.053281,0.053281,0.002839
official_test,Ridge_Regression,721,Dharashiv,2023-01-01,h3,-1.195078,-1.095523,0.099556,0.099556,0.009911
official_test,Ridge_Regression,722,Dharashiv,2023-02-01,h1,-1.160185,-1.112787,0.047397,0.047397,0.002247
official_test,Ridge_Regression,722,Dharashiv,2023-02-01,h2,-1.195078,-0.969579,0.225499,0.225499,0.05085
official_test,Ridge_Regression,722,Dharashiv,2023-02-01,h3,-0.678428,-0.575464,0.102964,0.102964,0.010601
official_test,Ridge_Regression,723,Dharashiv,2023-03-01,h1,-1.195078,-0.983459,0.21162,0.21162,0.044783
official_test,Ridge_Regression,723,Dharashiv,2023-03-01,h2,-0.678428,-0.589136,0.089292,0.089292,0.007973
official_test,Ridge_Regression,723,Dharashiv,2023-03-01,h3,0.030571,-0.363189,-0.39376,0.39376,0.155047
official_test,Ridge_Regression,724,Dharashiv,2023-04-01,h1,-0.678428,-0.584221,0.094207,0.094207,0.008875
official_test,Ridge_Regression,724,Dharashiv,2023-04-01,h2,0.030571,-0.146274,-0.176845,0.176845,0.031274
official_test,Ridge_Regression,724,Dharashiv,2023-04-01,h3,-0.795612,0.029517,0.825129,0.825129,0.680838
official_test,Ridge_Regression,725,Dharashiv,2023-05-01,h1,0.030571,-0.014535,-0.045106,0.045106,0.002035
official_test,Ridge_Regression,725,Dharashiv,2023-05-01,h2,-0.795612,0.281529,1.077142,1.077142,1.160234
official_test,Ridge_Regression,725,Dharashiv,2023-05-01,h3,-0.451253,0.646309,1.097561,1.097561,1.204641
official_test,Ridge_Regression,726,Dharashiv,2023-06-01,h1,-0.795612,0.255817,1.05143,1.05143,1.105505
official_test,Ridge_Regression,726,Dharashiv,2023-06-01,h2,-0.451253,0.47652,0.927773,0.927773,0.860763
official_test,Ridge_Regression,726,Dharashiv,2023-06-01,h3,-0.124314,0.392767,0.517081,0.517081,0.267372
official_test,Ridge_Regression,727,Dharashiv,2023-07-01,h1,-0.451253,-0.30883,0.142422,0.142422,0.020284
official_test,Ridge_Regression,727,Dharashiv,2023-07-01,h2,-0.124314,-0.137041,-0.012727,0.012727,0.000162
official_test,Ridge_Regression,727,Dharashiv,2023-07-01,h3,0.484405,0.253486,-0.230919,0.230919,0.053324
official_test,Ridge_Regression,728,Dharashiv,2023-08-01,h1,-0.124314,-0.148225,-0.023911,0.023911,0.000572
official_test,Ridge_Regression,728,Dharashiv,2023-08-01,h2,0.484405,0.136925,-0.347481,0.347481,0.120743
official_test,Ridge_Regression,728,Dharashiv,2023-08-01,h3,0.038974,0.221854,0.18288,0.18288,0.033445
official_test,Ridge_Regression,729,Dharashiv,2023-09-01,h1,0.484405,0.386499,-0.097907,0.097907,0.009586
official_test,Ridge_Regression,729,Dharashiv,2023-09-01,h2,0.038974,0.583548,0.544574,0.544574,0.296561
official_test,Ridge_Regression,729,Dharashiv,2023-09-01,h3,-0.143573,0.277646,0.421219,0.421219,0.177426
official_test,Ridge_Regression,730,Dharashiv,2023-10-01,h1,0.038974,0.648921,0.609947,0.609947,0.372035
official_test,Ridge_Regression,730,Dharashiv,2023-10-01,h2,-0.143573,0.316699,0.460272,0.460272,0.211851
official_test,Ridge_Regression,730,Dharashiv,2023-10-01,h3,-0.622017,0.168762,0.79078,0.79078,0.625332
official_test,Ridge_Regression,731,Dharashiv,2023-11-01,h1,-0.143573,-0.094994,0.04858,0.04858,0.00236
official_test,Ridge_Regression,731,Dharashiv,2023-11-01,h2,-0.622017,0.037154,0.659172,0.659172,0.434507
official_test,Ridge_Regression,731,Dharashiv,2023-11-01,h3,-0.520353,0.311074,0.831427,0.831427,0.691271
official_test,Ridge_Regression,732,Dharashiv,2023-12-01,h1,-0.622017,0.175831,0.797848,0.797848,0.636561
official_test,Ridge_Regression,732,Dharashiv,2023-12-01,h2,-0.520353,0.54364,1.063994,1.063994,1.132082
official_test,Ridge_Regression,732,Dharashiv,2023-12-01,h3,-0.07049,0.389127,0.459617,0.459617,0.211248
official_test,Ridge_Regression,733,Dharashiv,2024-01-01,h1,-0.520353,-0.031029,0.489325,0.489325,0.239439
official_test,Ridge_Regression,733,Dharashiv,2024-01-01,h2,-0.07049,-0.077781,-0.007291,0.007291,5.3e-05
official_test,Ridge_Regression,733,Dharashiv,2024-01-01,h3,-0.432588,0.048395,0.480983,0.480983,0.231344
official_test,Ridge_Regression,734,Dharashiv,2024-02-01,h1,-0.07049,-0.405252,-0.334761,0.334761,0.112065
official_test,Ridge_Regression,734,Dharashiv,2024-02-01,h2,-0.432588,-0.136287,0.296301,0.296301,0.087794
official_test,Ridge_Regression,734,Dharashiv,2024-02-01,h3,-0.588232,-0.050577,0.537655,0.537655,0.289073
official_test,Ridge_Regression,735,Dharashiv,2024-03-01,h1,-0.432588,0.3254,0.757988,0.757988,0.574546
official_test,Ridge_Regression,735,Dharashiv,2024-03-01,h2,-0.588232,0.322171,0.910403,0.910403,0.828834
official_test,Ridge_Regression,735,Dharashiv,2024-03-01,h3,-1.270592,0.387312,1.657904,1.657904,2.748646
official_test,Ridge_Regression,736,Dharashiv,2024-04-01,h1,-0.588232,-0.159592,0.428641,0.428641,0.183733
official_test,Ridge_Regression,736,Dharashiv,2024-04-01,h2,-1.270592,0.204134,1.474726,1.474726,2.174817
official_test,Ridge_Regression,736,Dharashiv,2024-04-01,h3,-2.091565,0.431343,2.522908,2.522908,6.365067
official_test,Ridge_Regression,737,Dharashiv,2024-05-01,h1,-1.270592,0.115239,1.385831,1.385831,1.920526
official_test,Ridge_Regression,737,Dharashiv,2024-05-01,h2,-2.091565,0.465948,2.557513,2.557513,6.540875
official_test,Ridge_Regression,737,Dharashiv,2024-05-01,h3,-1.655419,0.742406,2.397825,2.397825,5.749563
official_test,Ridge_Regression,738,Dharashiv,2024-06-01,h1,-2.091565,-0.932385,1.15918,1.15918,1.343699
official_test,Ridge_Regression,738,Dharashiv,2024-06-01,h2,-1.655419,-0.539795,1.115624,1.115624,1.244616
official_test,Ridge_Regression,738,Dharashiv,2024-06-01,h3,-0.833192,-0.512966,0.320227,0.320227,0.102545
official_test,Ridge_Regression,739,Dharashiv,2024-07-01,h1,-1.655419,-1.396582,0.258837,0.258837,0.066996
official_test,Ridge_Regression,739,Dharashiv,2024-07-01,h2,-0.833192,-1.215404,-0.382212,0.382212,0.146086
official_test,Ridge_Regression,739,Dharashiv,2024-07-01,h3,-0.893157,-1.075592,-0.182435,0.182435,0.033283
official_test,Ridge_Regression,740,Dharashiv,2024-08-01,h1,-0.833192,-1.204644,-0.371452,0.371452,0.137976
official_test,Ridge_Regression,740,Dharashiv,2024-08-01,h2,-0.893157,-1.000689,-0.107533,0.107533,0.011563
official_test,Ridge_Regression,740,Dharashiv,2024-08-01,h3,-0.858376,-0.748031,0.110344,0.110344,0.012176
official_test,Ridge_Regression,741,Dharashiv,2024-09-01,h1,-0.893157,-0.632681,0.260475,0.260475,0.067847
official_test,Ridge_Regression,741,Dharashiv,2024-09-01,h2,-0.858376,-0.373372,0.485003,0.485003,0.235228
official_test,Ridge_Regression,741,Dharashiv,2024-09-01,h3,-1.064045,-0.335853,0.728192,0.728192,0.530264
official_test,Ridge_Regression,944,Hingoli,2021-01-01,h1,-0.58886,-0.1959,0.39296,0.39296,0.154417
official_test,Ridge_Regression,944,Hingoli,2021-01-01,h2,-0.574969,-0.137632,0.437338,0.437338,0.191264
official_test,Ridge_Regression,944,Hingoli,2021-01-01,h3,-0.639672,-0.308969,0.330703,0.330703,0.109364
official_test,Ridge_Regression,945,Hingoli,2021-02-01,h1,-0.574969,-0.457829,0.117141,0.117141,0.013722
official_test,Ridge_Regression,945,Hingoli,2021-02-01,h2,-0.639672,-0.658645,-0.018973,0.018973,0.00036
official_test,Ridge_Regression,945,Hingoli,2021-02-01,h3,-0.863956,-0.512304,0.351652,0.351652,0.123659
official_test,Ridge_Regression,946,Hingoli,2021-03-01,h1,-0.639672,-0.739734,-0.100062,0.100062,0.010012
official_test,Ridge_Regression,946,Hingoli,2021-03-01,h2,-0.863956,-0.595587,0.268369,0.268369,0.072022
official_test,Ridge_Regression,946,Hingoli,2021-03-01,h3,-1.613695,-0.638972,0.974723,0.974723,0.950086
official_test,Ridge_Regression,947,Hingoli,2021-04-01,h1,-0.863956,-0.495085,0.368871,0.368871,0.136066
official_test,Ridge_Regression,947,Hingoli,2021-04-01,h2,-1.613695,-0.572795,1.0409,1.0409,1.083473
official_test,Ridge_Regression,947,Hingoli,2021-04-01,h3,-0.925624,-0.326026,0.599598,0.599598,0.359518
official_test,Ridge_Regression,948,Hingoli,2021-05-01,h1,-1.613695,-0.819091,0.794604,0.794604,0.631395
official_test,Ridge_Regression,948,Hingoli,2021-05-01,h2,-0.925624,-0.464361,0.461264,0.461264,0.212764
official_test,Ridge_Regression,948,Hingoli,2021-05-01,h3,-0.873509,-0.36799,0.50552,0.50552,0.25555
official_test,Ridge_Regression,949,Hingoli,2021-06-01,h1,-0.925624,-0.909931,0.015693,0.015693,0.000246
official_test,Ridge_Regression,949,Hingoli,2021-06-01,h2,-0.873509,-0.586462,0.287048,0.287048,0.082396
official_test,Ridge_Regression,949,Hingoli,2021-06-01,h3,-0.840391,-0.166691,0.6737,0.6737,0.453871
official_test,Ridge_Regression,950,Hingoli,2021-07-01,h1,-0.873509,-0.689394,0.184115,0.184115,0.033899
official_test,Ridge_Regression,950,Hingoli,2021-07-01,h2,-0.840391,-0.541715,0.298676,0.298676,0.089207
official_test,Ridge_Regression,950,Hingoli,2021-07-01,h3,-1.552016,-0.506634,1.045383,1.045383,1.092825
official_test,Ridge_Regression,951,Hingoli,2021-08-01,h1,-0.840391,-0.680681,0.15971,0.15971,0.025507
official_test,Ridge_Regression,951,Hingoli,2021-08-01,h2,-1.552016,-0.649027,0.902989,0.902989,0.81539
official_test,Ridge_Regression,951,Hingoli,2021-08-01,h3,-1.345644,-0.618623,0.727021,0.727021,0.52856
official_test,Ridge_Regression,952,Hingoli,2021-09-01,h1,-1.552016,-0.994033,0.557984,0.557984,0.311346
official_test,Ridge_Regression,952,Hingoli,2021-09-01,h2,-1.345644,-0.937556,0.408088,0.408088,0.166536
official_test,Ridge_Regression,952,Hingoli,2021-09-01,h3,-1.110448,-0.683186,0.427261,0.427261,0.182552
official_test,Ridge_Regression,953,Hingoli,2021-10-01,h1,-1.345644,-1.455047,-0.109402,0.109402,0.011969
official_test,Ridge_Regression,953,Hingoli,2021-10-01,h2,-1.110448,-1.153901,-0.043454,0.043454,0.001888
official_test,Ridge_Regression,953,Hingoli,2021-10-01,h3,-1.119442,-1.227384,-0.107942,0.107942,0.011652
official_test,Ridge_Regression,954,Hingoli,2021-11-01,h1,-1.110448,-1.079659,0.030788,0.030788,0.000948
official_test,Ridge_Regression,954,Hingoli,2021-11-01,h2,-1.119442,-1.0802,0.039241,0.039241,0.00154
official_test,Ridge_Regression,954,Hingoli,2021-11-01,h3,-0.947181,-1.139309,-0.192128,0.192128,0.036913
official_test,Ridge_Regression,955,Hingoli,2021-12-01,h1,-1.119442,-1.074679,0.044762,0.044762,0.002004
official_test,Ridge_Regression,955,Hingoli,2021-12-01,h2,-0.947181,-1.154592,-0.207411,0.207411,0.043019
official_test,Ridge_Regression,955,Hingoli,2021-12-01,h3,-0.42456,-1.068452,-0.643892,0.643892,0.414597
official_test,Ridge_Regression,956,Hingoli,2022-01-01,h1,-0.947181,-1.077639,-0.130458,0.130458,0.017019
official_test,Ridge_Regression,956,Hingoli,2022-01-01,h2,-0.42456,-0.923208,-0.498648,0.498648,0.24865
official_test,Ridge_Regression,956,Hingoli,2022-01-01,h3,-0.450531,-0.843423,-0.392892,0.392892,0.154364
official_test,Ridge_Regression,957,Hingoli,2022-02-01,h1,-0.42456,-0.843374,-0.418814,0.418814,0.175405
official_test,Ridge_Regression,957,Hingoli,2022-02-01,h2,-0.450531,-0.79802,-0.347489,0.347489,0.120748
official_test,Ridge_Regression,957,Hingoli,2022-02-01,h3,-0.567104,-0.480095,0.087009,0.087009,0.00757
official_test,Ridge_Regression,958,Hingoli,2022-03-01,h1,-0.450531,-0.4661,-0.015569,0.015569,0.000242
official_test,Ridge_Regression,958,Hingoli,2022-03-01,h2,-0.567104,-0.310335,0.256769,0.256769,0.06593
official_test,Ridge_Regression,958,Hingoli,2022-03-01,h3,-0.288783,-0.455709,-0.166925,0.166925,0.027864
official_test,Ridge_Regression,959,Hingoli,2022-04-01,h1,-0.567104,-0.313003,0.254101,0.254101,0.064567
official_test,Ridge_Regression,959,Hingoli,2022-04-01,h2,-0.288783,-0.470305,-0.181522,0.181522,0.03295
official_test,Ridge_Regression,959,Hingoli,2022-04-01,h3,-2.072833,-0.318855,1.753978,1.753978,3.07644
official_test,Ridge_Regression,960,Hingoli,2022-05-01,h1,-0.288783,-0.614556,-0.325772,0.325772,0.106128
official_test,Ridge_Regression,960,Hingoli,2022-05-01,h2,-2.072833,-0.387797,1.685036,1.685036,2.839347
official_test,Ridge_Regression,960,Hingoli,2022-05-01,h3,-1.568348,0.153286,1.721634,1.721634,2.964024
official_test,Ridge_Regression,961,Hingoli,2022-06-01,h1,-2.072833,-0.156049,1.916784,1.916784,3.674061
official_test,Ridge_Regression,961,Hingoli,2022-06-01,h2,-1.568348,0.155491,1.723839,1.723839,2.971622
official_test,Ridge_Regression,961,Hingoli,2022-06-01,h3,-1.300487,0.238755,1.539242,1.539242,2.369267
official_test,Ridge_Regression,962,Hingoli,2022-07-01,h1,-1.568348,-1.431144,0.137204,0.137204,0.018825
official_test,Ridge_Regression,962,Hingoli,2022-07-01,h2,-1.300487,-1.165496,0.134991,0.134991,0.018223
official_test,Ridge_Regression,962,Hingoli,2022-07-01,h3,-1.419324,-0.458661,0.960662,0.960662,0.922872
official_test,Ridge_Regression,963,Hingoli,2022-08-01,h1,-1.300487,-1.446479,-0.145992,0.145992,0.021314
official_test,Ridge_Regression,963,Hingoli,2022-08-01,h2,-1.419324,-0.905587,0.513737,0.513737,0.263925
official_test,Ridge_Regression,963,Hingoli,2022-08-01,h3,-1.194139,-0.808221,0.385918,0.385918,0.148933
official_test,Ridge_Regression,964,Hingoli,2022-09-01,h1,-1.419324,-0.892535,0.526789,0.526789,0.277506
official_test,Ridge_Regression,964,Hingoli,2022-09-01,h2,-1.194139,-0.699628,0.494511,0.494511,0.244541
official_test,Ridge_Regression,964,Hingoli,2022-09-01,h3,-1.258018,-0.627113,0.630905,0.630905,0.398041
official_test,Ridge_Regression,965,Hingoli,2022-10-01,h1,-1.194139,-1.116404,0.077735,0.077735,0.006043
official_test,Ridge_Regression,965,Hingoli,2022-10-01,h2,-1.258018,-0.92799,0.330028,0.330028,0.108919
official_test,Ridge_Regression,965,Hingoli,2022-10-01,h3,-1.290343,-0.447948,0.842395,0.842395,0.70963
official_test,Ridge_Regression,966,Hingoli,2022-11-01,h1,-1.258018,-0.914544,0.343475,0.343475,0.117975
official_test,Ridge_Regression,966,Hingoli,2022-11-01,h2,-1.290343,-0.305366,0.984977,0.984977,0.97018
official_test,Ridge_Regression,966,Hingoli,2022-11-01,h3,-1.079439,-0.204167,0.875272,0.875272,0.766102
official_test,Ridge_Regression,967,Hingoli,2022-12-01,h1,-1.290343,-0.514453,0.77589,0.77589,0.602005
official_test,Ridge_Regression,967,Hingoli,2022-12-01,h2,-1.079439,-0.308286,0.771153,0.771153,0.594677
official_test,Ridge_Regression,967,Hingoli,2022-12-01,h3,-1.061776,-0.517794,0.543983,0.543983,0.295917
official_test,Ridge_Regression,968,Hingoli,2023-01-01,h1,-1.079439,-0.765902,0.313537,0.313537,0.098305
official_test,Ridge_Regression,968,Hingoli,2023-01-01,h2,-1.061776,-0.954043,0.107733,0.107733,0.011606
official_test,Ridge_Regression,968,Hingoli,2023-01-01,h3,-1.311137,-0.925398,0.385738,0.385738,0.148794
official_test,Ridge_Regression,969,Hingoli,2023-02-01,h1,-1.061776,-1.165779,-0.104003,0.104003,0.010817
official_test,Ridge_Regression,969,Hingoli,2023-02-01,h2,-1.311137,-1.002101,0.309035,0.309035,0.095503
official_test,Ridge_Regression,969,Hingoli,2023-02-01,h3,-1.272599,-0.776599,0.496,0.496,0.246016
official_test,Ridge_Regression,970,Hingoli,2023-03-01,h1,-1.311137,-0.81866,0.492477,0.492477,0.242533
official_test,Ridge_Regression,970,Hingoli,2023-03-01,h2,-1.272599,-0.677032,0.595567,0.595567,0.3547
official_test,Ridge_Regression,970,Hingoli,2023-03-01,h3,-0.172713,-0.362074,-0.189361,0.189361,0.035858
official_test,Ridge_Regression,971,Hingoli,2023-04-01,h1,-1.272599,-0.890683,0.381916,0.381916,0.14586
official_test,Ridge_Regression,971,Hingoli,2023-04-01,h2,-0.172713,-0.386862,-0.21415,0.21415,0.04586
official_test,Ridge_Regression,971,Hingoli,2023-04-01,h3,-1.498485,-0.204836,1.293649,1.293649,1.673529
official_test,Ridge_Regression,972,Hingoli,2023-05-01,h1,-0.172713,-0.561999,-0.389287,0.389287,0.151544
official_test,Ridge_Regression,972,Hingoli,2023-05-01,h2,-1.498485,-0.278853,1.219632,1.219632,1.487503
official_test,Ridge_Regression,972,Hingoli,2023-05-01,h3,-0.567348,-0.011038,0.55631,0.55631,0.309481
official_test,Ridge_Regression,973,Hingoli,2023-06-01,h1,-1.498485,-0.032235,1.46625,1.46625,2.149889
official_test,Ridge_Regression,973,Hingoli,2023-06-01,h2,-0.567348,0.140355,0.707703,0.707703,0.500844
official_test,Ridge_Regression,973,Hingoli,2023-06-01,h3,-0.82369,-0.04866,0.77503,0.77503,0.600672
official_test,Ridge_Regression,974,Hingoli,2023-07-01,h1,-0.567348,-0.858409,-0.29106,0.29106,0.084716
official_test,Ridge_Regression,974,Hingoli,2023-07-01,h2,-0.82369,-0.542861,0.28083,0.28083,0.078865
official_test,Ridge_Regression,974,Hingoli,2023-07-01,h3,-0.356734,0.09741,0.454144,0.454144,0.206247
official_test,Ridge_Regression,975,Hingoli,2023-08-01,h1,-0.82369,-0.329335,0.494355,0.494355,0.244387
official_test,Ridge_Regression,975,Hingoli,2023-08-01,h2,-0.356734,0.223242,0.579975,0.579975,0.336371
official_test,Ridge_Regression,975,Hingoli,2023-08-01,h3,-0.658419,0.291947,0.950367,0.950367,0.903197
official_test,Ridge_Regression,976,Hingoli,2023-09-01,h1,-0.356734,-0.071438,0.285296,0.285296,0.081394
official_test,Ridge_Regression,976,Hingoli,2023-09-01,h2,-0.658419,0.230409,0.888829,0.888829,0.790017
official_test,Ridge_Regression,976,Hingoli,2023-09-01,h3,-1.007658,0.236766,1.244423,1.244423,1.54859
official_test,Ridge_Regression,977,Hingoli,2023-10-01,h1,-0.658419,-0.061435,0.596984,0.596984,0.35639
official_test,Ridge_Regression,977,Hingoli,2023-10-01,h2,-1.007658,-0.081543,0.926114,0.926114,0.857687
official_test,Ridge_Regression,977,Hingoli,2023-10-01,h3,-1.46656,0.068407,1.534968,1.534968,2.356127
official_test,Ridge_Regression,978,Hingoli,2023-11-01,h1,-1.007658,-0.540144,0.467514,0.467514,0.218569
official_test,Ridge_Regression,978,Hingoli,2023-11-01,h2,-1.46656,-0.160348,1.306213,1.306213,1.706191
official_test,Ridge_Regression,978,Hingoli,2023-11-01,h3,-1.067525,0.332672,1.400197,1.400197,1.960552
official_test,Ridge_Regression,979,Hingoli,2023-12-01,h1,-1.46656,-0.392034,1.074526,1.074526,1.154607
official_test,Ridge_Regression,979,Hingoli,2023-12-01,h2,-1.067525,0.208875,1.276401,1.276401,1.629199
official_test,Ridge_Regression,979,Hingoli,2023-12-01,h3,-0.761897,0.197556,0.959453,0.959453,0.92055
official_test,Ridge_Regression,980,Hingoli,2024-01-01,h1,-1.067525,-0.456954,0.610571,0.610571,0.372797
official_test,Ridge_Regression,980,Hingoli,2024-01-01,h2,-0.761897,-0.304983,0.456913,0.456913,0.20877
official_test,Ridge_Regression,980,Hingoli,2024-01-01,h3,-1.023078,-0.09988,0.923198,0.923198,0.852294
official_test,Ridge_Regression,981,Hingoli,2024-02-01,h1,-0.761897,-0.69819,0.063706,0.063706,0.004059
official_test,Ridge_Regression,981,Hingoli,2024-02-01,h2,-1.023078,-0.310306,0.712772,0.712772,0.508044
official_test,Ridge_Regression,981,Hingoli,2024-02-01,h3,-1.24441,-0.408569,0.835841,0.835841,0.69863
official_test,Ridge_Regression,982,Hingoli,2024-03-01,h1,-1.023078,-0.109723,0.913355,0.913355,0.834217
official_test,Ridge_Regression,982,Hingoli,2024-03-01,h2,-1.24441,-0.212072,1.032338,1.032338,1.065721
official_test,Ridge_Regression,982,Hingoli,2024-03-01,h3,-1.122982,-0.025987,1.096995,1.096995,1.203398
official_test,Ridge_Regression,983,Hingoli,2024-04-01,h1,-1.24441,-0.737014,0.507396,0.507396,0.257451
official_test,Ridge_Regression,983,Hingoli,2024-04-01,h2,-1.122982,-0.114717,1.008265,1.008265,1.016598
official_test,Ridge_Regression,983,Hingoli,2024-04-01,h3,-1.306816,0.188185,1.495001,1.495001,2.235027
official_test,Ridge_Regression,984,Hingoli,2024-05-01,h1,-1.122982,-0.410214,0.712768,0.712768,0.508038
official_test,Ridge_Regression,984,Hingoli,2024-05-01,h2,-1.306816,-0.007713,1.299102,1.299102,1.687667
official_test,Ridge_Regression,984,Hingoli,2024-05-01,h3,-1.685414,0.276793,1.962207,1.962207,3.850256
official_test,Ridge_Regression,985,Hingoli,2024-06-01,h1,-1.306816,-0.672804,0.634012,0.634012,0.401971
official_test,Ridge_Regression,985,Hingoli,2024-06-01,h2,-1.685414,-0.236833,1.448581,1.448581,2.098387
official_test,Ridge_Regression,985,Hingoli,2024-06-01,h3,-1.091652,-0.316087,0.775566,0.775566,0.601502
official_test,Ridge_Regression,986,Hingoli,2024-07-01,h1,-1.685414,-0.919662,0.765753,0.765753,0.586377
official_test,Ridge_Regression,986,Hingoli,2024-07-01,h2,-1.091652,-0.982004,0.109649,0.109649,0.012023
official_test,Ridge_Regression,986,Hingoli,2024-07-01,h3,-1.101871,-0.90319,0.198681,0.198681,0.039474
official_test,Ridge_Regression,987,Hingoli,2024-08-01,h1,-1.091652,-1.742816,-0.651163,0.651163,0.424014
official_test,Ridge_Regression,987,Hingoli,2024-08-01,h2,-1.101871,-1.545366,-0.443495,0.443495,0.196688
official_test,Ridge_Regression,987,Hingoli,2024-08-01,h3,-1.146379,-1.181451,-0.035072,0.035072,0.00123
official_test,Ridge_Regression,988,Hingoli,2024-09-01,h1,-1.101871,-0.93765,0.16422,0.16422,0.026968
official_test,Ridge_Regression,988,Hingoli,2024-09-01,h2,-1.146379,-0.584997,0.561381,0.561381,0.315149
official_test,Ridge_Regression,988,Hingoli,2024-09-01,h3,-1.219497,-0.658626,0.56087,0.56087,0.314575
official_test,Ridge_Regression,1191,Jalna,2021-01-01,h1,-1.084933,-0.792852,0.292081,0.292081,0.085311
official_test,Ridge_Regression,1191,Jalna,2021-01-01,h2,-0.77881,-0.887065,-0.108255,0.108255,0.011719
official_test,Ridge_Regression,1191,Jalna,2021-01-01,h3,-0.892222,-1.041858,-0.149636,0.149636,0.022391
official_test,Ridge_Regression,1192,Jalna,2021-02-01,h1,-0.77881,-1.043991,-0.265181,0.265181,0.070321
official_test,Ridge_Regression,1192,Jalna,2021-02-01,h2,-0.892222,-1.240988,-0.348765,0.348765,0.121637
official_test,Ridge_Regression,1192,Jalna,2021-02-01,h3,-1.313019,-1.03652,0.276498,0.276498,0.076451
official_test,Ridge_Regression,1193,Jalna,2021-03-01,h1,-0.892222,-0.892067,0.000155,0.000155,0.0
official_test,Ridge_Regression,1193,Jalna,2021-03-01,h2,-1.313019,-0.797711,0.515308,0.515308,0.265542
official_test,Ridge_Regression,1193,Jalna,2021-03-01,h3,-1.321961,-0.768651,0.55331,0.55331,0.306152
official_test,Ridge_Regression,1194,Jalna,2021-04-01,h1,-1.313019,-0.736902,0.576117,0.576117,0.331911
official_test,Ridge_Regression,1194,Jalna,2021-04-01,h2,-1.321961,-0.689513,0.632448,0.632448,0.39999
official_test,Ridge_Regression,1194,Jalna,2021-04-01,h3,-0.957447,-0.500677,0.45677,0.45677,0.208638
official_test,Ridge_Regression,1195,Jalna,2021-05-01,h1,-1.321961,-1.121815,0.200146,0.200146,0.040058
official_test,Ridge_Regression,1195,Jalna,2021-05-01,h2,-0.957447,-0.747458,0.209988,0.209988,0.044095
official_test,Ridge_Regression,1195,Jalna,2021-05-01,h3,-0.583822,-0.425685,0.158137,0.158137,0.025007
official_test,Ridge_Regression,1196,Jalna,2021-06-01,h1,-0.957447,-0.666409,0.291037,0.291037,0.084703
official_test,Ridge_Regression,1196,Jalna,2021-06-01,h2,-0.583822,-0.215843,0.367979,0.367979,0.135409
official_test,Ridge_Regression,1196,Jalna,2021-06-01,h3,-1.388171,0.144044,1.532215,1.532215,2.347683
official_test,Ridge_Regression,1197,Jalna,2021-07-01,h1,-0.583822,-0.525037,0.058785,0.058785,0.003456
official_test,Ridge_Regression,1197,Jalna,2021-07-01,h2,-1.388171,-0.372757,1.015414,1.015414,1.031065
official_test,Ridge_Regression,1197,Jalna,2021-07-01,h3,-1.893021,-0.394624,1.498396,1.498396,2.245191
official_test,Ridge_Regression,1198,Jalna,2021-08-01,h1,-1.388171,-0.374516,1.013654,1.013654,1.027495
official_test,Ridge_Regression,1198,Jalna,2021-08-01,h2,-1.893021,-0.429258,1.463763,1.463763,2.142603
official_test,Ridge_Regression,1198,Jalna,2021-08-01,h3,-1.659952,-0.351699,1.308253,1.308253,1.711527
official_test,Ridge_Regression,1199,Jalna,2021-09-01,h1,-1.893021,-1.443422,0.449598,0.449598,0.202139
official_test,Ridge_Regression,1199,Jalna,2021-09-01,h2,-1.659952,-1.149183,0.510769,0.510769,0.260885
official_test,Ridge_Regression,1199,Jalna,2021-09-01,h3,-1.415569,-0.79341,0.622159,0.622159,0.387082
official_test,Ridge_Regression,1200,Jalna,2021-10-01,h1,-1.659952,-1.579089,0.080863,0.080863,0.006539
official_test,Ridge_Regression,1200,Jalna,2021-10-01,h2,-1.415569,-1.202292,0.213277,0.213277,0.045487
official_test,Ridge_Regression,1200,Jalna,2021-10-01,h3,-1.551115,-1.154274,0.396841,0.396841,0.157483
official_test,Ridge_Regression,1201,Jalna,2021-11-01,h1,-1.415569,-1.304197,0.111372,0.111372,0.012404
official_test,Ridge_Regression,1201,Jalna,2021-11-01,h2,-1.551115,-1.216275,0.33484,0.33484,0.112118
official_test,Ridge_Regression,1201,Jalna,2021-11-01,h3,-1.687502,-1.415635,0.271868,0.271868,0.073912
official_test,Ridge_Regression,1202,Jalna,2021-12-01,h1,-1.551115,-1.336315,0.2148,0.2148,0.046139
official_test,Ridge_Regression,1202,Jalna,2021-12-01,h2,-1.687502,-1.534534,0.152969,0.152969,0.023399
official_test,Ridge_Regression,1202,Jalna,2021-12-01,h3,-1.025407,-1.207609,-0.182202,0.182202,0.033198
official_test,Ridge_Regression,1203,Jalna,2022-01-01,h1,-1.687502,-1.642924,0.044578,0.044578,0.001987
official_test,Ridge_Regression,1203,Jalna,2022-01-01,h2,-1.025407,-1.332695,-0.307288,0.307288,0.094426
official_test,Ridge_Regression,1203,Jalna,2022-01-01,h3,-0.852789,-1.080513,-0.227725,0.227725,0.051859
official_test,Ridge_Regression,1204,Jalna,2022-02-01,h1,-1.025407,-1.300511,-0.275104,0.275104,0.075682
official_test,Ridge_Regression,1204,Jalna,2022-02-01,h2,-0.852789,-1.065031,-0.212242,0.212242,0.045047
official_test,Ridge_Regression,1204,Jalna,2022-02-01,h3,-0.475177,-0.551317,-0.07614,0.07614,0.005797
official_test,Ridge_Regression,1205,Jalna,2022-03-01,h1,-0.852789,-0.806672,0.046117,0.046117,0.002127
official_test,Ridge_Regression,1205,Jalna,2022-03-01,h2,-0.475177,-0.424766,0.050411,0.050411,0.002541
official_test,Ridge_Regression,1205,Jalna,2022-03-01,h3,-0.555113,-0.68522,-0.130107,0.130107,0.016928
official_test,Ridge_Regression,1206,Jalna,2022-04-01,h1,-0.475177,-0.452084,0.023093,0.023093,0.000533
official_test,Ridge_Regression,1206,Jalna,2022-04-01,h2,-0.555113,-0.65981,-0.104698,0.104698,0.010962
official_test,Ridge_Regression,1206,Jalna,2022-04-01,h3,-1.813084,-0.371985,1.4411,1.4411,2.076768
official_test,Ridge_Regression,1207,Jalna,2022-05-01,h1,-0.555113,-0.529141,0.025972,0.025972,0.000675
official_test,Ridge_Regression,1207,Jalna,2022-05-01,h2,-1.813084,-0.210674,1.602411,1.602411,2.56772
official_test,Ridge_Regression,1207,Jalna,2022-05-01,h3,-1.687787,0.148502,1.836289,1.836289,3.371957
official_test,Ridge_Regression,1208,Jalna,2022-06-01,h1,-1.813084,-0.244587,1.568498,1.568498,2.460185
official_test,Ridge_Regression,1208,Jalna,2022-06-01,h2,-1.687787,0.013189,1.700976,1.700976,2.893319
official_test,Ridge_Regression,1208,Jalna,2022-06-01,h3,-1.693944,0.335345,2.029288,2.029288,4.118012
official_test,Ridge_Regression,1209,Jalna,2022-07-01,h1,-1.687787,-1.430526,0.25726,0.25726,0.066183
official_test,Ridge_Regression,1209,Jalna,2022-07-01,h2,-1.693944,-1.238219,0.455725,0.455725,0.207685
official_test,Ridge_Regression,1209,Jalna,2022-07-01,h3,-1.874008,-1.000909,0.873098,0.873098,0.762301
official_test,Ridge_Regression,1210,Jalna,2022-08-01,h1,-1.693944,-1.624771,0.069172,0.069172,0.004785
official_test,Ridge_Regression,1210,Jalna,2022-08-01,h2,-1.874008,-1.476398,0.397609,0.397609,0.158093
official_test,Ridge_Regression,1210,Jalna,2022-08-01,h3,-1.489064,-1.20482,0.284244,0.284244,0.080795
official_test,Ridge_Regression,1211,Jalna,2022-09-01,h1,-1.874008,-1.566571,0.307436,0.307436,0.094517
official_test,Ridge_Regression,1211,Jalna,2022-09-01,h2,-1.489064,-1.219792,0.269272,0.269272,0.072507
official_test,Ridge_Regression,1211,Jalna,2022-09-01,h3,-1.371654,-1.157059,0.214596,0.214596,0.046051
official_test,Ridge_Regression,1212,Jalna,2022-10-01,h1,-1.489064,-1.440085,0.048979,0.048979,0.002399
official_test,Ridge_Regression,1212,Jalna,2022-10-01,h2,-1.371654,-1.290412,0.081243,0.081243,0.0066
official_test,Ridge_Regression,1212,Jalna,2022-10-01,h3,-1.557353,-1.079413,0.477941,0.477941,0.228427
official_test,Ridge_Regression,1213,Jalna,2022-11-01,h1,-1.371654,-1.347181,0.024474,0.024474,0.000599
official_test,Ridge_Regression,1213,Jalna,2022-11-01,h2,-1.557353,-1.017066,0.540287,0.540287,0.291911
official_test,Ridge_Regression,1213,Jalna,2022-11-01,h3,-1.532346,-1.032371,0.499974,0.499974,0.249974
official_test,Ridge_Regression,1214,Jalna,2022-12-01,h1,-1.557353,-0.988676,0.568677,0.568677,0.323394
official_test,Ridge_Regression,1214,Jalna,2022-12-01,h2,-1.532346,-0.978474,0.553871,0.553871,0.306773
official_test,Ridge_Regression,1214,Jalna,2022-12-01,h3,-1.57631,-0.938874,0.637435,0.637435,0.406324
official_test,Ridge_Regression,1215,Jalna,2023-01-01,h1,-1.532346,-1.344875,0.187471,0.187471,0.035145
official_test,Ridge_Regression,1215,Jalna,2023-01-01,h2,-1.57631,-1.323177,0.253133,0.253133,0.064076
official_test,Ridge_Regression,1215,Jalna,2023-01-01,h3,-1.695428,-1.282654,0.412774,0.412774,0.170382
official_test,Ridge_Regression,1216,Jalna,2023-02-01,h1,-1.57631,-1.476847,0.099463,0.099463,0.009893
official_test,Ridge_Regression,1216,Jalna,2023-02-01,h2,-1.695428,-1.377325,0.318103,0.318103,0.101189
official_test,Ridge_Regression,1216,Jalna,2023-02-01,h3,-1.086681,-0.726056,0.360625,0.360625,0.130051
official_test,Ridge_Regression,1217,Jalna,2023-03-01,h1,-1.695428,-1.32654,0.368888,0.368888,0.136079
official_test,Ridge_Regression,1217,Jalna,2023-03-01,h2,-1.086681,-0.669497,0.417184,0.417184,0.174042
official_test,Ridge_Regression,1217,Jalna,2023-03-01,h3,-0.162401,-0.525763,-0.363363,0.363363,0.132032
official_test,Ridge_Regression,1218,Jalna,2023-04-01,h1,-1.086681,-0.863855,0.222826,0.222826,0.049652
official_test,Ridge_Regression,1218,Jalna,2023-04-01,h2,-0.162401,-0.552644,-0.390243,0.390243,0.15229
official_test,Ridge_Regression,1218,Jalna,2023-04-01,h3,-0.50462,-0.110226,0.394394,0.394394,0.155547
official_test,Ridge_Regression,1219,Jalna,2023-05-01,h1,-0.162401,-0.630595,-0.468194,0.468194,0.219206
official_test,Ridge_Regression,1219,Jalna,2023-05-01,h2,-0.50462,-0.091994,0.412626,0.412626,0.17026
official_test,Ridge_Regression,1219,Jalna,2023-05-01,h3,-0.466112,0.137688,0.6038,0.6038,0.364575
official_test,Ridge_Regression,1220,Jalna,2023-06-01,h1,-0.50462,0.147517,0.652137,0.652137,0.425282
official_test,Ridge_Regression,1220,Jalna,2023-06-01,h2,-0.466112,0.202006,0.668119,0.668119,0.446382
official_test,Ridge_Regression,1220,Jalna,2023-06-01,h3,-0.227014,0.33035,0.557364,0.557364,0.310655
official_test,Ridge_Regression,1221,Jalna,2023-07-01,h1,-0.466112,-0.41238,0.053732,0.053732,0.002887
official_test,Ridge_Regression,1221,Jalna,2023-07-01,h2,-0.227014,-0.274644,-0.04763,0.04763,0.002269
official_test,Ridge_Regression,1221,Jalna,2023-07-01,h3,0.167087,-0.013947,-0.181034,0.181034,0.032773
official_test,Ridge_Regression,1222,Jalna,2023-08-01,h1,-0.227014,-0.29183,-0.064816,0.064816,0.004201
official_test,Ridge_Regression,1222,Jalna,2023-08-01,h2,0.167087,-0.049842,-0.216929,0.216929,0.047058
official_test,Ridge_Regression,1222,Jalna,2023-08-01,h3,-0.01928,0.095142,0.114421,0.114421,0.013092
official_test,Ridge_Regression,1223,Jalna,2023-09-01,h1,0.167087,0.326823,0.159736,0.159736,0.025516
official_test,Ridge_Regression,1223,Jalna,2023-09-01,h2,-0.01928,0.596183,0.615463,0.615463,0.378794
official_test,Ridge_Regression,1223,Jalna,2023-09-01,h3,-0.555578,0.436145,0.991722,0.991722,0.983513
official_test,Ridge_Regression,1224,Jalna,2023-10-01,h1,-0.01928,0.508311,0.527591,0.527591,0.278353
official_test,Ridge_Regression,1224,Jalna,2023-10-01,h2,-0.555578,0.276401,0.831978,0.831978,0.692188
official_test,Ridge_Regression,1224,Jalna,2023-10-01,h3,-1.443007,-0.037836,1.405171,1.405171,1.974506
official_test,Ridge_Regression,1225,Jalna,2023-11-01,h1,-0.555578,-0.087902,0.467676,0.467676,0.218721
official_test,Ridge_Regression,1225,Jalna,2023-11-01,h2,-1.443007,-0.192292,1.250715,1.250715,1.564288
official_test,Ridge_Regression,1225,Jalna,2023-11-01,h3,-1.111587,-0.015878,1.095709,1.095709,1.200578
official_test,Ridge_Regression,1226,Jalna,2023-12-01,h1,-1.443007,-0.342051,1.100956,1.100956,1.212105
official_test,Ridge_Regression,1226,Jalna,2023-12-01,h2,-1.111587,-0.048335,1.063252,1.063252,1.130505
official_test,Ridge_Regression,1226,Jalna,2023-12-01,h3,-0.727681,-0.040144,0.687537,0.687537,0.472707
official_test,Ridge_Regression,1227,Jalna,2024-01-01,h1,-1.111587,-0.881237,0.230349,0.230349,0.053061
official_test,Ridge_Regression,1227,Jalna,2024-01-01,h2,-0.727681,-0.698577,0.029104,0.029104,0.000847
official_test,Ridge_Regression,1227,Jalna,2024-01-01,h3,-0.756189,-0.399382,0.356807,0.356807,0.127311
official_test,Ridge_Regression,1228,Jalna,2024-02-01,h1,-0.727681,-0.762958,-0.035277,0.035277,0.001244
official_test,Ridge_Regression,1228,Jalna,2024-02-01,h2,-0.756189,-0.391826,0.364363,0.364363,0.132761
official_test,Ridge_Regression,1228,Jalna,2024-02-01,h3,-0.53955,-0.163631,0.375919,0.375919,0.141315
official_test,Ridge_Regression,1229,Jalna,2024-03-01,h1,-0.756189,-0.089267,0.666922,0.666922,0.444785
official_test,Ridge_Regression,1229,Jalna,2024-03-01,h2,-0.53955,0.141809,0.681359,0.681359,0.46425
official_test,Ridge_Regression,1229,Jalna,2024-03-01,h3,-0.622275,0.267521,0.889796,0.889796,0.791737
official_test,Ridge_Regression,1230,Jalna,2024-04-01,h1,-0.53955,-0.255599,0.283951,0.283951,0.080628
official_test,Ridge_Regression,1230,Jalna,2024-04-01,h2,-0.622275,0.217029,0.839304,0.839304,0.704431
official_test,Ridge_Regression,1230,Jalna,2024-04-01,h3,-0.293043,0.518838,0.811882,0.811882,0.659152
official_test,Ridge_Regression,1231,Jalna,2024-05-01,h1,-0.622275,0.254054,0.876329,0.876329,0.767952
official_test,Ridge_Regression,1231,Jalna,2024-05-01,h2,-0.293043,0.589942,0.882985,0.882985,0.779663
official_test,Ridge_Regression,1231,Jalna,2024-05-01,h3,-1.813465,0.863127,2.676592,2.676592,7.164145
official_test,Ridge_Regression,1232,Jalna,2024-06-01,h1,-0.293043,-0.171323,0.121721,0.121721,0.014816
official_test,Ridge_Regression,1232,Jalna,2024-06-01,h2,-1.813465,0.333039,2.146505,2.146505,4.607482
official_test,Ridge_Regression,1232,Jalna,2024-06-01,h3,-1.240877,0.282714,1.523591,1.523591,2.32133
official_test,Ridge_Regression,1233,Jalna,2024-07-01,h1,-1.813465,-0.084469,1.728996,1.728996,2.989428
official_test,Ridge_Regression,1233,Jalna,2024-07-01,h2,-1.240877,-0.214392,1.026484,1.026484,1.05367
official_test,Ridge_Regression,1233,Jalna,2024-07-01,h3,-1.216326,-0.205373,1.010952,1.010952,1.022025
official_test,Ridge_Regression,1234,Jalna,2024-08-01,h1,-1.240877,-1.456985,-0.216108,0.216108,0.046703
official_test,Ridge_Regression,1234,Jalna,2024-08-01,h2,-1.216326,-1.187025,0.029301,0.029301,0.000859
official_test,Ridge_Regression,1234,Jalna,2024-08-01,h3,-1.331815,-1.123788,0.208026,0.208026,0.043275
official_test,Ridge_Regression,1235,Jalna,2024-09-01,h1,-1.216326,-1.022732,0.193594,0.193594,0.037479
official_test,Ridge_Regression,1235,Jalna,2024-09-01,h2,-1.331815,-0.88074,0.451075,0.451075,0.203469
official_test,Ridge_Regression,1235,Jalna,2024-09-01,h3,-1.465196,-0.70487,0.760326,0.760326,0.578095
official_test,Ridge_Regression,1438,Latur,2021-01-01,h1,-0.473082,-0.278863,0.194219,0.194219,0.037721
official_test,Ridge_Regression,1438,Latur,2021-01-01,h2,-0.388585,-0.378177,0.010408,0.010408,0.000108
official_test,Ridge_Regression,1438,Latur,2021-01-01,h3,-0.725314,-0.526855,0.198459,0.198459,0.039386
official_test,Ridge_Regression,1439,Latur,2021-02-01,h1,-0.388585,-0.440743,-0.052158,0.052158,0.00272
official_test,Ridge_Regression,1439,Latur,2021-02-01,h2,-0.725314,-0.606681,0.118633,0.118633,0.014074
official_test,Ridge_Regression,1439,Latur,2021-02-01,h3,-0.829665,-0.7796,0.050065,0.050065,0.002507
official_test,Ridge_Regression,1440,Latur,2021-03-01,h1,-0.725314,-0.612621,0.112693,0.112693,0.0127
official_test,Ridge_Regression,1440,Latur,2021-03-01,h2,-0.829665,-0.777857,0.051809,0.051809,0.002684
official_test,Ridge_Regression,1440,Latur,2021-03-01,h3,-1.327054,-0.715605,0.611449,0.611449,0.37387
official_test,Ridge_Regression,1441,Latur,2021-04-01,h1,-0.829665,-0.663434,0.166232,0.166232,0.027633
official_test,Ridge_Regression,1441,Latur,2021-04-01,h2,-1.327054,-0.50803,0.819025,0.819025,0.670801
official_test,Ridge_Regression,1441,Latur,2021-04-01,h3,-0.942042,0.009067,0.951109,0.951109,0.904608
official_test,Ridge_Regression,1442,Latur,2021-05-01,h1,-1.327054,-0.50009,0.826965,0.826965,0.68387
official_test,Ridge_Regression,1442,Latur,2021-05-01,h2,-0.942042,0.135658,1.077701,1.077701,1.161439
official_test,Ridge_Regression,1442,Latur,2021-05-01,h3,-1.242447,0.110263,1.35271,1.35271,1.829825
official_test,Ridge_Regression,1443,Latur,2021-06-01,h1,-0.942042,-0.402349,0.539694,0.539694,0.291269
official_test,Ridge_Regression,1443,Latur,2021-06-01,h2,-1.242447,-0.178301,1.064146,1.064146,1.132406
official_test,Ridge_Regression,1443,Latur,2021-06-01,h3,-1.074094,0.118853,1.192947,1.192947,1.423124
official_test,Ridge_Regression,1444,Latur,2021-07-01,h1,-1.242447,-0.735065,0.507382,0.507382,0.257437
official_test,Ridge_Regression,1444,Latur,2021-07-01,h2,-1.074094,-0.682466,0.391628,0.391628,0.153373
official_test,Ridge_Regression,1444,Latur,2021-07-01,h3,-1.267526,-0.564915,0.702611,0.702611,0.493662
official_test,Ridge_Regression,1445,Latur,2021-08-01,h1,-1.074094,-0.918879,0.155215,0.155215,0.024092
official_test,Ridge_Regression,1445,Latur,2021-08-01,h2,-1.267526,-0.760653,0.506873,0.506873,0.25692
official_test,Ridge_Regression,1445,Latur,2021-08-01,h3,-1.35856,-0.814687,0.543873,0.543873,0.295798
official_test,Ridge_Regression,1446,Latur,2021-09-01,h1,-1.267526,-1.224643,0.042883,0.042883,0.001839
official_test,Ridge_Regression,1446,Latur,2021-09-01,h2,-1.35856,-1.22632,0.13224,0.13224,0.017487
official_test,Ridge_Regression,1446,Latur,2021-09-01,h3,-1.277225,-1.089906,0.18732,0.18732,0.035089
official_test,Ridge_Regression,1447,Latur,2021-10-01,h1,-1.35856,-1.286998,0.071562,0.071562,0.005121
official_test,Ridge_Regression,1447,Latur,2021-10-01,h2,-1.277225,-1.130425,0.1468,0.1468,0.02155
official_test,Ridge_Regression,1447,Latur,2021-10-01,h3,-1.508318,-1.21206,0.296258,0.296258,0.087769
official_test,Ridge_Regression,1448,Latur,2021-11-01,h1,-1.277225,-1.16866,0.108566,0.108566,0.011786
official_test,Ridge_Regression,1448,Latur,2021-11-01,h2,-1.508318,-1.112358,0.39596,0.39596,0.156784
official_test,Ridge_Regression,1448,Latur,2021-11-01,h3,-1.086189,-1.150554,-0.064365,0.064365,0.004143
official_test,Ridge_Regression,1449,Latur,2021-12-01,h1,-1.508318,-1.157545,0.350773,0.350773,0.123042
official_test,Ridge_Regression,1449,Latur,2021-12-01,h2,-1.086189,-1.147058,-0.060869,0.060869,0.003705
official_test,Ridge_Regression,1449,Latur,2021-12-01,h3,-0.807308,-1.064866,-0.257558,0.257558,0.066336
official_test,Ridge_Regression,1450,Latur,2022-01-01,h1,-1.086189,-1.418803,-0.332614,0.332614,0.110632
official_test,Ridge_Regression,1450,Latur,2022-01-01,h2,-0.807308,-1.324554,-0.517246,0.517246,0.267544
official_test,Ridge_Regression,1450,Latur,2022-01-01,h3,-1.051906,-1.057862,-0.005956,0.005956,3.5e-05
official_test,Ridge_Regression,1451,Latur,2022-02-01,h1,-0.807308,-1.086155,-0.278847,0.278847,0.077756
official_test,Ridge_Regression,1451,Latur,2022-02-01,h2,-1.051906,-1.023886,0.028021,0.028021,0.000785
official_test,Ridge_Regression,1451,Latur,2022-02-01,h3,-1.102535,-0.918054,0.184481,0.184481,0.034033
official_test,Ridge_Regression,1452,Latur,2022-03-01,h1,-1.051906,-0.861864,0.190042,0.190042,0.036116
official_test,Ridge_Regression,1452,Latur,2022-03-01,h2,-1.102535,-0.827733,0.274803,0.274803,0.075516
official_test,Ridge_Regression,1452,Latur,2022-03-01,h3,-1.009426,-0.661643,0.347783,0.347783,0.120953
official_test,Ridge_Regression,1453,Latur,2022-04-01,h1,-1.102535,-0.920751,0.181785,0.181785,0.033046
official_test,Ridge_Regression,1453,Latur,2022-04-01,h2,-1.009426,-0.612054,0.397372,0.397372,0.157904
official_test,Ridge_Regression,1453,Latur,2022-04-01,h3,-1.794731,-0.219988,1.574743,1.574743,2.479817
official_test,Ridge_Regression,1454,Latur,2022-05-01,h1,-1.009426,-0.667623,0.341803,0.341803,0.116829
official_test,Ridge_Regression,1454,Latur,2022-05-01,h2,-1.794731,-0.151924,1.642807,1.642807,2.698815
official_test,Ridge_Regression,1454,Latur,2022-05-01,h3,-1.899216,0.458429,2.357644,2.357644,5.558488
official_test,Ridge_Regression,1455,Latur,2022-06-01,h1,-1.794731,-0.391258,1.403474,1.403474,1.969738
official_test,Ridge_Regression,1455,Latur,2022-06-01,h2,-1.899216,0.10783,2.007045,2.007045,4.028231
official_test,Ridge_Regression,1455,Latur,2022-06-01,h3,-1.5984,0.0443,1.642701,1.642701,2.698465
official_test,Ridge_Regression,1456,Latur,2022-07-01,h1,-1.899216,-1.379047,0.520168,0.520168,0.270575
official_test,Ridge_Regression,1456,Latur,2022-07-01,h2,-1.5984,-1.453252,0.145149,0.145149,0.021068
official_test,Ridge_Regression,1456,Latur,2022-07-01,h3,-1.468791,-0.836639,0.632152,0.632152,0.399616
official_test,Ridge_Regression,1457,Latur,2022-08-01,h1,-1.5984,-1.964411,-0.366011,0.366011,0.133964
official_test,Ridge_Regression,1457,Latur,2022-08-01,h2,-1.468791,-1.535763,-0.066972,0.066972,0.004485
official_test,Ridge_Regression,1457,Latur,2022-08-01,h3,-1.200625,-1.424634,-0.224009,0.224009,0.05018
official_test,Ridge_Regression,1458,Latur,2022-09-01,h1,-1.468791,-1.203906,0.264885,0.264885,0.070164
official_test,Ridge_Regression,1458,Latur,2022-09-01,h2,-1.200625,-1.095659,0.104967,0.104967,0.011018
official_test,Ridge_Regression,1458,Latur,2022-09-01,h3,-1.236884,-0.969187,0.267697,0.267697,0.071662
official_test,Ridge_Regression,1459,Latur,2022-10-01,h1,-1.200625,-1.392066,-0.191441,0.191441,0.03665
official_test,Ridge_Regression,1459,Latur,2022-10-01,h2,-1.236884,-1.2393,-0.002417,0.002417,6e-06
official_test,Ridge_Regression,1459,Latur,2022-10-01,h3,-1.348149,-0.889836,0.458313,0.458313,0.210051
official_test,Ridge_Regression,1460,Latur,2022-11-01,h1,-1.236884,-1.061675,0.175208,0.175208,0.030698
official_test,Ridge_Regression,1460,Latur,2022-11-01,h2,-1.348149,-0.619622,0.728528,0.728528,0.530752
official_test,Ridge_Regression,1460,Latur,2022-11-01,h3,-1.074304,-0.491528,0.582775,0.582775,0.339627
official_test,Ridge_Regression,1461,Latur,2022-12-01,h1,-1.348149,-0.766192,0.581958,0.581958,0.338675
official_test,Ridge_Regression,1461,Latur,2022-12-01,h2,-1.074304,-0.654646,0.419658,0.419658,0.176113
official_test,Ridge_Regression,1461,Latur,2022-12-01,h3,-1.272316,-0.740798,0.531519,0.531519,0.282512
official_test,Ridge_Regression,1462,Latur,2023-01-01,h1,-1.074304,-0.965063,0.109241,0.109241,0.011934
official_test,Ridge_Regression,1462,Latur,2023-01-01,h2,-1.272316,-1.1073,0.165016,0.165016,0.02723
official_test,Ridge_Regression,1462,Latur,2023-01-01,h3,-1.215608,-1.038095,0.177513,0.177513,0.031511
official_test,Ridge_Regression,1463,Latur,2023-02-01,h1,-1.272316,-1.099843,0.172473,0.172473,0.029747
official_test,Ridge_Regression,1463,Latur,2023-02-01,h2,-1.215608,-0.929854,0.285754,0.285754,0.081655
official_test,Ridge_Regression,1463,Latur,2023-02-01,h3,-0.807146,-0.502397,0.304749,0.304749,0.092872
official_test,Ridge_Regression,1464,Latur,2023-03-01,h1,-1.215608,-1.137472,0.078135,0.078135,0.006105
official_test,Ridge_Regression,1464,Latur,2023-03-01,h2,-0.807146,-0.729638,0.077508,0.077508,0.006007
official_test,Ridge_Regression,1464,Latur,2023-03-01,h3,-0.304694,-0.304439,0.000255,0.000255,0.0
official_test,Ridge_Regression,1465,Latur,2023-04-01,h1,-0.807146,-0.541698,0.265448,0.265448,0.070463
official_test,Ridge_Regression,1465,Latur,2023-04-01,h2,-0.304694,0.077609,0.382303,0.382303,0.146156
official_test,Ridge_Regression,1465,Latur,2023-04-01,h3,-0.923662,0.238262,1.161924,1.161924,1.350067
official_test,Ridge_Regression,1466,Latur,2023-05-01,h1,-0.304694,0.02095,0.325644,0.325644,0.106044
official_test,Ridge_Regression,1466,Latur,2023-05-01,h2,-0.923662,0.398208,1.32187,1.32187,1.74734
official_test,Ridge_Regression,1466,Latur,2023-05-01,h3,-0.656814,0.878048,1.534862,1.534862,2.355802
official_test,Ridge_Regression,1467,Latur,2023-06-01,h1,-0.923662,0.062825,0.986487,0.986487,0.973156
official_test,Ridge_Regression,1467,Latur,2023-06-01,h2,-0.656814,0.436101,1.092915,1.092915,1.194464
official_test,Ridge_Regression,1467,Latur,2023-06-01,h3,-0.221499,0.457401,0.6789,0.6789,0.460906
official_test,Ridge_Regression,1468,Latur,2023-07-01,h1,-0.656814,-0.407257,0.249557,0.249557,0.062279
official_test,Ridge_Regression,1468,Latur,2023-07-01,h2,-0.221499,0.022427,0.243926,0.243926,0.0595
official_test,Ridge_Regression,1468,Latur,2023-07-01,h3,0.399457,0.419858,0.020402,0.020402,0.000416
official_test,Ridge_Regression,1469,Latur,2023-08-01,h1,-0.221499,-0.188869,0.03263,0.03263,0.001065
official_test,Ridge_Regression,1469,Latur,2023-08-01,h2,0.399457,0.253843,-0.145614,0.145614,0.021203
official_test,Ridge_Regression,1469,Latur,2023-08-01,h3,-0.132963,0.438599,0.571563,0.571563,0.326684
official_test,Ridge_Regression,1470,Latur,2023-09-01,h1,0.399457,0.368787,-0.030669,0.030669,0.000941
official_test,Ridge_Regression,1470,Latur,2023-09-01,h2,-0.132963,0.654624,0.787587,0.787587,0.620294
official_test,Ridge_Regression,1470,Latur,2023-09-01,h3,-0.218241,0.516023,0.734264,0.734264,0.539144
official_test,Ridge_Regression,1471,Latur,2023-10-01,h1,-0.132963,0.563708,0.696671,0.696671,0.485351
official_test,Ridge_Regression,1471,Latur,2023-10-01,h2,-0.218241,0.375974,0.594215,0.594215,0.353091
official_test,Ridge_Regression,1471,Latur,2023-10-01,h3,-0.624966,0.226419,0.851385,0.851385,0.724857
official_test,Ridge_Regression,1472,Latur,2023-11-01,h1,-0.218241,-0.155079,0.063162,0.063162,0.003989
official_test,Ridge_Regression,1472,Latur,2023-11-01,h2,-0.624966,-0.003504,0.621462,0.621462,0.386215
official_test,Ridge_Regression,1472,Latur,2023-11-01,h3,-0.699745,0.438956,1.138702,1.138702,1.296641
official_test,Ridge_Regression,1473,Latur,2023-12-01,h1,-0.624966,0.096236,0.721202,0.721202,0.520133
official_test,Ridge_Regression,1473,Latur,2023-12-01,h2,-0.699745,0.620574,1.32032,1.32032,1.743244
official_test,Ridge_Regression,1473,Latur,2023-12-01,h3,-0.388636,0.405992,0.794628,0.794628,0.631434
official_test,Ridge_Regression,1474,Latur,2024-01-01,h1,-0.699745,0.140744,0.84049,0.84049,0.706423
official_test,Ridge_Regression,1474,Latur,2024-01-01,h2,-0.388636,0.021611,0.410247,0.410247,0.168302
official_test,Ridge_Regression,1474,Latur,2024-01-01,h3,-0.836742,0.176317,1.013059,1.013059,1.026288
official_test,Ridge_Regression,1475,Latur,2024-02-01,h1,-0.388636,-0.586289,-0.197653,0.197653,0.039067
official_test,Ridge_Regression,1475,Latur,2024-02-01,h2,-0.836742,-0.213928,0.622813,0.622813,0.387897
official_test,Ridge_Regression,1475,Latur,2024-02-01,h3,-0.55064,-0.208409,0.342231,0.342231,0.117122
official_test,Ridge_Regression,1476,Latur,2024-03-01,h1,-0.836742,0.099912,0.936654,0.936654,0.877321
official_test,Ridge_Regression,1476,Latur,2024-03-01,h2,-0.55064,0.032935,0.583574,0.583574,0.340559
official_test,Ridge_Regression,1476,Latur,2024-03-01,h3,-1.097466,0.285067,1.382533,1.382533,1.911398
official_test,Ridge_Regression,1477,Latur,2024-04-01,h1,-0.55064,-0.568404,-0.017764,0.017764,0.000316
official_test,Ridge_Regression,1477,Latur,2024-04-01,h2,-1.097466,0.020368,1.117834,1.117834,1.249553
official_test,Ridge_Regression,1477,Latur,2024-04-01,h3,-1.947929,0.242277,2.190206,2.190206,4.797002
official_test,Ridge_Regression,1478,Latur,2024-05-01,h1,-1.097466,0.412102,1.509568,1.509568,2.278796
official_test,Ridge_Regression,1478,Latur,2024-05-01,h2,-1.947929,0.695557,2.643487,2.643487,6.988022
official_test,Ridge_Regression,1478,Latur,2024-05-01,h3,-1.412266,0.984958,2.397224,2.397224,5.746683
official_test,Ridge_Regression,1479,Latur,2024-06-01,h1,-1.947929,-0.548193,1.399736,1.399736,1.959262
official_test,Ridge_Regression,1479,Latur,2024-06-01,h2,-1.412266,-0.073677,1.338588,1.338588,1.791819
official_test,Ridge_Regression,1479,Latur,2024-06-01,h3,-1.008846,-0.170242,0.838605,0.838605,0.703258
official_test,Ridge_Regression,1480,Latur,2024-07-01,h1,-1.412266,-0.984402,0.427864,0.427864,0.183068
official_test,Ridge_Regression,1480,Latur,2024-07-01,h2,-1.008846,-0.711794,0.297053,0.297053,0.08824
official_test,Ridge_Regression,1480,Latur,2024-07-01,h3,-1.090186,-0.399572,0.690614,0.690614,0.476948
official_test,Ridge_Regression,1481,Latur,2024-08-01,h1,-1.008846,-1.081124,-0.072277,0.072277,0.005224
official_test,Ridge_Regression,1481,Latur,2024-08-01,h2,-1.090186,-0.806072,0.284114,0.284114,0.080721
official_test,Ridge_Regression,1481,Latur,2024-08-01,h3,-1.100223,-0.554366,0.545857,0.545857,0.297959
official_test,Ridge_Regression,1482,Latur,2024-09-01,h1,-1.090186,-0.850592,0.239594,0.239594,0.057405
official_test,Ridge_Regression,1482,Latur,2024-09-01,h2,-1.100223,-0.541762,0.558461,0.558461,0.311879
official_test,Ridge_Regression,1482,Latur,2024-09-01,h3,-1.078854,-0.684444,0.39441,0.39441,0.155559
official_test,Ridge_Regression,1685,Nanded,2021-01-01,h1,-0.243768,-0.243738,3e-05,3e-05,0.0
official_test,Ridge_Regression,1685,Nanded,2021-01-01,h2,-0.30948,-0.296762,0.012718,0.012718,0.000162
official_test,Ridge_Regression,1685,Nanded,2021-01-01,h3,-0.532606,-0.373549,0.159057,0.159057,0.025299
official_test,Ridge_Regression,1686,Nanded,2021-02-01,h1,-0.30948,-0.293276,0.016204,0.016204,0.000263
official_test,Ridge_Regression,1686,Nanded,2021-02-01,h2,-0.532606,-0.466948,0.065658,0.065658,0.004311
official_test,Ridge_Regression,1686,Nanded,2021-02-01,h3,-0.669454,-0.448458,0.220995,0.220995,0.048839
official_test,Ridge_Regression,1687,Nanded,2021-03-01,h1,-0.532606,-0.50797,0.024636,0.024636,0.000607
official_test,Ridge_Regression,1687,Nanded,2021-03-01,h2,-0.669454,-0.507366,0.162088,0.162088,0.026272
official_test,Ridge_Regression,1687,Nanded,2021-03-01,h3,-1.442475,-0.511349,0.931125,0.931125,0.866994
official_test,Ridge_Regression,1688,Nanded,2021-04-01,h1,-0.669454,-0.447669,0.221784,0.221784,0.049188
official_test,Ridge_Regression,1688,Nanded,2021-04-01,h2,-1.442475,-0.479336,0.963138,0.963138,0.927635
official_test,Ridge_Regression,1688,Nanded,2021-04-01,h3,-0.676418,-0.18197,0.494448,0.494448,0.244479
official_test,Ridge_Regression,1689,Nanded,2021-05-01,h1,-1.442475,-0.564243,0.878232,0.878232,0.771291
official_test,Ridge_Regression,1689,Nanded,2021-05-01,h2,-0.676418,-0.181105,0.495313,0.495313,0.245335
official_test,Ridge_Regression,1689,Nanded,2021-05-01,h3,-1.055703,-0.02996,1.025743,1.025743,1.052149
official_test,Ridge_Regression,1690,Nanded,2021-06-01,h1,-0.676418,-0.720343,-0.043925,0.043925,0.001929
official_test,Ridge_Regression,1690,Nanded,2021-06-01,h2,-1.055703,-0.371857,0.683846,0.683846,0.467645
official_test,Ridge_Regression,1690,Nanded,2021-06-01,h3,-0.818098,-0.049192,0.768906,0.768906,0.591216
official_test,Ridge_Regression,1691,Nanded,2021-07-01,h1,-1.055703,-0.538291,0.517412,0.517412,0.267715
official_test,Ridge_Regression,1691,Nanded,2021-07-01,h2,-0.818098,-0.493709,0.324388,0.324388,0.105228
official_test,Ridge_Regression,1691,Nanded,2021-07-01,h3,-1.255908,-0.343665,0.912243,0.912243,0.832187
official_test,Ridge_Regression,1692,Nanded,2021-08-01,h1,-0.818098,-0.685059,0.133039,0.133039,0.017699
official_test,Ridge_Regression,1692,Nanded,2021-08-01,h2,-1.255908,-0.47769,0.778219,0.778219,0.605625
official_test,Ridge_Regression,1692,Nanded,2021-08-01,h3,-1.224085,-0.447252,0.776832,0.776832,0.603468
official_test,Ridge_Regression,1693,Nanded,2021-09-01,h1,-1.255908,-0.805014,0.450894,0.450894,0.203306
official_test,Ridge_Regression,1693,Nanded,2021-09-01,h2,-1.224085,-0.785713,0.438371,0.438371,0.192169
official_test,Ridge_Regression,1693,Nanded,2021-09-01,h3,-1.010821,-0.509013,0.501808,0.501808,0.251811
official_test,Ridge_Regression,1694,Nanded,2021-10-01,h1,-1.224085,-1.290779,-0.066694,0.066694,0.004448
official_test,Ridge_Regression,1694,Nanded,2021-10-01,h2,-1.010821,-1.029366,-0.018545,0.018545,0.000344
official_test,Ridge_Regression,1694,Nanded,2021-10-01,h3,-0.999292,-1.193679,-0.194387,0.194387,0.037786
official_test,Ridge_Regression,1695,Nanded,2021-11-01,h1,-1.010821,-0.963371,0.047451,0.047451,0.002252
official_test,Ridge_Regression,1695,Nanded,2021-11-01,h2,-0.999292,-1.055548,-0.056257,0.056257,0.003165
official_test,Ridge_Regression,1695,Nanded,2021-11-01,h3,-0.736928,-1.176201,-0.439273,0.439273,0.19296
official_test,Ridge_Regression,1696,Nanded,2021-12-01,h1,-0.999292,-1.079085,-0.079794,0.079794,0.006367
official_test,Ridge_Regression,1696,Nanded,2021-12-01,h2,-0.736928,-1.178845,-0.441917,0.441917,0.19529
official_test,Ridge_Regression,1696,Nanded,2021-12-01,h3,-0.316169,-1.065478,-0.749309,0.749309,0.561464
official_test,Ridge_Regression,1697,Nanded,2022-01-01,h1,-0.736928,-1.009728,-0.272799,0.272799,0.07442
official_test,Ridge_Regression,1697,Nanded,2022-01-01,h2,-0.316169,-0.881818,-0.565649,0.565649,0.319959
official_test,Ridge_Regression,1697,Nanded,2022-01-01,h3,-0.294063,-0.653197,-0.359134,0.359134,0.128977
official_test,Ridge_Regression,1698,Nanded,2022-02-01,h1,-0.316169,-0.732299,-0.41613,0.41613,0.173165
official_test,Ridge_Regression,1698,Nanded,2022-02-01,h2,-0.294063,-0.596127,-0.302064,0.302064,0.091243
official_test,Ridge_Regression,1698,Nanded,2022-02-01,h3,-0.547762,-0.64861,-0.100848,0.100848,0.01017
official_test,Ridge_Regression,1699,Nanded,2022-03-01,h1,-0.294063,-0.264148,0.029915,0.029915,0.000895
official_test,Ridge_Regression,1699,Nanded,2022-03-01,h2,-0.547762,-0.419362,0.128401,0.128401,0.016487
official_test,Ridge_Regression,1699,Nanded,2022-03-01,h3,-0.546943,-0.345309,0.201634,0.201634,0.040656
official_test,Ridge_Regression,1700,Nanded,2022-04-01,h1,-0.547762,-0.383272,0.16449,0.16449,0.027057
official_test,Ridge_Regression,1700,Nanded,2022-04-01,h2,-0.546943,-0.321053,0.22589,0.22589,0.051026
official_test,Ridge_Regression,1700,Nanded,2022-04-01,h3,-1.984708,-0.370329,1.614378,1.614378,2.606217
official_test,Ridge_Regression,1701,Nanded,2022-05-01,h1,-0.546943,-0.410231,0.136711,0.136711,0.01869
official_test,Ridge_Regression,1701,Nanded,2022-05-01,h2,-1.984708,-0.315608,1.6691,1.6691,2.785895
official_test,Ridge_Regression,1701,Nanded,2022-05-01,h3,-1.658001,0.394794,2.052795,2.052795,4.213969
official_test,Ridge_Regression,1702,Nanded,2022-06-01,h1,-1.984708,-0.390637,1.594071,1.594071,2.541062
official_test,Ridge_Regression,1702,Nanded,2022-06-01,h2,-1.658001,0.042425,1.700426,1.700426,2.891449
official_test,Ridge_Regression,1702,Nanded,2022-06-01,h3,-1.797948,-0.033139,1.764809,1.764809,3.11455
official_test,Ridge_Regression,1703,Nanded,2022-07-01,h1,-1.658001,-1.538462,0.11954,0.11954,0.01429
official_test,Ridge_Regression,1703,Nanded,2022-07-01,h2,-1.797948,-1.567603,0.230345,0.230345,0.053059
official_test,Ridge_Regression,1703,Nanded,2022-07-01,h3,-1.814412,-0.924084,0.890328,0.890328,0.792684
official_test,Ridge_Regression,1704,Nanded,2022-08-01,h1,-1.797948,-1.765345,0.032603,0.032603,0.001063
official_test,Ridge_Regression,1704,Nanded,2022-08-01,h2,-1.814412,-1.380682,0.43373,0.43373,0.188122
official_test,Ridge_Regression,1704,Nanded,2022-08-01,h3,-1.442533,-1.332826,0.109706,0.109706,0.012035
official_test,Ridge_Regression,1705,Nanded,2022-09-01,h1,-1.814412,-1.550668,0.263745,0.263745,0.069561
official_test,Ridge_Regression,1705,Nanded,2022-09-01,h2,-1.442533,-1.40819,0.034343,0.034343,0.001179
official_test,Ridge_Regression,1705,Nanded,2022-09-01,h3,-1.296071,-1.012043,0.284028,0.284028,0.080672
official_test,Ridge_Regression,1706,Nanded,2022-10-01,h1,-1.442533,-1.741002,-0.298469,0.298469,0.089084
official_test,Ridge_Regression,1706,Nanded,2022-10-01,h2,-1.296071,-1.320963,-0.024891,0.024891,0.00062
official_test,Ridge_Regression,1706,Nanded,2022-10-01,h3,-1.007008,-0.894593,0.112416,0.112416,0.012637
official_test,Ridge_Regression,1707,Nanded,2022-11-01,h1,-1.296071,-1.064682,0.231389,0.231389,0.053541
official_test,Ridge_Regression,1707,Nanded,2022-11-01,h2,-1.007008,-0.586756,0.420252,0.420252,0.176612
official_test,Ridge_Regression,1707,Nanded,2022-11-01,h3,-0.686082,-0.521496,0.164586,0.164586,0.027088
official_test,Ridge_Regression,1708,Nanded,2022-12-01,h1,-1.007008,-0.78174,0.225268,0.225268,0.050746
official_test,Ridge_Regression,1708,Nanded,2022-12-01,h2,-0.686082,-0.676845,0.009237,0.009237,8.5e-05
official_test,Ridge_Regression,1708,Nanded,2022-12-01,h3,-0.860004,-0.865724,-0.00572,0.00572,3.3e-05
official_test,Ridge_Regression,1709,Nanded,2023-01-01,h1,-0.686082,-0.544356,0.141726,0.141726,0.020086
official_test,Ridge_Regression,1709,Nanded,2023-01-01,h2,-0.860004,-0.811042,0.048962,0.048962,0.002397
official_test,Ridge_Regression,1709,Nanded,2023-01-01,h3,-1.224165,-0.761908,0.462256,0.462256,0.213681
official_test,Ridge_Regression,1710,Nanded,2023-02-01,h1,-0.860004,-0.854581,0.005422,0.005422,2.9e-05
official_test,Ridge_Regression,1710,Nanded,2023-02-01,h2,-1.224165,-0.711101,0.513064,0.513064,0.263235
official_test,Ridge_Regression,1710,Nanded,2023-02-01,h3,-0.991943,-0.470889,0.521054,0.521054,0.271497
official_test,Ridge_Regression,1711,Nanded,2023-03-01,h1,-1.224165,-0.70824,0.515925,0.515925,0.266179
official_test,Ridge_Regression,1711,Nanded,2023-03-01,h2,-0.991943,-0.557918,0.434025,0.434025,0.188378
official_test,Ridge_Regression,1711,Nanded,2023-03-01,h3,-0.075345,-0.173329,-0.097984,0.097984,0.009601
official_test,Ridge_Regression,1712,Nanded,2023-04-01,h1,-0.991943,-0.775812,0.216131,0.216131,0.046713
official_test,Ridge_Regression,1712,Nanded,2023-04-01,h2,-0.075345,-0.203202,-0.127857,0.127857,0.016347
official_test,Ridge_Regression,1712,Nanded,2023-04-01,h3,-0.461445,-0.16662,0.294824,0.294824,0.086921
official_test,Ridge_Regression,1713,Nanded,2023-05-01,h1,-0.075345,-0.138473,-0.063127,0.063127,0.003985
official_test,Ridge_Regression,1713,Nanded,2023-05-01,h2,-0.461445,0.096654,0.558099,0.558099,0.311474
official_test,Ridge_Regression,1713,Nanded,2023-05-01,h3,-0.545395,0.540982,1.086377,1.086377,1.180216
official_test,Ridge_Regression,1714,Nanded,2023-06-01,h1,-0.461445,0.076544,0.537989,0.537989,0.289432
official_test,Ridge_Regression,1714,Nanded,2023-06-01,h2,-0.545395,0.350775,0.896171,0.896171,0.803122
official_test,Ridge_Regression,1714,Nanded,2023-06-01,h3,-1.168921,0.199861,1.368781,1.368781,1.873563
official_test,Ridge_Regression,1715,Nanded,2023-07-01,h1,-0.545395,-0.335664,0.209732,0.209732,0.043987
official_test,Ridge_Regression,1715,Nanded,2023-07-01,h2,-1.168921,-0.336013,0.832907,0.832907,0.693735
official_test,Ridge_Regression,1715,Nanded,2023-07-01,h3,-0.325495,-0.132128,0.193367,0.193367,0.037391
official_test,Ridge_Regression,1716,Nanded,2023-08-01,h1,-1.168921,-0.453084,0.715837,0.715837,0.512422
official_test,Ridge_Regression,1716,Nanded,2023-08-01,h2,-0.325495,-0.138344,0.187152,0.187152,0.035026
official_test,Ridge_Regression,1716,Nanded,2023-08-01,h3,-0.827834,0.204882,1.032716,1.032716,1.066502
official_test,Ridge_Regression,1717,Nanded,2023-09-01,h1,-0.325495,-0.752681,-0.427185,0.427185,0.182487
official_test,Ridge_Regression,1717,Nanded,2023-09-01,h2,-0.827834,-0.142628,0.685206,0.685206,0.469508
official_test,Ridge_Regression,1717,Nanded,2023-09-01,h3,-1.117531,-0.047335,1.070195,1.070195,1.145318
official_test,Ridge_Regression,1718,Nanded,2023-10-01,h1,-0.827834,-0.052809,0.775026,0.775026,0.600665
official_test,Ridge_Regression,1718,Nanded,2023-10-01,h2,-1.117531,-0.099734,1.017797,1.017797,1.03591
official_test,Ridge_Regression,1718,Nanded,2023-10-01,h3,-1.193442,-0.288381,0.905061,0.905061,0.819136
official_test,Ridge_Regression,1719,Nanded,2023-11-01,h1,-1.117531,-0.754175,0.363356,0.363356,0.132027
official_test,Ridge_Regression,1719,Nanded,2023-11-01,h2,-1.193442,-0.709703,0.483739,0.483739,0.234004
official_test,Ridge_Regression,1719,Nanded,2023-11-01,h3,-1.061826,-0.516798,0.545028,0.545028,0.297055
official_test,Ridge_Regression,1720,Nanded,2023-12-01,h1,-1.193442,-0.854611,0.338831,0.338831,0.114806
official_test,Ridge_Regression,1720,Nanded,2023-12-01,h2,-1.061826,-0.544308,0.517519,0.517519,0.267826
official_test,Ridge_Regression,1720,Nanded,2023-12-01,h3,-0.672207,-0.358236,0.313971,0.313971,0.098578
official_test,Ridge_Regression,1721,Nanded,2024-01-01,h1,-1.061826,-0.513517,0.54831,0.54831,0.300643
official_test,Ridge_Regression,1721,Nanded,2024-01-01,h2,-0.672207,-0.254214,0.417993,0.417993,0.174718
official_test,Ridge_Regression,1721,Nanded,2024-01-01,h3,-0.771966,0.010057,0.782023,0.782023,0.61156
official_test,Ridge_Regression,1722,Nanded,2024-02-01,h1,-0.672207,-0.660161,0.012046,0.012046,0.000145
official_test,Ridge_Regression,1722,Nanded,2024-02-01,h2,-0.771966,-0.251871,0.520095,0.520095,0.270498
official_test,Ridge_Regression,1722,Nanded,2024-02-01,h3,-0.881096,0.004422,0.885517,0.885517,0.784141
official_test,Ridge_Regression,1723,Nanded,2024-03-01,h1,-0.771966,-0.094346,0.677619,0.677619,0.459168
official_test,Ridge_Regression,1723,Nanded,2024-03-01,h2,-0.881096,0.130895,1.011991,1.011991,1.024125
official_test,Ridge_Regression,1723,Nanded,2024-03-01,h3,-0.832193,0.033169,0.865362,0.865362,0.748851
official_test,Ridge_Regression,1724,Nanded,2024-04-01,h1,-0.881096,-0.272278,0.608817,0.608817,0.370658
official_test,Ridge_Regression,1724,Nanded,2024-04-01,h2,-0.832193,-0.063385,0.768808,0.768808,0.591065
official_test,Ridge_Regression,1724,Nanded,2024-04-01,h3,-1.395622,0.319693,1.715315,1.715315,2.942307
official_test,Ridge_Regression,1725,Nanded,2024-05-01,h1,-0.832193,-0.16955,0.662643,0.662643,0.439095
official_test,Ridge_Regression,1725,Nanded,2024-05-01,h2,-1.395622,0.366365,1.761987,1.761987,3.104599
official_test,Ridge_Regression,1725,Nanded,2024-05-01,h3,-1.107504,0.765401,1.872905,1.872905,3.507772
official_test,Ridge_Regression,1726,Nanded,2024-06-01,h1,-1.395622,-0.115293,1.280329,1.280329,1.639242
official_test,Ridge_Regression,1726,Nanded,2024-06-01,h2,-1.107504,0.396645,1.504149,1.504149,2.262464
official_test,Ridge_Regression,1726,Nanded,2024-06-01,h3,-1.075043,0.374239,1.449282,1.449282,2.100419
official_test,Ridge_Regression,1727,Nanded,2024-07-01,h1,-1.107504,-0.638201,0.469303,0.469303,0.220245
official_test,Ridge_Regression,1727,Nanded,2024-07-01,h2,-1.075043,-0.37591,0.699133,0.699133,0.488787
official_test,Ridge_Regression,1727,Nanded,2024-07-01,h3,-1.098037,-0.098988,0.999049,0.999049,0.998099
official_test,Ridge_Regression,1728,Nanded,2024-08-01,h1,-1.075043,-0.909501,0.165542,0.165542,0.027404
official_test,Ridge_Regression,1728,Nanded,2024-08-01,h2,-1.098037,-0.596482,0.501556,0.501556,0.251558
official_test,Ridge_Regression,1728,Nanded,2024-08-01,h3,-1.059154,-0.247232,0.811922,0.811922,0.659218
official_test,Ridge_Regression,1729,Nanded,2024-09-01,h1,-1.098037,-0.830673,0.267364,0.267364,0.071484
official_test,Ridge_Regression,1729,Nanded,2024-09-01,h2,-1.059154,-0.419153,0.640001,0.640001,0.409601
official_test,Ridge_Regression,1729,Nanded,2024-09-01,h3,-1.103211,-0.561124,0.542088,0.542088,0.293859
official_test,Ridge_Regression,1932,Parbhani,2021-01-01,h1,-0.823652,-0.344588,0.479064,0.479064,0.229502
official_test,Ridge_Regression,1932,Parbhani,2021-01-01,h2,-0.773763,-0.356103,0.41766,0.41766,0.17444
official_test,Ridge_Regression,1932,Parbhani,2021-01-01,h3,-0.891927,-0.440594,0.451333,0.451333,0.203701
official_test,Ridge_Regression,1933,Parbhani,2021-02-01,h1,-0.773763,-0.689449,0.084313,0.084313,0.007109
official_test,Ridge_Regression,1933,Parbhani,2021-02-01,h2,-0.891927,-0.792936,0.098991,0.098991,0.009799
official_test,Ridge_Regression,1933,Parbhani,2021-02-01,h3,-0.967354,-0.584736,0.382618,0.382618,0.146397
official_test,Ridge_Regression,1934,Parbhani,2021-03-01,h1,-0.891927,-1.000931,-0.109005,0.109005,0.011882
official_test,Ridge_Regression,1934,Parbhani,2021-03-01,h2,-0.967354,-0.833822,0.133532,0.133532,0.017831
official_test,Ridge_Regression,1934,Parbhani,2021-03-01,h3,-1.544187,-0.713363,0.830824,0.830824,0.690269
official_test,Ridge_Regression,1935,Parbhani,2021-04-01,h1,-0.967354,-0.716713,0.25064,0.25064,0.062821
official_test,Ridge_Regression,1935,Parbhani,2021-04-01,h2,-1.544187,-0.63748,0.906707,0.906707,0.822118
official_test,Ridge_Regression,1935,Parbhani,2021-04-01,h3,-0.880017,-0.403814,0.476203,0.476203,0.226769
official_test,Ridge_Regression,1936,Parbhani,2021-05-01,h1,-1.544187,-0.741985,0.802203,0.802203,0.643529
official_test,Ridge_Regression,1936,Parbhani,2021-05-01,h2,-0.880017,-0.40482,0.475197,0.475197,0.225812
official_test,Ridge_Regression,1936,Parbhani,2021-05-01,h3,-1.049633,-0.206945,0.842688,0.842688,0.710123
official_test,Ridge_Regression,1937,Parbhani,2021-06-01,h1,-0.880017,-0.87535,0.004667,0.004667,2.2e-05
official_test,Ridge_Regression,1937,Parbhani,2021-06-01,h2,-1.049633,-0.416152,0.633481,0.633481,0.401299
official_test,Ridge_Regression,1937,Parbhani,2021-06-01,h3,-1.208647,0.051439,1.260086,1.260086,1.587817
official_test,Ridge_Regression,1938,Parbhani,2021-07-01,h1,-1.049633,-0.688903,0.360729,0.360729,0.130126
official_test,Ridge_Regression,1938,Parbhani,2021-07-01,h2,-1.208647,-0.54131,0.667337,0.667337,0.445339
official_test,Ridge_Regression,1938,Parbhani,2021-07-01,h3,-1.370457,-0.384037,0.98642,0.98642,0.973024
official_test,Ridge_Regression,1939,Parbhani,2021-08-01,h1,-1.208647,-0.766699,0.441948,0.441948,0.195318
official_test,Ridge_Regression,1939,Parbhani,2021-08-01,h2,-1.370457,-0.650129,0.720328,0.720328,0.518872
official_test,Ridge_Regression,1939,Parbhani,2021-08-01,h3,-1.19618,-0.650266,0.545914,0.545914,0.298022
official_test,Ridge_Regression,1940,Parbhani,2021-09-01,h1,-1.370457,-1.027863,0.342594,0.342594,0.117371
official_test,Ridge_Regression,1940,Parbhani,2021-09-01,h2,-1.19618,-0.90444,0.29174,0.29174,0.085112
official_test,Ridge_Regression,1940,Parbhani,2021-09-01,h3,-0.956805,-0.64988,0.306925,0.306925,0.094203
official_test,Ridge_Regression,1941,Parbhani,2021-10-01,h1,-1.19618,-1.268131,-0.071951,0.071951,0.005177
official_test,Ridge_Regression,1941,Parbhani,2021-10-01,h2,-0.956805,-0.980121,-0.023316,0.023316,0.000544
official_test,Ridge_Regression,1941,Parbhani,2021-10-01,h3,-1.478693,-1.018364,0.460329,0.460329,0.211903
official_test,Ridge_Regression,1942,Parbhani,2021-11-01,h1,-0.956805,-0.924538,0.032267,0.032267,0.001041
official_test,Ridge_Regression,1942,Parbhani,2021-11-01,h2,-1.478693,-0.873013,0.60568,0.60568,0.366848
official_test,Ridge_Regression,1942,Parbhani,2021-11-01,h3,-1.345712,-0.848755,0.496957,0.496957,0.246966
official_test,Ridge_Regression,1943,Parbhani,2021-12-01,h1,-1.478693,-0.884713,0.59398,0.59398,0.352812
official_test,Ridge_Regression,1943,Parbhani,2021-12-01,h2,-1.345712,-0.900269,0.445443,0.445443,0.19842
official_test,Ridge_Regression,1943,Parbhani,2021-12-01,h3,-0.937379,-0.860839,0.076541,0.076541,0.005858
official_test,Ridge_Regression,1944,Parbhani,2022-01-01,h1,-1.345712,-1.425031,-0.079319,0.079319,0.006291
official_test,Ridge_Regression,1944,Parbhani,2022-01-01,h2,-0.937379,-1.285191,-0.347812,0.347812,0.120973
official_test,Ridge_Regression,1944,Parbhani,2022-01-01,h3,-0.927963,-1.00071,-0.072747,0.072747,0.005292
official_test,Ridge_Regression,1945,Parbhani,2022-02-01,h1,-0.937379,-1.225702,-0.288322,0.288322,0.08313
official_test,Ridge_Regression,1945,Parbhani,2022-02-01,h2,-0.927963,-1.051545,-0.123582,0.123582,0.015272
official_test,Ridge_Regression,1945,Parbhani,2022-02-01,h3,-0.966004,-0.601407,0.364597,0.364597,0.132931
official_test,Ridge_Regression,1946,Parbhani,2022-03-01,h1,-0.927963,-0.837283,0.09068,0.09068,0.008223
official_test,Ridge_Regression,1946,Parbhani,2022-03-01,h2,-0.966004,-0.51592,0.450083,0.450083,0.202575
official_test,Ridge_Regression,1946,Parbhani,2022-03-01,h3,-0.856223,-0.506583,0.349639,0.349639,0.122248
official_test,Ridge_Regression,1947,Parbhani,2022-04-01,h1,-0.966004,-0.585983,0.380021,0.380021,0.144416
official_test,Ridge_Regression,1947,Parbhani,2022-04-01,h2,-0.856223,-0.513286,0.342937,0.342937,0.117606
official_test,Ridge_Regression,1947,Parbhani,2022-04-01,h3,-2.42137,-0.322755,2.098615,2.098615,4.404184
official_test,Ridge_Regression,1948,Parbhani,2022-05-01,h1,-0.856223,-0.80878,0.047442,0.047442,0.002251
official_test,Ridge_Regression,1948,Parbhani,2022-05-01,h2,-2.42137,-0.511538,1.909831,1.909831,3.647455
official_test,Ridge_Regression,1948,Parbhani,2022-05-01,h3,-2.195737,0.162546,2.358283,2.358283,5.561499
official_test,Ridge_Regression,1949,Parbhani,2022-06-01,h1,-2.42137,-0.598469,1.822901,1.822901,3.322967
official_test,Ridge_Regression,1949,Parbhani,2022-06-01,h2,-2.195737,-0.09862,2.097117,2.097117,4.397899
official_test,Ridge_Regression,1949,Parbhani,2022-06-01,h3,-1.604258,0.026127,1.630385,1.630385,2.658156
official_test,Ridge_Regression,1950,Parbhani,2022-07-01,h1,-2.195737,-1.723049,0.472687,0.472687,0.223433
official_test,Ridge_Regression,1950,Parbhani,2022-07-01,h2,-1.604258,-1.396945,0.207313,0.207313,0.042979
official_test,Ridge_Regression,1950,Parbhani,2022-07-01,h3,-1.397967,-0.729134,0.668833,0.668833,0.447337
official_test,Ridge_Regression,1951,Parbhani,2022-08-01,h1,-1.604258,-1.893014,-0.288756,0.288756,0.08338
official_test,Ridge_Regression,1951,Parbhani,2022-08-01,h2,-1.397967,-1.360109,0.037857,0.037857,0.001433
official_test,Ridge_Regression,1951,Parbhani,2022-08-01,h3,-1.103062,-1.169668,-0.066606,0.066606,0.004436
official_test,Ridge_Regression,1952,Parbhani,2022-09-01,h1,-1.397967,-1.022381,0.375586,0.375586,0.141065
official_test,Ridge_Regression,1952,Parbhani,2022-09-01,h2,-1.103062,-0.841112,0.26195,0.26195,0.068618
official_test,Ridge_Regression,1952,Parbhani,2022-09-01,h3,-1.124712,-0.727593,0.397118,0.397118,0.157703
official_test,Ridge_Regression,1953,Parbhani,2022-10-01,h1,-1.103062,-1.155319,-0.052257,0.052257,0.002731
official_test,Ridge_Regression,1953,Parbhani,2022-10-01,h2,-1.124712,-0.967238,0.157473,0.157473,0.024798
official_test,Ridge_Regression,1953,Parbhani,2022-10-01,h3,-1.451603,-0.508278,0.943325,0.943325,0.889862
official_test,Ridge_Regression,1954,Parbhani,2022-11-01,h1,-1.124712,-0.884103,0.240609,0.240609,0.057893
official_test,Ridge_Regression,1954,Parbhani,2022-11-01,h2,-1.451603,-0.285286,1.166317,1.166317,1.360294
official_test,Ridge_Regression,1954,Parbhani,2022-11-01,h3,-1.367015,-0.081046,1.285968,1.285968,1.653715
official_test,Ridge_Regression,1955,Parbhani,2022-12-01,h1,-1.451603,-0.481001,0.970602,0.970602,0.942068
official_test,Ridge_Regression,1955,Parbhani,2022-12-01,h2,-1.367015,-0.203033,1.163981,1.163981,1.354853
official_test,Ridge_Regression,1955,Parbhani,2022-12-01,h3,-1.581225,-0.335535,1.24569,1.24569,1.551745
official_test,Ridge_Regression,1956,Parbhani,2023-01-01,h1,-1.367015,-0.906885,0.460129,0.460129,0.211719
official_test,Ridge_Regression,1956,Parbhani,2023-01-01,h2,-1.581225,-1.018204,0.563021,0.563021,0.316992
official_test,Ridge_Regression,1956,Parbhani,2023-01-01,h3,-1.781829,-0.977081,0.804748,0.804748,0.647619
official_test,Ridge_Regression,1957,Parbhani,2023-02-01,h1,-1.581225,-1.356449,0.224776,0.224776,0.050524
official_test,Ridge_Regression,1957,Parbhani,2023-02-01,h2,-1.781829,-1.137965,0.643864,0.643864,0.414561
official_test,Ridge_Regression,1957,Parbhani,2023-02-01,h3,-1.219545,-0.774084,0.445461,0.445461,0.198435
official_test,Ridge_Regression,1958,Parbhani,2023-03-01,h1,-1.781829,-1.354673,0.427156,0.427156,0.182462
official_test,Ridge_Regression,1958,Parbhani,2023-03-01,h2,-1.219545,-1.029701,0.189844,0.189844,0.036041
official_test,Ridge_Regression,1958,Parbhani,2023-03-01,h3,-0.427768,-0.416171,0.011597,0.011597,0.000134
official_test,Ridge_Regression,1959,Parbhani,2023-04-01,h1,-1.219545,-1.244458,-0.024913,0.024913,0.000621
official_test,Ridge_Regression,1959,Parbhani,2023-04-01,h2,-0.427768,-0.420062,0.007706,0.007706,5.9e-05
official_test,Ridge_Regression,1959,Parbhani,2023-04-01,h3,-1.789542,-0.226558,1.562984,1.562984,2.442917
official_test,Ridge_Regression,1960,Parbhani,2023-05-01,h1,-0.427768,-0.28482,0.142948,0.142948,0.020434
official_test,Ridge_Regression,1960,Parbhani,2023-05-01,h2,-1.789542,-0.05841,1.731132,1.731132,2.996818
official_test,Ridge_Regression,1960,Parbhani,2023-05-01,h3,-0.799252,0.267256,1.066508,1.066508,1.13744
official_test,Ridge_Regression,1961,Parbhani,2023-06-01,h1,-1.789542,-0.290409,1.499133,1.499133,2.2474
official_test,Ridge_Regression,1961,Parbhani,2023-06-01,h2,-0.799252,-0.041381,0.757871,0.757871,0.574369
official_test,Ridge_Regression,1961,Parbhani,2023-06-01,h3,-0.750914,-0.160319,0.590596,0.590596,0.348803
official_test,Ridge_Regression,1962,Parbhani,2023-07-01,h1,-0.799252,-1.051891,-0.252639,0.252639,0.063826
official_test,Ridge_Regression,1962,Parbhani,2023-07-01,h2,-0.750914,-0.565794,0.185121,0.185121,0.03427
official_test,Ridge_Regression,1962,Parbhani,2023-07-01,h3,-0.088494,0.134566,0.22306,0.22306,0.049756
official_test,Ridge_Regression,1963,Parbhani,2023-08-01,h1,-0.750914,-0.440134,0.31078,0.31078,0.096584
official_test,Ridge_Regression,1963,Parbhani,2023-08-01,h2,-0.088494,0.105396,0.193891,0.193891,0.037594
official_test,Ridge_Regression,1963,Parbhani,2023-08-01,h3,-0.334244,0.245066,0.57931,0.57931,0.3356
official_test,Ridge_Regression,1964,Parbhani,2023-09-01,h1,-0.088494,0.04826,0.136755,0.136755,0.018702
official_test,Ridge_Regression,1964,Parbhani,2023-09-01,h2,-0.334244,0.292003,0.626247,0.626247,0.392185
official_test,Ridge_Regression,1964,Parbhani,2023-09-01,h3,-0.650745,0.09127,0.742015,0.742015,0.550586
official_test,Ridge_Regression,1965,Parbhani,2023-10-01,h1,-0.334244,0.116925,0.451169,0.451169,0.203553
official_test,Ridge_Regression,1965,Parbhani,2023-10-01,h2,-0.650745,-0.152974,0.49777,0.49777,0.247775
official_test,Ridge_Regression,1965,Parbhani,2023-10-01,h3,-1.421044,-0.03546,1.385584,1.385584,1.919844
official_test,Ridge_Regression,1966,Parbhani,2023-11-01,h1,-0.650745,-0.519677,0.131068,0.131068,0.017179
official_test,Ridge_Regression,1966,Parbhani,2023-11-01,h2,-1.421044,-0.205393,1.215651,1.215651,1.477808
official_test,Ridge_Regression,1966,Parbhani,2023-11-01,h3,-1.148436,0.395117,1.543554,1.543554,2.382558
official_test,Ridge_Regression,1967,Parbhani,2023-12-01,h1,-1.421044,-0.178888,1.242156,1.242156,1.542952
official_test,Ridge_Regression,1967,Parbhani,2023-12-01,h2,-1.148436,0.509941,1.658377,1.658377,2.750214
official_test,Ridge_Regression,1967,Parbhani,2023-12-01,h3,-0.854776,0.474071,1.328847,1.328847,1.765834
official_test,Ridge_Regression,1968,Parbhani,2024-01-01,h1,-1.148436,-0.450645,0.697791,0.697791,0.486912
official_test,Ridge_Regression,1968,Parbhani,2024-01-01,h2,-0.854776,-0.320887,0.533889,0.533889,0.285037
official_test,Ridge_Regression,1968,Parbhani,2024-01-01,h3,-0.956638,-0.018797,0.937841,0.937841,0.879545
official_test,Ridge_Regression,1969,Parbhani,2024-02-01,h1,-0.854776,-0.829006,0.025769,0.025769,0.000664
official_test,Ridge_Regression,1969,Parbhani,2024-02-01,h2,-0.956638,-0.369081,0.587557,0.587557,0.345224
official_test,Ridge_Regression,1969,Parbhani,2024-02-01,h3,-0.722429,-0.431802,0.290627,0.290627,0.084464
official_test,Ridge_Regression,1970,Parbhani,2024-03-01,h1,-0.956638,-0.147687,0.808951,0.808951,0.654401
official_test,Ridge_Regression,1970,Parbhani,2024-03-01,h2,-0.722429,-0.226671,0.495759,0.495759,0.245777
official_test,Ridge_Regression,1970,Parbhani,2024-03-01,h3,-1.080126,0.107815,1.187941,1.187941,1.411203
official_test,Ridge_Regression,1971,Parbhani,2024-04-01,h1,-0.722429,-0.713789,0.008641,0.008641,7.5e-05
official_test,Ridge_Regression,1971,Parbhani,2024-04-01,h2,-1.080126,0.014937,1.095063,1.095063,1.199163
official_test,Ridge_Regression,1971,Parbhani,2024-04-01,h3,-1.879651,0.322856,2.202506,2.202506,4.851035
official_test,Ridge_Regression,1972,Parbhani,2024-05-01,h1,-1.080126,0.19383,1.273955,1.273955,1.622962
official_test,Ridge_Regression,1972,Parbhani,2024-05-01,h2,-1.879651,0.510662,2.390313,2.390313,5.713595
official_test,Ridge_Regression,1972,Parbhani,2024-05-01,h3,-1.519184,0.718635,2.237819,2.237819,5.007834
official_test,Ridge_Regression,1973,Parbhani,2024-06-01,h1,-1.879651,-0.572736,1.306915,1.306915,1.708027
official_test,Ridge_Regression,1973,Parbhani,2024-06-01,h2,-1.519184,-0.143166,1.376018,1.376018,1.893426
official_test,Ridge_Regression,1973,Parbhani,2024-06-01,h3,-1.12221,-0.16941,0.952799,0.952799,0.907827
official_test,Ridge_Regression,1974,Parbhani,2024-07-01,h1,-1.519184,-0.983698,0.535486,0.535486,0.286745
official_test,Ridge_Regression,1974,Parbhani,2024-07-01,h2,-1.12221,-0.725463,0.396747,0.396747,0.157408
official_test,Ridge_Regression,1974,Parbhani,2024-07-01,h3,-0.844416,-0.439312,0.405104,0.405104,0.164109
official_test,Ridge_Regression,1975,Parbhani,2024-08-01,h1,-1.12221,-1.311556,-0.189346,0.189346,0.035852
official_test,Ridge_Regression,1975,Parbhani,2024-08-01,h2,-0.844416,-1.053543,-0.209127,0.209127,0.043734
official_test,Ridge_Regression,1975,Parbhani,2024-08-01,h3,-0.933659,-0.841219,0.09244,0.09244,0.008545
official_test,Ridge_Regression,1976,Parbhani,2024-09-01,h1,-0.844416,-0.820952,0.023464,0.023464,0.000551
official_test,Ridge_Regression,1976,Parbhani,2024-09-01,h2,-0.933659,-0.597016,0.336643,0.336643,0.113328
official_test,Ridge_Regression,1976,Parbhani,2024-09-01,h3,-1.057159,-0.789672,0.267487,0.267487,0.071549
official_test,XGBoost,203,Beed,2021-01-01,h1,-0.991253,-1.146524,-0.155271,0.155271,0.024109
official_test,XGBoost,203,Beed,2021-01-01,h2,-0.607982,-1.257434,-0.649452,0.649452,0.421788
official_test,XGBoost,203,Beed,2021-01-01,h3,-0.919128,-0.696097,0.223031,0.223031,0.049743
official_test,XGBoost,204,Beed,2021-02-01,h1,-0.607982,-1.301819,-0.693837,0.693837,0.48141
official_test,XGBoost,204,Beed,2021-02-01,h2,-0.919128,-0.960537,-0.041409,0.041409,0.001715
official_test,XGBoost,204,Beed,2021-02-01,h3,-1.078125,-0.753318,0.324808,0.324808,0.1055
official_test,XGBoost,205,Beed,2021-03-01,h1,-0.919128,-0.885928,0.0332,0.0332,0.001102
official_test,XGBoost,205,Beed,2021-03-01,h2,-1.078125,-0.893487,0.184639,0.184639,0.034091
official_test,XGBoost,205,Beed,2021-03-01,h3,-1.572654,-0.638442,0.934211,0.934211,0.872751
official_test,XGBoost,206,Beed,2021-04-01,h1,-1.078125,-0.743809,0.334316,0.334316,0.111767
official_test,XGBoost,206,Beed,2021-04-01,h2,-1.572654,-0.947064,0.62559,0.62559,0.391363
official_test,XGBoost,206,Beed,2021-04-01,h3,-0.900427,-0.572987,0.32744,0.32744,0.107217
official_test,XGBoost,207,Beed,2021-05-01,h1,-1.572654,-0.886235,0.686419,0.686419,0.471171
official_test,XGBoost,207,Beed,2021-05-01,h2,-0.900427,-0.337334,0.563094,0.563094,0.317074
official_test,XGBoost,207,Beed,2021-05-01,h3,-1.040114,-0.420117,0.619997,0.619997,0.384396
official_test,XGBoost,208,Beed,2021-06-01,h1,-0.900427,-0.755545,0.144882,0.144882,0.020991
official_test,XGBoost,208,Beed,2021-06-01,h2,-1.040114,-0.33952,0.700594,0.700594,0.490832
official_test,XGBoost,208,Beed,2021-06-01,h3,-1.310035,-0.19515,1.114885,1.114885,1.242969
official_test,XGBoost,209,Beed,2021-07-01,h1,-1.040114,-0.565041,0.475073,0.475073,0.225694
official_test,XGBoost,209,Beed,2021-07-01,h2,-1.310035,-0.018315,1.29172,1.29172,1.668541
official_test,XGBoost,209,Beed,2021-07-01,h3,-1.531427,0.110305,1.641732,1.641732,2.695284
official_test,XGBoost,210,Beed,2021-08-01,h1,-1.310035,-0.454427,0.855608,0.855608,0.732065
official_test,XGBoost,210,Beed,2021-08-01,h2,-1.531427,-0.467136,1.064291,1.064291,1.132715
official_test,XGBoost,210,Beed,2021-08-01,h3,-1.385618,-0.365602,1.020015,1.020015,1.040431
official_test,XGBoost,211,Beed,2021-09-01,h1,-1.531427,-1.2179,0.313527,0.313527,0.098299
official_test,XGBoost,211,Beed,2021-09-01,h2,-1.385618,-0.943005,0.442613,0.442613,0.195906
official_test,XGBoost,211,Beed,2021-09-01,h3,-1.365189,-0.580973,0.784217,0.784217,0.614996
official_test,XGBoost,212,Beed,2021-10-01,h1,-1.385618,-1.12752,0.258098,0.258098,0.066615
official_test,XGBoost,212,Beed,2021-10-01,h2,-1.365189,-0.889194,0.475996,0.475996,0.226572
official_test,XGBoost,212,Beed,2021-10-01,h3,-1.349812,-0.621537,0.728275,0.728275,0.530385
official_test,XGBoost,213,Beed,2021-11-01,h1,-1.365189,-1.034974,0.330215,0.330215,0.109042
official_test,XGBoost,213,Beed,2021-11-01,h2,-1.349812,-0.938102,0.41171,0.41171,0.169505
official_test,XGBoost,213,Beed,2021-11-01,h3,-1.337564,-0.695628,0.641936,0.641936,0.412082
official_test,XGBoost,214,Beed,2021-12-01,h1,-1.349812,-1.203436,0.146377,0.146377,0.021426
official_test,XGBoost,214,Beed,2021-12-01,h2,-1.337564,-1.08932,0.248244,0.248244,0.061625
official_test,XGBoost,214,Beed,2021-12-01,h3,-0.885369,-0.659513,0.225856,0.225856,0.051011
official_test,XGBoost,215,Beed,2022-01-01,h1,-1.337564,-1.358586,-0.021021,0.021021,0.000442
official_test,XGBoost,215,Beed,2022-01-01,h2,-0.885369,-1.0829,-0.19753,0.19753,0.039018
official_test,XGBoost,215,Beed,2022-01-01,h3,-0.980494,-0.647817,0.332677,0.332677,0.110674
official_test,XGBoost,216,Beed,2022-02-01,h1,-0.885369,-1.179792,-0.294423,0.294423,0.086685
official_test,XGBoost,216,Beed,2022-02-01,h2,-0.980494,-1.03436,-0.053866,0.053866,0.002902
official_test,XGBoost,216,Beed,2022-02-01,h3,-0.732434,-0.639576,0.092857,0.092857,0.008622
official_test,XGBoost,217,Beed,2022-03-01,h1,-0.980494,-1.063262,-0.082767,0.082767,0.00685
official_test,XGBoost,217,Beed,2022-03-01,h2,-0.732434,-1.075923,-0.34349,0.34349,0.117985
official_test,XGBoost,217,Beed,2022-03-01,h3,-0.872087,-0.572546,0.299541,0.299541,0.089725
official_test,XGBoost,218,Beed,2022-04-01,h1,-0.732434,-0.863221,-0.130787,0.130787,0.017105
official_test,XGBoost,218,Beed,2022-04-01,h2,-0.872087,-0.790284,0.081804,0.081804,0.006692
official_test,XGBoost,218,Beed,2022-04-01,h3,-2.360202,-0.381491,1.978711,1.978711,3.915298
official_test,XGBoost,219,Beed,2022-05-01,h1,-0.872087,-0.584202,0.287886,0.287886,0.082878
official_test,XGBoost,219,Beed,2022-05-01,h2,-2.360202,-0.403331,1.956871,1.956871,3.829343
official_test,XGBoost,219,Beed,2022-05-01,h3,-1.99196,-0.24315,1.74881,1.74881,3.058337
official_test,XGBoost,220,Beed,2022-06-01,h1,-2.360202,-0.536384,1.823818,1.823818,3.326314
official_test,XGBoost,220,Beed,2022-06-01,h2,-1.99196,-0.439035,1.552925,1.552925,2.411575
official_test,XGBoost,220,Beed,2022-06-01,h3,-1.767666,-0.314337,1.453329,1.453329,2.112166
official_test,XGBoost,221,Beed,2022-07-01,h1,-1.99196,-1.351817,0.640143,0.640143,0.409782
official_test,XGBoost,221,Beed,2022-07-01,h2,-1.767666,-1.242128,0.525538,0.525538,0.276191
official_test,XGBoost,221,Beed,2022-07-01,h3,-1.786287,-0.647877,1.13841,1.13841,1.295977
official_test,XGBoost,222,Beed,2022-08-01,h1,-1.767666,-1.351999,0.415668,0.415668,0.17278
official_test,XGBoost,222,Beed,2022-08-01,h2,-1.786287,-1.092941,0.693346,0.693346,0.480729
official_test,XGBoost,222,Beed,2022-08-01,h3,-1.329664,-0.545507,0.784157,0.784157,0.614902
official_test,XGBoost,223,Beed,2022-09-01,h1,-1.786287,-1.354241,0.432047,0.432047,0.186664
official_test,XGBoost,223,Beed,2022-09-01,h2,-1.329664,-0.982337,0.347327,0.347327,0.120636
official_test,XGBoost,223,Beed,2022-09-01,h3,-1.253302,-0.567856,0.685446,0.685446,0.469836
official_test,XGBoost,224,Beed,2022-10-01,h1,-1.329664,-1.092833,0.236831,0.236831,0.056089
official_test,XGBoost,224,Beed,2022-10-01,h2,-1.253302,-0.945051,0.308251,0.308251,0.095019
official_test,XGBoost,224,Beed,2022-10-01,h3,-1.259245,-0.585422,0.673823,0.673823,0.454037
official_test,XGBoost,225,Beed,2022-11-01,h1,-1.253302,-1.049226,0.204076,0.204076,0.041647
official_test,XGBoost,225,Beed,2022-11-01,h2,-1.259245,-0.814404,0.444841,0.444841,0.197883
official_test,XGBoost,225,Beed,2022-11-01,h3,-1.331864,-0.585422,0.746442,0.746442,0.557175
official_test,XGBoost,226,Beed,2022-12-01,h1,-1.259245,-1.0281,0.231145,0.231145,0.053428
official_test,XGBoost,226,Beed,2022-12-01,h2,-1.331864,-1.070794,0.26107,0.26107,0.068158
official_test,XGBoost,226,Beed,2022-12-01,h3,-1.557681,-0.659513,0.898168,0.898168,0.806706
official_test,XGBoost,227,Beed,2023-01-01,h1,-1.331864,-1.157739,0.174124,0.174124,0.030319
official_test,XGBoost,227,Beed,2023-01-01,h2,-1.557681,-1.263212,0.294469,0.294469,0.086712
official_test,XGBoost,227,Beed,2023-01-01,h3,-1.765735,-0.583483,1.182251,1.182251,1.397718
official_test,XGBoost,228,Beed,2023-02-01,h1,-1.557681,-1.3067,0.250982,0.250982,0.062992
official_test,XGBoost,228,Beed,2023-02-01,h2,-1.765735,-0.873055,0.892679,0.892679,0.796876
official_test,XGBoost,228,Beed,2023-02-01,h3,-1.039115,-0.556215,0.482899,0.482899,0.233192
official_test,XGBoost,229,Beed,2023-03-01,h1,-1.765735,-1.272137,0.493597,0.493597,0.243638
official_test,XGBoost,229,Beed,2023-03-01,h2,-1.039115,-1.1924,-0.153285,0.153285,0.023496
official_test,XGBoost,229,Beed,2023-03-01,h3,-0.209279,-0.661978,-0.452699,0.452699,0.204937
official_test,XGBoost,230,Beed,2023-04-01,h1,-1.039115,-1.066806,-0.027691,0.027691,0.000767
official_test,XGBoost,230,Beed,2023-04-01,h2,-0.209279,-0.842313,-0.633034,0.633034,0.400732
official_test,XGBoost,230,Beed,2023-04-01,h3,-0.990097,-0.417002,0.573095,0.573095,0.328438
official_test,XGBoost,231,Beed,2023-05-01,h1,-0.209279,-0.828356,-0.619077,0.619077,0.383257
official_test,XGBoost,231,Beed,2023-05-01,h2,-0.990097,-0.334774,0.655323,0.655323,0.429448
official_test,XGBoost,231,Beed,2023-05-01,h3,-0.668363,-0.162606,0.505757,0.505757,0.25579
official_test,XGBoost,232,Beed,2023-06-01,h1,-0.990097,-0.129173,0.860924,0.860924,0.74119
official_test,XGBoost,232,Beed,2023-06-01,h2,-0.668363,-0.087206,0.581157,0.581157,0.337743
official_test,XGBoost,232,Beed,2023-06-01,h3,-0.253432,-0.149503,0.103929,0.103929,0.010801
official_test,XGBoost,233,Beed,2023-07-01,h1,-0.668363,-0.690396,-0.022032,0.022032,0.000485
official_test,XGBoost,233,Beed,2023-07-01,h2,-0.253432,-0.2918,-0.038368,0.038368,0.001472
official_test,XGBoost,233,Beed,2023-07-01,h3,0.190173,-0.126874,-0.317047,0.317047,0.100519
official_test,XGBoost,234,Beed,2023-08-01,h1,-0.253432,-0.617244,-0.363812,0.363812,0.132359
official_test,XGBoost,234,Beed,2023-08-01,h2,0.190173,-0.154234,-0.344407,0.344407,0.118616
official_test,XGBoost,234,Beed,2023-08-01,h3,0.05167,-0.202903,-0.254574,0.254574,0.064808
official_test,XGBoost,235,Beed,2023-09-01,h1,0.190173,-0.613935,-0.804108,0.804108,0.64659
official_test,XGBoost,235,Beed,2023-09-01,h2,0.05167,-0.234757,-0.286427,0.286427,0.082041
official_test,XGBoost,235,Beed,2023-09-01,h3,-0.378396,-0.077693,0.300703,0.300703,0.090422
official_test,XGBoost,236,Beed,2023-10-01,h1,0.05167,-0.43698,-0.48865,0.48865,0.238779
official_test,XGBoost,236,Beed,2023-10-01,h2,-0.378396,-0.146676,0.231719,0.231719,0.053694
official_test,XGBoost,236,Beed,2023-10-01,h3,-0.87605,-0.101345,0.774705,0.774705,0.600168
official_test,XGBoost,237,Beed,2023-11-01,h1,-0.378396,-0.112065,0.26633,0.26633,0.070932
official_test,XGBoost,237,Beed,2023-11-01,h2,-0.87605,0.204414,1.080465,1.080465,1.167404
official_test,XGBoost,237,Beed,2023-11-01,h3,-0.69608,0.152071,0.848151,0.848151,0.71936
official_test,XGBoost,238,Beed,2023-12-01,h1,-0.87605,-0.587494,0.288557,0.288557,0.083265
official_test,XGBoost,238,Beed,2023-12-01,h2,-0.69608,-0.303128,0.392952,0.392952,0.154412
official_test,XGBoost,238,Beed,2023-12-01,h3,-0.542161,-0.058062,0.484099,0.484099,0.234352
official_test,XGBoost,239,Beed,2024-01-01,h1,-0.69608,-0.703874,-0.007793,0.007793,6.1e-05
official_test,XGBoost,239,Beed,2024-01-01,h2,-0.542161,-0.450655,0.091506,0.091506,0.008373
official_test,XGBoost,239,Beed,2024-01-01,h3,-0.878338,0.041844,0.920182,0.920182,0.846735
official_test,XGBoost,240,Beed,2024-02-01,h1,-0.542161,-0.452597,0.089564,0.089564,0.008022
official_test,XGBoost,240,Beed,2024-02-01,h2,-0.878338,-0.107152,0.771186,0.771186,0.594727
official_test,XGBoost,240,Beed,2024-02-01,h3,-0.672243,-0.029276,0.642967,0.642967,0.413407
official_test,XGBoost,241,Beed,2024-03-01,h1,-0.878338,-0.112163,0.766175,0.766175,0.587024
official_test,XGBoost,241,Beed,2024-03-01,h2,-0.672243,-0.093366,0.578876,0.578876,0.335098
official_test,XGBoost,241,Beed,2024-03-01,h3,-1.180469,-0.027301,1.153169,1.153169,1.329798
official_test,XGBoost,242,Beed,2024-04-01,h1,-0.672243,-0.433177,0.239065,0.239065,0.057152
official_test,XGBoost,242,Beed,2024-04-01,h2,-1.180469,-0.274852,0.905617,0.905617,0.820142
official_test,XGBoost,242,Beed,2024-04-01,h3,-1.901815,-0.027301,1.874514,1.874514,3.513804
official_test,XGBoost,243,Beed,2024-05-01,h1,-1.180469,0.181534,1.362003,1.362003,1.855052
official_test,XGBoost,243,Beed,2024-05-01,h2,-1.901815,0.096814,1.998629,1.998629,3.994518
official_test,XGBoost,243,Beed,2024-05-01,h3,-1.597088,-0.027301,1.569788,1.569788,2.464233
official_test,XGBoost,244,Beed,2024-06-01,h1,-1.901815,-0.531335,1.37048,1.37048,1.878214
official_test,XGBoost,244,Beed,2024-06-01,h2,-1.597088,-0.383515,1.213574,1.213574,1.472761
official_test,XGBoost,244,Beed,2024-06-01,h3,-1.208366,-0.362382,0.845984,0.845984,0.715689
official_test,XGBoost,245,Beed,2024-07-01,h1,-1.597088,-0.652279,0.944809,0.944809,0.892665
official_test,XGBoost,245,Beed,2024-07-01,h2,-1.208366,-0.625473,0.582893,0.582893,0.339764
official_test,XGBoost,245,Beed,2024-07-01,h3,-1.177683,-0.410193,0.76749,0.76749,0.589041
official_test,XGBoost,246,Beed,2024-08-01,h1,-1.208366,-0.837758,0.370608,0.370608,0.13735
official_test,XGBoost,246,Beed,2024-08-01,h2,-1.177683,-0.644562,0.53312,0.53312,0.284217
official_test,XGBoost,246,Beed,2024-08-01,h3,-1.192881,-0.36691,0.825971,0.825971,0.682228
official_test,XGBoost,247,Beed,2024-09-01,h1,-1.177683,-0.953836,0.223847,0.223847,0.050107
official_test,XGBoost,247,Beed,2024-09-01,h2,-1.192881,-0.622146,0.570734,0.570734,0.325738
official_test,XGBoost,247,Beed,2024-09-01,h3,-1.165328,-0.550207,0.61512,0.61512,0.378373
official_test,XGBoost,450,Chhatrapati Sambhajinagar,2021-01-01,h1,-0.901384,-0.743525,0.157859,0.157859,0.024919
official_test,XGBoost,450,Chhatrapati Sambhajinagar,2021-01-01,h2,-0.87235,-1.011153,-0.138803,0.138803,0.019266
official_test,XGBoost,450,Chhatrapati Sambhajinagar,2021-01-01,h3,-1.212614,-0.607032,0.605582,0.605582,0.366729
official_test,XGBoost,451,Chhatrapati Sambhajinagar,2021-02-01,h1,-0.87235,-0.979001,-0.106651,0.106651,0.011374
official_test,XGBoost,451,Chhatrapati Sambhajinagar,2021-02-01,h2,-1.212614,-1.081579,0.131035,0.131035,0.01717
official_test,XGBoost,451,Chhatrapati Sambhajinagar,2021-02-01,h3,-1.602686,-0.607032,0.995653,0.995653,0.991326
official_test,XGBoost,452,Chhatrapati Sambhajinagar,2021-03-01,h1,-1.212614,-0.843482,0.369132,0.369132,0.136259
official_test,XGBoost,452,Chhatrapati Sambhajinagar,2021-03-01,h2,-1.602686,-0.631191,0.971495,0.971495,0.943802
official_test,XGBoost,452,Chhatrapati Sambhajinagar,2021-03-01,h3,-1.609204,-0.355578,1.253627,1.253627,1.57158
official_test,XGBoost,453,Chhatrapati Sambhajinagar,2021-04-01,h1,-1.602686,-0.675615,0.92707,0.92707,0.859459
official_test,XGBoost,453,Chhatrapati Sambhajinagar,2021-04-01,h2,-1.609204,-0.402061,1.207143,1.207143,1.457195
official_test,XGBoost,453,Chhatrapati Sambhajinagar,2021-04-01,h3,-0.935192,-0.281793,0.653399,0.653399,0.42693
official_test,XGBoost,454,Chhatrapati Sambhajinagar,2021-05-01,h1,-1.609204,-0.67594,0.933264,0.933264,0.870982
official_test,XGBoost,454,Chhatrapati Sambhajinagar,2021-05-01,h2,-0.935192,-0.385827,0.549365,0.549365,0.301802
official_test,XGBoost,454,Chhatrapati Sambhajinagar,2021-05-01,h3,-0.303652,-0.23851,0.065142,0.065142,0.004243
official_test,XGBoost,455,Chhatrapati Sambhajinagar,2021-06-01,h1,-0.935192,-0.595813,0.339379,0.339379,0.115178
official_test,XGBoost,455,Chhatrapati Sambhajinagar,2021-06-01,h2,-0.303652,-0.368268,-0.064616,0.064616,0.004175
official_test,XGBoost,455,Chhatrapati Sambhajinagar,2021-06-01,h3,-1.210215,-0.204803,1.005413,1.005413,1.010854
official_test,XGBoost,456,Chhatrapati Sambhajinagar,2021-07-01,h1,-0.303652,-0.135309,0.168342,0.168342,0.028339
official_test,XGBoost,456,Chhatrapati Sambhajinagar,2021-07-01,h2,-1.210215,-0.249099,0.961117,0.961117,0.923745
official_test,XGBoost,456,Chhatrapati Sambhajinagar,2021-07-01,h3,-1.755722,-0.026261,1.72946,1.72946,2.991033
official_test,XGBoost,457,Chhatrapati Sambhajinagar,2021-08-01,h1,-1.210215,0.035227,1.245442,1.245442,1.551126
official_test,XGBoost,457,Chhatrapati Sambhajinagar,2021-08-01,h2,-1.755722,0.004229,1.759951,1.759951,3.097428
official_test,XGBoost,457,Chhatrapati Sambhajinagar,2021-08-01,h3,-1.585057,0.011095,1.596152,1.596152,2.547701
official_test,XGBoost,458,Chhatrapati Sambhajinagar,2021-09-01,h1,-1.755722,-0.511085,1.244637,1.244637,1.549122
official_test,XGBoost,458,Chhatrapati Sambhajinagar,2021-09-01,h2,-1.585057,-0.317016,1.268041,1.268041,1.607928
official_test,XGBoost,458,Chhatrapati Sambhajinagar,2021-09-01,h3,-1.401432,-0.069458,1.331974,1.331974,1.774153
official_test,XGBoost,459,Chhatrapati Sambhajinagar,2021-10-01,h1,-1.585057,-1.081098,0.503959,0.503959,0.253975
official_test,XGBoost,459,Chhatrapati Sambhajinagar,2021-10-01,h2,-1.401432,-0.696823,0.704608,0.704608,0.496473
official_test,XGBoost,459,Chhatrapati Sambhajinagar,2021-10-01,h3,-1.187325,-0.341925,0.8454,0.8454,0.714701
official_test,XGBoost,460,Chhatrapati Sambhajinagar,2021-11-01,h1,-1.401432,-0.97698,0.424452,0.424452,0.180159
official_test,XGBoost,460,Chhatrapati Sambhajinagar,2021-11-01,h2,-1.187325,-0.729766,0.457559,0.457559,0.20936
official_test,XGBoost,460,Chhatrapati Sambhajinagar,2021-11-01,h3,-1.420752,-0.522544,0.898208,0.898208,0.806777
official_test,XGBoost,461,Chhatrapati Sambhajinagar,2021-12-01,h1,-1.187325,-1.257231,-0.069906,0.069906,0.004887
official_test,XGBoost,461,Chhatrapati Sambhajinagar,2021-12-01,h2,-1.420752,-1.036466,0.384286,0.384286,0.147676
official_test,XGBoost,461,Chhatrapati Sambhajinagar,2021-12-01,h3,-0.800335,-0.607032,0.193303,0.193303,0.037366
official_test,XGBoost,462,Chhatrapati Sambhajinagar,2022-01-01,h1,-1.420752,-1.158631,0.26212,0.26212,0.068707
official_test,XGBoost,462,Chhatrapati Sambhajinagar,2022-01-01,h2,-0.800335,-1.001624,-0.201288,0.201288,0.040517
official_test,XGBoost,462,Chhatrapati Sambhajinagar,2022-01-01,h3,-0.672696,-0.607032,0.065664,0.065664,0.004312
official_test,XGBoost,463,Chhatrapati Sambhajinagar,2022-02-01,h1,-0.800335,-1.028704,-0.228369,0.228369,0.052152
official_test,XGBoost,463,Chhatrapati Sambhajinagar,2022-02-01,h2,-0.672696,-0.836363,-0.163667,0.163667,0.026787
official_test,XGBoost,463,Chhatrapati Sambhajinagar,2022-02-01,h3,-0.462274,-0.463227,-0.000952,0.000952,1e-06
official_test,XGBoost,464,Chhatrapati Sambhajinagar,2022-03-01,h1,-0.672696,-0.449142,0.223554,0.223554,0.049976
official_test,XGBoost,464,Chhatrapati Sambhajinagar,2022-03-01,h2,-0.462274,-0.365678,0.096596,0.096596,0.009331
official_test,XGBoost,464,Chhatrapati Sambhajinagar,2022-03-01,h3,-0.494102,-0.23851,0.255592,0.255592,0.065327
official_test,XGBoost,465,Chhatrapati Sambhajinagar,2022-04-01,h1,-0.462274,-0.23977,0.222505,0.222505,0.049508
official_test,XGBoost,465,Chhatrapati Sambhajinagar,2022-04-01,h2,-0.494102,-0.358104,0.135998,0.135998,0.018495
official_test,XGBoost,465,Chhatrapati Sambhajinagar,2022-04-01,h3,-2.112228,-0.281793,1.830435,1.830435,3.350494
official_test,XGBoost,466,Chhatrapati Sambhajinagar,2022-05-01,h1,-0.494102,-0.420991,0.073111,0.073111,0.005345
official_test,XGBoost,466,Chhatrapati Sambhajinagar,2022-05-01,h2,-2.112228,-0.427445,1.684783,1.684783,2.838495
official_test,XGBoost,466,Chhatrapati Sambhajinagar,2022-05-01,h3,-1.34669,-0.23851,1.10818,1.10818,1.228064
official_test,XGBoost,467,Chhatrapati Sambhajinagar,2022-06-01,h1,-2.112228,-0.379412,1.732816,1.732816,3.002652
official_test,XGBoost,467,Chhatrapati Sambhajinagar,2022-06-01,h2,-1.34669,-0.347953,0.998738,0.998738,0.997477
official_test,XGBoost,467,Chhatrapati Sambhajinagar,2022-06-01,h3,-1.597277,-0.193455,1.403822,1.403822,1.970716
official_test,XGBoost,468,Chhatrapati Sambhajinagar,2022-07-01,h1,-1.34669,-1.100274,0.246416,0.246416,0.060721
official_test,XGBoost,468,Chhatrapati Sambhajinagar,2022-07-01,h2,-1.597277,-0.861548,0.735729,0.735729,0.541297
official_test,XGBoost,468,Chhatrapati Sambhajinagar,2022-07-01,h3,-1.940291,-0.494545,1.445746,1.445746,2.090182
official_test,XGBoost,469,Chhatrapati Sambhajinagar,2022-08-01,h1,-1.597277,-0.916669,0.680608,0.680608,0.463228
official_test,XGBoost,469,Chhatrapati Sambhajinagar,2022-08-01,h2,-1.940291,-1.077304,0.862987,0.862987,0.744747
official_test,XGBoost,469,Chhatrapati Sambhajinagar,2022-08-01,h3,-1.561697,-0.491826,1.069871,1.069871,1.144623
official_test,XGBoost,470,Chhatrapati Sambhajinagar,2022-09-01,h1,-1.940291,-1.499674,0.440617,0.440617,0.194144
official_test,XGBoost,470,Chhatrapati Sambhajinagar,2022-09-01,h2,-1.561697,-1.081862,0.479835,0.479835,0.230241
official_test,XGBoost,470,Chhatrapati Sambhajinagar,2022-09-01,h3,-1.444408,-0.53511,0.909298,0.909298,0.826823
official_test,XGBoost,471,Chhatrapati Sambhajinagar,2022-10-01,h1,-1.561697,-1.433467,0.12823,0.12823,0.016443
official_test,XGBoost,471,Chhatrapati Sambhajinagar,2022-10-01,h2,-1.444408,-0.677936,0.766472,0.766472,0.587479
official_test,XGBoost,471,Chhatrapati Sambhajinagar,2022-10-01,h3,-1.019117,0.029667,1.048783,1.048783,1.099947
official_test,XGBoost,472,Chhatrapati Sambhajinagar,2022-11-01,h1,-1.444408,-1.043483,0.400924,0.400924,0.16074
official_test,XGBoost,472,Chhatrapati Sambhajinagar,2022-11-01,h2,-1.019117,-0.51998,0.499136,0.499136,0.249137
official_test,XGBoost,472,Chhatrapati Sambhajinagar,2022-11-01,h3,-1.085541,-0.046363,1.039178,1.039178,1.079891
official_test,XGBoost,473,Chhatrapati Sambhajinagar,2022-12-01,h1,-1.019117,-0.939589,0.079528,0.079528,0.006325
official_test,XGBoost,473,Chhatrapati Sambhajinagar,2022-12-01,h2,-1.085541,-1.037067,0.048474,0.048474,0.00235
official_test,XGBoost,473,Chhatrapati Sambhajinagar,2022-12-01,h3,-1.566303,-0.675187,0.891116,0.891116,0.794088
official_test,XGBoost,474,Chhatrapati Sambhajinagar,2023-01-01,h1,-1.085541,-1.010281,0.07526,0.07526,0.005664
official_test,XGBoost,474,Chhatrapati Sambhajinagar,2023-01-01,h2,-1.566303,-1.143721,0.422582,0.422582,0.178575
official_test,XGBoost,474,Chhatrapati Sambhajinagar,2023-01-01,h3,-1.734646,-0.708493,1.026153,1.026153,1.052991
official_test,XGBoost,475,Chhatrapati Sambhajinagar,2023-02-01,h1,-1.566303,-1.075124,0.491179,0.491179,0.241257
official_test,XGBoost,475,Chhatrapati Sambhajinagar,2023-02-01,h2,-1.734646,-0.934579,0.800068,0.800068,0.640108
official_test,XGBoost,475,Chhatrapati Sambhajinagar,2023-02-01,h3,-1.075118,-0.525565,0.549554,0.549554,0.302009
official_test,XGBoost,476,Chhatrapati Sambhajinagar,2023-03-01,h1,-1.734646,-1.138841,0.595806,0.595806,0.354984
official_test,XGBoost,476,Chhatrapati Sambhajinagar,2023-03-01,h2,-1.075118,-0.998877,0.076241,0.076241,0.005813
official_test,XGBoost,476,Chhatrapati Sambhajinagar,2023-03-01,h3,-0.084688,-0.414001,-0.329313,0.329313,0.108447
official_test,XGBoost,477,Chhatrapati Sambhajinagar,2023-04-01,h1,-1.075118,-0.904001,0.171118,0.171118,0.029281
official_test,XGBoost,477,Chhatrapati Sambhajinagar,2023-04-01,h2,-0.084688,-0.62551,-0.540822,0.540822,0.292488
official_test,XGBoost,477,Chhatrapati Sambhajinagar,2023-04-01,h3,-0.264452,-0.306352,-0.0419,0.0419,0.001756
official_test,XGBoost,478,Chhatrapati Sambhajinagar,2023-05-01,h1,-0.084688,-0.676585,-0.591896,0.591896,0.350341
official_test,XGBoost,478,Chhatrapati Sambhajinagar,2023-05-01,h2,-0.264452,-0.473,-0.208548,0.208548,0.043492
official_test,XGBoost,478,Chhatrapati Sambhajinagar,2023-05-01,h3,-0.096381,-0.271054,-0.174673,0.174673,0.030511
official_test,XGBoost,479,Chhatrapati Sambhajinagar,2023-06-01,h1,-0.264452,-0.083683,0.180769,0.180769,0.032677
official_test,XGBoost,479,Chhatrapati Sambhajinagar,2023-06-01,h2,-0.096381,-0.174052,-0.077672,0.077672,0.006033
official_test,XGBoost,479,Chhatrapati Sambhajinagar,2023-06-01,h3,-0.399514,-0.192292,0.207222,0.207222,0.042941
official_test,XGBoost,480,Chhatrapati Sambhajinagar,2023-07-01,h1,-0.096381,-0.557637,-0.461257,0.461257,0.212758
official_test,XGBoost,480,Chhatrapati Sambhajinagar,2023-07-01,h2,-0.399514,-0.10444,0.295074,0.295074,0.087069
official_test,XGBoost,480,Chhatrapati Sambhajinagar,2023-07-01,h3,-0.151739,-0.312197,-0.160458,0.160458,0.025747
official_test,XGBoost,481,Chhatrapati Sambhajinagar,2023-08-01,h1,-0.399514,-0.253878,0.145637,0.145637,0.02121
official_test,XGBoost,481,Chhatrapati Sambhajinagar,2023-08-01,h2,-0.151739,-0.119766,0.031973,0.031973,0.001022
official_test,XGBoost,481,Chhatrapati Sambhajinagar,2023-08-01,h3,-0.390781,-0.07777,0.313011,0.313011,0.097976
official_test,XGBoost,482,Chhatrapati Sambhajinagar,2023-09-01,h1,-0.151739,-0.155048,-0.003309,0.003309,1.1e-05
official_test,XGBoost,482,Chhatrapati Sambhajinagar,2023-09-01,h2,-0.390781,-0.036683,0.354098,0.354098,0.125385
official_test,XGBoost,482,Chhatrapati Sambhajinagar,2023-09-01,h3,-0.605908,-0.070584,0.535324,0.535324,0.286572
official_test,XGBoost,483,Chhatrapati Sambhajinagar,2023-10-01,h1,-0.390781,-0.128016,0.262765,0.262765,0.069045
official_test,XGBoost,483,Chhatrapati Sambhajinagar,2023-10-01,h2,-0.605908,-0.040776,0.565132,0.565132,0.319374
official_test,XGBoost,483,Chhatrapati Sambhajinagar,2023-10-01,h3,-1.119045,-0.00981,1.109235,1.109235,1.230403
official_test,XGBoost,484,Chhatrapati Sambhajinagar,2023-11-01,h1,-0.605908,-0.171622,0.434286,0.434286,0.188605
official_test,XGBoost,484,Chhatrapati Sambhajinagar,2023-11-01,h2,-1.119045,0.095395,1.214441,1.214441,1.474867
official_test,XGBoost,484,Chhatrapati Sambhajinagar,2023-11-01,h3,-0.894783,-0.197847,0.696936,0.696936,0.48572
official_test,XGBoost,485,Chhatrapati Sambhajinagar,2023-12-01,h1,-1.119045,-0.406009,0.713036,0.713036,0.50842
official_test,XGBoost,485,Chhatrapati Sambhajinagar,2023-12-01,h2,-0.894783,-0.217519,0.677264,0.677264,0.458687
official_test,XGBoost,485,Chhatrapati Sambhajinagar,2023-12-01,h3,-0.753684,-0.110428,0.643255,0.643255,0.413777
official_test,XGBoost,486,Chhatrapati Sambhajinagar,2024-01-01,h1,-0.894783,-0.363242,0.531541,0.531541,0.282536
official_test,XGBoost,486,Chhatrapati Sambhajinagar,2024-01-01,h2,-0.753684,-0.126717,0.626967,0.626967,0.393087
official_test,XGBoost,486,Chhatrapati Sambhajinagar,2024-01-01,h3,-0.553116,-0.135509,0.417607,0.417607,0.174396
official_test,XGBoost,487,Chhatrapati Sambhajinagar,2024-02-01,h1,-0.753684,-0.393845,0.359838,0.359838,0.129483
official_test,XGBoost,487,Chhatrapati Sambhajinagar,2024-02-01,h2,-0.553116,-0.129331,0.423785,0.423785,0.179594
official_test,XGBoost,487,Chhatrapati Sambhajinagar,2024-02-01,h3,-0.553166,-0.177347,0.375819,0.375819,0.14124
official_test,XGBoost,488,Chhatrapati Sambhajinagar,2024-03-01,h1,-0.553116,-0.0245,0.528616,0.528616,0.279435
official_test,XGBoost,488,Chhatrapati Sambhajinagar,2024-03-01,h2,-0.553166,-0.279982,0.273184,0.273184,0.07463
official_test,XGBoost,488,Chhatrapati Sambhajinagar,2024-03-01,h3,-0.879648,-0.027301,0.852347,0.852347,0.726496
official_test,XGBoost,489,Chhatrapati Sambhajinagar,2024-04-01,h1,-0.553166,-0.192715,0.360451,0.360451,0.129925
official_test,XGBoost,489,Chhatrapati Sambhajinagar,2024-04-01,h2,-0.879648,-0.170684,0.708964,0.708964,0.502629
official_test,XGBoost,489,Chhatrapati Sambhajinagar,2024-04-01,h3,-0.275423,-0.027301,0.248123,0.248123,0.061565
official_test,XGBoost,490,Chhatrapati Sambhajinagar,2024-05-01,h1,-0.879648,0.137018,1.016666,1.016666,1.03361
official_test,XGBoost,490,Chhatrapati Sambhajinagar,2024-05-01,h2,-0.275423,0.12852,0.403943,0.403943,0.16317
official_test,XGBoost,490,Chhatrapati Sambhajinagar,2024-05-01,h3,-1.480146,-0.066206,1.41394,1.41394,1.999226
official_test,XGBoost,491,Chhatrapati Sambhajinagar,2024-06-01,h1,-0.275423,-0.104895,0.170528,0.170528,0.02908
official_test,XGBoost,491,Chhatrapati Sambhajinagar,2024-06-01,h2,-1.480146,0.422198,1.902344,1.902344,3.618913
official_test,XGBoost,491,Chhatrapati Sambhajinagar,2024-06-01,h3,-1.334362,-0.070584,1.263778,1.263778,1.597135
official_test,XGBoost,492,Chhatrapati Sambhajinagar,2024-07-01,h1,-1.480146,-0.288568,1.191578,1.191578,1.419859
official_test,XGBoost,492,Chhatrapati Sambhajinagar,2024-07-01,h2,-1.334362,-0.452375,0.881986,0.881986,0.777899
official_test,XGBoost,492,Chhatrapati Sambhajinagar,2024-07-01,h3,-1.430122,-0.288079,1.142043,1.142043,1.304263
official_test,XGBoost,493,Chhatrapati Sambhajinagar,2024-08-01,h1,-1.334362,-0.921795,0.412566,0.412566,0.170211
official_test,XGBoost,493,Chhatrapati Sambhajinagar,2024-08-01,h2,-1.430122,-0.596005,0.834117,0.834117,0.695751
official_test,XGBoost,493,Chhatrapati Sambhajinagar,2024-08-01,h3,-1.33475,-0.410193,0.924557,0.924557,0.854806
official_test,XGBoost,494,Chhatrapati Sambhajinagar,2024-09-01,h1,-1.430122,-1.048234,0.381888,0.381888,0.145838
official_test,XGBoost,494,Chhatrapati Sambhajinagar,2024-09-01,h2,-1.33475,-0.936288,0.398462,0.398462,0.158772
official_test,XGBoost,494,Chhatrapati Sambhajinagar,2024-09-01,h3,-1.503817,-0.660413,0.843404,0.843404,0.71133
official_test,XGBoost,697,Dharashiv,2021-01-01,h1,-0.925367,-0.960106,-0.034739,0.034739,0.001207
official_test,XGBoost,697,Dharashiv,2021-01-01,h2,-0.483298,-0.835421,-0.352122,0.352122,0.12399
official_test,XGBoost,697,Dharashiv,2021-01-01,h3,-0.786925,-0.60134,0.185585,0.185585,0.034442
official_test,XGBoost,698,Dharashiv,2021-02-01,h1,-0.483298,-0.841018,-0.35772,0.35772,0.127964
official_test,XGBoost,698,Dharashiv,2021-02-01,h2,-0.786925,-0.599415,0.18751,0.18751,0.03516
official_test,XGBoost,698,Dharashiv,2021-02-01,h3,-1.037942,-0.424774,0.613168,0.613168,0.375976
official_test,XGBoost,699,Dharashiv,2021-03-01,h1,-0.786925,-0.387452,0.399472,0.399472,0.159578
official_test,XGBoost,699,Dharashiv,2021-03-01,h2,-1.037942,-0.44484,0.593102,0.593102,0.351771
official_test,XGBoost,699,Dharashiv,2021-03-01,h3,-1.112037,-0.271054,0.840983,0.840983,0.707252
official_test,XGBoost,700,Dharashiv,2021-04-01,h1,-1.037942,-0.451033,0.586909,0.586909,0.344462
official_test,XGBoost,700,Dharashiv,2021-04-01,h2,-1.112037,-0.39722,0.714816,0.714816,0.510962
official_test,XGBoost,700,Dharashiv,2021-04-01,h3,-1.025305,-0.277083,0.748222,0.748222,0.559837
official_test,XGBoost,701,Dharashiv,2021-05-01,h1,-1.112037,-0.162231,0.949805,0.949805,0.90213
official_test,XGBoost,701,Dharashiv,2021-05-01,h2,-1.025305,0.315266,1.340572,1.340572,1.797133
official_test,XGBoost,701,Dharashiv,2021-05-01,h3,-0.790949,-0.067031,0.723918,0.723918,0.524057
official_test,XGBoost,702,Dharashiv,2021-06-01,h1,-1.025305,-0.176004,0.849301,0.849301,0.721312
official_test,XGBoost,702,Dharashiv,2021-06-01,h2,-0.790949,-0.183636,0.607313,0.607313,0.36883
official_test,XGBoost,702,Dharashiv,2021-06-01,h3,-1.008118,0.033473,1.041592,1.041592,1.084913
official_test,XGBoost,703,Dharashiv,2021-07-01,h1,-0.790949,-0.468383,0.322566,0.322566,0.104049
official_test,XGBoost,703,Dharashiv,2021-07-01,h2,-1.008118,-0.125027,0.883091,0.883091,0.77985
official_test,XGBoost,703,Dharashiv,2021-07-01,h3,-1.107112,-0.128694,0.978418,0.978418,0.957301
official_test,XGBoost,704,Dharashiv,2021-08-01,h1,-1.008118,-0.736651,0.271467,0.271467,0.073694
official_test,XGBoost,704,Dharashiv,2021-08-01,h2,-1.107112,-0.764905,0.342207,0.342207,0.117106
official_test,XGBoost,704,Dharashiv,2021-08-01,h3,-1.170155,-0.583035,0.587119,0.587119,0.344709
official_test,XGBoost,705,Dharashiv,2021-09-01,h1,-1.107112,-1.240486,-0.133374,0.133374,0.017789
official_test,XGBoost,705,Dharashiv,2021-09-01,h2,-1.170155,-1.114712,0.055442,0.055442,0.003074
official_test,XGBoost,705,Dharashiv,2021-09-01,h3,-1.343819,-0.614351,0.729468,0.729468,0.532124
official_test,XGBoost,706,Dharashiv,2021-10-01,h1,-1.170155,-1.083069,0.087086,0.087086,0.007584
official_test,XGBoost,706,Dharashiv,2021-10-01,h2,-1.343819,-0.830005,0.513813,0.513813,0.264004
official_test,XGBoost,706,Dharashiv,2021-10-01,h3,-1.315075,-0.607032,0.708043,0.708043,0.501325
official_test,XGBoost,707,Dharashiv,2021-11-01,h1,-1.343819,-0.775416,0.568403,0.568403,0.323082
official_test,XGBoost,707,Dharashiv,2021-11-01,h2,-1.315075,-0.545034,0.770041,0.770041,0.592963
official_test,XGBoost,707,Dharashiv,2021-11-01,h3,-1.059334,-0.371993,0.687341,0.687341,0.472437
official_test,XGBoost,708,Dharashiv,2021-12-01,h1,-1.315075,-0.759119,0.555956,0.555956,0.309087
official_test,XGBoost,708,Dharashiv,2021-12-01,h2,-1.059334,-0.550536,0.508798,0.508798,0.258875
official_test,XGBoost,708,Dharashiv,2021-12-01,h3,-0.678753,-0.358296,0.320457,0.320457,0.102692
official_test,XGBoost,709,Dharashiv,2022-01-01,h1,-1.059334,-0.915997,0.143336,0.143336,0.020545
official_test,XGBoost,709,Dharashiv,2022-01-01,h2,-0.678753,-0.724846,-0.046093,0.046093,0.002125
official_test,XGBoost,709,Dharashiv,2022-01-01,h3,-1.011028,-0.358296,0.652732,0.652732,0.426059
official_test,XGBoost,710,Dharashiv,2022-02-01,h1,-0.678753,-0.653892,0.024862,0.024862,0.000618
official_test,XGBoost,710,Dharashiv,2022-02-01,h2,-1.011028,-0.53065,0.480378,0.480378,0.230763
official_test,XGBoost,710,Dharashiv,2022-02-01,h3,-0.864825,-0.304987,0.559837,0.559837,0.313418
official_test,XGBoost,711,Dharashiv,2022-03-01,h1,-1.011028,-0.717222,0.293806,0.293806,0.086322
official_test,XGBoost,711,Dharashiv,2022-03-01,h2,-0.864825,-0.460407,0.404417,0.404417,0.163553
official_test,XGBoost,711,Dharashiv,2022-03-01,h3,-0.674226,-0.304987,0.369239,0.369239,0.136337
official_test,XGBoost,712,Dharashiv,2022-04-01,h1,-0.864825,-0.68768,0.177145,0.177145,0.03138
official_test,XGBoost,712,Dharashiv,2022-04-01,h2,-0.674226,-0.571654,0.102572,0.102572,0.010521
official_test,XGBoost,712,Dharashiv,2022-04-01,h3,-1.718629,-0.304987,1.413641,1.413641,1.998382
official_test,XGBoost,713,Dharashiv,2022-05-01,h1,-0.674226,-0.277817,0.39641,0.39641,0.157141
official_test,XGBoost,713,Dharashiv,2022-05-01,h2,-1.718629,-0.240206,1.478423,1.478423,2.185735
official_test,XGBoost,713,Dharashiv,2022-05-01,h3,-1.900719,-0.277083,1.623636,1.623636,2.636195
official_test,XGBoost,714,Dharashiv,2022-06-01,h1,-1.718629,-0.30692,1.411709,1.411709,1.992921
official_test,XGBoost,714,Dharashiv,2022-06-01,h2,-1.900719,-0.106463,1.794256,1.794256,3.219355
official_test,XGBoost,714,Dharashiv,2022-06-01,h3,-1.326715,-0.111046,1.215669,1.215669,1.477852
official_test,XGBoost,715,Dharashiv,2022-07-01,h1,-1.900719,-1.184728,0.715991,0.715991,0.512643
official_test,XGBoost,715,Dharashiv,2022-07-01,h2,-1.326715,-1.023475,0.30324,0.30324,0.091954
official_test,XGBoost,715,Dharashiv,2022-07-01,h3,-1.357456,-0.57775,0.779706,0.779706,0.607942
official_test,XGBoost,716,Dharashiv,2022-08-01,h1,-1.326715,-1.286094,0.040621,0.040621,0.00165
official_test,XGBoost,716,Dharashiv,2022-08-01,h2,-1.357456,-1.102275,0.255181,0.255181,0.065117
official_test,XGBoost,716,Dharashiv,2022-08-01,h3,-1.057977,-0.574905,0.483072,0.483072,0.233359
official_test,XGBoost,717,Dharashiv,2022-09-01,h1,-1.357456,-1.223937,0.133519,0.133519,0.017827
official_test,XGBoost,717,Dharashiv,2022-09-01,h2,-1.057977,-0.935885,0.122092,0.122092,0.014907
official_test,XGBoost,717,Dharashiv,2022-09-01,h3,-0.976196,-0.537049,0.439148,0.439148,0.192851
official_test,XGBoost,718,Dharashiv,2022-10-01,h1,-1.057977,-1.002207,0.05577,0.05577,0.00311
official_test,XGBoost,718,Dharashiv,2022-10-01,h2,-0.976196,-0.910391,0.065805,0.065805,0.00433
official_test,XGBoost,718,Dharashiv,2022-10-01,h3,-1.156812,-0.585422,0.571389,0.571389,0.326486
official_test,XGBoost,719,Dharashiv,2022-11-01,h1,-0.976196,-0.947582,0.028614,0.028614,0.000819
official_test,XGBoost,719,Dharashiv,2022-11-01,h2,-1.156812,-0.852877,0.303934,0.303934,0.092376
official_test,XGBoost,719,Dharashiv,2022-11-01,h3,-1.063274,-0.573726,0.489548,0.489548,0.239657
official_test,XGBoost,720,Dharashiv,2022-12-01,h1,-1.156812,-0.860476,0.296336,0.296336,0.087815
official_test,XGBoost,720,Dharashiv,2022-12-01,h2,-1.063274,-1.013836,0.049439,0.049439,0.002444
official_test,XGBoost,720,Dharashiv,2022-12-01,h3,-1.160185,-0.646425,0.513759,0.513759,0.263949
official_test,XGBoost,721,Dharashiv,2023-01-01,h1,-1.063274,-0.977636,0.085638,0.085638,0.007334
official_test,XGBoost,721,Dharashiv,2023-01-01,h2,-1.160185,-1.048715,0.11147,0.11147,0.012425
official_test,XGBoost,721,Dharashiv,2023-01-01,h3,-1.195078,-0.534862,0.660216,0.660216,0.435886
official_test,XGBoost,722,Dharashiv,2023-02-01,h1,-1.160185,-0.925613,0.234572,0.234572,0.055024
official_test,XGBoost,722,Dharashiv,2023-02-01,h2,-1.195078,-0.526807,0.668272,0.668272,0.446587
official_test,XGBoost,722,Dharashiv,2023-02-01,h3,-0.678428,-0.273808,0.40462,0.40462,0.163717
official_test,XGBoost,723,Dharashiv,2023-03-01,h1,-1.195078,-0.673368,0.52171,0.52171,0.272182
official_test,XGBoost,723,Dharashiv,2023-03-01,h2,-0.678428,-0.545836,0.132592,0.132592,0.017581
official_test,XGBoost,723,Dharashiv,2023-03-01,h3,0.030571,-0.272443,-0.303014,0.303014,0.091817
official_test,XGBoost,724,Dharashiv,2023-04-01,h1,-0.678428,-0.487952,0.190476,0.190476,0.036281
official_test,XGBoost,724,Dharashiv,2023-04-01,h2,0.030571,-0.377946,-0.408516,0.408516,0.166886
official_test,XGBoost,724,Dharashiv,2023-04-01,h3,-0.795612,-0.067031,0.728581,0.728581,0.530831
official_test,XGBoost,725,Dharashiv,2023-05-01,h1,0.030571,-0.071303,-0.101873,0.101873,0.010378
official_test,XGBoost,725,Dharashiv,2023-05-01,h2,-0.795612,-0.013779,0.781834,0.781834,0.611264
official_test,XGBoost,725,Dharashiv,2023-05-01,h3,-0.451253,-0.067031,0.384222,0.384222,0.147626
official_test,XGBoost,726,Dharashiv,2023-06-01,h1,-0.795612,-0.009267,0.786346,0.786346,0.61834
official_test,XGBoost,726,Dharashiv,2023-06-01,h2,-0.451253,-0.25129,0.199963,0.199963,0.039985
official_test,XGBoost,726,Dharashiv,2023-06-01,h3,-0.124314,0.20919,0.333504,0.333504,0.111225
official_test,XGBoost,727,Dharashiv,2023-07-01,h1,-0.451253,-0.553038,-0.101785,0.101785,0.01036
official_test,XGBoost,727,Dharashiv,2023-07-01,h2,-0.124314,-0.441896,-0.317582,0.317582,0.100858
official_test,XGBoost,727,Dharashiv,2023-07-01,h3,0.484405,-0.137478,-0.621884,0.621884,0.386739
official_test,XGBoost,728,Dharashiv,2023-08-01,h1,-0.124314,-0.514115,-0.389801,0.389801,0.151945
official_test,XGBoost,728,Dharashiv,2023-08-01,h2,0.484405,-0.459253,-0.943659,0.943659,0.890492
official_test,XGBoost,728,Dharashiv,2023-08-01,h3,0.038974,-0.224239,-0.263213,0.263213,0.069281
official_test,XGBoost,729,Dharashiv,2023-09-01,h1,0.484405,0.096657,-0.387748,0.387748,0.150349
official_test,XGBoost,729,Dharashiv,2023-09-01,h2,0.038974,0.266947,0.227973,0.227973,0.051972
official_test,XGBoost,729,Dharashiv,2023-09-01,h3,-0.143573,0.145627,0.2892,0.2892,0.083637
official_test,XGBoost,730,Dharashiv,2023-10-01,h1,0.038974,0.022268,-0.016706,0.016706,0.000279
official_test,XGBoost,730,Dharashiv,2023-10-01,h2,-0.143573,0.097427,0.241,0.241,0.058081
official_test,XGBoost,730,Dharashiv,2023-10-01,h3,-0.622017,0.073819,0.695836,0.695836,0.484188
official_test,XGBoost,731,Dharashiv,2023-11-01,h1,-0.143573,0.091456,0.235029,0.235029,0.055238
official_test,XGBoost,731,Dharashiv,2023-11-01,h2,-0.622017,0.072221,0.694238,0.694238,0.481967
official_test,XGBoost,731,Dharashiv,2023-11-01,h3,-0.520353,0.069248,0.589601,0.589601,0.347629
official_test,XGBoost,732,Dharashiv,2023-12-01,h1,-0.622017,-0.158893,0.463125,0.463125,0.214484
official_test,XGBoost,732,Dharashiv,2023-12-01,h2,-0.520353,-0.052446,0.467907,0.467907,0.218937
official_test,XGBoost,732,Dharashiv,2023-12-01,h3,-0.07049,0.117102,0.187592,0.187592,0.035191
official_test,XGBoost,733,Dharashiv,2024-01-01,h1,-0.520353,-0.159684,0.360669,0.360669,0.130082
official_test,XGBoost,733,Dharashiv,2024-01-01,h2,-0.07049,-0.007262,0.063228,0.063228,0.003998
official_test,XGBoost,733,Dharashiv,2024-01-01,h3,-0.432588,0.059334,0.491922,0.491922,0.241987
official_test,XGBoost,734,Dharashiv,2024-02-01,h1,-0.07049,-0.206763,-0.136272,0.136272,0.01857
official_test,XGBoost,734,Dharashiv,2024-02-01,h2,-0.432588,0.012566,0.445154,0.445154,0.198162
official_test,XGBoost,734,Dharashiv,2024-02-01,h3,-0.588232,0.102344,0.690576,0.690576,0.476895
official_test,XGBoost,735,Dharashiv,2024-03-01,h1,-0.432588,0.125639,0.558227,0.558227,0.311617
official_test,XGBoost,735,Dharashiv,2024-03-01,h2,-0.588232,-0.109971,0.478261,0.478261,0.228734
official_test,XGBoost,735,Dharashiv,2024-03-01,h3,-1.270592,0.056925,1.327517,1.327517,1.762302
official_test,XGBoost,736,Dharashiv,2024-04-01,h1,-0.588232,-0.032102,0.55613,0.55613,0.309281
official_test,XGBoost,736,Dharashiv,2024-04-01,h2,-1.270592,-0.149247,1.121345,1.121345,1.257414
official_test,XGBoost,736,Dharashiv,2024-04-01,h3,-2.091565,0.07141,2.162976,2.162976,4.678463
official_test,XGBoost,737,Dharashiv,2024-05-01,h1,-1.270592,0.198731,1.469323,1.469323,2.158911
official_test,XGBoost,737,Dharashiv,2024-05-01,h2,-2.091565,0.138859,2.230425,2.230425,4.974794
official_test,XGBoost,737,Dharashiv,2024-05-01,h3,-1.655419,0.07141,1.726829,1.726829,2.981939
official_test,XGBoost,738,Dharashiv,2024-06-01,h1,-2.091565,-0.715837,1.375728,1.375728,1.892629
official_test,XGBoost,738,Dharashiv,2024-06-01,h2,-1.655419,-0.502779,1.15264,1.15264,1.328578
official_test,XGBoost,738,Dharashiv,2024-06-01,h3,-0.833192,-0.554474,0.278719,0.278719,0.077684
official_test,XGBoost,739,Dharashiv,2024-07-01,h1,-1.655419,-0.623366,1.032053,1.032053,1.065133
official_test,XGBoost,739,Dharashiv,2024-07-01,h2,-0.833192,-0.659501,0.173692,0.173692,0.030169
official_test,XGBoost,739,Dharashiv,2024-07-01,h3,-0.893157,-0.660413,0.232744,0.232744,0.05417
official_test,XGBoost,740,Dharashiv,2024-08-01,h1,-0.833192,-0.950919,-0.117727,0.117727,0.01386
official_test,XGBoost,740,Dharashiv,2024-08-01,h2,-0.893157,-0.832849,0.060308,0.060308,0.003637
official_test,XGBoost,740,Dharashiv,2024-08-01,h3,-0.858376,-0.586322,0.272053,0.272053,0.074013
official_test,XGBoost,741,Dharashiv,2024-09-01,h1,-0.893157,-1.053087,-0.15993,0.15993,0.025578
official_test,XGBoost,741,Dharashiv,2024-09-01,h2,-0.858376,-0.982767,-0.124391,0.124391,0.015473
official_test,XGBoost,741,Dharashiv,2024-09-01,h3,-1.064045,-0.648754,0.415291,0.415291,0.172467
official_test,XGBoost,944,Hingoli,2021-01-01,h1,-0.58886,-0.622079,-0.033219,0.033219,0.001104
official_test,XGBoost,944,Hingoli,2021-01-01,h2,-0.574969,-0.714999,-0.14003,0.14003,0.019608
official_test,XGBoost,944,Hingoli,2021-01-01,h3,-0.639672,-0.577509,0.062163,0.062163,0.003864
official_test,XGBoost,945,Hingoli,2021-02-01,h1,-0.574969,-0.92358,-0.348611,0.348611,0.121529
official_test,XGBoost,945,Hingoli,2021-02-01,h2,-0.639672,-0.81843,-0.178759,0.178759,0.031955
official_test,XGBoost,945,Hingoli,2021-02-01,h3,-0.863956,-0.315013,0.548943,0.548943,0.301338
official_test,XGBoost,946,Hingoli,2021-03-01,h1,-0.639672,-0.635001,0.004671,0.004671,2.2e-05
official_test,XGBoost,946,Hingoli,2021-03-01,h2,-0.863956,-0.434567,0.429389,0.429389,0.184375
official_test,XGBoost,946,Hingoli,2021-03-01,h3,-1.613695,-0.23851,1.375185,1.375185,1.891134
official_test,XGBoost,947,Hingoli,2021-04-01,h1,-0.863956,-0.417083,0.446873,0.446873,0.199696
official_test,XGBoost,947,Hingoli,2021-04-01,h2,-1.613695,-0.391579,1.222116,1.222116,1.493569
official_test,XGBoost,947,Hingoli,2021-04-01,h3,-0.925624,-0.271054,0.65457,0.65457,0.428463
official_test,XGBoost,948,Hingoli,2021-05-01,h1,-1.613695,-0.650207,0.963488,0.963488,0.928309
official_test,XGBoost,948,Hingoli,2021-05-01,h2,-0.925624,-0.51198,0.413644,0.413644,0.171101
official_test,XGBoost,948,Hingoli,2021-05-01,h3,-0.873509,-0.271054,0.602455,0.602455,0.362953
official_test,XGBoost,949,Hingoli,2021-06-01,h1,-0.925624,-0.733153,0.192472,0.192472,0.037045
official_test,XGBoost,949,Hingoli,2021-06-01,h2,-0.873509,-0.338915,0.534595,0.534595,0.285791
official_test,XGBoost,949,Hingoli,2021-06-01,h3,-0.840391,-0.237347,0.603044,0.603044,0.363662
official_test,XGBoost,950,Hingoli,2021-07-01,h1,-0.873509,-0.455103,0.418407,0.418407,0.175064
official_test,XGBoost,950,Hingoli,2021-07-01,h2,-0.840391,-0.357178,0.483213,0.483213,0.233495
official_test,XGBoost,950,Hingoli,2021-07-01,h3,-1.552016,-0.211275,1.340742,1.340742,1.797589
official_test,XGBoost,951,Hingoli,2021-08-01,h1,-0.840391,-0.44609,0.394301,0.394301,0.155473
official_test,XGBoost,951,Hingoli,2021-08-01,h2,-1.552016,-0.230234,1.321782,1.321782,1.747109
official_test,XGBoost,951,Hingoli,2021-08-01,h3,-1.345644,-0.131724,1.213921,1.213921,1.473603
official_test,XGBoost,952,Hingoli,2021-09-01,h1,-1.552016,-0.81042,0.741597,0.741597,0.549966
official_test,XGBoost,952,Hingoli,2021-09-01,h2,-1.345644,-0.555893,0.789751,0.789751,0.623706
official_test,XGBoost,952,Hingoli,2021-09-01,h3,-1.110448,-0.423613,0.686835,0.686835,0.471742
official_test,XGBoost,953,Hingoli,2021-10-01,h1,-1.345644,-1.14808,0.197565,0.197565,0.039032
official_test,XGBoost,953,Hingoli,2021-10-01,h2,-1.110448,-0.793365,0.317083,0.317083,0.100542
official_test,XGBoost,953,Hingoli,2021-10-01,h3,-1.119442,-0.621537,0.497905,0.497905,0.247909
official_test,XGBoost,954,Hingoli,2021-11-01,h1,-1.110448,-1.054815,0.055632,0.055632,0.003095
official_test,XGBoost,954,Hingoli,2021-11-01,h2,-1.119442,-0.870845,0.248597,0.248597,0.0618
official_test,XGBoost,954,Hingoli,2021-11-01,h3,-0.947181,-0.621537,0.325644,0.325644,0.106044
official_test,XGBoost,955,Hingoli,2021-12-01,h1,-1.119442,-1.066522,0.052919,0.052919,0.0028
official_test,XGBoost,955,Hingoli,2021-12-01,h2,-0.947181,-0.884141,0.06304,0.06304,0.003974
official_test,XGBoost,955,Hingoli,2021-12-01,h3,-0.42456,-0.695628,-0.271068,0.271068,0.073478
official_test,XGBoost,956,Hingoli,2022-01-01,h1,-0.947181,-1.11222,-0.165039,0.165039,0.027238
official_test,XGBoost,956,Hingoli,2022-01-01,h2,-0.42456,-1.008436,-0.583876,0.583876,0.340911
official_test,XGBoost,956,Hingoli,2022-01-01,h3,-0.450531,-0.647817,-0.197286,0.197286,0.038922
official_test,XGBoost,957,Hingoli,2022-02-01,h1,-0.42456,-1.024586,-0.600026,0.600026,0.360031
official_test,XGBoost,957,Hingoli,2022-02-01,h2,-0.450531,-0.982561,-0.53203,0.53203,0.283056
official_test,XGBoost,957,Hingoli,2022-02-01,h3,-0.567104,-0.563749,0.003354,0.003354,1.1e-05
official_test,XGBoost,958,Hingoli,2022-03-01,h1,-0.450531,-0.643377,-0.192846,0.192846,0.03719
official_test,XGBoost,958,Hingoli,2022-03-01,h2,-0.567104,-0.57782,-0.010716,0.010716,0.000115
official_test,XGBoost,958,Hingoli,2022-03-01,h3,-0.288783,-0.340006,-0.051223,0.051223,0.002624
official_test,XGBoost,959,Hingoli,2022-04-01,h1,-0.567104,-0.538414,0.02869,0.02869,0.000823
official_test,XGBoost,959,Hingoli,2022-04-01,h2,-0.288783,-0.318416,-0.029633,0.029633,0.000878
official_test,XGBoost,959,Hingoli,2022-04-01,h3,-2.072833,-0.281793,1.79104,1.79104,3.207825
official_test,XGBoost,960,Hingoli,2022-05-01,h1,-0.288783,-0.458609,-0.169826,0.169826,0.028841
official_test,XGBoost,960,Hingoli,2022-05-01,h2,-2.072833,-0.245287,1.827546,1.827546,3.339925
official_test,XGBoost,960,Hingoli,2022-05-01,h3,-1.568348,-0.23851,1.329838,1.329838,1.76847
official_test,XGBoost,961,Hingoli,2022-06-01,h1,-2.072833,-0.238604,1.834229,1.834229,3.364396
official_test,XGBoost,961,Hingoli,2022-06-01,h2,-1.568348,-0.332642,1.235706,1.235706,1.526969
official_test,XGBoost,961,Hingoli,2022-06-01,h3,-1.300487,-0.221875,1.078612,1.078612,1.163404
official_test,XGBoost,962,Hingoli,2022-07-01,h1,-1.568348,-1.026375,0.541973,0.541973,0.293735
official_test,XGBoost,962,Hingoli,2022-07-01,h2,-1.300487,-0.776918,0.523569,0.523569,0.274125
official_test,XGBoost,962,Hingoli,2022-07-01,h3,-1.419324,-0.448461,0.970863,0.970863,0.942574
official_test,XGBoost,963,Hingoli,2022-08-01,h1,-1.300487,-1.246225,0.054263,0.054263,0.002944
official_test,XGBoost,963,Hingoli,2022-08-01,h2,-1.419324,-0.957898,0.461425,0.461425,0.212913
official_test,XGBoost,963,Hingoli,2022-08-01,h3,-1.194139,-0.621537,0.572602,0.572602,0.327873
official_test,XGBoost,964,Hingoli,2022-09-01,h1,-1.419324,-1.176042,0.243282,0.243282,0.059186
official_test,XGBoost,964,Hingoli,2022-09-01,h2,-1.194139,-0.729946,0.464193,0.464193,0.215475
official_test,XGBoost,964,Hingoli,2022-09-01,h3,-1.258018,-0.604902,0.653116,0.653116,0.426561
official_test,XGBoost,965,Hingoli,2022-10-01,h1,-1.194139,-1.109287,0.084852,0.084852,0.0072
official_test,XGBoost,965,Hingoli,2022-10-01,h2,-1.258018,-0.905293,0.352726,0.352726,0.124415
official_test,XGBoost,965,Hingoli,2022-10-01,h3,-1.290343,-0.585422,0.704921,0.704921,0.496913
official_test,XGBoost,966,Hingoli,2022-11-01,h1,-1.258018,-1.090547,0.167472,0.167472,0.028047
official_test,XGBoost,966,Hingoli,2022-11-01,h2,-1.290343,-0.706351,0.583992,0.583992,0.341047
official_test,XGBoost,966,Hingoli,2022-11-01,h3,-1.079439,-0.585422,0.494017,0.494017,0.244053
official_test,XGBoost,967,Hingoli,2022-12-01,h1,-1.290343,-1.170471,0.119872,0.119872,0.014369
official_test,XGBoost,967,Hingoli,2022-12-01,h2,-1.079439,-0.907479,0.17196,0.17196,0.02957
official_test,XGBoost,967,Hingoli,2022-12-01,h3,-1.061776,-0.617966,0.44381,0.44381,0.196967
official_test,XGBoost,968,Hingoli,2023-01-01,h1,-1.079439,-1.112621,-0.033182,0.033182,0.001101
official_test,XGBoost,968,Hingoli,2023-01-01,h2,-1.061776,-0.988673,0.073104,0.073104,0.005344
official_test,XGBoost,968,Hingoli,2023-01-01,h3,-1.311137,-0.634402,0.676734,0.676734,0.457969
official_test,XGBoost,969,Hingoli,2023-02-01,h1,-1.061776,-1.116309,-0.054532,0.054532,0.002974
official_test,XGBoost,969,Hingoli,2023-02-01,h2,-1.311137,-0.903337,0.4078,0.4078,0.166301
official_test,XGBoost,969,Hingoli,2023-02-01,h3,-1.272599,-0.482281,0.790318,0.790318,0.624602
official_test,XGBoost,970,Hingoli,2023-03-01,h1,-1.311137,-0.849609,0.461527,0.461527,0.213007
official_test,XGBoost,970,Hingoli,2023-03-01,h2,-1.272599,-0.541556,0.731043,0.731043,0.534424
official_test,XGBoost,970,Hingoli,2023-03-01,h3,-0.172713,-0.331986,-0.159273,0.159273,0.025368
official_test,XGBoost,971,Hingoli,2023-04-01,h1,-1.272599,-0.982247,0.290352,0.290352,0.084304
official_test,XGBoost,971,Hingoli,2023-04-01,h2,-0.172713,-0.74555,-0.572837,0.572837,0.328142
official_test,XGBoost,971,Hingoli,2023-04-01,h3,-1.498485,-0.263069,1.235416,1.235416,1.526253
official_test,XGBoost,972,Hingoli,2023-05-01,h1,-0.172713,-0.833416,-0.660703,0.660703,0.436528
official_test,XGBoost,972,Hingoli,2023-05-01,h2,-1.498485,-0.738156,0.760329,0.760329,0.5781
official_test,XGBoost,972,Hingoli,2023-05-01,h3,-0.567348,-0.346253,0.221095,0.221095,0.048883
official_test,XGBoost,973,Hingoli,2023-06-01,h1,-1.498485,-0.149945,1.348541,1.348541,1.818562
official_test,XGBoost,973,Hingoli,2023-06-01,h2,-0.567348,-0.410267,0.157081,0.157081,0.024674
official_test,XGBoost,973,Hingoli,2023-06-01,h3,-0.82369,-0.154025,0.669665,0.669665,0.448451
official_test,XGBoost,974,Hingoli,2023-07-01,h1,-0.567348,-0.782493,-0.215145,0.215145,0.046287
official_test,XGBoost,974,Hingoli,2023-07-01,h2,-0.82369,-0.754943,0.068747,0.068747,0.004726
official_test,XGBoost,974,Hingoli,2023-07-01,h3,-0.356734,-0.39241,-0.035676,0.035676,0.001273
official_test,XGBoost,975,Hingoli,2023-08-01,h1,-0.82369,-0.71641,0.107281,0.107281,0.011509
official_test,XGBoost,975,Hingoli,2023-08-01,h2,-0.356734,-0.830137,-0.473403,0.473403,0.22411
official_test,XGBoost,975,Hingoli,2023-08-01,h3,-0.658419,-0.410407,0.248013,0.248013,0.06151
official_test,XGBoost,976,Hingoli,2023-09-01,h1,-0.356734,-0.53826,-0.181526,0.181526,0.032952
official_test,XGBoost,976,Hingoli,2023-09-01,h2,-0.658419,-0.469402,0.189017,0.189017,0.035728
official_test,XGBoost,976,Hingoli,2023-09-01,h3,-1.007658,-0.355578,0.65208,0.65208,0.425208
official_test,XGBoost,977,Hingoli,2023-10-01,h1,-0.658419,-0.521121,0.137298,0.137298,0.018851
official_test,XGBoost,977,Hingoli,2023-10-01,h2,-1.007658,-0.700997,0.30666,0.30666,0.094041
official_test,XGBoost,977,Hingoli,2023-10-01,h3,-1.46656,-0.462853,1.003707,1.003707,1.007428
official_test,XGBoost,978,Hingoli,2023-11-01,h1,-1.007658,-0.416006,0.591652,0.591652,0.350052
official_test,XGBoost,978,Hingoli,2023-11-01,h2,-1.46656,-0.395437,1.071124,1.071124,1.147306
official_test,XGBoost,978,Hingoli,2023-11-01,h3,-1.067525,-0.248086,0.819439,0.819439,0.671481
official_test,XGBoost,979,Hingoli,2023-12-01,h1,-1.46656,-0.844291,0.62227,0.62227,0.38722
official_test,XGBoost,979,Hingoli,2023-12-01,h2,-1.067525,-0.47677,0.590756,0.590756,0.348992
official_test,XGBoost,979,Hingoli,2023-12-01,h3,-0.761897,-0.078735,0.683162,0.683162,0.46671
official_test,XGBoost,980,Hingoli,2024-01-01,h1,-1.067525,-0.569757,0.497768,0.497768,0.247773
official_test,XGBoost,980,Hingoli,2024-01-01,h2,-0.761897,-0.412002,0.349894,0.349894,0.122426
official_test,XGBoost,980,Hingoli,2024-01-01,h3,-1.023078,-0.204803,0.818275,0.818275,0.669574
official_test,XGBoost,981,Hingoli,2024-02-01,h1,-0.761897,-0.594182,0.167714,0.167714,0.028128
official_test,XGBoost,981,Hingoli,2024-02-01,h2,-1.023078,-0.440177,0.582901,0.582901,0.339774
official_test,XGBoost,981,Hingoli,2024-02-01,h3,-1.24441,-0.23851,1.0059,1.0059,1.011835
official_test,XGBoost,982,Hingoli,2024-03-01,h1,-1.023078,-0.176795,0.846283,0.846283,0.716195
official_test,XGBoost,982,Hingoli,2024-03-01,h2,-1.24441,-0.578588,0.665822,0.665822,0.443319
official_test,XGBoost,982,Hingoli,2024-03-01,h3,-1.122982,-0.204803,0.918179,0.918179,0.843054
official_test,XGBoost,983,Hingoli,2024-04-01,h1,-1.24441,-0.49263,0.75178,0.75178,0.565173
official_test,XGBoost,983,Hingoli,2024-04-01,h2,-1.122982,-0.295183,0.827799,0.827799,0.685252
official_test,XGBoost,983,Hingoli,2024-04-01,h3,-1.306816,-0.184533,1.122282,1.122282,1.259518
official_test,XGBoost,984,Hingoli,2024-05-01,h1,-1.122982,-0.375685,0.747297,0.747297,0.558453
official_test,XGBoost,984,Hingoli,2024-05-01,h2,-1.306816,-0.149755,1.15706,1.15706,1.338788
official_test,XGBoost,984,Hingoli,2024-05-01,h3,-1.685414,-0.14113,1.544284,1.544284,2.384814
official_test,XGBoost,985,Hingoli,2024-06-01,h1,-1.306816,-0.513854,0.792961,0.792961,0.628787
official_test,XGBoost,985,Hingoli,2024-06-01,h2,-1.685414,-0.492655,1.192759,1.192759,1.422675
official_test,XGBoost,985,Hingoli,2024-06-01,h3,-1.091652,-0.274607,0.817046,0.817046,0.667564
official_test,XGBoost,986,Hingoli,2024-07-01,h1,-1.685414,-1.009452,0.675962,0.675962,0.456925
official_test,XGBoost,986,Hingoli,2024-07-01,h2,-1.091652,-1.047876,0.043777,0.043777,0.001916
official_test,XGBoost,986,Hingoli,2024-07-01,h3,-1.101871,-0.684461,0.417409,0.417409,0.174231
official_test,XGBoost,987,Hingoli,2024-08-01,h1,-1.091652,-1.414393,-0.32274,0.32274,0.104161
official_test,XGBoost,987,Hingoli,2024-08-01,h2,-1.101871,-1.318258,-0.216387,0.216387,0.046823
official_test,XGBoost,987,Hingoli,2024-08-01,h3,-1.146379,-0.690665,0.455713,0.455713,0.207675
official_test,XGBoost,988,Hingoli,2024-09-01,h1,-1.101871,-1.292709,-0.190838,0.190838,0.036419
official_test,XGBoost,988,Hingoli,2024-09-01,h2,-1.146379,-0.961004,0.185374,0.185374,0.034364
official_test,XGBoost,988,Hingoli,2024-09-01,h3,-1.219497,-0.654081,0.565416,0.565416,0.319695
official_test,XGBoost,1191,Jalna,2021-01-01,h1,-1.084933,-0.973357,0.111575,0.111575,0.012449
official_test,XGBoost,1191,Jalna,2021-01-01,h2,-0.77881,-1.1242,-0.34539,0.34539,0.119294
official_test,XGBoost,1191,Jalna,2021-01-01,h3,-0.892222,-0.67755,0.214672,0.214672,0.046084
official_test,XGBoost,1192,Jalna,2021-02-01,h1,-0.77881,-1.074988,-0.296178,0.296178,0.087722
official_test,XGBoost,1192,Jalna,2021-02-01,h2,-0.892222,-1.107165,-0.214943,0.214943,0.0462
official_test,XGBoost,1192,Jalna,2021-02-01,h3,-1.313019,-0.648026,0.664992,0.664992,0.442215
official_test,XGBoost,1193,Jalna,2021-03-01,h1,-0.892222,-0.589136,0.303086,0.303086,0.091861
official_test,XGBoost,1193,Jalna,2021-03-01,h2,-1.313019,-0.611713,0.701306,0.701306,0.491829
official_test,XGBoost,1193,Jalna,2021-03-01,h3,-1.321961,-0.348947,0.973014,0.973014,0.946757
official_test,XGBoost,1194,Jalna,2021-04-01,h1,-1.313019,-0.400226,0.912793,0.912793,0.833191
official_test,XGBoost,1194,Jalna,2021-04-01,h2,-1.321961,-0.397077,0.924884,0.924884,0.85541
official_test,XGBoost,1194,Jalna,2021-04-01,h3,-0.957447,-0.348271,0.609176,0.609176,0.371096
official_test,XGBoost,1195,Jalna,2021-05-01,h1,-1.321961,-0.735696,0.586265,0.586265,0.343706
official_test,XGBoost,1195,Jalna,2021-05-01,h2,-0.957447,-0.518857,0.43859,0.43859,0.192361
official_test,XGBoost,1195,Jalna,2021-05-01,h3,-0.583822,-0.304987,0.278835,0.278835,0.077749
official_test,XGBoost,1196,Jalna,2021-06-01,h1,-0.957447,-0.494512,0.462935,0.462935,0.214309
official_test,XGBoost,1196,Jalna,2021-06-01,h2,-0.583822,-0.128672,0.45515,0.45515,0.207162
official_test,XGBoost,1196,Jalna,2021-06-01,h3,-1.388171,-0.209443,1.178728,1.178728,1.3894
official_test,XGBoost,1197,Jalna,2021-07-01,h1,-0.583822,-0.277434,0.306388,0.306388,0.093874
official_test,XGBoost,1197,Jalna,2021-07-01,h2,-1.388171,-0.194482,1.193688,1.193688,1.424892
official_test,XGBoost,1197,Jalna,2021-07-01,h3,-1.893021,-0.175007,1.718014,1.718014,2.951573
official_test,XGBoost,1198,Jalna,2021-08-01,h1,-1.388171,-0.284782,1.103389,1.103389,1.217466
official_test,XGBoost,1198,Jalna,2021-08-01,h2,-1.893021,-0.025992,1.867029,1.867029,3.485797
official_test,XGBoost,1198,Jalna,2021-08-01,h3,-1.659952,-0.038827,1.621125,1.621125,2.628047
official_test,XGBoost,1199,Jalna,2021-09-01,h1,-1.893021,-0.84274,1.050281,1.050281,1.103089
official_test,XGBoost,1199,Jalna,2021-09-01,h2,-1.659952,-0.289331,1.370621,1.370621,1.878602
official_test,XGBoost,1199,Jalna,2021-09-01,h3,-1.415569,-0.149009,1.26656,1.26656,1.604175
official_test,XGBoost,1200,Jalna,2021-10-01,h1,-1.659952,-1.165184,0.494768,0.494768,0.244795
official_test,XGBoost,1200,Jalna,2021-10-01,h2,-1.415569,-0.787989,0.627581,0.627581,0.393857
official_test,XGBoost,1200,Jalna,2021-10-01,h3,-1.551115,-0.496484,1.054631,1.054631,1.112247
official_test,XGBoost,1201,Jalna,2021-11-01,h1,-1.415569,-0.963613,0.451956,0.451956,0.204265
official_test,XGBoost,1201,Jalna,2021-11-01,h2,-1.551115,-0.845547,0.705569,0.705569,0.497827
official_test,XGBoost,1201,Jalna,2021-11-01,h3,-1.687502,-0.647817,1.039685,1.039685,1.080945
official_test,XGBoost,1202,Jalna,2021-12-01,h1,-1.551115,-1.087645,0.46347,0.46347,0.214804
official_test,XGBoost,1202,Jalna,2021-12-01,h2,-1.687502,-0.987909,0.699593,0.699593,0.489431
official_test,XGBoost,1202,Jalna,2021-12-01,h3,-1.025407,-0.607032,0.418375,0.418375,0.175037
official_test,XGBoost,1203,Jalna,2022-01-01,h1,-1.687502,-1.205967,0.481535,0.481535,0.231876
official_test,XGBoost,1203,Jalna,2022-01-01,h2,-1.025407,-1.008463,0.016944,0.016944,0.000287
official_test,XGBoost,1203,Jalna,2022-01-01,h3,-0.852789,-0.607032,0.245756,0.245756,0.060396
official_test,XGBoost,1204,Jalna,2022-02-01,h1,-1.025407,-1.201169,-0.175762,0.175762,0.030892
official_test,XGBoost,1204,Jalna,2022-02-01,h2,-0.852789,-0.939936,-0.087147,0.087147,0.007595
official_test,XGBoost,1204,Jalna,2022-02-01,h3,-0.475177,-0.463227,0.01195,0.01195,0.000143
official_test,XGBoost,1205,Jalna,2022-03-01,h1,-0.852789,-0.474398,0.378391,0.378391,0.14318
official_test,XGBoost,1205,Jalna,2022-03-01,h2,-0.475177,-0.430103,0.045074,0.045074,0.002032
official_test,XGBoost,1205,Jalna,2022-03-01,h3,-0.555113,-0.23851,0.316603,0.316603,0.100237
official_test,XGBoost,1206,Jalna,2022-04-01,h1,-0.475177,-0.598541,-0.123364,0.123364,0.015219
official_test,XGBoost,1206,Jalna,2022-04-01,h2,-0.555113,-0.346771,0.208342,0.208342,0.043406
official_test,XGBoost,1206,Jalna,2022-04-01,h3,-1.813084,-0.315726,1.497358,1.497358,2.242081
official_test,XGBoost,1207,Jalna,2022-05-01,h1,-0.555113,-0.26684,0.288273,0.288273,0.083101
official_test,XGBoost,1207,Jalna,2022-05-01,h2,-1.813084,-0.334783,1.478301,1.478301,2.185375
official_test,XGBoost,1207,Jalna,2022-05-01,h3,-1.687787,-0.210605,1.477181,1.477181,2.182065
official_test,XGBoost,1208,Jalna,2022-06-01,h1,-1.813084,-0.2831,1.529984,1.529984,2.340852
official_test,XGBoost,1208,Jalna,2022-06-01,h2,-1.687787,-0.281988,1.405799,1.405799,1.976271
official_test,XGBoost,1208,Jalna,2022-06-01,h3,-1.693944,-0.131843,1.5621,1.5621,2.440157
official_test,XGBoost,1209,Jalna,2022-07-01,h1,-1.687787,-1.036234,0.651553,0.651553,0.424521
official_test,XGBoost,1209,Jalna,2022-07-01,h2,-1.693944,-0.704609,0.989335,0.989335,0.978784
official_test,XGBoost,1209,Jalna,2022-07-01,h3,-1.874008,-0.487359,1.386649,1.386649,1.922794
official_test,XGBoost,1210,Jalna,2022-08-01,h1,-1.693944,-1.143824,0.55012,0.55012,0.302632
official_test,XGBoost,1210,Jalna,2022-08-01,h2,-1.874008,-0.983873,0.890135,0.890135,0.79234
official_test,XGBoost,1210,Jalna,2022-08-01,h3,-1.489064,-0.53511,0.953955,0.953955,0.910029
official_test,XGBoost,1211,Jalna,2022-09-01,h1,-1.874008,-1.56206,0.311947,0.311947,0.097311
official_test,XGBoost,1211,Jalna,2022-09-01,h2,-1.489064,-1.164043,0.325021,0.325021,0.105639
official_test,XGBoost,1211,Jalna,2022-09-01,h3,-1.371654,-0.491826,0.879828,0.879828,0.774097
official_test,XGBoost,1212,Jalna,2022-10-01,h1,-1.489064,-1.316208,0.172856,0.172856,0.029879
official_test,XGBoost,1212,Jalna,2022-10-01,h2,-1.371654,-0.955049,0.416606,0.416606,0.17356
official_test,XGBoost,1212,Jalna,2022-10-01,h3,-1.557353,-0.500934,1.05642,1.05642,1.116023
official_test,XGBoost,1213,Jalna,2022-11-01,h1,-1.371654,-1.130229,0.241425,0.241425,0.058286
official_test,XGBoost,1213,Jalna,2022-11-01,h2,-1.557353,-0.92797,0.629384,0.629384,0.396124
official_test,XGBoost,1213,Jalna,2022-11-01,h3,-1.532346,-0.585422,0.946923,0.946923,0.896664
official_test,XGBoost,1214,Jalna,2022-12-01,h1,-1.557353,-0.860908,0.696446,0.696446,0.485037
official_test,XGBoost,1214,Jalna,2022-12-01,h2,-1.532346,-1.053537,0.478808,0.478808,0.229257
official_test,XGBoost,1214,Jalna,2022-12-01,h3,-1.57631,-0.642643,0.933667,0.933667,0.871734
official_test,XGBoost,1215,Jalna,2023-01-01,h1,-1.532346,-1.016222,0.516124,0.516124,0.266384
official_test,XGBoost,1215,Jalna,2023-01-01,h2,-1.57631,-1.057245,0.519065,0.519065,0.269428
official_test,XGBoost,1215,Jalna,2023-01-01,h3,-1.695428,-0.675949,1.019479,1.019479,1.039337
official_test,XGBoost,1216,Jalna,2023-02-01,h1,-1.57631,-1.150173,0.426137,0.426137,0.181593
official_test,XGBoost,1216,Jalna,2023-02-01,h2,-1.695428,-0.932125,0.763303,0.763303,0.582632
official_test,XGBoost,1216,Jalna,2023-02-01,h3,-1.086681,-0.49302,0.59366,0.59366,0.352433
official_test,XGBoost,1217,Jalna,2023-03-01,h1,-1.695428,-1.056913,0.638514,0.638514,0.407701
official_test,XGBoost,1217,Jalna,2023-03-01,h2,-1.086681,-0.488017,0.598663,0.598663,0.358398
official_test,XGBoost,1217,Jalna,2023-03-01,h3,-0.162401,-0.264458,-0.102058,0.102058,0.010416
official_test,XGBoost,1218,Jalna,2023-04-01,h1,-1.086681,-0.769854,0.316827,0.316827,0.100379
official_test,XGBoost,1218,Jalna,2023-04-01,h2,-0.162401,-0.433016,-0.270616,0.270616,0.073233
official_test,XGBoost,1218,Jalna,2023-04-01,h3,-0.50462,-0.273808,0.230812,0.230812,0.053274
official_test,XGBoost,1219,Jalna,2023-05-01,h1,-0.162401,-0.563635,-0.401234,0.401234,0.160989
official_test,XGBoost,1219,Jalna,2023-05-01,h2,-0.50462,-0.089871,0.414749,0.414749,0.172017
official_test,XGBoost,1219,Jalna,2023-05-01,h3,-0.466112,-0.123096,0.343016,0.343016,0.11766
official_test,XGBoost,1220,Jalna,2023-06-01,h1,-0.50462,-0.245096,0.259524,0.259524,0.067353
official_test,XGBoost,1220,Jalna,2023-06-01,h2,-0.466112,-0.005311,0.460801,0.460801,0.212337
official_test,XGBoost,1220,Jalna,2023-06-01,h3,-0.227014,-0.131843,0.095171,0.095171,0.009057
official_test,XGBoost,1221,Jalna,2023-07-01,h1,-0.466112,-0.688403,-0.222291,0.222291,0.049413
official_test,XGBoost,1221,Jalna,2023-07-01,h2,-0.227014,-0.326899,-0.099885,0.099885,0.009977
official_test,XGBoost,1221,Jalna,2023-07-01,h3,0.167087,-0.147634,-0.314721,0.314721,0.099049
official_test,XGBoost,1222,Jalna,2023-08-01,h1,-0.227014,-0.425455,-0.198441,0.198441,0.039379
official_test,XGBoost,1222,Jalna,2023-08-01,h2,0.167087,-0.221925,-0.389012,0.389012,0.15133
official_test,XGBoost,1222,Jalna,2023-08-01,h3,-0.01928,-0.038004,-0.018724,0.018724,0.000351
official_test,XGBoost,1223,Jalna,2023-09-01,h1,0.167087,0.093094,-0.073992,0.073992,0.005475
official_test,XGBoost,1223,Jalna,2023-09-01,h2,-0.01928,-0.010997,0.008282,0.008282,6.9e-05
official_test,XGBoost,1223,Jalna,2023-09-01,h3,-0.555578,-0.070584,0.484994,0.484994,0.235219
official_test,XGBoost,1224,Jalna,2023-10-01,h1,-0.01928,-0.02474,-0.00546,0.00546,3e-05
official_test,XGBoost,1224,Jalna,2023-10-01,h2,-0.555578,0.089915,0.645493,0.645493,0.416661
official_test,XGBoost,1224,Jalna,2023-10-01,h3,-1.443007,-0.159193,1.283814,1.283814,1.648178
official_test,XGBoost,1225,Jalna,2023-11-01,h1,-0.555578,-0.029084,0.526494,0.526494,0.277195
official_test,XGBoost,1225,Jalna,2023-11-01,h2,-1.443007,-0.036418,1.406589,1.406589,1.978494
official_test,XGBoost,1225,Jalna,2023-11-01,h3,-1.111587,-0.169712,0.941875,0.941875,0.887128
official_test,XGBoost,1226,Jalna,2023-12-01,h1,-1.443007,-0.629081,0.813926,0.813926,0.662475
official_test,XGBoost,1226,Jalna,2023-12-01,h2,-1.111587,-0.165726,0.94586,0.94586,0.894652
official_test,XGBoost,1226,Jalna,2023-12-01,h3,-0.727681,0.19082,0.918501,0.918501,0.843644
official_test,XGBoost,1227,Jalna,2024-01-01,h1,-1.111587,-0.575105,0.536481,0.536481,0.287812
official_test,XGBoost,1227,Jalna,2024-01-01,h2,-0.727681,-0.39087,0.336811,0.336811,0.113442
official_test,XGBoost,1227,Jalna,2024-01-01,h3,-0.756189,-0.169712,0.586477,0.586477,0.343955
official_test,XGBoost,1228,Jalna,2024-02-01,h1,-0.727681,-0.502329,0.225352,0.225352,0.050783
official_test,XGBoost,1228,Jalna,2024-02-01,h2,-0.756189,-0.176593,0.579596,0.579596,0.335932
official_test,XGBoost,1228,Jalna,2024-02-01,h3,-0.53955,-0.177347,0.362203,0.362203,0.131191
official_test,XGBoost,1229,Jalna,2024-03-01,h1,-0.756189,-0.017969,0.738221,0.738221,0.54497
official_test,XGBoost,1229,Jalna,2024-03-01,h2,-0.53955,-0.207841,0.331709,0.331709,0.110031
official_test,XGBoost,1229,Jalna,2024-03-01,h3,-0.622275,-0.027301,0.594974,0.594974,0.353994
official_test,XGBoost,1230,Jalna,2024-04-01,h1,-0.53955,-0.157282,0.382268,0.382268,0.146129
official_test,XGBoost,1230,Jalna,2024-04-01,h2,-0.622275,-0.151615,0.470659,0.470659,0.22152
official_test,XGBoost,1230,Jalna,2024-04-01,h3,-0.293043,-0.027301,0.265743,0.265743,0.070619
official_test,XGBoost,1231,Jalna,2024-05-01,h1,-0.622275,0.214354,0.836629,0.836629,0.699948
official_test,XGBoost,1231,Jalna,2024-05-01,h2,-0.293043,0.130073,0.423116,0.423116,0.179027
official_test,XGBoost,1231,Jalna,2024-05-01,h3,-1.813465,0.102617,1.916082,1.916082,3.671371
official_test,XGBoost,1232,Jalna,2024-06-01,h1,-0.293043,-0.139346,0.153698,0.153698,0.023623
official_test,XGBoost,1232,Jalna,2024-06-01,h2,-1.813465,0.242584,2.056049,2.056049,4.227337
official_test,XGBoost,1232,Jalna,2024-06-01,h3,-1.240877,-0.183566,1.057311,1.057311,1.117906
official_test,XGBoost,1233,Jalna,2024-07-01,h1,-1.813465,-0.223644,1.589821,1.589821,2.527532
official_test,XGBoost,1233,Jalna,2024-07-01,h2,-1.240877,-0.442746,0.79813,0.79813,0.637012
official_test,XGBoost,1233,Jalna,2024-07-01,h3,-1.216326,-0.461834,0.754491,0.754491,0.569257
official_test,XGBoost,1234,Jalna,2024-08-01,h1,-1.240877,-0.864312,0.376565,0.376565,0.141801
official_test,XGBoost,1234,Jalna,2024-08-01,h2,-1.216326,-0.918526,0.2978,0.2978,0.088685
official_test,XGBoost,1234,Jalna,2024-08-01,h3,-1.331815,-0.70728,0.624534,0.624534,0.390043
official_test,XGBoost,1235,Jalna,2024-09-01,h1,-1.216326,-1.08428,0.132045,0.132045,0.017436
official_test,XGBoost,1235,Jalna,2024-09-01,h2,-1.331815,-1.164319,0.167495,0.167495,0.028055
official_test,XGBoost,1235,Jalna,2024-09-01,h3,-1.465196,-0.805826,0.65937,0.65937,0.434769
official_test,XGBoost,1438,Latur,2021-01-01,h1,-0.473082,-0.868717,-0.395635,0.395635,0.156527
official_test,XGBoost,1438,Latur,2021-01-01,h2,-0.388585,-1.006083,-0.617499,0.617499,0.381304
official_test,XGBoost,1438,Latur,2021-01-01,h3,-0.725314,-0.762575,-0.037261,0.037261,0.001388
official_test,XGBoost,1439,Latur,2021-02-01,h1,-0.388585,-0.878463,-0.489878,0.489878,0.239981
official_test,XGBoost,1439,Latur,2021-02-01,h2,-0.725314,-0.966364,-0.24105,0.24105,0.058105
official_test,XGBoost,1439,Latur,2021-02-01,h3,-0.829665,-0.676788,0.152878,0.152878,0.023372
official_test,XGBoost,1440,Latur,2021-03-01,h1,-0.725314,-0.762496,-0.037182,0.037182,0.001383
official_test,XGBoost,1440,Latur,2021-03-01,h2,-0.829665,-0.835731,-0.006066,0.006066,3.7e-05
official_test,XGBoost,1440,Latur,2021-03-01,h3,-1.327054,-0.57244,0.754614,0.754614,0.569442
official_test,XGBoost,1441,Latur,2021-04-01,h1,-0.829665,-0.58773,0.241935,0.241935,0.058533
official_test,XGBoost,1441,Latur,2021-04-01,h2,-1.327054,-0.548643,0.778411,0.778411,0.605924
official_test,XGBoost,1441,Latur,2021-04-01,h3,-0.942042,-0.537457,0.404585,0.404585,0.163689
official_test,XGBoost,1442,Latur,2021-05-01,h1,-1.327054,-0.613647,0.713407,0.713407,0.50895
official_test,XGBoost,1442,Latur,2021-05-01,h2,-0.942042,-0.350899,0.591143,0.591143,0.34945
official_test,XGBoost,1442,Latur,2021-05-01,h3,-1.242447,-0.257808,0.984639,0.984639,0.969514
official_test,XGBoost,1443,Latur,2021-06-01,h1,-0.942042,-0.179499,0.762543,0.762543,0.581472
official_test,XGBoost,1443,Latur,2021-06-01,h2,-1.242447,-0.199825,1.042622,1.042622,1.087061
official_test,XGBoost,1443,Latur,2021-06-01,h3,-1.074094,-0.049655,1.02444,1.02444,1.049476
official_test,XGBoost,1444,Latur,2021-07-01,h1,-1.242447,-0.603903,0.638543,0.638543,0.407738
official_test,XGBoost,1444,Latur,2021-07-01,h2,-1.074094,-0.310407,0.763687,0.763687,0.583218
official_test,XGBoost,1444,Latur,2021-07-01,h3,-1.267526,-0.094761,1.172765,1.172765,1.375378
official_test,XGBoost,1445,Latur,2021-08-01,h1,-1.074094,-1.097126,-0.023032,0.023032,0.00053
official_test,XGBoost,1445,Latur,2021-08-01,h2,-1.267526,-0.987204,0.280322,0.280322,0.07858
official_test,XGBoost,1445,Latur,2021-08-01,h3,-1.35856,-0.725026,0.633534,0.633534,0.401366
official_test,XGBoost,1446,Latur,2021-09-01,h1,-1.267526,-1.052761,0.214765,0.214765,0.046124
official_test,XGBoost,1446,Latur,2021-09-01,h2,-1.35856,-0.916984,0.441577,0.441577,0.19499
official_test,XGBoost,1446,Latur,2021-09-01,h3,-1.277225,-0.53552,0.741706,0.741706,0.550127
official_test,XGBoost,1447,Latur,2021-10-01,h1,-1.35856,-1.14952,0.20904,0.20904,0.043698
official_test,XGBoost,1447,Latur,2021-10-01,h2,-1.277225,-0.827378,0.449847,0.449847,0.202362
official_test,XGBoost,1447,Latur,2021-10-01,h3,-1.508318,-0.617966,0.890352,0.890352,0.792726
official_test,XGBoost,1448,Latur,2021-11-01,h1,-1.277225,-1.03128,0.245946,0.245946,0.060489
official_test,XGBoost,1448,Latur,2021-11-01,h2,-1.508318,-0.894783,0.613535,0.613535,0.376425
official_test,XGBoost,1448,Latur,2021-11-01,h3,-1.086189,-0.680361,0.405828,0.405828,0.164696
official_test,XGBoost,1449,Latur,2021-12-01,h1,-1.508318,-1.18788,0.320439,0.320439,0.102681
official_test,XGBoost,1449,Latur,2021-12-01,h2,-1.086189,-1.137471,-0.051282,0.051282,0.00263
official_test,XGBoost,1449,Latur,2021-12-01,h3,-0.807308,-0.716945,0.090363,0.090363,0.008165
official_test,XGBoost,1450,Latur,2022-01-01,h1,-1.086189,-1.320362,-0.234172,0.234172,0.054837
official_test,XGBoost,1450,Latur,2022-01-01,h2,-0.807308,-1.051302,-0.243994,0.243994,0.059533
official_test,XGBoost,1450,Latur,2022-01-01,h3,-1.051906,-0.716945,0.334961,0.334961,0.112199
official_test,XGBoost,1451,Latur,2022-02-01,h1,-0.807308,-1.097322,-0.290014,0.290014,0.084108
official_test,XGBoost,1451,Latur,2022-02-01,h2,-1.051906,-0.934999,0.116908,0.116908,0.013667
official_test,XGBoost,1451,Latur,2022-02-01,h3,-1.102535,-0.67755,0.424986,0.424986,0.180613
official_test,XGBoost,1452,Latur,2022-03-01,h1,-1.051906,-1.053026,-0.00112,0.00112,1e-06
official_test,XGBoost,1452,Latur,2022-03-01,h2,-1.102535,-0.961531,0.141004,0.141004,0.019882
official_test,XGBoost,1452,Latur,2022-03-01,h3,-1.009426,-0.573935,0.43549,0.43549,0.189652
official_test,XGBoost,1453,Latur,2022-04-01,h1,-1.102535,-0.672479,0.430056,0.430056,0.184948
official_test,XGBoost,1453,Latur,2022-04-01,h2,-1.009426,-0.559698,0.449727,0.449727,0.202255
official_test,XGBoost,1453,Latur,2022-04-01,h3,-1.794731,-0.312468,1.482263,1.482263,2.197104
official_test,XGBoost,1454,Latur,2022-05-01,h1,-1.009426,-0.45984,0.549586,0.549586,0.302045
official_test,XGBoost,1454,Latur,2022-05-01,h2,-1.794731,-0.135036,1.659695,1.659695,2.754588
official_test,XGBoost,1454,Latur,2022-05-01,h3,-1.899216,-0.067031,1.832185,1.832185,3.356901
official_test,XGBoost,1455,Latur,2022-06-01,h1,-1.794731,-0.457291,1.33744,1.33744,1.788746
official_test,XGBoost,1455,Latur,2022-06-01,h2,-1.899216,-0.261281,1.637934,1.637934,2.682829
official_test,XGBoost,1455,Latur,2022-06-01,h3,-1.5984,-0.246702,1.351698,1.351698,1.827088
official_test,XGBoost,1456,Latur,2022-07-01,h1,-1.899216,-1.348784,0.550431,0.550431,0.302974
official_test,XGBoost,1456,Latur,2022-07-01,h2,-1.5984,-1.26286,0.33554,0.33554,0.112587
official_test,XGBoost,1456,Latur,2022-07-01,h3,-1.468791,-0.647877,0.820914,0.820914,0.673899
official_test,XGBoost,1457,Latur,2022-08-01,h1,-1.5984,-1.356164,0.242236,0.242236,0.058679
official_test,XGBoost,1457,Latur,2022-08-01,h2,-1.468791,-1.048928,0.419863,0.419863,0.176285
official_test,XGBoost,1457,Latur,2022-08-01,h3,-1.200625,-0.614351,0.586275,0.586275,0.343718
official_test,XGBoost,1458,Latur,2022-09-01,h1,-1.468791,-1.148741,0.32005,0.32005,0.102432
official_test,XGBoost,1458,Latur,2022-09-01,h2,-1.200625,-0.830278,0.370348,0.370348,0.137157
official_test,XGBoost,1458,Latur,2022-09-01,h3,-1.236884,-0.621537,0.615347,0.615347,0.378652
official_test,XGBoost,1459,Latur,2022-10-01,h1,-1.200625,-0.994611,0.206014,0.206014,0.042442
official_test,XGBoost,1459,Latur,2022-10-01,h2,-1.236884,-0.789411,0.447473,0.447473,0.200232
official_test,XGBoost,1459,Latur,2022-10-01,h3,-1.348149,-0.506591,0.841558,0.841558,0.70822
official_test,XGBoost,1460,Latur,2022-11-01,h1,-1.236884,-0.911251,0.325633,0.325633,0.106037
official_test,XGBoost,1460,Latur,2022-11-01,h2,-1.348149,-0.720758,0.627391,0.627391,0.39362
official_test,XGBoost,1460,Latur,2022-11-01,h3,-1.074304,-0.568788,0.505516,0.505516,0.255547
official_test,XGBoost,1461,Latur,2022-12-01,h1,-1.348149,-1.031395,0.316754,0.316754,0.100333
official_test,XGBoost,1461,Latur,2022-12-01,h2,-1.074304,-1.011438,0.062865,0.062865,0.003952
official_test,XGBoost,1461,Latur,2022-12-01,h3,-1.272316,-0.659513,0.612803,0.612803,0.375528
official_test,XGBoost,1462,Latur,2023-01-01,h1,-1.074304,-1.14777,-0.073466,0.073466,0.005397
official_test,XGBoost,1462,Latur,2023-01-01,h2,-1.272316,-1.011494,0.260822,0.260822,0.068028
official_test,XGBoost,1462,Latur,2023-01-01,h3,-1.215608,-0.509392,0.706215,0.706215,0.49874
official_test,XGBoost,1463,Latur,2023-02-01,h1,-1.272316,-1.333683,-0.061366,0.061366,0.003766
official_test,XGBoost,1463,Latur,2023-02-01,h2,-1.215608,-0.819806,0.395802,0.395802,0.156659
official_test,XGBoost,1463,Latur,2023-02-01,h3,-0.807146,-0.516058,0.291088,0.291088,0.084732
official_test,XGBoost,1464,Latur,2023-03-01,h1,-1.215608,-1.1541,0.061507,0.061507,0.003783
official_test,XGBoost,1464,Latur,2023-03-01,h2,-0.807146,-1.054142,-0.246996,0.246996,0.061007
official_test,XGBoost,1464,Latur,2023-03-01,h3,-0.304694,-0.587887,-0.283193,0.283193,0.080198
official_test,XGBoost,1465,Latur,2023-04-01,h1,-0.807146,-0.990364,-0.183218,0.183218,0.033569
official_test,XGBoost,1465,Latur,2023-04-01,h2,-0.304694,-0.405584,-0.10089,0.10089,0.010179
official_test,XGBoost,1465,Latur,2023-04-01,h3,-0.923662,-0.231523,0.692139,0.692139,0.479057
official_test,XGBoost,1466,Latur,2023-05-01,h1,-0.304694,-0.611135,-0.306441,0.306441,0.093906
official_test,XGBoost,1466,Latur,2023-05-01,h2,-0.923662,-0.337496,0.586166,0.586166,0.343591
official_test,XGBoost,1466,Latur,2023-05-01,h3,-0.656814,-0.162606,0.494208,0.494208,0.244242
official_test,XGBoost,1467,Latur,2023-06-01,h1,-0.923662,-0.134506,0.789157,0.789157,0.622768
official_test,XGBoost,1467,Latur,2023-06-01,h2,-0.656814,-0.234694,0.42212,0.42212,0.178186
official_test,XGBoost,1467,Latur,2023-06-01,h3,-0.221499,0.069521,0.29102,0.29102,0.084693
official_test,XGBoost,1468,Latur,2023-07-01,h1,-0.656814,-0.417676,0.239139,0.239139,0.057187
official_test,XGBoost,1468,Latur,2023-07-01,h2,-0.221499,-0.173108,0.048392,0.048392,0.002342
official_test,XGBoost,1468,Latur,2023-07-01,h3,0.399457,0.020769,-0.378688,0.378688,0.143404
official_test,XGBoost,1469,Latur,2023-08-01,h1,-0.221499,-0.621858,-0.400358,0.400358,0.160287
official_test,XGBoost,1469,Latur,2023-08-01,h2,0.399457,-0.383493,-0.78295,0.78295,0.61301
official_test,XGBoost,1469,Latur,2023-08-01,h3,-0.132963,-0.15962,-0.026657,0.026657,0.000711
official_test,XGBoost,1470,Latur,2023-09-01,h1,0.399457,-0.390604,-0.790061,0.790061,0.624196
official_test,XGBoost,1470,Latur,2023-09-01,h2,-0.132963,0.117471,0.250434,0.250434,0.062717
official_test,XGBoost,1470,Latur,2023-09-01,h3,-0.218241,0.069779,0.288019,0.288019,0.082955
official_test,XGBoost,1471,Latur,2023-10-01,h1,-0.132963,0.093828,0.226791,0.226791,0.051434
official_test,XGBoost,1471,Latur,2023-10-01,h2,-0.218241,0.061144,0.279385,0.279385,0.078056
official_test,XGBoost,1471,Latur,2023-10-01,h3,-0.624966,0.020769,0.645735,0.645735,0.416973
official_test,XGBoost,1472,Latur,2023-11-01,h1,-0.218241,-0.127116,0.091124,0.091124,0.008304
official_test,XGBoost,1472,Latur,2023-11-01,h2,-0.624966,0.167449,0.792415,0.792415,0.627921
official_test,XGBoost,1472,Latur,2023-11-01,h3,-0.699745,-0.00981,0.689936,0.689936,0.476011
official_test,XGBoost,1473,Latur,2023-12-01,h1,-0.624966,-0.437591,0.187375,0.187375,0.035109
official_test,XGBoost,1473,Latur,2023-12-01,h2,-0.699745,-0.009152,0.690593,0.690593,0.476919
official_test,XGBoost,1473,Latur,2023-12-01,h3,-0.388636,0.019489,0.408125,0.408125,0.166566
official_test,XGBoost,1474,Latur,2024-01-01,h1,-0.699745,-0.277998,0.421748,0.421748,0.177871
official_test,XGBoost,1474,Latur,2024-01-01,h2,-0.388636,-0.005811,0.382825,0.382825,0.146555
official_test,XGBoost,1474,Latur,2024-01-01,h3,-0.836742,0.142383,0.979125,0.979125,0.958686
official_test,XGBoost,1475,Latur,2024-02-01,h1,-0.388636,-0.281458,0.107178,0.107178,0.011487
official_test,XGBoost,1475,Latur,2024-02-01,h2,-0.836742,0.061781,0.898523,0.898523,0.807343
official_test,XGBoost,1475,Latur,2024-02-01,h3,-0.55064,-0.219862,0.330778,0.330778,0.109414
official_test,XGBoost,1476,Latur,2024-03-01,h1,-0.836742,-0.3396,0.497142,0.497142,0.24715
official_test,XGBoost,1476,Latur,2024-03-01,h2,-0.55064,-0.316676,0.233964,0.233964,0.054739
official_test,XGBoost,1476,Latur,2024-03-01,h3,-1.097466,-0.203646,0.89382,0.89382,0.798914
official_test,XGBoost,1477,Latur,2024-04-01,h1,-0.55064,-0.257905,0.292735,0.292735,0.085694
official_test,XGBoost,1477,Latur,2024-04-01,h2,-1.097466,-0.283686,0.813779,0.813779,0.662237
official_test,XGBoost,1477,Latur,2024-04-01,h3,-1.947929,-0.21128,1.736649,1.736649,3.01595
official_test,XGBoost,1478,Latur,2024-05-01,h1,-1.097466,0.12875,1.226216,1.226216,1.503605
official_test,XGBoost,1478,Latur,2024-05-01,h2,-1.947929,0.114956,2.062885,2.062885,4.255495
official_test,XGBoost,1478,Latur,2024-05-01,h3,-1.412266,-0.027301,1.384965,1.384965,1.918129
official_test,XGBoost,1479,Latur,2024-06-01,h1,-1.947929,-0.510433,1.437496,1.437496,2.066396
official_test,XGBoost,1479,Latur,2024-06-01,h2,-1.412266,-0.495807,0.916459,0.916459,0.839896
official_test,XGBoost,1479,Latur,2024-06-01,h3,-1.008846,-0.545758,0.463088,0.463088,0.214451
official_test,XGBoost,1480,Latur,2024-07-01,h1,-1.412266,-0.368155,1.044111,1.044111,1.090167
official_test,XGBoost,1480,Latur,2024-07-01,h2,-1.008846,-0.28231,0.726536,0.726536,0.527855
official_test,XGBoost,1480,Latur,2024-07-01,h3,-1.090186,-0.660413,0.429773,0.429773,0.184705
official_test,XGBoost,1481,Latur,2024-08-01,h1,-1.008846,-0.668788,0.340058,0.340058,0.11564
official_test,XGBoost,1481,Latur,2024-08-01,h2,-1.090186,-0.900302,0.189884,0.189884,0.036056
official_test,XGBoost,1481,Latur,2024-08-01,h3,-1.100223,-0.586322,0.513901,0.513901,0.264094
official_test,XGBoost,1482,Latur,2024-09-01,h1,-1.090186,-1.242559,-0.152372,0.152372,0.023217
official_test,XGBoost,1482,Latur,2024-09-01,h2,-1.100223,-1.010828,0.089395,0.089395,0.007991
official_test,XGBoost,1482,Latur,2024-09-01,h3,-1.078854,-0.648754,0.430101,0.430101,0.184987
official_test,XGBoost,1685,Nanded,2021-01-01,h1,-0.243768,-0.86195,-0.618182,0.618182,0.382149
official_test,XGBoost,1685,Nanded,2021-01-01,h2,-0.30948,-0.939763,-0.630282,0.630282,0.397256
official_test,XGBoost,1685,Nanded,2021-01-01,h3,-0.532606,-0.716945,-0.184339,0.184339,0.033981
official_test,XGBoost,1686,Nanded,2021-02-01,h1,-0.30948,-0.778522,-0.469041,0.469041,0.22
official_test,XGBoost,1686,Nanded,2021-02-01,h2,-0.532606,-0.81168,-0.279074,0.279074,0.077882
official_test,XGBoost,1686,Nanded,2021-02-01,h3,-0.669454,-0.60207,0.067384,0.067384,0.004541
official_test,XGBoost,1687,Nanded,2021-03-01,h1,-0.532606,-0.688698,-0.156092,0.156092,0.024365
official_test,XGBoost,1687,Nanded,2021-03-01,h2,-0.669454,-0.746024,-0.076571,0.076571,0.005863
official_test,XGBoost,1687,Nanded,2021-03-01,h3,-1.442475,-0.491528,0.950946,0.950946,0.904299
official_test,XGBoost,1688,Nanded,2021-04-01,h1,-0.669454,-0.508504,0.160949,0.160949,0.025905
official_test,XGBoost,1688,Nanded,2021-04-01,h2,-1.442475,-0.497096,0.945379,0.945379,0.893742
official_test,XGBoost,1688,Nanded,2021-04-01,h3,-0.676418,-0.271054,0.405364,0.405364,0.16432
official_test,XGBoost,1689,Nanded,2021-05-01,h1,-1.442475,-0.385434,1.057041,1.057041,1.117335
official_test,XGBoost,1689,Nanded,2021-05-01,h2,-0.676418,-0.12355,0.552868,0.552868,0.305663
official_test,XGBoost,1689,Nanded,2021-05-01,h3,-1.055703,-0.24315,0.812554,0.812554,0.660244
official_test,XGBoost,1690,Nanded,2021-06-01,h1,-0.676418,-0.332098,0.34432,0.34432,0.118556
official_test,XGBoost,1690,Nanded,2021-06-01,h2,-1.055703,-0.040283,1.01542,1.01542,1.031078
official_test,XGBoost,1690,Nanded,2021-06-01,h3,-0.818098,-0.067031,0.751067,0.751067,0.564102
official_test,XGBoost,1691,Nanded,2021-07-01,h1,-1.055703,-0.475521,0.580183,0.580183,0.336612
official_test,XGBoost,1691,Nanded,2021-07-01,h2,-0.818098,-0.365341,0.452757,0.452757,0.204989
official_test,XGBoost,1691,Nanded,2021-07-01,h3,-1.255908,-0.220981,1.034927,1.034927,1.071075
official_test,XGBoost,1692,Nanded,2021-08-01,h1,-0.818098,-0.568056,0.250042,0.250042,0.062521
official_test,XGBoost,1692,Nanded,2021-08-01,h2,-1.255908,-0.242213,1.013696,1.013696,1.027579
official_test,XGBoost,1692,Nanded,2021-08-01,h3,-1.224085,-0.091993,1.132091,1.132091,1.281631
official_test,XGBoost,1693,Nanded,2021-09-01,h1,-1.255908,-0.755153,0.500756,0.500756,0.250756
official_test,XGBoost,1693,Nanded,2021-09-01,h2,-1.224085,-0.521333,0.702752,0.702752,0.49386
official_test,XGBoost,1693,Nanded,2021-09-01,h3,-1.010821,-0.384022,0.626799,0.626799,0.392877
official_test,XGBoost,1694,Nanded,2021-10-01,h1,-1.224085,-1.020063,0.204021,0.204021,0.041625
official_test,XGBoost,1694,Nanded,2021-10-01,h2,-1.010821,-0.733313,0.277508,0.277508,0.077011
official_test,XGBoost,1694,Nanded,2021-10-01,h3,-0.999292,-0.580973,0.418319,0.418319,0.174991
official_test,XGBoost,1695,Nanded,2021-11-01,h1,-1.010821,-0.969702,0.041119,0.041119,0.001691
official_test,XGBoost,1695,Nanded,2021-11-01,h2,-0.999292,-0.855872,0.14342,0.14342,0.020569
official_test,XGBoost,1695,Nanded,2021-11-01,h3,-0.736928,-0.621537,0.115391,0.115391,0.013315
official_test,XGBoost,1696,Nanded,2021-12-01,h1,-0.999292,-0.992232,0.007059,0.007059,5e-05
official_test,XGBoost,1696,Nanded,2021-12-01,h2,-0.736928,-0.928685,-0.191756,0.191756,0.03677
official_test,XGBoost,1696,Nanded,2021-12-01,h3,-0.316169,-0.716945,-0.400777,0.400777,0.160622
official_test,XGBoost,1697,Nanded,2022-01-01,h1,-0.736928,-1.174265,-0.437337,0.437337,0.191264
official_test,XGBoost,1697,Nanded,2022-01-01,h2,-0.316169,-1.026298,-0.71013,0.71013,0.504284
official_test,XGBoost,1697,Nanded,2022-01-01,h3,-0.294063,-0.716945,-0.422883,0.422883,0.17883
official_test,XGBoost,1698,Nanded,2022-02-01,h1,-0.316169,-0.993458,-0.677289,0.677289,0.45872
official_test,XGBoost,1698,Nanded,2022-02-01,h2,-0.294063,-1.026239,-0.732176,0.732176,0.536082
official_test,XGBoost,1698,Nanded,2022-02-01,h3,-0.547762,-0.607032,-0.05927,0.05927,0.003513
official_test,XGBoost,1699,Nanded,2022-03-01,h1,-0.294063,-0.478633,-0.18457,0.18457,0.034066
official_test,XGBoost,1699,Nanded,2022-03-01,h2,-0.547762,-0.556053,-0.00829,0.00829,6.9e-05
official_test,XGBoost,1699,Nanded,2022-03-01,h3,-0.546943,-0.305023,0.24192,0.24192,0.058525
official_test,XGBoost,1700,Nanded,2022-04-01,h1,-0.547762,-0.345367,0.202396,0.202396,0.040964
official_test,XGBoost,1700,Nanded,2022-04-01,h2,-0.546943,-0.409101,0.137841,0.137841,0.019
official_test,XGBoost,1700,Nanded,2022-04-01,h3,-1.984708,-0.304987,1.67972,1.67972,2.82146
official_test,XGBoost,1701,Nanded,2022-05-01,h1,-0.546943,-0.352752,0.19419,0.19419,0.03771
official_test,XGBoost,1701,Nanded,2022-05-01,h2,-1.984708,-0.318354,1.666354,1.666354,2.776734
official_test,XGBoost,1701,Nanded,2022-05-01,h3,-1.658001,-0.24315,1.414852,1.414852,2.001806
official_test,XGBoost,1702,Nanded,2022-06-01,h1,-1.984708,-0.281162,1.703545,1.703545,2.902066
official_test,XGBoost,1702,Nanded,2022-06-01,h2,-1.658001,-0.279818,1.378183,1.378183,1.89939
official_test,XGBoost,1702,Nanded,2022-06-01,h3,-1.797948,-0.237347,1.560601,1.560601,2.435476
official_test,XGBoost,1703,Nanded,2022-07-01,h1,-1.658001,-1.043002,0.614999,0.614999,0.378224
official_test,XGBoost,1703,Nanded,2022-07-01,h2,-1.797948,-0.784938,1.01301,1.01301,1.026189
official_test,XGBoost,1703,Nanded,2022-07-01,h3,-1.814412,-0.525763,1.288649,1.288649,1.660617
official_test,XGBoost,1704,Nanded,2022-08-01,h1,-1.797948,-1.078944,0.719004,0.719004,0.516967
official_test,XGBoost,1704,Nanded,2022-08-01,h2,-1.814412,-0.949844,0.864568,0.864568,0.747478
official_test,XGBoost,1704,Nanded,2022-08-01,h3,-1.442533,-0.621537,0.820996,0.820996,0.674034
official_test,XGBoost,1705,Nanded,2022-09-01,h1,-1.814412,-1.168815,0.645598,0.645598,0.416796
official_test,XGBoost,1705,Nanded,2022-09-01,h2,-1.442533,-0.742929,0.699603,0.699603,0.489445
official_test,XGBoost,1705,Nanded,2022-09-01,h3,-1.296071,-0.542706,0.753365,0.753365,0.567559
official_test,XGBoost,1706,Nanded,2022-10-01,h1,-1.442533,-1.104414,0.338118,0.338118,0.114324
official_test,XGBoost,1706,Nanded,2022-10-01,h2,-1.296071,-0.548293,0.747778,0.747778,0.559172
official_test,XGBoost,1706,Nanded,2022-10-01,h3,-1.007008,-0.130852,0.876156,0.876156,0.76765
official_test,XGBoost,1707,Nanded,2022-11-01,h1,-1.296071,-1.05125,0.244821,0.244821,0.059937
official_test,XGBoost,1707,Nanded,2022-11-01,h2,-1.007008,-0.912327,0.094682,0.094682,0.008965
official_test,XGBoost,1707,Nanded,2022-11-01,h3,-0.686082,-0.585422,0.100659,0.100659,0.010132
official_test,XGBoost,1708,Nanded,2022-12-01,h1,-1.007008,-1.169227,-0.162219,0.162219,0.026315
official_test,XGBoost,1708,Nanded,2022-12-01,h2,-0.686082,-1.031597,-0.345515,0.345515,0.119381
official_test,XGBoost,1708,Nanded,2022-12-01,h3,-0.860004,-0.622006,0.237997,0.237997,0.056643
official_test,XGBoost,1709,Nanded,2023-01-01,h1,-0.686082,-1.079765,-0.393684,0.393684,0.154987
official_test,XGBoost,1709,Nanded,2023-01-01,h2,-0.860004,-0.981313,-0.12131,0.12131,0.014716
official_test,XGBoost,1709,Nanded,2023-01-01,h3,-1.224165,-0.509392,0.714773,0.714773,0.5109
official_test,XGBoost,1710,Nanded,2023-02-01,h1,-0.860004,-1.005317,-0.145313,0.145313,0.021116
official_test,XGBoost,1710,Nanded,2023-02-01,h2,-1.224165,-0.798019,0.426146,0.426146,0.1816
official_test,XGBoost,1710,Nanded,2023-02-01,h3,-0.991943,-0.549914,0.442029,0.442029,0.19539
official_test,XGBoost,1711,Nanded,2023-03-01,h1,-1.224165,-1.001854,0.222311,0.222311,0.049422
official_test,XGBoost,1711,Nanded,2023-03-01,h2,-0.991943,-0.968037,0.023906,0.023906,0.000571
official_test,XGBoost,1711,Nanded,2023-03-01,h3,-0.075345,-0.620431,-0.545086,0.545086,0.297119
official_test,XGBoost,1712,Nanded,2023-04-01,h1,-0.991943,-0.971565,0.020378,0.020378,0.000415
official_test,XGBoost,1712,Nanded,2023-04-01,h2,-0.075345,-0.821249,-0.745904,0.745904,0.556372
official_test,XGBoost,1712,Nanded,2023-04-01,h3,-0.461445,-0.478261,-0.016816,0.016816,0.000283
official_test,XGBoost,1713,Nanded,2023-05-01,h1,-0.075345,-0.660425,-0.585079,0.585079,0.342318
official_test,XGBoost,1713,Nanded,2023-05-01,h2,-0.461445,-0.338156,0.123289,0.123289,0.0152
official_test,XGBoost,1713,Nanded,2023-05-01,h3,-0.545395,-0.123321,0.422075,0.422075,0.178147
official_test,XGBoost,1714,Nanded,2023-06-01,h1,-0.461445,-0.032616,0.428829,0.428829,0.183894
official_test,XGBoost,1714,Nanded,2023-06-01,h2,-0.545395,-0.353853,0.191542,0.191542,0.036689
official_test,XGBoost,1714,Nanded,2023-06-01,h3,-1.168921,0.069521,1.238442,1.238442,1.533738
official_test,XGBoost,1715,Nanded,2023-07-01,h1,-0.545395,-0.511111,0.034284,0.034284,0.001175
official_test,XGBoost,1715,Nanded,2023-07-01,h2,-1.168921,-0.286362,0.882559,0.882559,0.778911
official_test,XGBoost,1715,Nanded,2023-07-01,h3,-0.325495,-0.563389,-0.237893,0.237893,0.056593
official_test,XGBoost,1716,Nanded,2023-08-01,h1,-1.168921,-0.712445,0.456476,0.456476,0.20837
official_test,XGBoost,1716,Nanded,2023-08-01,h2,-0.325495,-0.324679,0.000817,0.000817,1e-06
official_test,XGBoost,1716,Nanded,2023-08-01,h3,-0.827834,-0.356796,0.471039,0.471039,0.221878
official_test,XGBoost,1717,Nanded,2023-09-01,h1,-0.325495,-0.957728,-0.632232,0.632232,0.399718
official_test,XGBoost,1717,Nanded,2023-09-01,h2,-0.827834,-0.481837,0.345998,0.345998,0.119714
official_test,XGBoost,1717,Nanded,2023-09-01,h3,-1.117531,-0.47518,0.642351,0.642351,0.412614
official_test,XGBoost,1718,Nanded,2023-10-01,h1,-0.827834,-0.598178,0.229656,0.229656,0.052742
official_test,XGBoost,1718,Nanded,2023-10-01,h2,-1.117531,-0.728001,0.389529,0.389529,0.151733
official_test,XGBoost,1718,Nanded,2023-10-01,h3,-1.193442,-0.580713,0.612729,0.612729,0.375437
official_test,XGBoost,1719,Nanded,2023-11-01,h1,-1.117531,-0.741878,0.375653,0.375653,0.141115
official_test,XGBoost,1719,Nanded,2023-11-01,h2,-1.193442,-0.561756,0.631686,0.631686,0.399027
official_test,XGBoost,1719,Nanded,2023-11-01,h3,-1.061826,-0.319196,0.74263,0.74263,0.551499
official_test,XGBoost,1720,Nanded,2023-12-01,h1,-1.193442,-1.029407,0.164035,0.164035,0.026907
official_test,XGBoost,1720,Nanded,2023-12-01,h2,-1.061826,-0.946485,0.115341,0.115341,0.013304
official_test,XGBoost,1720,Nanded,2023-12-01,h3,-0.672207,-0.462853,0.209353,0.209353,0.043829
official_test,XGBoost,1721,Nanded,2024-01-01,h1,-1.061826,-0.732054,0.329772,0.329772,0.10875
official_test,XGBoost,1721,Nanded,2024-01-01,h2,-0.672207,-0.394439,0.277768,0.277768,0.077155
official_test,XGBoost,1721,Nanded,2024-01-01,h3,-0.771966,-0.245991,0.525975,0.525975,0.27665
official_test,XGBoost,1722,Nanded,2024-02-01,h1,-0.672207,-0.584861,0.087346,0.087346,0.007629
official_test,XGBoost,1722,Nanded,2024-02-01,h2,-0.771966,-0.489125,0.28284,0.28284,0.079999
official_test,XGBoost,1722,Nanded,2024-02-01,h3,-0.881096,-0.271054,0.610042,0.610042,0.372151
official_test,XGBoost,1723,Nanded,2024-03-01,h1,-0.771966,-0.257172,0.514794,0.514794,0.265013
official_test,XGBoost,1723,Nanded,2024-03-01,h2,-0.881096,-0.443262,0.437834,0.437834,0.191699
official_test,XGBoost,1723,Nanded,2024-03-01,h3,-0.832193,-0.23155,0.600643,0.600643,0.360772
official_test,XGBoost,1724,Nanded,2024-04-01,h1,-0.881096,-0.227445,0.653651,0.653651,0.427259
official_test,XGBoost,1724,Nanded,2024-04-01,h2,-0.832193,-0.137448,0.694745,0.694745,0.48267
official_test,XGBoost,1724,Nanded,2024-04-01,h3,-1.395622,-0.067031,1.328591,1.328591,1.765155
official_test,XGBoost,1725,Nanded,2024-05-01,h1,-0.832193,-0.077186,0.755007,0.755007,0.570035
official_test,XGBoost,1725,Nanded,2024-05-01,h2,-1.395622,-0.007053,1.388569,1.388569,1.928124
official_test,XGBoost,1725,Nanded,2024-05-01,h3,-1.107504,-0.006257,1.101247,1.101247,1.212744
official_test,XGBoost,1726,Nanded,2024-06-01,h1,-1.395622,-0.109079,1.286543,1.286543,1.655192
official_test,XGBoost,1726,Nanded,2024-06-01,h2,-1.107504,0.022799,1.130303,1.130303,1.277585
official_test,XGBoost,1726,Nanded,2024-06-01,h3,-1.075043,0.059334,1.134377,1.134377,1.286812
official_test,XGBoost,1727,Nanded,2024-07-01,h1,-1.107504,-0.761275,0.346229,0.346229,0.119874
official_test,XGBoost,1727,Nanded,2024-07-01,h2,-1.075043,-0.455821,0.619223,0.619223,0.383437
official_test,XGBoost,1727,Nanded,2024-07-01,h3,-1.098037,-0.287299,0.810739,0.810739,0.657298
official_test,XGBoost,1728,Nanded,2024-08-01,h1,-1.075043,-0.776471,0.298572,0.298572,0.089145
official_test,XGBoost,1728,Nanded,2024-08-01,h2,-1.098037,-0.711691,0.386346,0.386346,0.149263
official_test,XGBoost,1728,Nanded,2024-08-01,h3,-1.059154,-0.286364,0.77279,0.77279,0.597205
official_test,XGBoost,1729,Nanded,2024-09-01,h1,-1.098037,-0.899917,0.19812,0.19812,0.039252
official_test,XGBoost,1729,Nanded,2024-09-01,h2,-1.059154,-0.56681,0.492345,0.492345,0.242403
official_test,XGBoost,1729,Nanded,2024-09-01,h3,-1.103211,-0.552389,0.550823,0.550823,0.303405
official_test,XGBoost,1932,Parbhani,2021-01-01,h1,-0.823652,-0.76918,0.054473,0.054473,0.002967
official_test,XGBoost,1932,Parbhani,2021-01-01,h2,-0.773763,-0.939843,-0.166081,0.166081,0.027583
official_test,XGBoost,1932,Parbhani,2021-01-01,h3,-0.891927,-0.607032,0.284894,0.284894,0.081165
official_test,XGBoost,1933,Parbhani,2021-02-01,h1,-0.773763,-1.155469,-0.381707,0.381707,0.1457
official_test,XGBoost,1933,Parbhani,2021-02-01,h2,-0.891927,-0.987262,-0.095336,0.095336,0.009089
official_test,XGBoost,1933,Parbhani,2021-02-01,h3,-0.967354,-0.607032,0.360322,0.360322,0.129832
official_test,XGBoost,1934,Parbhani,2021-03-01,h1,-0.891927,-0.909892,-0.017965,0.017965,0.000323
official_test,XGBoost,1934,Parbhani,2021-03-01,h2,-0.967354,-0.834178,0.133176,0.133176,0.017736
official_test,XGBoost,1934,Parbhani,2021-03-01,h3,-1.544187,-0.406702,1.137485,1.137485,1.293873
official_test,XGBoost,1935,Parbhani,2021-04-01,h1,-0.967354,-0.597148,0.370205,0.370205,0.137052
official_test,XGBoost,1935,Parbhani,2021-04-01,h2,-1.544187,-0.553001,0.991186,0.991186,0.98245
official_test,XGBoost,1935,Parbhani,2021-04-01,h3,-0.880017,-0.347557,0.532459,0.532459,0.283513
official_test,XGBoost,1936,Parbhani,2021-05-01,h1,-1.544187,-0.516412,1.027775,1.027775,1.056322
official_test,XGBoost,1936,Parbhani,2021-05-01,h2,-0.880017,-0.464677,0.41534,0.41534,0.172507
official_test,XGBoost,1936,Parbhani,2021-05-01,h3,-1.049633,-0.271054,0.778579,0.778579,0.606185
official_test,XGBoost,1937,Parbhani,2021-06-01,h1,-0.880017,-0.61933,0.260687,0.260687,0.067958
official_test,XGBoost,1937,Parbhani,2021-06-01,h2,-1.049633,-0.046579,1.003054,1.003054,1.006118
official_test,XGBoost,1937,Parbhani,2021-06-01,h3,-1.208647,-0.209443,0.999204,0.999204,0.998409
official_test,XGBoost,1938,Parbhani,2021-07-01,h1,-1.049633,-0.748966,0.300667,0.300667,0.0904
official_test,XGBoost,1938,Parbhani,2021-07-01,h2,-1.208647,-0.222509,0.986138,0.986138,0.972467
official_test,XGBoost,1938,Parbhani,2021-07-01,h3,-1.370457,-0.026647,1.34381,1.34381,1.805825
official_test,XGBoost,1939,Parbhani,2021-08-01,h1,-1.208647,-0.610065,0.598582,0.598582,0.3583
official_test,XGBoost,1939,Parbhani,2021-08-01,h2,-1.370457,-0.321076,1.049381,1.049381,1.1012
official_test,XGBoost,1939,Parbhani,2021-08-01,h3,-1.19618,-0.447562,0.748618,0.748618,0.560429
official_test,XGBoost,1940,Parbhani,2021-09-01,h1,-1.370457,-0.99921,0.371247,0.371247,0.137824
official_test,XGBoost,1940,Parbhani,2021-09-01,h2,-1.19618,-0.784082,0.412099,0.412099,0.169825
official_test,XGBoost,1940,Parbhani,2021-09-01,h3,-0.956805,-0.580973,0.375833,0.375833,0.14125
official_test,XGBoost,1941,Parbhani,2021-10-01,h1,-1.19618,-1.195588,0.000593,0.000593,0.0
official_test,XGBoost,1941,Parbhani,2021-10-01,h2,-0.956805,-0.862699,0.094106,0.094106,0.008856
official_test,XGBoost,1941,Parbhani,2021-10-01,h3,-1.478693,-0.621537,0.857156,0.857156,0.734717
official_test,XGBoost,1942,Parbhani,2021-11-01,h1,-0.956805,-1.003098,-0.046292,0.046292,0.002143
official_test,XGBoost,1942,Parbhani,2021-11-01,h2,-1.478693,-0.940179,0.538514,0.538514,0.289997
official_test,XGBoost,1942,Parbhani,2021-11-01,h3,-1.345712,-0.652345,0.693367,0.693367,0.480758
official_test,XGBoost,1943,Parbhani,2021-12-01,h1,-1.478693,-1.166369,0.312324,0.312324,0.097547
official_test,XGBoost,1943,Parbhani,2021-12-01,h2,-1.345712,-0.969398,0.376314,0.376314,0.141612
official_test,XGBoost,1943,Parbhani,2021-12-01,h3,-0.937379,-0.692057,0.245322,0.245322,0.060183
official_test,XGBoost,1944,Parbhani,2022-01-01,h1,-1.345712,-1.422469,-0.076758,0.076758,0.005892
official_test,XGBoost,1944,Parbhani,2022-01-01,h2,-0.937379,-1.053097,-0.115717,0.115717,0.013391
official_test,XGBoost,1944,Parbhani,2022-01-01,h3,-0.927963,-0.680361,0.247602,0.247602,0.061307
official_test,XGBoost,1945,Parbhani,2022-02-01,h1,-0.937379,-1.014558,-0.077179,0.077179,0.005957
official_test,XGBoost,1945,Parbhani,2022-02-01,h2,-0.927963,-0.890867,0.037096,0.037096,0.001376
official_test,XGBoost,1945,Parbhani,2022-02-01,h3,-0.966004,-0.607032,0.358972,0.358972,0.128861
official_test,XGBoost,1946,Parbhani,2022-03-01,h1,-0.927963,-0.909589,0.018375,0.018375,0.000338
official_test,XGBoost,1946,Parbhani,2022-03-01,h2,-0.966004,-0.824751,0.141253,0.141253,0.019952
official_test,XGBoost,1946,Parbhani,2022-03-01,h3,-0.856223,-0.532143,0.324079,0.324079,0.105027
official_test,XGBoost,1947,Parbhani,2022-04-01,h1,-0.966004,-0.644002,0.322002,0.322002,0.103685
official_test,XGBoost,1947,Parbhani,2022-04-01,h2,-0.856223,-0.574825,0.281398,0.281398,0.079185
official_test,XGBoost,1947,Parbhani,2022-04-01,h3,-2.42137,-0.348947,2.072423,2.072423,4.294937
official_test,XGBoost,1948,Parbhani,2022-05-01,h1,-0.856223,-0.407008,0.449214,0.449214,0.201794
official_test,XGBoost,1948,Parbhani,2022-05-01,h2,-2.42137,-0.577253,1.844117,1.844117,3.400767
official_test,XGBoost,1948,Parbhani,2022-05-01,h3,-2.195737,-0.23851,1.957227,1.957227,3.830738
official_test,XGBoost,1949,Parbhani,2022-06-01,h1,-2.42137,-0.351967,2.069402,2.069402,4.282426
official_test,XGBoost,1949,Parbhani,2022-06-01,h2,-2.195737,-0.305815,1.889922,1.889922,3.571803
official_test,XGBoost,1949,Parbhani,2022-06-01,h3,-1.604258,-0.159679,1.444579,1.444579,2.086809
official_test,XGBoost,1950,Parbhani,2022-07-01,h1,-2.195737,-1.163345,1.032392,1.032392,1.065832
official_test,XGBoost,1950,Parbhani,2022-07-01,h2,-1.604258,-0.773045,0.831213,0.831213,0.690915
official_test,XGBoost,1950,Parbhani,2022-07-01,h3,-1.397967,-0.372431,1.025536,1.025536,1.051724
official_test,XGBoost,1951,Parbhani,2022-08-01,h1,-1.604258,-1.253316,0.350942,0.350942,0.123161
official_test,XGBoost,1951,Parbhani,2022-08-01,h2,-1.397967,-0.925993,0.471974,0.471974,0.22276
official_test,XGBoost,1951,Parbhani,2022-08-01,h3,-1.103062,-0.461019,0.642043,0.642043,0.412219
official_test,XGBoost,1952,Parbhani,2022-09-01,h1,-1.397967,-1.350253,0.047714,0.047714,0.002277
official_test,XGBoost,1952,Parbhani,2022-09-01,h2,-1.103062,-0.791625,0.311436,0.311436,0.096993
official_test,XGBoost,1952,Parbhani,2022-09-01,h3,-1.124712,-0.461019,0.663693,0.663693,0.440489
official_test,XGBoost,1953,Parbhani,2022-10-01,h1,-1.103062,-1.09687,0.006191,0.006191,3.8e-05
official_test,XGBoost,1953,Parbhani,2022-10-01,h2,-1.124712,-0.781012,0.3437,0.3437,0.118129
official_test,XGBoost,1953,Parbhani,2022-10-01,h3,-1.451603,-0.500934,0.950669,0.950669,0.903772
official_test,XGBoost,1954,Parbhani,2022-11-01,h1,-1.124712,-1.017953,0.106758,0.106758,0.011397
official_test,XGBoost,1954,Parbhani,2022-11-01,h2,-1.451603,-0.655893,0.79571,0.79571,0.633155
official_test,XGBoost,1954,Parbhani,2022-11-01,h3,-1.367015,-0.568788,0.798227,0.798227,0.637166
official_test,XGBoost,1955,Parbhani,2022-12-01,h1,-1.451603,-0.989521,0.462082,0.462082,0.21352
official_test,XGBoost,1955,Parbhani,2022-12-01,h2,-1.367015,-0.847599,0.519416,0.519416,0.269793
official_test,XGBoost,1955,Parbhani,2022-12-01,h3,-1.581225,-0.585422,0.995803,0.995803,0.991623
official_test,XGBoost,1956,Parbhani,2023-01-01,h1,-1.367015,-1.098942,0.268073,0.268073,0.071863
official_test,XGBoost,1956,Parbhani,2023-01-01,h2,-1.581225,-0.941464,0.639761,0.639761,0.409294
official_test,XGBoost,1956,Parbhani,2023-01-01,h3,-1.781829,-0.566613,1.215216,1.215216,1.47675
official_test,XGBoost,1957,Parbhani,2023-02-01,h1,-1.581225,-1.248612,0.332613,0.332613,0.110631
official_test,XGBoost,1957,Parbhani,2023-02-01,h2,-1.781829,-0.805288,0.976541,0.976541,0.953633
official_test,XGBoost,1957,Parbhani,2023-02-01,h3,-1.219545,-0.591461,0.628084,0.628084,0.39449
official_test,XGBoost,1958,Parbhani,2023-03-01,h1,-1.781829,-1.179011,0.602818,0.602818,0.363389
official_test,XGBoost,1958,Parbhani,2023-03-01,h2,-1.219545,-1.081178,0.138367,0.138367,0.019145
official_test,XGBoost,1958,Parbhani,2023-03-01,h3,-0.427768,-0.418929,0.008839,0.008839,7.8e-05
official_test,XGBoost,1959,Parbhani,2023-04-01,h1,-1.219545,-1.180562,0.038983,0.038983,0.00152
official_test,XGBoost,1959,Parbhani,2023-04-01,h2,-0.427768,-0.839512,-0.411744,0.411744,0.169533
official_test,XGBoost,1959,Parbhani,2023-04-01,h3,-1.789542,-0.338174,1.451368,1.451368,2.106469
official_test,XGBoost,1960,Parbhani,2023-05-01,h1,-0.427768,-0.736408,-0.308639,0.308639,0.095258
official_test,XGBoost,1960,Parbhani,2023-05-01,h2,-1.789542,-0.776667,1.012875,1.012875,1.025915
official_test,XGBoost,1960,Parbhani,2023-05-01,h3,-0.799252,-0.407889,0.391364,0.391364,0.153166
official_test,XGBoost,1961,Parbhani,2023-06-01,h1,-1.789542,-0.442148,1.347394,1.347394,1.81547
official_test,XGBoost,1961,Parbhani,2023-06-01,h2,-0.799252,-0.579986,0.219267,0.219267,0.048078
official_test,XGBoost,1961,Parbhani,2023-06-01,h3,-0.750914,-0.245367,0.505547,0.505547,0.255578
official_test,XGBoost,1962,Parbhani,2023-07-01,h1,-0.799252,-0.801026,-0.001774,0.001774,3e-06
official_test,XGBoost,1962,Parbhani,2023-07-01,h2,-0.750914,-0.666862,0.084053,0.084053,0.007065
official_test,XGBoost,1962,Parbhani,2023-07-01,h3,-0.088494,-0.446734,-0.35824,0.35824,0.128336
official_test,XGBoost,1963,Parbhani,2023-08-01,h1,-0.750914,-0.626416,0.124498,0.124498,0.0155
official_test,XGBoost,1963,Parbhani,2023-08-01,h2,-0.088494,-0.647587,-0.559092,0.559092,0.312584
official_test,XGBoost,1963,Parbhani,2023-08-01,h3,-0.334244,-0.549271,-0.215027,0.215027,0.046237
official_test,XGBoost,1964,Parbhani,2023-09-01,h1,-0.088494,-0.66185,-0.573356,0.573356,0.328737
official_test,XGBoost,1964,Parbhani,2023-09-01,h2,-0.334244,-0.239157,0.095087,0.095087,0.009042
official_test,XGBoost,1964,Parbhani,2023-09-01,h3,-0.650745,-0.311501,0.339244,0.339244,0.115086
official_test,XGBoost,1965,Parbhani,2023-10-01,h1,-0.334244,-0.551041,-0.216797,0.216797,0.047001
official_test,XGBoost,1965,Parbhani,2023-10-01,h2,-0.650745,-0.330864,0.319881,0.319881,0.102324
official_test,XGBoost,1965,Parbhani,2023-10-01,h3,-1.421044,-0.56654,0.854504,0.854504,0.730177
official_test,XGBoost,1966,Parbhani,2023-11-01,h1,-0.650745,-0.453686,0.197059,0.197059,0.038832
official_test,XGBoost,1966,Parbhani,2023-11-01,h2,-1.421044,-0.477554,0.94349,0.94349,0.890173
official_test,XGBoost,1966,Parbhani,2023-11-01,h3,-1.148436,-0.377209,0.771227,0.771227,0.594791
official_test,XGBoost,1967,Parbhani,2023-12-01,h1,-1.421044,-0.760806,0.660238,0.660238,0.435914
official_test,XGBoost,1967,Parbhani,2023-12-01,h2,-1.148436,-0.208239,0.940197,0.940197,0.88397
official_test,XGBoost,1967,Parbhani,2023-12-01,h3,-0.854776,-0.037807,0.816969,0.816969,0.667438
official_test,XGBoost,1968,Parbhani,2024-01-01,h1,-1.148436,-0.647432,0.501004,0.501004,0.251005
official_test,XGBoost,1968,Parbhani,2024-01-01,h2,-0.854776,-0.256857,0.597919,0.597919,0.357507
official_test,XGBoost,1968,Parbhani,2024-01-01,h3,-0.956638,-0.17713,0.779508,0.779508,0.607632
official_test,XGBoost,1969,Parbhani,2024-02-01,h1,-0.854776,-0.687292,0.167484,0.167484,0.028051
official_test,XGBoost,1969,Parbhani,2024-02-01,h2,-0.956638,-0.553482,0.403156,0.403156,0.162535
official_test,XGBoost,1969,Parbhani,2024-02-01,h3,-0.722429,-0.315013,0.407416,0.407416,0.165988
official_test,XGBoost,1970,Parbhani,2024-03-01,h1,-0.956638,-0.323135,0.633503,0.633503,0.401326
official_test,XGBoost,1970,Parbhani,2024-03-01,h2,-0.722429,-0.580842,0.141588,0.141588,0.020047
official_test,XGBoost,1970,Parbhani,2024-03-01,h3,-1.080126,-0.204803,0.875323,0.875323,0.76619
official_test,XGBoost,1971,Parbhani,2024-04-01,h1,-0.722429,-0.508687,0.213742,0.213742,0.045686
official_test,XGBoost,1971,Parbhani,2024-04-01,h2,-1.080126,-0.267789,0.812336,0.812336,0.65989
official_test,XGBoost,1971,Parbhani,2024-04-01,h3,-1.879651,-0.184533,1.695118,1.695118,2.873424
official_test,XGBoost,1972,Parbhani,2024-05-01,h1,-1.080126,0.006375,1.086501,1.086501,1.180484
official_test,XGBoost,1972,Parbhani,2024-05-01,h2,-1.879651,-0.011175,1.868476,1.868476,3.491203
official_test,XGBoost,1972,Parbhani,2024-05-01,h3,-1.519184,-0.176898,1.342286,1.342286,1.801731
official_test,XGBoost,1973,Parbhani,2024-06-01,h1,-1.879651,-0.342775,1.536875,1.536875,2.361986
official_test,XGBoost,1973,Parbhani,2024-06-01,h2,-1.519184,-0.595346,0.923838,0.923838,0.853477
official_test,XGBoost,1973,Parbhani,2024-06-01,h3,-1.12221,-0.307827,0.814383,0.814383,0.663219
official_test,XGBoost,1974,Parbhani,2024-07-01,h1,-1.519184,-0.832377,0.686807,0.686807,0.471704
official_test,XGBoost,1974,Parbhani,2024-07-01,h2,-1.12221,-0.827948,0.294262,0.294262,0.08659
official_test,XGBoost,1974,Parbhani,2024-07-01,h3,-0.844416,-0.684461,0.159955,0.159955,0.025586
official_test,XGBoost,1975,Parbhani,2024-08-01,h1,-1.12221,-1.18935,-0.06714,0.06714,0.004508
official_test,XGBoost,1975,Parbhani,2024-08-01,h2,-0.844416,-1.301004,-0.456588,0.456588,0.208473
official_test,XGBoost,1975,Parbhani,2024-08-01,h3,-0.933659,-0.690665,0.242994,0.242994,0.059046
official_test,XGBoost,1976,Parbhani,2024-09-01,h1,-0.844416,-1.288125,-0.443709,0.443709,0.196878
official_test,XGBoost,1976,Parbhani,2024-09-01,h2,-0.933659,-1.001592,-0.067933,0.067933,0.004615
official_test,XGBoost,1976,Parbhani,2024-09-01,h3,-1.057159,-0.690665,0.366494,0.366494,0.134318
