sequence_id,district,forecast_origin,input_start,input_end,target_t1,target_t2,target_t3,split
000001,Beed,2003-12-01,2003-01-01,2003-12-01,2004-01-01,2004-02-01,2004-03-01,train
000002,Beed,2004-01-01,2003-02-01,2004-01-01,2004-02-01,2004-03-01,2004-04-01,train
000003,Beed,2004-02-01,2003-03-01,2004-02-01,2004-03-01,2004-04-01,2004-05-01,train
000004,Beed,2004-03-01,2003-04-01,2004-03-01,2004-04-01,2004-05-01,2004-06-01,train
000005,Beed,2004-04-01,2003-05-01,2004-04-01,2004-05-01,2004-06-01,2004-07-01,train
000006,Beed,2004-05-01,2003-06-01,2004-05-01,2004-06-01,2004-07-01,2004-08-01,train
000007,Beed,2004-06-01,2003-07-01,2004-06-01,2004-07-01,2004-08-01,2004-09-01,train
000008,Beed,2004-07-01,2003-08-01,2004-07-01,2004-08-01,2004-09-01,2004-10-01,train
000009,Beed,2004-08-01,2003-09-01,2004-08-01,2004-09-01,2004-10-01,2004-11-01,train
000010,Beed,2004-09-01,2003-10-01,2004-09-01,2004-10-01,2004-11-01,2004-12-01,train
000011,Beed,2004-10-01,2003-11-01,2004-10-01,2004-11-01,2004-12-01,2005-01-01,train
000012,Beed,2004-11-01,2003-12-01,2004-11-01,2004-12-01,2005-01-01,2005-02-01,train
000013,Beed,2004-12-01,2004-01-01,2004-12-01,2005-01-01,2005-02-01,2005-03-01,train
000014,Beed,2005-01-01,2004-02-01,2005-01-01,2005-02-01,2005-03-01,2005-04-01,train
000015,Beed,2005-02-01,2004-03-01,2005-02-01,2005-03-01,2005-04-01,2005-05-01,train
000016,Beed,2005-03-01,2004-04-01,2005-03-01,2005-04-01,2005-05-01,2005-06-01,train
000017,Beed,2005-04-01,2004-05-01,2005-04-01,2005-05-01,2005-06-01,2005-07-01,train
000018,Beed,2005-05-01,2004-06-01,2005-05-01,2005-06-01,2005-07-01,2005-08-01,train
000019,Beed,2005-06-01,2004-07-01,2005-06-01,2005-07-01,2005-08-01,2005-09-01,train
000020,Beed,2005-07-01,2004-08-01,2005-07-01,2005-08-01,2005-09-01,2005-10-01,train
000021,Beed,2005-08-01,2004-09-01,2005-08-01,2005-09-01,2005-10-01,2005-11-01,train
000022,Beed,2005-09-01,2004-10-01,2005-09-01,2005-10-01,2005-11-01,2005-12-01,train
000023,Beed,2005-10-01,2004-11-01,2005-10-01,2005-11-01,2005-12-01,2006-01-01,train
000024,Beed,2005-11-01,2004-12-01,2005-11-01,2005-12-01,2006-01-01,2006-02-01,train
000025,Beed,2005-12-01,2005-01-01,2005-12-01,2006-01-01,2006-02-01,2006-03-01,train
000026,Beed,2006-01-01,2005-02-01,2006-01-01,2006-02-01,2006-03-01,2006-04-01,train
000027,Beed,2006-02-01,2005-03-01,2006-02-01,2006-03-01,2006-04-01,2006-05-01,train
000028,Beed,2006-03-01,2005-04-01,2006-03-01,2006-04-01,2006-05-01,2006-06-01,train
000029,Beed,2006-04-01,2005-05-01,2006-04-01,2006-05-01,2006-06-01,2006-07-01,train
000030,Beed,2006-05-01,2005-06-01,2006-05-01,2006-06-01,2006-07-01,2006-08-01,train
000031,Beed,2006-06-01,2005-07-01,2006-06-01,2006-07-01,2006-08-01,2006-09-01,train
000032,Beed,2006-07-01,2005-08-01,2006-07-01,2006-08-01,2006-09-01,2006-10-01,train
000033,Beed,2006-08-01,2005-09-01,2006-08-01,2006-09-01,2006-10-01,2006-11-01,train
000034,Beed,2006-09-01,2005-10-01,2006-09-01,2006-10-01,2006-11-01,2006-12-01,train
000035,Beed,2006-10-01,2005-11-01,2006-10-01,2006-11-01,2006-12-01,2007-01-01,train
000036,Beed,2006-11-01,2005-12-01,2006-11-01,2006-12-01,2007-01-01,2007-02-01,train
000037,Beed,2006-12-01,2006-01-01,2006-12-01,2007-01-01,2007-02-01,2007-03-01,train
000038,Beed,2007-01-01,2006-02-01,2007-01-01,2007-02-01,2007-03-01,2007-04-01,train
000039,Beed,2007-02-01,2006-03-01,2007-02-01,2007-03-01,2007-04-01,2007-05-01,train
000040,Beed,2007-03-01,2006-04-01,2007-03-01,2007-04-01,2007-05-01,2007-06-01,train
000041,Beed,2007-04-01,2006-05-01,2007-04-01,2007-05-01,2007-06-01,2007-07-01,train
000042,Beed,2007-05-01,2006-06-01,2007-05-01,2007-06-01,2007-07-01,2007-08-01,train
000043,Beed,2007-06-01,2006-07-01,2007-06-01,2007-07-01,2007-08-01,2007-09-01,train
000044,Beed,2007-07-01,2006-08-01,2007-07-01,2007-08-01,2007-09-01,2007-10-01,train
000045,Beed,2007-08-01,2006-09-01,2007-08-01,2007-09-01,2007-10-01,2007-11-01,train
000046,Beed,2007-09-01,2006-10-01,2007-09-01,2007-10-01,2007-11-01,2007-12-01,train
000047,Beed,2007-10-01,2006-11-01,2007-10-01,2007-11-01,2007-12-01,2008-01-01,train
000048,Beed,2007-11-01,2006-12-01,2007-11-01,2007-12-01,2008-01-01,2008-02-01,train
000049,Beed,2007-12-01,2007-01-01,2007-12-01,2008-01-01,2008-02-01,2008-03-01,train
000050,Beed,2008-01-01,2007-02-01,2008-01-01,2008-02-01,2008-03-01,2008-04-01,train
000051,Beed,2008-02-01,2007-03-01,2008-02-01,2008-03-01,2008-04-01,2008-05-01,train
000052,Beed,2008-03-01,2007-04-01,2008-03-01,2008-04-01,2008-05-01,2008-06-01,train
000053,Beed,2008-04-01,2007-05-01,2008-04-01,2008-05-01,2008-06-01,2008-07-01,train
000054,Beed,2008-05-01,2007-06-01,2008-05-01,2008-06-01,2008-07-01,2008-08-01,train
000055,Beed,2008-06-01,2007-07-01,2008-06-01,2008-07-01,2008-08-01,2008-09-01,train
000056,Beed,2008-07-01,2007-08-01,2008-07-01,2008-08-01,2008-09-01,2008-10-01,train
000057,Beed,2008-08-01,2007-09-01,2008-08-01,2008-09-01,2008-10-01,2008-11-01,train
000058,Beed,2008-09-01,2007-10-01,2008-09-01,2008-10-01,2008-11-01,2008-12-01,train
000059,Beed,2008-10-01,2007-11-01,2008-10-01,2008-11-01,2008-12-01,2009-01-01,train
000060,Beed,2008-11-01,2007-12-01,2008-11-01,2008-12-01,2009-01-01,2009-02-01,train
000061,Beed,2008-12-01,2008-01-01,2008-12-01,2009-01-01,2009-02-01,2009-03-01,train
000062,Beed,2009-01-01,2008-02-01,2009-01-01,2009-02-01,2009-03-01,2009-04-01,train
000063,Beed,2009-02-01,2008-03-01,2009-02-01,2009-03-01,2009-04-01,2009-05-01,train
000064,Beed,2009-03-01,2008-04-01,2009-03-01,2009-04-01,2009-05-01,2009-06-01,train
000065,Beed,2009-04-01,2008-05-01,2009-04-01,2009-05-01,2009-06-01,2009-07-01,train
000066,Beed,2009-05-01,2008-06-01,2009-05-01,2009-06-01,2009-07-01,2009-08-01,train
000067,Beed,2009-06-01,2008-07-01,2009-06-01,2009-07-01,2009-08-01,2009-09-01,train
000068,Beed,2009-07-01,2008-08-01,2009-07-01,2009-08-01,2009-09-01,2009-10-01,train
000069,Beed,2009-08-01,2008-09-01,2009-08-01,2009-09-01,2009-10-01,2009-11-01,train
000070,Beed,2009-09-01,2008-10-01,2009-09-01,2009-10-01,2009-11-01,2009-12-01,train
000071,Beed,2009-10-01,2008-11-01,2009-10-01,2009-11-01,2009-12-01,2010-01-01,train
000072,Beed,2009-11-01,2008-12-01,2009-11-01,2009-12-01,2010-01-01,2010-02-01,train
000073,Beed,2009-12-01,2009-01-01,2009-12-01,2010-01-01,2010-02-01,2010-03-01,train
000074,Beed,2010-01-01,2009-02-01,2010-01-01,2010-02-01,2010-03-01,2010-04-01,train
000075,Beed,2010-02-01,2009-03-01,2010-02-01,2010-03-01,2010-04-01,2010-05-01,train
000076,Beed,2010-03-01,2009-04-01,2010-03-01,2010-04-01,2010-05-01,2010-06-01,train
000077,Beed,2010-04-01,2009-05-01,2010-04-01,2010-05-01,2010-06-01,2010-07-01,train
000078,Beed,2010-05-01,2009-06-01,2010-05-01,2010-06-01,2010-07-01,2010-08-01,train
000079,Beed,2010-06-01,2009-07-01,2010-06-01,2010-07-01,2010-08-01,2010-09-01,train
000080,Beed,2010-07-01,2009-08-01,2010-07-01,2010-08-01,2010-09-01,2010-10-01,train
000081,Beed,2010-08-01,2009-09-01,2010-08-01,2010-09-01,2010-10-01,2010-11-01,train
000082,Beed,2010-09-01,2009-10-01,2010-09-01,2010-10-01,2010-11-01,2010-12-01,train
000083,Beed,2010-10-01,2009-11-01,2010-10-01,2010-11-01,2010-12-01,2011-01-01,train
000084,Beed,2010-11-01,2009-12-01,2010-11-01,2010-12-01,2011-01-01,2011-02-01,train
000085,Beed,2010-12-01,2010-01-01,2010-12-01,2011-01-01,2011-02-01,2011-03-01,train
000086,Beed,2011-01-01,2010-02-01,2011-01-01,2011-02-01,2011-03-01,2011-04-01,train
000087,Beed,2011-02-01,2010-03-01,2011-02-01,2011-03-01,2011-04-01,2011-05-01,train
000088,Beed,2011-03-01,2010-04-01,2011-03-01,2011-04-01,2011-05-01,2011-06-01,train
000089,Beed,2011-04-01,2010-05-01,2011-04-01,2011-05-01,2011-06-01,2011-07-01,train
000090,Beed,2011-05-01,2010-06-01,2011-05-01,2011-06-01,2011-07-01,2011-08-01,train
000091,Beed,2011-06-01,2010-07-01,2011-06-01,2011-07-01,2011-08-01,2011-09-01,train
000092,Beed,2011-07-01,2010-08-01,2011-07-01,2011-08-01,2011-09-01,2011-10-01,train
000093,Beed,2011-08-01,2010-09-01,2011-08-01,2011-09-01,2011-10-01,2011-11-01,train
000094,Beed,2011-09-01,2010-10-01,2011-09-01,2011-10-01,2011-11-01,2011-12-01,train
000095,Beed,2011-10-01,2010-11-01,2011-10-01,2011-11-01,2011-12-01,2012-01-01,train
000096,Beed,2011-11-01,2010-12-01,2011-11-01,2011-12-01,2012-01-01,2012-02-01,train
000097,Beed,2011-12-01,2011-01-01,2011-12-01,2012-01-01,2012-02-01,2012-03-01,train
000098,Beed,2012-01-01,2011-02-01,2012-01-01,2012-02-01,2012-03-01,2012-04-01,train
000099,Beed,2012-02-01,2011-03-01,2012-02-01,2012-03-01,2012-04-01,2012-05-01,train
000100,Beed,2012-03-01,2011-04-01,2012-03-01,2012-04-01,2012-05-01,2012-06-01,train
000101,Beed,2012-04-01,2011-05-01,2012-04-01,2012-05-01,2012-06-01,2012-07-01,train
000102,Beed,2012-05-01,2011-06-01,2012-05-01,2012-06-01,2012-07-01,2012-08-01,train
000103,Beed,2012-06-01,2011-07-01,2012-06-01,2012-07-01,2012-08-01,2012-09-01,train
000104,Beed,2012-07-01,2011-08-01,2012-07-01,2012-08-01,2012-09-01,2012-10-01,train
000105,Beed,2012-08-01,2011-09-01,2012-08-01,2012-09-01,2012-10-01,2012-11-01,train
000106,Beed,2012-09-01,2011-10-01,2012-09-01,2012-10-01,2012-11-01,2012-12-01,train
000107,Beed,2012-10-01,2011-11-01,2012-10-01,2012-11-01,2012-12-01,2013-01-01,train
000108,Beed,2012-11-01,2011-12-01,2012-11-01,2012-12-01,2013-01-01,2013-02-01,train
000109,Beed,2012-12-01,2012-01-01,2012-12-01,2013-01-01,2013-02-01,2013-03-01,train
000110,Beed,2013-01-01,2012-02-01,2013-01-01,2013-02-01,2013-03-01,2013-04-01,train
000111,Beed,2013-02-01,2012-03-01,2013-02-01,2013-03-01,2013-04-01,2013-05-01,train
000112,Beed,2013-03-01,2012-04-01,2013-03-01,2013-04-01,2013-05-01,2013-06-01,train
000113,Beed,2013-04-01,2012-05-01,2013-04-01,2013-05-01,2013-06-01,2013-07-01,train
000114,Beed,2013-05-01,2012-06-01,2013-05-01,2013-06-01,2013-07-01,2013-08-01,train
000115,Beed,2013-06-01,2012-07-01,2013-06-01,2013-07-01,2013-08-01,2013-09-01,train
000116,Beed,2013-07-01,2012-08-01,2013-07-01,2013-08-01,2013-09-01,2013-10-01,train
000117,Beed,2013-08-01,2012-09-01,2013-08-01,2013-09-01,2013-10-01,2013-11-01,train
000118,Beed,2013-09-01,2012-10-01,2013-09-01,2013-10-01,2013-11-01,2013-12-01,train
000119,Beed,2013-10-01,2012-11-01,2013-10-01,2013-11-01,2013-12-01,2014-01-01,train
000120,Beed,2013-11-01,2012-12-01,2013-11-01,2013-12-01,2014-01-01,2014-02-01,train
000121,Beed,2013-12-01,2013-01-01,2013-12-01,2014-01-01,2014-02-01,2014-03-01,train
000122,Beed,2014-01-01,2013-02-01,2014-01-01,2014-02-01,2014-03-01,2014-04-01,train
000123,Beed,2014-02-01,2013-03-01,2014-02-01,2014-03-01,2014-04-01,2014-05-01,train
000124,Beed,2014-03-01,2013-04-01,2014-03-01,2014-04-01,2014-05-01,2014-06-01,train
000125,Beed,2014-04-01,2013-05-01,2014-04-01,2014-05-01,2014-06-01,2014-07-01,train
000126,Beed,2014-05-01,2013-06-01,2014-05-01,2014-06-01,2014-07-01,2014-08-01,train
000127,Beed,2014-06-01,2013-07-01,2014-06-01,2014-07-01,2014-08-01,2014-09-01,train
000128,Beed,2014-07-01,2013-08-01,2014-07-01,2014-08-01,2014-09-01,2014-10-01,train
000129,Beed,2014-08-01,2013-09-01,2014-08-01,2014-09-01,2014-10-01,2014-11-01,train
000130,Beed,2014-09-01,2013-10-01,2014-09-01,2014-10-01,2014-11-01,2014-12-01,train
000131,Beed,2014-10-01,2013-11-01,2014-10-01,2014-11-01,2014-12-01,2015-01-01,train
000132,Beed,2014-11-01,2013-12-01,2014-11-01,2014-12-01,2015-01-01,2015-02-01,train
000133,Beed,2014-12-01,2014-01-01,2014-12-01,2015-01-01,2015-02-01,2015-03-01,train
000134,Beed,2015-01-01,2014-02-01,2015-01-01,2015-02-01,2015-03-01,2015-04-01,train
000135,Beed,2015-02-01,2014-03-01,2015-02-01,2015-03-01,2015-04-01,2015-05-01,train
000136,Beed,2015-03-01,2014-04-01,2015-03-01,2015-04-01,2015-05-01,2015-06-01,train
000137,Beed,2015-04-01,2014-05-01,2015-04-01,2015-05-01,2015-06-01,2015-07-01,train
000138,Beed,2015-05-01,2014-06-01,2015-05-01,2015-06-01,2015-07-01,2015-08-01,train
000139,Beed,2015-06-01,2014-07-01,2015-06-01,2015-07-01,2015-08-01,2015-09-01,train
000140,Beed,2015-07-01,2014-08-01,2015-07-01,2015-08-01,2015-09-01,2015-10-01,train
000141,Beed,2015-08-01,2014-09-01,2015-08-01,2015-09-01,2015-10-01,2015-11-01,train
000142,Beed,2015-09-01,2014-10-01,2015-09-01,2015-10-01,2015-11-01,2015-12-01,train
000143,Beed,2015-10-01,2014-11-01,2015-10-01,2015-11-01,2015-12-01,2016-01-01,train
000144,Beed,2015-11-01,2014-12-01,2015-11-01,2015-12-01,2016-01-01,2016-02-01,train
000145,Beed,2015-12-01,2015-01-01,2015-12-01,2016-01-01,2016-02-01,2016-03-01,train
000146,Beed,2016-01-01,2015-02-01,2016-01-01,2016-02-01,2016-03-01,2016-04-01,train
000147,Beed,2016-02-01,2015-03-01,2016-02-01,2016-03-01,2016-04-01,2016-05-01,train
000148,Beed,2016-03-01,2015-04-01,2016-03-01,2016-04-01,2016-05-01,2016-06-01,train
000149,Beed,2016-04-01,2015-05-01,2016-04-01,2016-05-01,2016-06-01,2016-07-01,train
000150,Beed,2016-05-01,2015-06-01,2016-05-01,2016-06-01,2016-07-01,2016-08-01,train
000151,Beed,2016-06-01,2015-07-01,2016-06-01,2016-07-01,2016-08-01,2016-09-01,train
000152,Beed,2016-07-01,2015-08-01,2016-07-01,2016-08-01,2016-09-01,2016-10-01,train
000153,Beed,2016-08-01,2015-09-01,2016-08-01,2016-09-01,2016-10-01,2016-11-01,train
000154,Beed,2016-09-01,2015-10-01,2016-09-01,2016-10-01,2016-11-01,2016-12-01,train
000155,Beed,2016-10-01,2015-11-01,2016-10-01,2016-11-01,2016-12-01,2017-01-01,train
000156,Beed,2016-11-01,2015-12-01,2016-11-01,2016-12-01,2017-01-01,2017-02-01,train
000157,Beed,2016-12-01,2016-01-01,2016-12-01,2017-01-01,2017-02-01,2017-03-01,train
000158,Beed,2017-01-01,2016-02-01,2017-01-01,2017-02-01,2017-03-01,2017-04-01,train
000159,Beed,2017-02-01,2016-03-01,2017-02-01,2017-03-01,2017-04-01,2017-05-01,train
000160,Beed,2017-03-01,2016-04-01,2017-03-01,2017-04-01,2017-05-01,2017-06-01,train
000161,Beed,2017-04-01,2016-05-01,2017-04-01,2017-05-01,2017-06-01,2017-07-01,train
000162,Beed,2017-05-01,2016-06-01,2017-05-01,2017-06-01,2017-07-01,2017-08-01,train
000163,Beed,2017-06-01,2016-07-01,2017-06-01,2017-07-01,2017-08-01,2017-09-01,train
000164,Beed,2017-07-01,2016-08-01,2017-07-01,2017-08-01,2017-09-01,2017-10-01,train
000165,Beed,2017-08-01,2016-09-01,2017-08-01,2017-09-01,2017-10-01,2017-11-01,train
000166,Beed,2017-09-01,2016-10-01,2017-09-01,2017-10-01,2017-11-01,2017-12-01,train
000167,Beed,2018-01-01,2017-02-01,2018-01-01,2018-02-01,2018-03-01,2018-04-01,val
000168,Beed,2018-02-01,2017-03-01,2018-02-01,2018-03-01,2018-04-01,2018-05-01,val
000169,Beed,2018-03-01,2017-04-01,2018-03-01,2018-04-01,2018-05-01,2018-06-01,val
000170,Beed,2018-04-01,2017-05-01,2018-04-01,2018-05-01,2018-06-01,2018-07-01,val
000171,Beed,2018-05-01,2017-06-01,2018-05-01,2018-06-01,2018-07-01,2018-08-01,val
000172,Beed,2018-06-01,2017-07-01,2018-06-01,2018-07-01,2018-08-01,2018-09-01,val
000173,Beed,2018-07-01,2017-08-01,2018-07-01,2018-08-01,2018-09-01,2018-10-01,val
000174,Beed,2018-08-01,2017-09-01,2018-08-01,2018-09-01,2018-10-01,2018-11-01,val
000175,Beed,2018-09-01,2017-10-01,2018-09-01,2018-10-01,2018-11-01,2018-12-01,val
000176,Beed,2018-10-01,2017-11-01,2018-10-01,2018-11-01,2018-12-01,2019-01-01,val
000177,Beed,2018-11-01,2017-12-01,2018-11-01,2018-12-01,2019-01-01,2019-02-01,val
000178,Beed,2018-12-01,2018-01-01,2018-12-01,2019-01-01,2019-02-01,2019-03-01,val
000179,Beed,2019-01-01,2018-02-01,2019-01-01,2019-02-01,2019-03-01,2019-04-01,val
000180,Beed,2019-02-01,2018-03-01,2019-02-01,2019-03-01,2019-04-01,2019-05-01,val
000181,Beed,2019-03-01,2018-04-01,2019-03-01,2019-04-01,2019-05-01,2019-06-01,val
000182,Beed,2019-04-01,2018-05-01,2019-04-01,2019-05-01,2019-06-01,2019-07-01,val
000183,Beed,2019-05-01,2018-06-01,2019-05-01,2019-06-01,2019-07-01,2019-08-01,val
000184,Beed,2019-06-01,2018-07-01,2019-06-01,2019-07-01,2019-08-01,2019-09-01,val
000185,Beed,2019-07-01,2018-08-01,2019-07-01,2019-08-01,2019-09-01,2019-10-01,val
000186,Beed,2019-08-01,2018-09-01,2019-08-01,2019-09-01,2019-10-01,2019-11-01,val
000187,Beed,2019-09-01,2018-10-01,2019-09-01,2019-10-01,2019-11-01,2019-12-01,val
000188,Beed,2019-10-01,2018-11-01,2019-10-01,2019-11-01,2019-12-01,2020-01-01,val
000189,Beed,2019-11-01,2018-12-01,2019-11-01,2019-12-01,2020-01-01,2020-02-01,val
000190,Beed,2019-12-01,2019-01-01,2019-12-01,2020-01-01,2020-02-01,2020-03-01,val
000191,Beed,2020-01-01,2019-02-01,2020-01-01,2020-02-01,2020-03-01,2020-04-01,val
000192,Beed,2020-02-01,2019-03-01,2020-02-01,2020-03-01,2020-04-01,2020-05-01,val
000193,Beed,2020-03-01,2019-04-01,2020-03-01,2020-04-01,2020-05-01,2020-06-01,val
000194,Beed,2020-04-01,2019-05-01,2020-04-01,2020-05-01,2020-06-01,2020-07-01,val
000195,Beed,2020-05-01,2019-06-01,2020-05-01,2020-06-01,2020-07-01,2020-08-01,val
000196,Beed,2020-06-01,2019-07-01,2020-06-01,2020-07-01,2020-08-01,2020-09-01,val
000197,Beed,2020-07-01,2019-08-01,2020-07-01,2020-08-01,2020-09-01,2020-10-01,val
000198,Beed,2020-08-01,2019-09-01,2020-08-01,2020-09-01,2020-10-01,2020-11-01,val
000199,Beed,2020-09-01,2019-10-01,2020-09-01,2020-10-01,2020-11-01,2020-12-01,val
000200,Beed,2020-10-01,2019-11-01,2020-10-01,2020-11-01,2020-12-01,2021-01-01,val
000201,Beed,2020-11-01,2019-12-01,2020-11-01,2020-12-01,2021-01-01,2021-02-01,val
000202,Beed,2020-12-01,2020-01-01,2020-12-01,2021-01-01,2021-02-01,2021-03-01,val
000203,Beed,2021-01-01,2020-02-01,2021-01-01,2021-02-01,2021-03-01,2021-04-01,test
000204,Beed,2021-02-01,2020-03-01,2021-02-01,2021-03-01,2021-04-01,2021-05-01,test
000205,Beed,2021-03-01,2020-04-01,2021-03-01,2021-04-01,2021-05-01,2021-06-01,test
000206,Beed,2021-04-01,2020-05-01,2021-04-01,2021-05-01,2021-06-01,2021-07-01,test
000207,Beed,2021-05-01,2020-06-01,2021-05-01,2021-06-01,2021-07-01,2021-08-01,test
000208,Beed,2021-06-01,2020-07-01,2021-06-01,2021-07-01,2021-08-01,2021-09-01,test
000209,Beed,2021-07-01,2020-08-01,2021-07-01,2021-08-01,2021-09-01,2021-10-01,test
000210,Beed,2021-08-01,2020-09-01,2021-08-01,2021-09-01,2021-10-01,2021-11-01,test
000211,Beed,2021-09-01,2020-10-01,2021-09-01,2021-10-01,2021-11-01,2021-12-01,test
000212,Beed,2021-10-01,2020-11-01,2021-10-01,2021-11-01,2021-12-01,2022-01-01,test
000213,Beed,2021-11-01,2020-12-01,2021-11-01,2021-12-01,2022-01-01,2022-02-01,test
000214,Beed,2021-12-01,2021-01-01,2021-12-01,2022-01-01,2022-02-01,2022-03-01,test
000215,Beed,2022-01-01,2021-02-01,2022-01-01,2022-02-01,2022-03-01,2022-04-01,test
000216,Beed,2022-02-01,2021-03-01,2022-02-01,2022-03-01,2022-04-01,2022-05-01,test
000217,Beed,2022-03-01,2021-04-01,2022-03-01,2022-04-01,2022-05-01,2022-06-01,test
000218,Beed,2022-04-01,2021-05-01,2022-04-01,2022-05-01,2022-06-01,2022-07-01,test
000219,Beed,2022-05-01,2021-06-01,2022-05-01,2022-06-01,2022-07-01,2022-08-01,test
000220,Beed,2022-06-01,2021-07-01,2022-06-01,2022-07-01,2022-08-01,2022-09-01,test
000221,Beed,2022-07-01,2021-08-01,2022-07-01,2022-08-01,2022-09-01,2022-10-01,test
000222,Beed,2022-08-01,2021-09-01,2022-08-01,2022-09-01,2022-10-01,2022-11-01,test
000223,Beed,2022-09-01,2021-10-01,2022-09-01,2022-10-01,2022-11-01,2022-12-01,test
000224,Beed,2022-10-01,2021-11-01,2022-10-01,2022-11-01,2022-12-01,2023-01-01,test
000225,Beed,2022-11-01,2021-12-01,2022-11-01,2022-12-01,2023-01-01,2023-02-01,test
000226,Beed,2022-12-01,2022-01-01,2022-12-01,2023-01-01,2023-02-01,2023-03-01,test
000227,Beed,2023-01-01,2022-02-01,2023-01-01,2023-02-01,2023-03-01,2023-04-01,test
000228,Beed,2023-02-01,2022-03-01,2023-02-01,2023-03-01,2023-04-01,2023-05-01,test
000229,Beed,2023-03-01,2022-04-01,2023-03-01,2023-04-01,2023-05-01,2023-06-01,test
000230,Beed,2023-04-01,2022-05-01,2023-04-01,2023-05-01,2023-06-01,2023-07-01,test
000231,Beed,2023-05-01,2022-06-01,2023-05-01,2023-06-01,2023-07-01,2023-08-01,test
000232,Beed,2023-06-01,2022-07-01,2023-06-01,2023-07-01,2023-08-01,2023-09-01,test
000233,Beed,2023-07-01,2022-08-01,2023-07-01,2023-08-01,2023-09-01,2023-10-01,test
000234,Beed,2023-08-01,2022-09-01,2023-08-01,2023-09-01,2023-10-01,2023-11-01,test
000235,Beed,2023-09-01,2022-10-01,2023-09-01,2023-10-01,2023-11-01,2023-12-01,test
000236,Beed,2023-10-01,2022-11-01,2023-10-01,2023-11-01,2023-12-01,2024-01-01,test
000237,Beed,2023-11-01,2022-12-01,2023-11-01,2023-12-01,2024-01-01,2024-02-01,test
000238,Beed,2023-12-01,2023-01-01,2023-12-01,2024-01-01,2024-02-01,2024-03-01,test
000239,Beed,2024-01-01,2023-02-01,2024-01-01,2024-02-01,2024-03-01,2024-04-01,test
000240,Beed,2024-02-01,2023-03-01,2024-02-01,2024-03-01,2024-04-01,2024-05-01,test
000241,Beed,2024-03-01,2023-04-01,2024-03-01,2024-04-01,2024-05-01,2024-06-01,test
000242,Beed,2024-04-01,2023-05-01,2024-04-01,2024-05-01,2024-06-01,2024-07-01,test
000243,Beed,2024-05-01,2023-06-01,2024-05-01,2024-06-01,2024-07-01,2024-08-01,test
000244,Beed,2024-06-01,2023-07-01,2024-06-01,2024-07-01,2024-08-01,2024-09-01,test
000245,Beed,2024-07-01,2023-08-01,2024-07-01,2024-08-01,2024-09-01,2024-10-01,test
000246,Beed,2024-08-01,2023-09-01,2024-08-01,2024-09-01,2024-10-01,2024-11-01,test
000247,Beed,2024-09-01,2023-10-01,2024-09-01,2024-10-01,2024-11-01,2024-12-01,test
000248,Chhatrapati Sambhajinagar,2003-12-01,2003-01-01,2003-12-01,2004-01-01,2004-02-01,2004-03-01,train
000249,Chhatrapati Sambhajinagar,2004-01-01,2003-02-01,2004-01-01,2004-02-01,2004-03-01,2004-04-01,train
000250,Chhatrapati Sambhajinagar,2004-02-01,2003-03-01,2004-02-01,2004-03-01,2004-04-01,2004-05-01,train
000251,Chhatrapati Sambhajinagar,2004-03-01,2003-04-01,2004-03-01,2004-04-01,2004-05-01,2004-06-01,train
000252,Chhatrapati Sambhajinagar,2004-04-01,2003-05-01,2004-04-01,2004-05-01,2004-06-01,2004-07-01,train
000253,Chhatrapati Sambhajinagar,2004-05-01,2003-06-01,2004-05-01,2004-06-01,2004-07-01,2004-08-01,train
000254,Chhatrapati Sambhajinagar,2004-06-01,2003-07-01,2004-06-01,2004-07-01,2004-08-01,2004-09-01,train
000255,Chhatrapati Sambhajinagar,2004-07-01,2003-08-01,2004-07-01,2004-08-01,2004-09-01,2004-10-01,train
000256,Chhatrapati Sambhajinagar,2004-08-01,2003-09-01,2004-08-01,2004-09-01,2004-10-01,2004-11-01,train
000257,Chhatrapati Sambhajinagar,2004-09-01,2003-10-01,2004-09-01,2004-10-01,2004-11-01,2004-12-01,train
000258,Chhatrapati Sambhajinagar,2004-10-01,2003-11-01,2004-10-01,2004-11-01,2004-12-01,2005-01-01,train
000259,Chhatrapati Sambhajinagar,2004-11-01,2003-12-01,2004-11-01,2004-12-01,2005-01-01,2005-02-01,train
000260,Chhatrapati Sambhajinagar,2004-12-01,2004-01-01,2004-12-01,2005-01-01,2005-02-01,2005-03-01,train
000261,Chhatrapati Sambhajinagar,2005-01-01,2004-02-01,2005-01-01,2005-02-01,2005-03-01,2005-04-01,train
000262,Chhatrapati Sambhajinagar,2005-02-01,2004-03-01,2005-02-01,2005-03-01,2005-04-01,2005-05-01,train
000263,Chhatrapati Sambhajinagar,2005-03-01,2004-04-01,2005-03-01,2005-04-01,2005-05-01,2005-06-01,train
000264,Chhatrapati Sambhajinagar,2005-04-01,2004-05-01,2005-04-01,2005-05-01,2005-06-01,2005-07-01,train
000265,Chhatrapati Sambhajinagar,2005-05-01,2004-06-01,2005-05-01,2005-06-01,2005-07-01,2005-08-01,train
000266,Chhatrapati Sambhajinagar,2005-06-01,2004-07-01,2005-06-01,2005-07-01,2005-08-01,2005-09-01,train
000267,Chhatrapati Sambhajinagar,2005-07-01,2004-08-01,2005-07-01,2005-08-01,2005-09-01,2005-10-01,train
000268,Chhatrapati Sambhajinagar,2005-08-01,2004-09-01,2005-08-01,2005-09-01,2005-10-01,2005-11-01,train
000269,Chhatrapati Sambhajinagar,2005-09-01,2004-10-01,2005-09-01,2005-10-01,2005-11-01,2005-12-01,train
000270,Chhatrapati Sambhajinagar,2005-10-01,2004-11-01,2005-10-01,2005-11-01,2005-12-01,2006-01-01,train
000271,Chhatrapati Sambhajinagar,2005-11-01,2004-12-01,2005-11-01,2005-12-01,2006-01-01,2006-02-01,train
000272,Chhatrapati Sambhajinagar,2005-12-01,2005-01-01,2005-12-01,2006-01-01,2006-02-01,2006-03-01,train
000273,Chhatrapati Sambhajinagar,2006-01-01,2005-02-01,2006-01-01,2006-02-01,2006-03-01,2006-04-01,train
000274,Chhatrapati Sambhajinagar,2006-02-01,2005-03-01,2006-02-01,2006-03-01,2006-04-01,2006-05-01,train
000275,Chhatrapati Sambhajinagar,2006-03-01,2005-04-01,2006-03-01,2006-04-01,2006-05-01,2006-06-01,train
000276,Chhatrapati Sambhajinagar,2006-04-01,2005-05-01,2006-04-01,2006-05-01,2006-06-01,2006-07-01,train
000277,Chhatrapati Sambhajinagar,2006-05-01,2005-06-01,2006-05-01,2006-06-01,2006-07-01,2006-08-01,train
000278,Chhatrapati Sambhajinagar,2006-06-01,2005-07-01,2006-06-01,2006-07-01,2006-08-01,2006-09-01,train
000279,Chhatrapati Sambhajinagar,2006-07-01,2005-08-01,2006-07-01,2006-08-01,2006-09-01,2006-10-01,train
000280,Chhatrapati Sambhajinagar,2006-08-01,2005-09-01,2006-08-01,2006-09-01,2006-10-01,2006-11-01,train
000281,Chhatrapati Sambhajinagar,2006-09-01,2005-10-01,2006-09-01,2006-10-01,2006-11-01,2006-12-01,train
000282,Chhatrapati Sambhajinagar,2006-10-01,2005-11-01,2006-10-01,2006-11-01,2006-12-01,2007-01-01,train
000283,Chhatrapati Sambhajinagar,2006-11-01,2005-12-01,2006-11-01,2006-12-01,2007-01-01,2007-02-01,train
000284,Chhatrapati Sambhajinagar,2006-12-01,2006-01-01,2006-12-01,2007-01-01,2007-02-01,2007-03-01,train
000285,Chhatrapati Sambhajinagar,2007-01-01,2006-02-01,2007-01-01,2007-02-01,2007-03-01,2007-04-01,train
000286,Chhatrapati Sambhajinagar,2007-02-01,2006-03-01,2007-02-01,2007-03-01,2007-04-01,2007-05-01,train
000287,Chhatrapati Sambhajinagar,2007-03-01,2006-04-01,2007-03-01,2007-04-01,2007-05-01,2007-06-01,train
000288,Chhatrapati Sambhajinagar,2007-04-01,2006-05-01,2007-04-01,2007-05-01,2007-06-01,2007-07-01,train
000289,Chhatrapati Sambhajinagar,2007-05-01,2006-06-01,2007-05-01,2007-06-01,2007-07-01,2007-08-01,train
000290,Chhatrapati Sambhajinagar,2007-06-01,2006-07-01,2007-06-01,2007-07-01,2007-08-01,2007-09-01,train
000291,Chhatrapati Sambhajinagar,2007-07-01,2006-08-01,2007-07-01,2007-08-01,2007-09-01,2007-10-01,train
000292,Chhatrapati Sambhajinagar,2007-08-01,2006-09-01,2007-08-01,2007-09-01,2007-10-01,2007-11-01,train
000293,Chhatrapati Sambhajinagar,2007-09-01,2006-10-01,2007-09-01,2007-10-01,2007-11-01,2007-12-01,train
000294,Chhatrapati Sambhajinagar,2007-10-01,2006-11-01,2007-10-01,2007-11-01,2007-12-01,2008-01-01,train
000295,Chhatrapati Sambhajinagar,2007-11-01,2006-12-01,2007-11-01,2007-12-01,2008-01-01,2008-02-01,train
000296,Chhatrapati Sambhajinagar,2007-12-01,2007-01-01,2007-12-01,2008-01-01,2008-02-01,2008-03-01,train
000297,Chhatrapati Sambhajinagar,2008-01-01,2007-02-01,2008-01-01,2008-02-01,2008-03-01,2008-04-01,train
000298,Chhatrapati Sambhajinagar,2008-02-01,2007-03-01,2008-02-01,2008-03-01,2008-04-01,2008-05-01,train
000299,Chhatrapati Sambhajinagar,2008-03-01,2007-04-01,2008-03-01,2008-04-01,2008-05-01,2008-06-01,train
000300,Chhatrapati Sambhajinagar,2008-04-01,2007-05-01,2008-04-01,2008-05-01,2008-06-01,2008-07-01,train
000301,Chhatrapati Sambhajinagar,2008-05-01,2007-06-01,2008-05-01,2008-06-01,2008-07-01,2008-08-01,train
000302,Chhatrapati Sambhajinagar,2008-06-01,2007-07-01,2008-06-01,2008-07-01,2008-08-01,2008-09-01,train
000303,Chhatrapati Sambhajinagar,2008-07-01,2007-08-01,2008-07-01,2008-08-01,2008-09-01,2008-10-01,train
000304,Chhatrapati Sambhajinagar,2008-08-01,2007-09-01,2008-08-01,2008-09-01,2008-10-01,2008-11-01,train
000305,Chhatrapati Sambhajinagar,2008-09-01,2007-10-01,2008-09-01,2008-10-01,2008-11-01,2008-12-01,train
000306,Chhatrapati Sambhajinagar,2008-10-01,2007-11-01,2008-10-01,2008-11-01,2008-12-01,2009-01-01,train
000307,Chhatrapati Sambhajinagar,2008-11-01,2007-12-01,2008-11-01,2008-12-01,2009-01-01,2009-02-01,train
000308,Chhatrapati Sambhajinagar,2008-12-01,2008-01-01,2008-12-01,2009-01-01,2009-02-01,2009-03-01,train
000309,Chhatrapati Sambhajinagar,2009-01-01,2008-02-01,2009-01-01,2009-02-01,2009-03-01,2009-04-01,train
000310,Chhatrapati Sambhajinagar,2009-02-01,2008-03-01,2009-02-01,2009-03-01,2009-04-01,2009-05-01,train
000311,Chhatrapati Sambhajinagar,2009-03-01,2008-04-01,2009-03-01,2009-04-01,2009-05-01,2009-06-01,train
000312,Chhatrapati Sambhajinagar,2009-04-01,2008-05-01,2009-04-01,2009-05-01,2009-06-01,2009-07-01,train
000313,Chhatrapati Sambhajinagar,2009-05-01,2008-06-01,2009-05-01,2009-06-01,2009-07-01,2009-08-01,train
000314,Chhatrapati Sambhajinagar,2009-06-01,2008-07-01,2009-06-01,2009-07-01,2009-08-01,2009-09-01,train
000315,Chhatrapati Sambhajinagar,2009-07-01,2008-08-01,2009-07-01,2009-08-01,2009-09-01,2009-10-01,train
000316,Chhatrapati Sambhajinagar,2009-08-01,2008-09-01,2009-08-01,2009-09-01,2009-10-01,2009-11-01,train
000317,Chhatrapati Sambhajinagar,2009-09-01,2008-10-01,2009-09-01,2009-10-01,2009-11-01,2009-12-01,train
000318,Chhatrapati Sambhajinagar,2009-10-01,2008-11-01,2009-10-01,2009-11-01,2009-12-01,2010-01-01,train
000319,Chhatrapati Sambhajinagar,2009-11-01,2008-12-01,2009-11-01,2009-12-01,2010-01-01,2010-02-01,train
000320,Chhatrapati Sambhajinagar,2009-12-01,2009-01-01,2009-12-01,2010-01-01,2010-02-01,2010-03-01,train
000321,Chhatrapati Sambhajinagar,2010-01-01,2009-02-01,2010-01-01,2010-02-01,2010-03-01,2010-04-01,train
000322,Chhatrapati Sambhajinagar,2010-02-01,2009-03-01,2010-02-01,2010-03-01,2010-04-01,2010-05-01,train
000323,Chhatrapati Sambhajinagar,2010-03-01,2009-04-01,2010-03-01,2010-04-01,2010-05-01,2010-06-01,train
000324,Chhatrapati Sambhajinagar,2010-04-01,2009-05-01,2010-04-01,2010-05-01,2010-06-01,2010-07-01,train
000325,Chhatrapati Sambhajinagar,2010-05-01,2009-06-01,2010-05-01,2010-06-01,2010-07-01,2010-08-01,train
000326,Chhatrapati Sambhajinagar,2010-06-01,2009-07-01,2010-06-01,2010-07-01,2010-08-01,2010-09-01,train
000327,Chhatrapati Sambhajinagar,2010-07-01,2009-08-01,2010-07-01,2010-08-01,2010-09-01,2010-10-01,train
000328,Chhatrapati Sambhajinagar,2010-08-01,2009-09-01,2010-08-01,2010-09-01,2010-10-01,2010-11-01,train
000329,Chhatrapati Sambhajinagar,2010-09-01,2009-10-01,2010-09-01,2010-10-01,2010-11-01,2010-12-01,train
000330,Chhatrapati Sambhajinagar,2010-10-01,2009-11-01,2010-10-01,2010-11-01,2010-12-01,2011-01-01,train
000331,Chhatrapati Sambhajinagar,2010-11-01,2009-12-01,2010-11-01,2010-12-01,2011-01-01,2011-02-01,train
000332,Chhatrapati Sambhajinagar,2010-12-01,2010-01-01,2010-12-01,2011-01-01,2011-02-01,2011-03-01,train
000333,Chhatrapati Sambhajinagar,2011-01-01,2010-02-01,2011-01-01,2011-02-01,2011-03-01,2011-04-01,train
000334,Chhatrapati Sambhajinagar,2011-02-01,2010-03-01,2011-02-01,2011-03-01,2011-04-01,2011-05-01,train
000335,Chhatrapati Sambhajinagar,2011-03-01,2010-04-01,2011-03-01,2011-04-01,2011-05-01,2011-06-01,train
000336,Chhatrapati Sambhajinagar,2011-04-01,2010-05-01,2011-04-01,2011-05-01,2011-06-01,2011-07-01,train
000337,Chhatrapati Sambhajinagar,2011-05-01,2010-06-01,2011-05-01,2011-06-01,2011-07-01,2011-08-01,train
000338,Chhatrapati Sambhajinagar,2011-06-01,2010-07-01,2011-06-01,2011-07-01,2011-08-01,2011-09-01,train
000339,Chhatrapati Sambhajinagar,2011-07-01,2010-08-01,2011-07-01,2011-08-01,2011-09-01,2011-10-01,train
000340,Chhatrapati Sambhajinagar,2011-08-01,2010-09-01,2011-08-01,2011-09-01,2011-10-01,2011-11-01,train
000341,Chhatrapati Sambhajinagar,2011-09-01,2010-10-01,2011-09-01,2011-10-01,2011-11-01,2011-12-01,train
000342,Chhatrapati Sambhajinagar,2011-10-01,2010-11-01,2011-10-01,2011-11-01,2011-12-01,2012-01-01,train
000343,Chhatrapati Sambhajinagar,2011-11-01,2010-12-01,2011-11-01,2011-12-01,2012-01-01,2012-02-01,train
000344,Chhatrapati Sambhajinagar,2011-12-01,2011-01-01,2011-12-01,2012-01-01,2012-02-01,2012-03-01,train
000345,Chhatrapati Sambhajinagar,2012-01-01,2011-02-01,2012-01-01,2012-02-01,2012-03-01,2012-04-01,train
000346,Chhatrapati Sambhajinagar,2012-02-01,2011-03-01,2012-02-01,2012-03-01,2012-04-01,2012-05-01,train
000347,Chhatrapati Sambhajinagar,2012-03-01,2011-04-01,2012-03-01,2012-04-01,2012-05-01,2012-06-01,train
000348,Chhatrapati Sambhajinagar,2012-04-01,2011-05-01,2012-04-01,2012-05-01,2012-06-01,2012-07-01,train
000349,Chhatrapati Sambhajinagar,2012-05-01,2011-06-01,2012-05-01,2012-06-01,2012-07-01,2012-08-01,train
000350,Chhatrapati Sambhajinagar,2012-06-01,2011-07-01,2012-06-01,2012-07-01,2012-08-01,2012-09-01,train
000351,Chhatrapati Sambhajinagar,2012-07-01,2011-08-01,2012-07-01,2012-08-01,2012-09-01,2012-10-01,train
000352,Chhatrapati Sambhajinagar,2012-08-01,2011-09-01,2012-08-01,2012-09-01,2012-10-01,2012-11-01,train
000353,Chhatrapati Sambhajinagar,2012-09-01,2011-10-01,2012-09-01,2012-10-01,2012-11-01,2012-12-01,train
000354,Chhatrapati Sambhajinagar,2012-10-01,2011-11-01,2012-10-01,2012-11-01,2012-12-01,2013-01-01,train
000355,Chhatrapati Sambhajinagar,2012-11-01,2011-12-01,2012-11-01,2012-12-01,2013-01-01,2013-02-01,train
000356,Chhatrapati Sambhajinagar,2012-12-01,2012-01-01,2012-12-01,2013-01-01,2013-02-01,2013-03-01,train
000357,Chhatrapati Sambhajinagar,2013-01-01,2012-02-01,2013-01-01,2013-02-01,2013-03-01,2013-04-01,train
000358,Chhatrapati Sambhajinagar,2013-02-01,2012-03-01,2013-02-01,2013-03-01,2013-04-01,2013-05-01,train
000359,Chhatrapati Sambhajinagar,2013-03-01,2012-04-01,2013-03-01,2013-04-01,2013-05-01,2013-06-01,train
000360,Chhatrapati Sambhajinagar,2013-04-01,2012-05-01,2013-04-01,2013-05-01,2013-06-01,2013-07-01,train
000361,Chhatrapati Sambhajinagar,2013-05-01,2012-06-01,2013-05-01,2013-06-01,2013-07-01,2013-08-01,train
000362,Chhatrapati Sambhajinagar,2013-06-01,2012-07-01,2013-06-01,2013-07-01,2013-08-01,2013-09-01,train
000363,Chhatrapati Sambhajinagar,2013-07-01,2012-08-01,2013-07-01,2013-08-01,2013-09-01,2013-10-01,train
000364,Chhatrapati Sambhajinagar,2013-08-01,2012-09-01,2013-08-01,2013-09-01,2013-10-01,2013-11-01,train
000365,Chhatrapati Sambhajinagar,2013-09-01,2012-10-01,2013-09-01,2013-10-01,2013-11-01,2013-12-01,train
000366,Chhatrapati Sambhajinagar,2013-10-01,2012-11-01,2013-10-01,2013-11-01,2013-12-01,2014-01-01,train
000367,Chhatrapati Sambhajinagar,2013-11-01,2012-12-01,2013-11-01,2013-12-01,2014-01-01,2014-02-01,train
000368,Chhatrapati Sambhajinagar,2013-12-01,2013-01-01,2013-12-01,2014-01-01,2014-02-01,2014-03-01,train
000369,Chhatrapati Sambhajinagar,2014-01-01,2013-02-01,2014-01-01,2014-02-01,2014-03-01,2014-04-01,train
000370,Chhatrapati Sambhajinagar,2014-02-01,2013-03-01,2014-02-01,2014-03-01,2014-04-01,2014-05-01,train
000371,Chhatrapati Sambhajinagar,2014-03-01,2013-04-01,2014-03-01,2014-04-01,2014-05-01,2014-06-01,train
000372,Chhatrapati Sambhajinagar,2014-04-01,2013-05-01,2014-04-01,2014-05-01,2014-06-01,2014-07-01,train
000373,Chhatrapati Sambhajinagar,2014-05-01,2013-06-01,2014-05-01,2014-06-01,2014-07-01,2014-08-01,train
000374,Chhatrapati Sambhajinagar,2014-06-01,2013-07-01,2014-06-01,2014-07-01,2014-08-01,2014-09-01,train
000375,Chhatrapati Sambhajinagar,2014-07-01,2013-08-01,2014-07-01,2014-08-01,2014-09-01,2014-10-01,train
000376,Chhatrapati Sambhajinagar,2014-08-01,2013-09-01,2014-08-01,2014-09-01,2014-10-01,2014-11-01,train
000377,Chhatrapati Sambhajinagar,2014-09-01,2013-10-01,2014-09-01,2014-10-01,2014-11-01,2014-12-01,train
000378,Chhatrapati Sambhajinagar,2014-10-01,2013-11-01,2014-10-01,2014-11-01,2014-12-01,2015-01-01,train
000379,Chhatrapati Sambhajinagar,2014-11-01,2013-12-01,2014-11-01,2014-12-01,2015-01-01,2015-02-01,train
000380,Chhatrapati Sambhajinagar,2014-12-01,2014-01-01,2014-12-01,2015-01-01,2015-02-01,2015-03-01,train
000381,Chhatrapati Sambhajinagar,2015-01-01,2014-02-01,2015-01-01,2015-02-01,2015-03-01,2015-04-01,train
000382,Chhatrapati Sambhajinagar,2015-02-01,2014-03-01,2015-02-01,2015-03-01,2015-04-01,2015-05-01,train
000383,Chhatrapati Sambhajinagar,2015-03-01,2014-04-01,2015-03-01,2015-04-01,2015-05-01,2015-06-01,train
000384,Chhatrapati Sambhajinagar,2015-04-01,2014-05-01,2015-04-01,2015-05-01,2015-06-01,2015-07-01,train
000385,Chhatrapati Sambhajinagar,2015-05-01,2014-06-01,2015-05-01,2015-06-01,2015-07-01,2015-08-01,train
000386,Chhatrapati Sambhajinagar,2015-06-01,2014-07-01,2015-06-01,2015-07-01,2015-08-01,2015-09-01,train
000387,Chhatrapati Sambhajinagar,2015-07-01,2014-08-01,2015-07-01,2015-08-01,2015-09-01,2015-10-01,train
000388,Chhatrapati Sambhajinagar,2015-08-01,2014-09-01,2015-08-01,2015-09-01,2015-10-01,2015-11-01,train
000389,Chhatrapati Sambhajinagar,2015-09-01,2014-10-01,2015-09-01,2015-10-01,2015-11-01,2015-12-01,train
000390,Chhatrapati Sambhajinagar,2015-10-01,2014-11-01,2015-10-01,2015-11-01,2015-12-01,2016-01-01,train
000391,Chhatrapati Sambhajinagar,2015-11-01,2014-12-01,2015-11-01,2015-12-01,2016-01-01,2016-02-01,train
000392,Chhatrapati Sambhajinagar,2015-12-01,2015-01-01,2015-12-01,2016-01-01,2016-02-01,2016-03-01,train
000393,Chhatrapati Sambhajinagar,2016-01-01,2015-02-01,2016-01-01,2016-02-01,2016-03-01,2016-04-01,train
000394,Chhatrapati Sambhajinagar,2016-02-01,2015-03-01,2016-02-01,2016-03-01,2016-04-01,2016-05-01,train
000395,Chhatrapati Sambhajinagar,2016-03-01,2015-04-01,2016-03-01,2016-04-01,2016-05-01,2016-06-01,train
000396,Chhatrapati Sambhajinagar,2016-04-01,2015-05-01,2016-04-01,2016-05-01,2016-06-01,2016-07-01,train
000397,Chhatrapati Sambhajinagar,2016-05-01,2015-06-01,2016-05-01,2016-06-01,2016-07-01,2016-08-01,train
000398,Chhatrapati Sambhajinagar,2016-06-01,2015-07-01,2016-06-01,2016-07-01,2016-08-01,2016-09-01,train
000399,Chhatrapati Sambhajinagar,2016-07-01,2015-08-01,2016-07-01,2016-08-01,2016-09-01,2016-10-01,train
000400,Chhatrapati Sambhajinagar,2016-08-01,2015-09-01,2016-08-01,2016-09-01,2016-10-01,2016-11-01,train
000401,Chhatrapati Sambhajinagar,2016-09-01,2015-10-01,2016-09-01,2016-10-01,2016-11-01,2016-12-01,train
000402,Chhatrapati Sambhajinagar,2016-10-01,2015-11-01,2016-10-01,2016-11-01,2016-12-01,2017-01-01,train
000403,Chhatrapati Sambhajinagar,2016-11-01,2015-12-01,2016-11-01,2016-12-01,2017-01-01,2017-02-01,train
000404,Chhatrapati Sambhajinagar,2016-12-01,2016-01-01,2016-12-01,2017-01-01,2017-02-01,2017-03-01,train
000405,Chhatrapati Sambhajinagar,2017-01-01,2016-02-01,2017-01-01,2017-02-01,2017-03-01,2017-04-01,train
000406,Chhatrapati Sambhajinagar,2017-02-01,2016-03-01,2017-02-01,2017-03-01,2017-04-01,2017-05-01,train
000407,Chhatrapati Sambhajinagar,2017-03-01,2016-04-01,2017-03-01,2017-04-01,2017-05-01,2017-06-01,train
000408,Chhatrapati Sambhajinagar,2017-04-01,2016-05-01,2017-04-01,2017-05-01,2017-06-01,2017-07-01,train
000409,Chhatrapati Sambhajinagar,2017-05-01,2016-06-01,2017-05-01,2017-06-01,2017-07-01,2017-08-01,train
000410,Chhatrapati Sambhajinagar,2017-06-01,2016-07-01,2017-06-01,2017-07-01,2017-08-01,2017-09-01,train
000411,Chhatrapati Sambhajinagar,2017-07-01,2016-08-01,2017-07-01,2017-08-01,2017-09-01,2017-10-01,train
000412,Chhatrapati Sambhajinagar,2017-08-01,2016-09-01,2017-08-01,2017-09-01,2017-10-01,2017-11-01,train
000413,Chhatrapati Sambhajinagar,2017-09-01,2016-10-01,2017-09-01,2017-10-01,2017-11-01,2017-12-01,train
000414,Chhatrapati Sambhajinagar,2018-01-01,2017-02-01,2018-01-01,2018-02-01,2018-03-01,2018-04-01,val
000415,Chhatrapati Sambhajinagar,2018-02-01,2017-03-01,2018-02-01,2018-03-01,2018-04-01,2018-05-01,val
000416,Chhatrapati Sambhajinagar,2018-03-01,2017-04-01,2018-03-01,2018-04-01,2018-05-01,2018-06-01,val
000417,Chhatrapati Sambhajinagar,2018-04-01,2017-05-01,2018-04-01,2018-05-01,2018-06-01,2018-07-01,val
000418,Chhatrapati Sambhajinagar,2018-05-01,2017-06-01,2018-05-01,2018-06-01,2018-07-01,2018-08-01,val
000419,Chhatrapati Sambhajinagar,2018-06-01,2017-07-01,2018-06-01,2018-07-01,2018-08-01,2018-09-01,val
000420,Chhatrapati Sambhajinagar,2018-07-01,2017-08-01,2018-07-01,2018-08-01,2018-09-01,2018-10-01,val
000421,Chhatrapati Sambhajinagar,2018-08-01,2017-09-01,2018-08-01,2018-09-01,2018-10-01,2018-11-01,val
000422,Chhatrapati Sambhajinagar,2018-09-01,2017-10-01,2018-09-01,2018-10-01,2018-11-01,2018-12-01,val
000423,Chhatrapati Sambhajinagar,2018-10-01,2017-11-01,2018-10-01,2018-11-01,2018-12-01,2019-01-01,val
000424,Chhatrapati Sambhajinagar,2018-11-01,2017-12-01,2018-11-01,2018-12-01,2019-01-01,2019-02-01,val
000425,Chhatrapati Sambhajinagar,2018-12-01,2018-01-01,2018-12-01,2019-01-01,2019-02-01,2019-03-01,val
000426,Chhatrapati Sambhajinagar,2019-01-01,2018-02-01,2019-01-01,2019-02-01,2019-03-01,2019-04-01,val
000427,Chhatrapati Sambhajinagar,2019-02-01,2018-03-01,2019-02-01,2019-03-01,2019-04-01,2019-05-01,val
000428,Chhatrapati Sambhajinagar,2019-03-01,2018-04-01,2019-03-01,2019-04-01,2019-05-01,2019-06-01,val
000429,Chhatrapati Sambhajinagar,2019-04-01,2018-05-01,2019-04-01,2019-05-01,2019-06-01,2019-07-01,val
000430,Chhatrapati Sambhajinagar,2019-05-01,2018-06-01,2019-05-01,2019-06-01,2019-07-01,2019-08-01,val
000431,Chhatrapati Sambhajinagar,2019-06-01,2018-07-01,2019-06-01,2019-07-01,2019-08-01,2019-09-01,val
000432,Chhatrapati Sambhajinagar,2019-07-01,2018-08-01,2019-07-01,2019-08-01,2019-09-01,2019-10-01,val
000433,Chhatrapati Sambhajinagar,2019-08-01,2018-09-01,2019-08-01,2019-09-01,2019-10-01,2019-11-01,val
000434,Chhatrapati Sambhajinagar,2019-09-01,2018-10-01,2019-09-01,2019-10-01,2019-11-01,2019-12-01,val
000435,Chhatrapati Sambhajinagar,2019-10-01,2018-11-01,2019-10-01,2019-11-01,2019-12-01,2020-01-01,val
000436,Chhatrapati Sambhajinagar,2019-11-01,2018-12-01,2019-11-01,2019-12-01,2020-01-01,2020-02-01,val
000437,Chhatrapati Sambhajinagar,2019-12-01,2019-01-01,2019-12-01,2020-01-01,2020-02-01,2020-03-01,val
000438,Chhatrapati Sambhajinagar,2020-01-01,2019-02-01,2020-01-01,2020-02-01,2020-03-01,2020-04-01,val
000439,Chhatrapati Sambhajinagar,2020-02-01,2019-03-01,2020-02-01,2020-03-01,2020-04-01,2020-05-01,val
000440,Chhatrapati Sambhajinagar,2020-03-01,2019-04-01,2020-03-01,2020-04-01,2020-05-01,2020-06-01,val
000441,Chhatrapati Sambhajinagar,2020-04-01,2019-05-01,2020-04-01,2020-05-01,2020-06-01,2020-07-01,val
000442,Chhatrapati Sambhajinagar,2020-05-01,2019-06-01,2020-05-01,2020-06-01,2020-07-01,2020-08-01,val
000443,Chhatrapati Sambhajinagar,2020-06-01,2019-07-01,2020-06-01,2020-07-01,2020-08-01,2020-09-01,val
000444,Chhatrapati Sambhajinagar,2020-07-01,2019-08-01,2020-07-01,2020-08-01,2020-09-01,2020-10-01,val
000445,Chhatrapati Sambhajinagar,2020-08-01,2019-09-01,2020-08-01,2020-09-01,2020-10-01,2020-11-01,val
000446,Chhatrapati Sambhajinagar,2020-09-01,2019-10-01,2020-09-01,2020-10-01,2020-11-01,2020-12-01,val
000447,Chhatrapati Sambhajinagar,2020-10-01,2019-11-01,2020-10-01,2020-11-01,2020-12-01,2021-01-01,val
000448,Chhatrapati Sambhajinagar,2020-11-01,2019-12-01,2020-11-01,2020-12-01,2021-01-01,2021-02-01,val
000449,Chhatrapati Sambhajinagar,2020-12-01,2020-01-01,2020-12-01,2021-01-01,2021-02-01,2021-03-01,val
000450,Chhatrapati Sambhajinagar,2021-01-01,2020-02-01,2021-01-01,2021-02-01,2021-03-01,2021-04-01,test
000451,Chhatrapati Sambhajinagar,2021-02-01,2020-03-01,2021-02-01,2021-03-01,2021-04-01,2021-05-01,test
000452,Chhatrapati Sambhajinagar,2021-03-01,2020-04-01,2021-03-01,2021-04-01,2021-05-01,2021-06-01,test
000453,Chhatrapati Sambhajinagar,2021-04-01,2020-05-01,2021-04-01,2021-05-01,2021-06-01,2021-07-01,test
000454,Chhatrapati Sambhajinagar,2021-05-01,2020-06-01,2021-05-01,2021-06-01,2021-07-01,2021-08-01,test
000455,Chhatrapati Sambhajinagar,2021-06-01,2020-07-01,2021-06-01,2021-07-01,2021-08-01,2021-09-01,test
000456,Chhatrapati Sambhajinagar,2021-07-01,2020-08-01,2021-07-01,2021-08-01,2021-09-01,2021-10-01,test
000457,Chhatrapati Sambhajinagar,2021-08-01,2020-09-01,2021-08-01,2021-09-01,2021-10-01,2021-11-01,test
000458,Chhatrapati Sambhajinagar,2021-09-01,2020-10-01,2021-09-01,2021-10-01,2021-11-01,2021-12-01,test
000459,Chhatrapati Sambhajinagar,2021-10-01,2020-11-01,2021-10-01,2021-11-01,2021-12-01,2022-01-01,test
000460,Chhatrapati Sambhajinagar,2021-11-01,2020-12-01,2021-11-01,2021-12-01,2022-01-01,2022-02-01,test
000461,Chhatrapati Sambhajinagar,2021-12-01,2021-01-01,2021-12-01,2022-01-01,2022-02-01,2022-03-01,test
000462,Chhatrapati Sambhajinagar,2022-01-01,2021-02-01,2022-01-01,2022-02-01,2022-03-01,2022-04-01,test
000463,Chhatrapati Sambhajinagar,2022-02-01,2021-03-01,2022-02-01,2022-03-01,2022-04-01,2022-05-01,test
000464,Chhatrapati Sambhajinagar,2022-03-01,2021-04-01,2022-03-01,2022-04-01,2022-05-01,2022-06-01,test
000465,Chhatrapati Sambhajinagar,2022-04-01,2021-05-01,2022-04-01,2022-05-01,2022-06-01,2022-07-01,test
000466,Chhatrapati Sambhajinagar,2022-05-01,2021-06-01,2022-05-01,2022-06-01,2022-07-01,2022-08-01,test
000467,Chhatrapati Sambhajinagar,2022-06-01,2021-07-01,2022-06-01,2022-07-01,2022-08-01,2022-09-01,test
000468,Chhatrapati Sambhajinagar,2022-07-01,2021-08-01,2022-07-01,2022-08-01,2022-09-01,2022-10-01,test
000469,Chhatrapati Sambhajinagar,2022-08-01,2021-09-01,2022-08-01,2022-09-01,2022-10-01,2022-11-01,test
000470,Chhatrapati Sambhajinagar,2022-09-01,2021-10-01,2022-09-01,2022-10-01,2022-11-01,2022-12-01,test
000471,Chhatrapati Sambhajinagar,2022-10-01,2021-11-01,2022-10-01,2022-11-01,2022-12-01,2023-01-01,test
000472,Chhatrapati Sambhajinagar,2022-11-01,2021-12-01,2022-11-01,2022-12-01,2023-01-01,2023-02-01,test
000473,Chhatrapati Sambhajinagar,2022-12-01,2022-01-01,2022-12-01,2023-01-01,2023-02-01,2023-03-01,test
000474,Chhatrapati Sambhajinagar,2023-01-01,2022-02-01,2023-01-01,2023-02-01,2023-03-01,2023-04-01,test
000475,Chhatrapati Sambhajinagar,2023-02-01,2022-03-01,2023-02-01,2023-03-01,2023-04-01,2023-05-01,test
000476,Chhatrapati Sambhajinagar,2023-03-01,2022-04-01,2023-03-01,2023-04-01,2023-05-01,2023-06-01,test
000477,Chhatrapati Sambhajinagar,2023-04-01,2022-05-01,2023-04-01,2023-05-01,2023-06-01,2023-07-01,test
000478,Chhatrapati Sambhajinagar,2023-05-01,2022-06-01,2023-05-01,2023-06-01,2023-07-01,2023-08-01,test
000479,Chhatrapati Sambhajinagar,2023-06-01,2022-07-01,2023-06-01,2023-07-01,2023-08-01,2023-09-01,test
000480,Chhatrapati Sambhajinagar,2023-07-01,2022-08-01,2023-07-01,2023-08-01,2023-09-01,2023-10-01,test
000481,Chhatrapati Sambhajinagar,2023-08-01,2022-09-01,2023-08-01,2023-09-01,2023-10-01,2023-11-01,test
000482,Chhatrapati Sambhajinagar,2023-09-01,2022-10-01,2023-09-01,2023-10-01,2023-11-01,2023-12-01,test
000483,Chhatrapati Sambhajinagar,2023-10-01,2022-11-01,2023-10-01,2023-11-01,2023-12-01,2024-01-01,test
000484,Chhatrapati Sambhajinagar,2023-11-01,2022-12-01,2023-11-01,2023-12-01,2024-01-01,2024-02-01,test
000485,Chhatrapati Sambhajinagar,2023-12-01,2023-01-01,2023-12-01,2024-01-01,2024-02-01,2024-03-01,test
000486,Chhatrapati Sambhajinagar,2024-01-01,2023-02-01,2024-01-01,2024-02-01,2024-03-01,2024-04-01,test
000487,Chhatrapati Sambhajinagar,2024-02-01,2023-03-01,2024-02-01,2024-03-01,2024-04-01,2024-05-01,test
000488,Chhatrapati Sambhajinagar,2024-03-01,2023-04-01,2024-03-01,2024-04-01,2024-05-01,2024-06-01,test
000489,Chhatrapati Sambhajinagar,2024-04-01,2023-05-01,2024-04-01,2024-05-01,2024-06-01,2024-07-01,test
000490,Chhatrapati Sambhajinagar,2024-05-01,2023-06-01,2024-05-01,2024-06-01,2024-07-01,2024-08-01,test
000491,Chhatrapati Sambhajinagar,2024-06-01,2023-07-01,2024-06-01,2024-07-01,2024-08-01,2024-09-01,test
000492,Chhatrapati Sambhajinagar,2024-07-01,2023-08-01,2024-07-01,2024-08-01,2024-09-01,2024-10-01,test
000493,Chhatrapati Sambhajinagar,2024-08-01,2023-09-01,2024-08-01,2024-09-01,2024-10-01,2024-11-01,test
000494,Chhatrapati Sambhajinagar,2024-09-01,2023-10-01,2024-09-01,2024-10-01,2024-11-01,2024-12-01,test
000495,Dharashiv,2003-12-01,2003-01-01,2003-12-01,2004-01-01,2004-02-01,2004-03-01,train
000496,Dharashiv,2004-01-01,2003-02-01,2004-01-01,2004-02-01,2004-03-01,2004-04-01,train
000497,Dharashiv,2004-02-01,2003-03-01,2004-02-01,2004-03-01,2004-04-01,2004-05-01,train
000498,Dharashiv,2004-03-01,2003-04-01,2004-03-01,2004-04-01,2004-05-01,2004-06-01,train
000499,Dharashiv,2004-04-01,2003-05-01,2004-04-01,2004-05-01,2004-06-01,2004-07-01,train
000500,Dharashiv,2004-05-01,2003-06-01,2004-05-01,2004-06-01,2004-07-01,2004-08-01,train
000501,Dharashiv,2004-06-01,2003-07-01,2004-06-01,2004-07-01,2004-08-01,2004-09-01,train
000502,Dharashiv,2004-07-01,2003-08-01,2004-07-01,2004-08-01,2004-09-01,2004-10-01,train
000503,Dharashiv,2004-08-01,2003-09-01,2004-08-01,2004-09-01,2004-10-01,2004-11-01,train
000504,Dharashiv,2004-09-01,2003-10-01,2004-09-01,2004-10-01,2004-11-01,2004-12-01,train
000505,Dharashiv,2004-10-01,2003-11-01,2004-10-01,2004-11-01,2004-12-01,2005-01-01,train
000506,Dharashiv,2004-11-01,2003-12-01,2004-11-01,2004-12-01,2005-01-01,2005-02-01,train
000507,Dharashiv,2004-12-01,2004-01-01,2004-12-01,2005-01-01,2005-02-01,2005-03-01,train
000508,Dharashiv,2005-01-01,2004-02-01,2005-01-01,2005-02-01,2005-03-01,2005-04-01,train
000509,Dharashiv,2005-02-01,2004-03-01,2005-02-01,2005-03-01,2005-04-01,2005-05-01,train
000510,Dharashiv,2005-03-01,2004-04-01,2005-03-01,2005-04-01,2005-05-01,2005-06-01,train
000511,Dharashiv,2005-04-01,2004-05-01,2005-04-01,2005-05-01,2005-06-01,2005-07-01,train
000512,Dharashiv,2005-05-01,2004-06-01,2005-05-01,2005-06-01,2005-07-01,2005-08-01,train
000513,Dharashiv,2005-06-01,2004-07-01,2005-06-01,2005-07-01,2005-08-01,2005-09-01,train
000514,Dharashiv,2005-07-01,2004-08-01,2005-07-01,2005-08-01,2005-09-01,2005-10-01,train
000515,Dharashiv,2005-08-01,2004-09-01,2005-08-01,2005-09-01,2005-10-01,2005-11-01,train
000516,Dharashiv,2005-09-01,2004-10-01,2005-09-01,2005-10-01,2005-11-01,2005-12-01,train
000517,Dharashiv,2005-10-01,2004-11-01,2005-10-01,2005-11-01,2005-12-01,2006-01-01,train
000518,Dharashiv,2005-11-01,2004-12-01,2005-11-01,2005-12-01,2006-01-01,2006-02-01,train
000519,Dharashiv,2005-12-01,2005-01-01,2005-12-01,2006-01-01,2006-02-01,2006-03-01,train
000520,Dharashiv,2006-01-01,2005-02-01,2006-01-01,2006-02-01,2006-03-01,2006-04-01,train
000521,Dharashiv,2006-02-01,2005-03-01,2006-02-01,2006-03-01,2006-04-01,2006-05-01,train
000522,Dharashiv,2006-03-01,2005-04-01,2006-03-01,2006-04-01,2006-05-01,2006-06-01,train
000523,Dharashiv,2006-04-01,2005-05-01,2006-04-01,2006-05-01,2006-06-01,2006-07-01,train
000524,Dharashiv,2006-05-01,2005-06-01,2006-05-01,2006-06-01,2006-07-01,2006-08-01,train
000525,Dharashiv,2006-06-01,2005-07-01,2006-06-01,2006-07-01,2006-08-01,2006-09-01,train
000526,Dharashiv,2006-07-01,2005-08-01,2006-07-01,2006-08-01,2006-09-01,2006-10-01,train
000527,Dharashiv,2006-08-01,2005-09-01,2006-08-01,2006-09-01,2006-10-01,2006-11-01,train
000528,Dharashiv,2006-09-01,2005-10-01,2006-09-01,2006-10-01,2006-11-01,2006-12-01,train
000529,Dharashiv,2006-10-01,2005-11-01,2006-10-01,2006-11-01,2006-12-01,2007-01-01,train
000530,Dharashiv,2006-11-01,2005-12-01,2006-11-01,2006-12-01,2007-01-01,2007-02-01,train
000531,Dharashiv,2006-12-01,2006-01-01,2006-12-01,2007-01-01,2007-02-01,2007-03-01,train
000532,Dharashiv,2007-01-01,2006-02-01,2007-01-01,2007-02-01,2007-03-01,2007-04-01,train
000533,Dharashiv,2007-02-01,2006-03-01,2007-02-01,2007-03-01,2007-04-01,2007-05-01,train
000534,Dharashiv,2007-03-01,2006-04-01,2007-03-01,2007-04-01,2007-05-01,2007-06-01,train
000535,Dharashiv,2007-04-01,2006-05-01,2007-04-01,2007-05-01,2007-06-01,2007-07-01,train
000536,Dharashiv,2007-05-01,2006-06-01,2007-05-01,2007-06-01,2007-07-01,2007-08-01,train
000537,Dharashiv,2007-06-01,2006-07-01,2007-06-01,2007-07-01,2007-08-01,2007-09-01,train
000538,Dharashiv,2007-07-01,2006-08-01,2007-07-01,2007-08-01,2007-09-01,2007-10-01,train
000539,Dharashiv,2007-08-01,2006-09-01,2007-08-01,2007-09-01,2007-10-01,2007-11-01,train
000540,Dharashiv,2007-09-01,2006-10-01,2007-09-01,2007-10-01,2007-11-01,2007-12-01,train
000541,Dharashiv,2007-10-01,2006-11-01,2007-10-01,2007-11-01,2007-12-01,2008-01-01,train
000542,Dharashiv,2007-11-01,2006-12-01,2007-11-01,2007-12-01,2008-01-01,2008-02-01,train
000543,Dharashiv,2007-12-01,2007-01-01,2007-12-01,2008-01-01,2008-02-01,2008-03-01,train
000544,Dharashiv,2008-01-01,2007-02-01,2008-01-01,2008-02-01,2008-03-01,2008-04-01,train
000545,Dharashiv,2008-02-01,2007-03-01,2008-02-01,2008-03-01,2008-04-01,2008-05-01,train
000546,Dharashiv,2008-03-01,2007-04-01,2008-03-01,2008-04-01,2008-05-01,2008-06-01,train
000547,Dharashiv,2008-04-01,2007-05-01,2008-04-01,2008-05-01,2008-06-01,2008-07-01,train
000548,Dharashiv,2008-05-01,2007-06-01,2008-05-01,2008-06-01,2008-07-01,2008-08-01,train
000549,Dharashiv,2008-06-01,2007-07-01,2008-06-01,2008-07-01,2008-08-01,2008-09-01,train
000550,Dharashiv,2008-07-01,2007-08-01,2008-07-01,2008-08-01,2008-09-01,2008-10-01,train
000551,Dharashiv,2008-08-01,2007-09-01,2008-08-01,2008-09-01,2008-10-01,2008-11-01,train
000552,Dharashiv,2008-09-01,2007-10-01,2008-09-01,2008-10-01,2008-11-01,2008-12-01,train
000553,Dharashiv,2008-10-01,2007-11-01,2008-10-01,2008-11-01,2008-12-01,2009-01-01,train
000554,Dharashiv,2008-11-01,2007-12-01,2008-11-01,2008-12-01,2009-01-01,2009-02-01,train
000555,Dharashiv,2008-12-01,2008-01-01,2008-12-01,2009-01-01,2009-02-01,2009-03-01,train
000556,Dharashiv,2009-01-01,2008-02-01,2009-01-01,2009-02-01,2009-03-01,2009-04-01,train
000557,Dharashiv,2009-02-01,2008-03-01,2009-02-01,2009-03-01,2009-04-01,2009-05-01,train
000558,Dharashiv,2009-03-01,2008-04-01,2009-03-01,2009-04-01,2009-05-01,2009-06-01,train
000559,Dharashiv,2009-04-01,2008-05-01,2009-04-01,2009-05-01,2009-06-01,2009-07-01,train
000560,Dharashiv,2009-05-01,2008-06-01,2009-05-01,2009-06-01,2009-07-01,2009-08-01,train
000561,Dharashiv,2009-06-01,2008-07-01,2009-06-01,2009-07-01,2009-08-01,2009-09-01,train
000562,Dharashiv,2009-07-01,2008-08-01,2009-07-01,2009-08-01,2009-09-01,2009-10-01,train
000563,Dharashiv,2009-08-01,2008-09-01,2009-08-01,2009-09-01,2009-10-01,2009-11-01,train
000564,Dharashiv,2009-09-01,2008-10-01,2009-09-01,2009-10-01,2009-11-01,2009-12-01,train
000565,Dharashiv,2009-10-01,2008-11-01,2009-10-01,2009-11-01,2009-12-01,2010-01-01,train
000566,Dharashiv,2009-11-01,2008-12-01,2009-11-01,2009-12-01,2010-01-01,2010-02-01,train
000567,Dharashiv,2009-12-01,2009-01-01,2009-12-01,2010-01-01,2010-02-01,2010-03-01,train
000568,Dharashiv,2010-01-01,2009-02-01,2010-01-01,2010-02-01,2010-03-01,2010-04-01,train
000569,Dharashiv,2010-02-01,2009-03-01,2010-02-01,2010-03-01,2010-04-01,2010-05-01,train
000570,Dharashiv,2010-03-01,2009-04-01,2010-03-01,2010-04-01,2010-05-01,2010-06-01,train
000571,Dharashiv,2010-04-01,2009-05-01,2010-04-01,2010-05-01,2010-06-01,2010-07-01,train
000572,Dharashiv,2010-05-01,2009-06-01,2010-05-01,2010-06-01,2010-07-01,2010-08-01,train
000573,Dharashiv,2010-06-01,2009-07-01,2010-06-01,2010-07-01,2010-08-01,2010-09-01,train
000574,Dharashiv,2010-07-01,2009-08-01,2010-07-01,2010-08-01,2010-09-01,2010-10-01,train
000575,Dharashiv,2010-08-01,2009-09-01,2010-08-01,2010-09-01,2010-10-01,2010-11-01,train
000576,Dharashiv,2010-09-01,2009-10-01,2010-09-01,2010-10-01,2010-11-01,2010-12-01,train
000577,Dharashiv,2010-10-01,2009-11-01,2010-10-01,2010-11-01,2010-12-01,2011-01-01,train
000578,Dharashiv,2010-11-01,2009-12-01,2010-11-01,2010-12-01,2011-01-01,2011-02-01,train
000579,Dharashiv,2010-12-01,2010-01-01,2010-12-01,2011-01-01,2011-02-01,2011-03-01,train
000580,Dharashiv,2011-01-01,2010-02-01,2011-01-01,2011-02-01,2011-03-01,2011-04-01,train
000581,Dharashiv,2011-02-01,2010-03-01,2011-02-01,2011-03-01,2011-04-01,2011-05-01,train
000582,Dharashiv,2011-03-01,2010-04-01,2011-03-01,2011-04-01,2011-05-01,2011-06-01,train
000583,Dharashiv,2011-04-01,2010-05-01,2011-04-01,2011-05-01,2011-06-01,2011-07-01,train
000584,Dharashiv,2011-05-01,2010-06-01,2011-05-01,2011-06-01,2011-07-01,2011-08-01,train
000585,Dharashiv,2011-06-01,2010-07-01,2011-06-01,2011-07-01,2011-08-01,2011-09-01,train
000586,Dharashiv,2011-07-01,2010-08-01,2011-07-01,2011-08-01,2011-09-01,2011-10-01,train
000587,Dharashiv,2011-08-01,2010-09-01,2011-08-01,2011-09-01,2011-10-01,2011-11-01,train
000588,Dharashiv,2011-09-01,2010-10-01,2011-09-01,2011-10-01,2011-11-01,2011-12-01,train
000589,Dharashiv,2011-10-01,2010-11-01,2011-10-01,2011-11-01,2011-12-01,2012-01-01,train
000590,Dharashiv,2011-11-01,2010-12-01,2011-11-01,2011-12-01,2012-01-01,2012-02-01,train
000591,Dharashiv,2011-12-01,2011-01-01,2011-12-01,2012-01-01,2012-02-01,2012-03-01,train
000592,Dharashiv,2012-01-01,2011-02-01,2012-01-01,2012-02-01,2012-03-01,2012-04-01,train
000593,Dharashiv,2012-02-01,2011-03-01,2012-02-01,2012-03-01,2012-04-01,2012-05-01,train
000594,Dharashiv,2012-03-01,2011-04-01,2012-03-01,2012-04-01,2012-05-01,2012-06-01,train
000595,Dharashiv,2012-04-01,2011-05-01,2012-04-01,2012-05-01,2012-06-01,2012-07-01,train
000596,Dharashiv,2012-05-01,2011-06-01,2012-05-01,2012-06-01,2012-07-01,2012-08-01,train
000597,Dharashiv,2012-06-01,2011-07-01,2012-06-01,2012-07-01,2012-08-01,2012-09-01,train
000598,Dharashiv,2012-07-01,2011-08-01,2012-07-01,2012-08-01,2012-09-01,2012-10-01,train
000599,Dharashiv,2012-08-01,2011-09-01,2012-08-01,2012-09-01,2012-10-01,2012-11-01,train
000600,Dharashiv,2012-09-01,2011-10-01,2012-09-01,2012-10-01,2012-11-01,2012-12-01,train
000601,Dharashiv,2012-10-01,2011-11-01,2012-10-01,2012-11-01,2012-12-01,2013-01-01,train
000602,Dharashiv,2012-11-01,2011-12-01,2012-11-01,2012-12-01,2013-01-01,2013-02-01,train
000603,Dharashiv,2012-12-01,2012-01-01,2012-12-01,2013-01-01,2013-02-01,2013-03-01,train
000604,Dharashiv,2013-01-01,2012-02-01,2013-01-01,2013-02-01,2013-03-01,2013-04-01,train
000605,Dharashiv,2013-02-01,2012-03-01,2013-02-01,2013-03-01,2013-04-01,2013-05-01,train
000606,Dharashiv,2013-03-01,2012-04-01,2013-03-01,2013-04-01,2013-05-01,2013-06-01,train
000607,Dharashiv,2013-04-01,2012-05-01,2013-04-01,2013-05-01,2013-06-01,2013-07-01,train
000608,Dharashiv,2013-05-01,2012-06-01,2013-05-01,2013-06-01,2013-07-01,2013-08-01,train
000609,Dharashiv,2013-06-01,2012-07-01,2013-06-01,2013-07-01,2013-08-01,2013-09-01,train
000610,Dharashiv,2013-07-01,2012-08-01,2013-07-01,2013-08-01,2013-09-01,2013-10-01,train
000611,Dharashiv,2013-08-01,2012-09-01,2013-08-01,2013-09-01,2013-10-01,2013-11-01,train
000612,Dharashiv,2013-09-01,2012-10-01,2013-09-01,2013-10-01,2013-11-01,2013-12-01,train
000613,Dharashiv,2013-10-01,2012-11-01,2013-10-01,2013-11-01,2013-12-01,2014-01-01,train
000614,Dharashiv,2013-11-01,2012-12-01,2013-11-01,2013-12-01,2014-01-01,2014-02-01,train
000615,Dharashiv,2013-12-01,2013-01-01,2013-12-01,2014-01-01,2014-02-01,2014-03-01,train
000616,Dharashiv,2014-01-01,2013-02-01,2014-01-01,2014-02-01,2014-03-01,2014-04-01,train
000617,Dharashiv,2014-02-01,2013-03-01,2014-02-01,2014-03-01,2014-04-01,2014-05-01,train
000618,Dharashiv,2014-03-01,2013-04-01,2014-03-01,2014-04-01,2014-05-01,2014-06-01,train
000619,Dharashiv,2014-04-01,2013-05-01,2014-04-01,2014-05-01,2014-06-01,2014-07-01,train
000620,Dharashiv,2014-05-01,2013-06-01,2014-05-01,2014-06-01,2014-07-01,2014-08-01,train
000621,Dharashiv,2014-06-01,2013-07-01,2014-06-01,2014-07-01,2014-08-01,2014-09-01,train
000622,Dharashiv,2014-07-01,2013-08-01,2014-07-01,2014-08-01,2014-09-01,2014-10-01,train
000623,Dharashiv,2014-08-01,2013-09-01,2014-08-01,2014-09-01,2014-10-01,2014-11-01,train
000624,Dharashiv,2014-09-01,2013-10-01,2014-09-01,2014-10-01,2014-11-01,2014-12-01,train
000625,Dharashiv,2014-10-01,2013-11-01,2014-10-01,2014-11-01,2014-12-01,2015-01-01,train
000626,Dharashiv,2014-11-01,2013-12-01,2014-11-01,2014-12-01,2015-01-01,2015-02-01,train
000627,Dharashiv,2014-12-01,2014-01-01,2014-12-01,2015-01-01,2015-02-01,2015-03-01,train
000628,Dharashiv,2015-01-01,2014-02-01,2015-01-01,2015-02-01,2015-03-01,2015-04-01,train
000629,Dharashiv,2015-02-01,2014-03-01,2015-02-01,2015-03-01,2015-04-01,2015-05-01,train
000630,Dharashiv,2015-03-01,2014-04-01,2015-03-01,2015-04-01,2015-05-01,2015-06-01,train
000631,Dharashiv,2015-04-01,2014-05-01,2015-04-01,2015-05-01,2015-06-01,2015-07-01,train
000632,Dharashiv,2015-05-01,2014-06-01,2015-05-01,2015-06-01,2015-07-01,2015-08-01,train
000633,Dharashiv,2015-06-01,2014-07-01,2015-06-01,2015-07-01,2015-08-01,2015-09-01,train
000634,Dharashiv,2015-07-01,2014-08-01,2015-07-01,2015-08-01,2015-09-01,2015-10-01,train
000635,Dharashiv,2015-08-01,2014-09-01,2015-08-01,2015-09-01,2015-10-01,2015-11-01,train
000636,Dharashiv,2015-09-01,2014-10-01,2015-09-01,2015-10-01,2015-11-01,2015-12-01,train
000637,Dharashiv,2015-10-01,2014-11-01,2015-10-01,2015-11-01,2015-12-01,2016-01-01,train
000638,Dharashiv,2015-11-01,2014-12-01,2015-11-01,2015-12-01,2016-01-01,2016-02-01,train
000639,Dharashiv,2015-12-01,2015-01-01,2015-12-01,2016-01-01,2016-02-01,2016-03-01,train
000640,Dharashiv,2016-01-01,2015-02-01,2016-01-01,2016-02-01,2016-03-01,2016-04-01,train
000641,Dharashiv,2016-02-01,2015-03-01,2016-02-01,2016-03-01,2016-04-01,2016-05-01,train
000642,Dharashiv,2016-03-01,2015-04-01,2016-03-01,2016-04-01,2016-05-01,2016-06-01,train
000643,Dharashiv,2016-04-01,2015-05-01,2016-04-01,2016-05-01,2016-06-01,2016-07-01,train
000644,Dharashiv,2016-05-01,2015-06-01,2016-05-01,2016-06-01,2016-07-01,2016-08-01,train
000645,Dharashiv,2016-06-01,2015-07-01,2016-06-01,2016-07-01,2016-08-01,2016-09-01,train
000646,Dharashiv,2016-07-01,2015-08-01,2016-07-01,2016-08-01,2016-09-01,2016-10-01,train
000647,Dharashiv,2016-08-01,2015-09-01,2016-08-01,2016-09-01,2016-10-01,2016-11-01,train
000648,Dharashiv,2016-09-01,2015-10-01,2016-09-01,2016-10-01,2016-11-01,2016-12-01,train
000649,Dharashiv,2016-10-01,2015-11-01,2016-10-01,2016-11-01,2016-12-01,2017-01-01,train
000650,Dharashiv,2016-11-01,2015-12-01,2016-11-01,2016-12-01,2017-01-01,2017-02-01,train
000651,Dharashiv,2016-12-01,2016-01-01,2016-12-01,2017-01-01,2017-02-01,2017-03-01,train
000652,Dharashiv,2017-01-01,2016-02-01,2017-01-01,2017-02-01,2017-03-01,2017-04-01,train
000653,Dharashiv,2017-02-01,2016-03-01,2017-02-01,2017-03-01,2017-04-01,2017-05-01,train
000654,Dharashiv,2017-03-01,2016-04-01,2017-03-01,2017-04-01,2017-05-01,2017-06-01,train
000655,Dharashiv,2017-04-01,2016-05-01,2017-04-01,2017-05-01,2017-06-01,2017-07-01,train
000656,Dharashiv,2017-05-01,2016-06-01,2017-05-01,2017-06-01,2017-07-01,2017-08-01,train
000657,Dharashiv,2017-06-01,2016-07-01,2017-06-01,2017-07-01,2017-08-01,2017-09-01,train
000658,Dharashiv,2017-07-01,2016-08-01,2017-07-01,2017-08-01,2017-09-01,2017-10-01,train
000659,Dharashiv,2017-08-01,2016-09-01,2017-08-01,2017-09-01,2017-10-01,2017-11-01,train
000660,Dharashiv,2017-09-01,2016-10-01,2017-09-01,2017-10-01,2017-11-01,2017-12-01,train
000661,Dharashiv,2018-01-01,2017-02-01,2018-01-01,2018-02-01,2018-03-01,2018-04-01,val
000662,Dharashiv,2018-02-01,2017-03-01,2018-02-01,2018-03-01,2018-04-01,2018-05-01,val
000663,Dharashiv,2018-03-01,2017-04-01,2018-03-01,2018-04-01,2018-05-01,2018-06-01,val
000664,Dharashiv,2018-04-01,2017-05-01,2018-04-01,2018-05-01,2018-06-01,2018-07-01,val
000665,Dharashiv,2018-05-01,2017-06-01,2018-05-01,2018-06-01,2018-07-01,2018-08-01,val
000666,Dharashiv,2018-06-01,2017-07-01,2018-06-01,2018-07-01,2018-08-01,2018-09-01,val
000667,Dharashiv,2018-07-01,2017-08-01,2018-07-01,2018-08-01,2018-09-01,2018-10-01,val
000668,Dharashiv,2018-08-01,2017-09-01,2018-08-01,2018-09-01,2018-10-01,2018-11-01,val
000669,Dharashiv,2018-09-01,2017-10-01,2018-09-01,2018-10-01,2018-11-01,2018-12-01,val
000670,Dharashiv,2018-10-01,2017-11-01,2018-10-01,2018-11-01,2018-12-01,2019-01-01,val
000671,Dharashiv,2018-11-01,2017-12-01,2018-11-01,2018-12-01,2019-01-01,2019-02-01,val
000672,Dharashiv,2018-12-01,2018-01-01,2018-12-01,2019-01-01,2019-02-01,2019-03-01,val
000673,Dharashiv,2019-01-01,2018-02-01,2019-01-01,2019-02-01,2019-03-01,2019-04-01,val
000674,Dharashiv,2019-02-01,2018-03-01,2019-02-01,2019-03-01,2019-04-01,2019-05-01,val
000675,Dharashiv,2019-03-01,2018-04-01,2019-03-01,2019-04-01,2019-05-01,2019-06-01,val
000676,Dharashiv,2019-04-01,2018-05-01,2019-04-01,2019-05-01,2019-06-01,2019-07-01,val
000677,Dharashiv,2019-05-01,2018-06-01,2019-05-01,2019-06-01,2019-07-01,2019-08-01,val
000678,Dharashiv,2019-06-01,2018-07-01,2019-06-01,2019-07-01,2019-08-01,2019-09-01,val
000679,Dharashiv,2019-07-01,2018-08-01,2019-07-01,2019-08-01,2019-09-01,2019-10-01,val
000680,Dharashiv,2019-08-01,2018-09-01,2019-08-01,2019-09-01,2019-10-01,2019-11-01,val
000681,Dharashiv,2019-09-01,2018-10-01,2019-09-01,2019-10-01,2019-11-01,2019-12-01,val
000682,Dharashiv,2019-10-01,2018-11-01,2019-10-01,2019-11-01,2019-12-01,2020-01-01,val
000683,Dharashiv,2019-11-01,2018-12-01,2019-11-01,2019-12-01,2020-01-01,2020-02-01,val
000684,Dharashiv,2019-12-01,2019-01-01,2019-12-01,2020-01-01,2020-02-01,2020-03-01,val
000685,Dharashiv,2020-01-01,2019-02-01,2020-01-01,2020-02-01,2020-03-01,2020-04-01,val
000686,Dharashiv,2020-02-01,2019-03-01,2020-02-01,2020-03-01,2020-04-01,2020-05-01,val
000687,Dharashiv,2020-03-01,2019-04-01,2020-03-01,2020-04-01,2020-05-01,2020-06-01,val
000688,Dharashiv,2020-04-01,2019-05-01,2020-04-01,2020-05-01,2020-06-01,2020-07-01,val
000689,Dharashiv,2020-05-01,2019-06-01,2020-05-01,2020-06-01,2020-07-01,2020-08-01,val
000690,Dharashiv,2020-06-01,2019-07-01,2020-06-01,2020-07-01,2020-08-01,2020-09-01,val
000691,Dharashiv,2020-07-01,2019-08-01,2020-07-01,2020-08-01,2020-09-01,2020-10-01,val
000692,Dharashiv,2020-08-01,2019-09-01,2020-08-01,2020-09-01,2020-10-01,2020-11-01,val
000693,Dharashiv,2020-09-01,2019-10-01,2020-09-01,2020-10-01,2020-11-01,2020-12-01,val
000694,Dharashiv,2020-10-01,2019-11-01,2020-10-01,2020-11-01,2020-12-01,2021-01-01,val
000695,Dharashiv,2020-11-01,2019-12-01,2020-11-01,2020-12-01,2021-01-01,2021-02-01,val
000696,Dharashiv,2020-12-01,2020-01-01,2020-12-01,2021-01-01,2021-02-01,2021-03-01,val
000697,Dharashiv,2021-01-01,2020-02-01,2021-01-01,2021-02-01,2021-03-01,2021-04-01,test
000698,Dharashiv,2021-02-01,2020-03-01,2021-02-01,2021-03-01,2021-04-01,2021-05-01,test
000699,Dharashiv,2021-03-01,2020-04-01,2021-03-01,2021-04-01,2021-05-01,2021-06-01,test
000700,Dharashiv,2021-04-01,2020-05-01,2021-04-01,2021-05-01,2021-06-01,2021-07-01,test
000701,Dharashiv,2021-05-01,2020-06-01,2021-05-01,2021-06-01,2021-07-01,2021-08-01,test
000702,Dharashiv,2021-06-01,2020-07-01,2021-06-01,2021-07-01,2021-08-01,2021-09-01,test
000703,Dharashiv,2021-07-01,2020-08-01,2021-07-01,2021-08-01,2021-09-01,2021-10-01,test
000704,Dharashiv,2021-08-01,2020-09-01,2021-08-01,2021-09-01,2021-10-01,2021-11-01,test
000705,Dharashiv,2021-09-01,2020-10-01,2021-09-01,2021-10-01,2021-11-01,2021-12-01,test
000706,Dharashiv,2021-10-01,2020-11-01,2021-10-01,2021-11-01,2021-12-01,2022-01-01,test
000707,Dharashiv,2021-11-01,2020-12-01,2021-11-01,2021-12-01,2022-01-01,2022-02-01,test
000708,Dharashiv,2021-12-01,2021-01-01,2021-12-01,2022-01-01,2022-02-01,2022-03-01,test
000709,Dharashiv,2022-01-01,2021-02-01,2022-01-01,2022-02-01,2022-03-01,2022-04-01,test
000710,Dharashiv,2022-02-01,2021-03-01,2022-02-01,2022-03-01,2022-04-01,2022-05-01,test
000711,Dharashiv,2022-03-01,2021-04-01,2022-03-01,2022-04-01,2022-05-01,2022-06-01,test
000712,Dharashiv,2022-04-01,2021-05-01,2022-04-01,2022-05-01,2022-06-01,2022-07-01,test
000713,Dharashiv,2022-05-01,2021-06-01,2022-05-01,2022-06-01,2022-07-01,2022-08-01,test
000714,Dharashiv,2022-06-01,2021-07-01,2022-06-01,2022-07-01,2022-08-01,2022-09-01,test
000715,Dharashiv,2022-07-01,2021-08-01,2022-07-01,2022-08-01,2022-09-01,2022-10-01,test
000716,Dharashiv,2022-08-01,2021-09-01,2022-08-01,2022-09-01,2022-10-01,2022-11-01,test
000717,Dharashiv,2022-09-01,2021-10-01,2022-09-01,2022-10-01,2022-11-01,2022-12-01,test
000718,Dharashiv,2022-10-01,2021-11-01,2022-10-01,2022-11-01,2022-12-01,2023-01-01,test
000719,Dharashiv,2022-11-01,2021-12-01,2022-11-01,2022-12-01,2023-01-01,2023-02-01,test
000720,Dharashiv,2022-12-01,2022-01-01,2022-12-01,2023-01-01,2023-02-01,2023-03-01,test
000721,Dharashiv,2023-01-01,2022-02-01,2023-01-01,2023-02-01,2023-03-01,2023-04-01,test
000722,Dharashiv,2023-02-01,2022-03-01,2023-02-01,2023-03-01,2023-04-01,2023-05-01,test
000723,Dharashiv,2023-03-01,2022-04-01,2023-03-01,2023-04-01,2023-05-01,2023-06-01,test
000724,Dharashiv,2023-04-01,2022-05-01,2023-04-01,2023-05-01,2023-06-01,2023-07-01,test
000725,Dharashiv,2023-05-01,2022-06-01,2023-05-01,2023-06-01,2023-07-01,2023-08-01,test
000726,Dharashiv,2023-06-01,2022-07-01,2023-06-01,2023-07-01,2023-08-01,2023-09-01,test
000727,Dharashiv,2023-07-01,2022-08-01,2023-07-01,2023-08-01,2023-09-01,2023-10-01,test
000728,Dharashiv,2023-08-01,2022-09-01,2023-08-01,2023-09-01,2023-10-01,2023-11-01,test
000729,Dharashiv,2023-09-01,2022-10-01,2023-09-01,2023-10-01,2023-11-01,2023-12-01,test
000730,Dharashiv,2023-10-01,2022-11-01,2023-10-01,2023-11-01,2023-12-01,2024-01-01,test
000731,Dharashiv,2023-11-01,2022-12-01,2023-11-01,2023-12-01,2024-01-01,2024-02-01,test
000732,Dharashiv,2023-12-01,2023-01-01,2023-12-01,2024-01-01,2024-02-01,2024-03-01,test
000733,Dharashiv,2024-01-01,2023-02-01,2024-01-01,2024-02-01,2024-03-01,2024-04-01,test
000734,Dharashiv,2024-02-01,2023-03-01,2024-02-01,2024-03-01,2024-04-01,2024-05-01,test
000735,Dharashiv,2024-03-01,2023-04-01,2024-03-01,2024-04-01,2024-05-01,2024-06-01,test
000736,Dharashiv,2024-04-01,2023-05-01,2024-04-01,2024-05-01,2024-06-01,2024-07-01,test
000737,Dharashiv,2024-05-01,2023-06-01,2024-05-01,2024-06-01,2024-07-01,2024-08-01,test
000738,Dharashiv,2024-06-01,2023-07-01,2024-06-01,2024-07-01,2024-08-01,2024-09-01,test
000739,Dharashiv,2024-07-01,2023-08-01,2024-07-01,2024-08-01,2024-09-01,2024-10-01,test
000740,Dharashiv,2024-08-01,2023-09-01,2024-08-01,2024-09-01,2024-10-01,2024-11-01,test
000741,Dharashiv,2024-09-01,2023-10-01,2024-09-01,2024-10-01,2024-11-01,2024-12-01,test
000742,Hingoli,2003-12-01,2003-01-01,2003-12-01,2004-01-01,2004-02-01,2004-03-01,train
000743,Hingoli,2004-01-01,2003-02-01,2004-01-01,2004-02-01,2004-03-01,2004-04-01,train
000744,Hingoli,2004-02-01,2003-03-01,2004-02-01,2004-03-01,2004-04-01,2004-05-01,train
000745,Hingoli,2004-03-01,2003-04-01,2004-03-01,2004-04-01,2004-05-01,2004-06-01,train
000746,Hingoli,2004-04-01,2003-05-01,2004-04-01,2004-05-01,2004-06-01,2004-07-01,train
000747,Hingoli,2004-05-01,2003-06-01,2004-05-01,2004-06-01,2004-07-01,2004-08-01,train
000748,Hingoli,2004-06-01,2003-07-01,2004-06-01,2004-07-01,2004-08-01,2004-09-01,train
000749,Hingoli,2004-07-01,2003-08-01,2004-07-01,2004-08-01,2004-09-01,2004-10-01,train
000750,Hingoli,2004-08-01,2003-09-01,2004-08-01,2004-09-01,2004-10-01,2004-11-01,train
000751,Hingoli,2004-09-01,2003-10-01,2004-09-01,2004-10-01,2004-11-01,2004-12-01,train
000752,Hingoli,2004-10-01,2003-11-01,2004-10-01,2004-11-01,2004-12-01,2005-01-01,train
000753,Hingoli,2004-11-01,2003-12-01,2004-11-01,2004-12-01,2005-01-01,2005-02-01,train
000754,Hingoli,2004-12-01,2004-01-01,2004-12-01,2005-01-01,2005-02-01,2005-03-01,train
000755,Hingoli,2005-01-01,2004-02-01,2005-01-01,2005-02-01,2005-03-01,2005-04-01,train
000756,Hingoli,2005-02-01,2004-03-01,2005-02-01,2005-03-01,2005-04-01,2005-05-01,train
000757,Hingoli,2005-03-01,2004-04-01,2005-03-01,2005-04-01,2005-05-01,2005-06-01,train
000758,Hingoli,2005-04-01,2004-05-01,2005-04-01,2005-05-01,2005-06-01,2005-07-01,train
000759,Hingoli,2005-05-01,2004-06-01,2005-05-01,2005-06-01,2005-07-01,2005-08-01,train
000760,Hingoli,2005-06-01,2004-07-01,2005-06-01,2005-07-01,2005-08-01,2005-09-01,train
000761,Hingoli,2005-07-01,2004-08-01,2005-07-01,2005-08-01,2005-09-01,2005-10-01,train
000762,Hingoli,2005-08-01,2004-09-01,2005-08-01,2005-09-01,2005-10-01,2005-11-01,train
000763,Hingoli,2005-09-01,2004-10-01,2005-09-01,2005-10-01,2005-11-01,2005-12-01,train
000764,Hingoli,2005-10-01,2004-11-01,2005-10-01,2005-11-01,2005-12-01,2006-01-01,train
000765,Hingoli,2005-11-01,2004-12-01,2005-11-01,2005-12-01,2006-01-01,2006-02-01,train
000766,Hingoli,2005-12-01,2005-01-01,2005-12-01,2006-01-01,2006-02-01,2006-03-01,train
000767,Hingoli,2006-01-01,2005-02-01,2006-01-01,2006-02-01,2006-03-01,2006-04-01,train
000768,Hingoli,2006-02-01,2005-03-01,2006-02-01,2006-03-01,2006-04-01,2006-05-01,train
000769,Hingoli,2006-03-01,2005-04-01,2006-03-01,2006-04-01,2006-05-01,2006-06-01,train
000770,Hingoli,2006-04-01,2005-05-01,2006-04-01,2006-05-01,2006-06-01,2006-07-01,train
000771,Hingoli,2006-05-01,2005-06-01,2006-05-01,2006-06-01,2006-07-01,2006-08-01,train
000772,Hingoli,2006-06-01,2005-07-01,2006-06-01,2006-07-01,2006-08-01,2006-09-01,train
000773,Hingoli,2006-07-01,2005-08-01,2006-07-01,2006-08-01,2006-09-01,2006-10-01,train
000774,Hingoli,2006-08-01,2005-09-01,2006-08-01,2006-09-01,2006-10-01,2006-11-01,train
000775,Hingoli,2006-09-01,2005-10-01,2006-09-01,2006-10-01,2006-11-01,2006-12-01,train
000776,Hingoli,2006-10-01,2005-11-01,2006-10-01,2006-11-01,2006-12-01,2007-01-01,train
000777,Hingoli,2006-11-01,2005-12-01,2006-11-01,2006-12-01,2007-01-01,2007-02-01,train
000778,Hingoli,2006-12-01,2006-01-01,2006-12-01,2007-01-01,2007-02-01,2007-03-01,train
000779,Hingoli,2007-01-01,2006-02-01,2007-01-01,2007-02-01,2007-03-01,2007-04-01,train
000780,Hingoli,2007-02-01,2006-03-01,2007-02-01,2007-03-01,2007-04-01,2007-05-01,train
000781,Hingoli,2007-03-01,2006-04-01,2007-03-01,2007-04-01,2007-05-01,2007-06-01,train
000782,Hingoli,2007-04-01,2006-05-01,2007-04-01,2007-05-01,2007-06-01,2007-07-01,train
000783,Hingoli,2007-05-01,2006-06-01,2007-05-01,2007-06-01,2007-07-01,2007-08-01,train
000784,Hingoli,2007-06-01,2006-07-01,2007-06-01,2007-07-01,2007-08-01,2007-09-01,train
000785,Hingoli,2007-07-01,2006-08-01,2007-07-01,2007-08-01,2007-09-01,2007-10-01,train
000786,Hingoli,2007-08-01,2006-09-01,2007-08-01,2007-09-01,2007-10-01,2007-11-01,train
000787,Hingoli,2007-09-01,2006-10-01,2007-09-01,2007-10-01,2007-11-01,2007-12-01,train
000788,Hingoli,2007-10-01,2006-11-01,2007-10-01,2007-11-01,2007-12-01,2008-01-01,train
000789,Hingoli,2007-11-01,2006-12-01,2007-11-01,2007-12-01,2008-01-01,2008-02-01,train
000790,Hingoli,2007-12-01,2007-01-01,2007-12-01,2008-01-01,2008-02-01,2008-03-01,train
000791,Hingoli,2008-01-01,2007-02-01,2008-01-01,2008-02-01,2008-03-01,2008-04-01,train
000792,Hingoli,2008-02-01,2007-03-01,2008-02-01,2008-03-01,2008-04-01,2008-05-01,train
000793,Hingoli,2008-03-01,2007-04-01,2008-03-01,2008-04-01,2008-05-01,2008-06-01,train
000794,Hingoli,2008-04-01,2007-05-01,2008-04-01,2008-05-01,2008-06-01,2008-07-01,train
000795,Hingoli,2008-05-01,2007-06-01,2008-05-01,2008-06-01,2008-07-01,2008-08-01,train
000796,Hingoli,2008-06-01,2007-07-01,2008-06-01,2008-07-01,2008-08-01,2008-09-01,train
000797,Hingoli,2008-07-01,2007-08-01,2008-07-01,2008-08-01,2008-09-01,2008-10-01,train
000798,Hingoli,2008-08-01,2007-09-01,2008-08-01,2008-09-01,2008-10-01,2008-11-01,train
000799,Hingoli,2008-09-01,2007-10-01,2008-09-01,2008-10-01,2008-11-01,2008-12-01,train
000800,Hingoli,2008-10-01,2007-11-01,2008-10-01,2008-11-01,2008-12-01,2009-01-01,train
000801,Hingoli,2008-11-01,2007-12-01,2008-11-01,2008-12-01,2009-01-01,2009-02-01,train
000802,Hingoli,2008-12-01,2008-01-01,2008-12-01,2009-01-01,2009-02-01,2009-03-01,train
000803,Hingoli,2009-01-01,2008-02-01,2009-01-01,2009-02-01,2009-03-01,2009-04-01,train
000804,Hingoli,2009-02-01,2008-03-01,2009-02-01,2009-03-01,2009-04-01,2009-05-01,train
000805,Hingoli,2009-03-01,2008-04-01,2009-03-01,2009-04-01,2009-05-01,2009-06-01,train
000806,Hingoli,2009-04-01,2008-05-01,2009-04-01,2009-05-01,2009-06-01,2009-07-01,train
000807,Hingoli,2009-05-01,2008-06-01,2009-05-01,2009-06-01,2009-07-01,2009-08-01,train
000808,Hingoli,2009-06-01,2008-07-01,2009-06-01,2009-07-01,2009-08-01,2009-09-01,train
000809,Hingoli,2009-07-01,2008-08-01,2009-07-01,2009-08-01,2009-09-01,2009-10-01,train
000810,Hingoli,2009-08-01,2008-09-01,2009-08-01,2009-09-01,2009-10-01,2009-11-01,train
000811,Hingoli,2009-09-01,2008-10-01,2009-09-01,2009-10-01,2009-11-01,2009-12-01,train
000812,Hingoli,2009-10-01,2008-11-01,2009-10-01,2009-11-01,2009-12-01,2010-01-01,train
000813,Hingoli,2009-11-01,2008-12-01,2009-11-01,2009-12-01,2010-01-01,2010-02-01,train
000814,Hingoli,2009-12-01,2009-01-01,2009-12-01,2010-01-01,2010-02-01,2010-03-01,train
000815,Hingoli,2010-01-01,2009-02-01,2010-01-01,2010-02-01,2010-03-01,2010-04-01,train
000816,Hingoli,2010-02-01,2009-03-01,2010-02-01,2010-03-01,2010-04-01,2010-05-01,train
000817,Hingoli,2010-03-01,2009-04-01,2010-03-01,2010-04-01,2010-05-01,2010-06-01,train
000818,Hingoli,2010-04-01,2009-05-01,2010-04-01,2010-05-01,2010-06-01,2010-07-01,train
000819,Hingoli,2010-05-01,2009-06-01,2010-05-01,2010-06-01,2010-07-01,2010-08-01,train
000820,Hingoli,2010-06-01,2009-07-01,2010-06-01,2010-07-01,2010-08-01,2010-09-01,train
000821,Hingoli,2010-07-01,2009-08-01,2010-07-01,2010-08-01,2010-09-01,2010-10-01,train
000822,Hingoli,2010-08-01,2009-09-01,2010-08-01,2010-09-01,2010-10-01,2010-11-01,train
000823,Hingoli,2010-09-01,2009-10-01,2010-09-01,2010-10-01,2010-11-01,2010-12-01,train
000824,Hingoli,2010-10-01,2009-11-01,2010-10-01,2010-11-01,2010-12-01,2011-01-01,train
000825,Hingoli,2010-11-01,2009-12-01,2010-11-01,2010-12-01,2011-01-01,2011-02-01,train
000826,Hingoli,2010-12-01,2010-01-01,2010-12-01,2011-01-01,2011-02-01,2011-03-01,train
000827,Hingoli,2011-01-01,2010-02-01,2011-01-01,2011-02-01,2011-03-01,2011-04-01,train
000828,Hingoli,2011-02-01,2010-03-01,2011-02-01,2011-03-01,2011-04-01,2011-05-01,train
000829,Hingoli,2011-03-01,2010-04-01,2011-03-01,2011-04-01,2011-05-01,2011-06-01,train
000830,Hingoli,2011-04-01,2010-05-01,2011-04-01,2011-05-01,2011-06-01,2011-07-01,train
000831,Hingoli,2011-05-01,2010-06-01,2011-05-01,2011-06-01,2011-07-01,2011-08-01,train
000832,Hingoli,2011-06-01,2010-07-01,2011-06-01,2011-07-01,2011-08-01,2011-09-01,train
000833,Hingoli,2011-07-01,2010-08-01,2011-07-01,2011-08-01,2011-09-01,2011-10-01,train
000834,Hingoli,2011-08-01,2010-09-01,2011-08-01,2011-09-01,2011-10-01,2011-11-01,train
000835,Hingoli,2011-09-01,2010-10-01,2011-09-01,2011-10-01,2011-11-01,2011-12-01,train
000836,Hingoli,2011-10-01,2010-11-01,2011-10-01,2011-11-01,2011-12-01,2012-01-01,train
000837,Hingoli,2011-11-01,2010-12-01,2011-11-01,2011-12-01,2012-01-01,2012-02-01,train
000838,Hingoli,2011-12-01,2011-01-01,2011-12-01,2012-01-01,2012-02-01,2012-03-01,train
000839,Hingoli,2012-01-01,2011-02-01,2012-01-01,2012-02-01,2012-03-01,2012-04-01,train
000840,Hingoli,2012-02-01,2011-03-01,2012-02-01,2012-03-01,2012-04-01,2012-05-01,train
000841,Hingoli,2012-03-01,2011-04-01,2012-03-01,2012-04-01,2012-05-01,2012-06-01,train
000842,Hingoli,2012-04-01,2011-05-01,2012-04-01,2012-05-01,2012-06-01,2012-07-01,train
000843,Hingoli,2012-05-01,2011-06-01,2012-05-01,2012-06-01,2012-07-01,2012-08-01,train
000844,Hingoli,2012-06-01,2011-07-01,2012-06-01,2012-07-01,2012-08-01,2012-09-01,train
000845,Hingoli,2012-07-01,2011-08-01,2012-07-01,2012-08-01,2012-09-01,2012-10-01,train
000846,Hingoli,2012-08-01,2011-09-01,2012-08-01,2012-09-01,2012-10-01,2012-11-01,train
000847,Hingoli,2012-09-01,2011-10-01,2012-09-01,2012-10-01,2012-11-01,2012-12-01,train
000848,Hingoli,2012-10-01,2011-11-01,2012-10-01,2012-11-01,2012-12-01,2013-01-01,train
000849,Hingoli,2012-11-01,2011-12-01,2012-11-01,2012-12-01,2013-01-01,2013-02-01,train
000850,Hingoli,2012-12-01,2012-01-01,2012-12-01,2013-01-01,2013-02-01,2013-03-01,train
000851,Hingoli,2013-01-01,2012-02-01,2013-01-01,2013-02-01,2013-03-01,2013-04-01,train
000852,Hingoli,2013-02-01,2012-03-01,2013-02-01,2013-03-01,2013-04-01,2013-05-01,train
000853,Hingoli,2013-03-01,2012-04-01,2013-03-01,2013-04-01,2013-05-01,2013-06-01,train
000854,Hingoli,2013-04-01,2012-05-01,2013-04-01,2013-05-01,2013-06-01,2013-07-01,train
000855,Hingoli,2013-05-01,2012-06-01,2013-05-01,2013-06-01,2013-07-01,2013-08-01,train
000856,Hingoli,2013-06-01,2012-07-01,2013-06-01,2013-07-01,2013-08-01,2013-09-01,train
000857,Hingoli,2013-07-01,2012-08-01,2013-07-01,2013-08-01,2013-09-01,2013-10-01,train
000858,Hingoli,2013-08-01,2012-09-01,2013-08-01,2013-09-01,2013-10-01,2013-11-01,train
000859,Hingoli,2013-09-01,2012-10-01,2013-09-01,2013-10-01,2013-11-01,2013-12-01,train
000860,Hingoli,2013-10-01,2012-11-01,2013-10-01,2013-11-01,2013-12-01,2014-01-01,train
000861,Hingoli,2013-11-01,2012-12-01,2013-11-01,2013-12-01,2014-01-01,2014-02-01,train
000862,Hingoli,2013-12-01,2013-01-01,2013-12-01,2014-01-01,2014-02-01,2014-03-01,train
000863,Hingoli,2014-01-01,2013-02-01,2014-01-01,2014-02-01,2014-03-01,2014-04-01,train
000864,Hingoli,2014-02-01,2013-03-01,2014-02-01,2014-03-01,2014-04-01,2014-05-01,train
000865,Hingoli,2014-03-01,2013-04-01,2014-03-01,2014-04-01,2014-05-01,2014-06-01,train
000866,Hingoli,2014-04-01,2013-05-01,2014-04-01,2014-05-01,2014-06-01,2014-07-01,train
000867,Hingoli,2014-05-01,2013-06-01,2014-05-01,2014-06-01,2014-07-01,2014-08-01,train
000868,Hingoli,2014-06-01,2013-07-01,2014-06-01,2014-07-01,2014-08-01,2014-09-01,train
000869,Hingoli,2014-07-01,2013-08-01,2014-07-01,2014-08-01,2014-09-01,2014-10-01,train
000870,Hingoli,2014-08-01,2013-09-01,2014-08-01,2014-09-01,2014-10-01,2014-11-01,train
000871,Hingoli,2014-09-01,2013-10-01,2014-09-01,2014-10-01,2014-11-01,2014-12-01,train
000872,Hingoli,2014-10-01,2013-11-01,2014-10-01,2014-11-01,2014-12-01,2015-01-01,train
000873,Hingoli,2014-11-01,2013-12-01,2014-11-01,2014-12-01,2015-01-01,2015-02-01,train
000874,Hingoli,2014-12-01,2014-01-01,2014-12-01,2015-01-01,2015-02-01,2015-03-01,train
000875,Hingoli,2015-01-01,2014-02-01,2015-01-01,2015-02-01,2015-03-01,2015-04-01,train
000876,Hingoli,2015-02-01,2014-03-01,2015-02-01,2015-03-01,2015-04-01,2015-05-01,train
000877,Hingoli,2015-03-01,2014-04-01,2015-03-01,2015-04-01,2015-05-01,2015-06-01,train
000878,Hingoli,2015-04-01,2014-05-01,2015-04-01,2015-05-01,2015-06-01,2015-07-01,train
000879,Hingoli,2015-05-01,2014-06-01,2015-05-01,2015-06-01,2015-07-01,2015-08-01,train
000880,Hingoli,2015-06-01,2014-07-01,2015-06-01,2015-07-01,2015-08-01,2015-09-01,train
000881,Hingoli,2015-07-01,2014-08-01,2015-07-01,2015-08-01,2015-09-01,2015-10-01,train
000882,Hingoli,2015-08-01,2014-09-01,2015-08-01,2015-09-01,2015-10-01,2015-11-01,train
000883,Hingoli,2015-09-01,2014-10-01,2015-09-01,2015-10-01,2015-11-01,2015-12-01,train
000884,Hingoli,2015-10-01,2014-11-01,2015-10-01,2015-11-01,2015-12-01,2016-01-01,train
000885,Hingoli,2015-11-01,2014-12-01,2015-11-01,2015-12-01,2016-01-01,2016-02-01,train
000886,Hingoli,2015-12-01,2015-01-01,2015-12-01,2016-01-01,2016-02-01,2016-03-01,train
000887,Hingoli,2016-01-01,2015-02-01,2016-01-01,2016-02-01,2016-03-01,2016-04-01,train
000888,Hingoli,2016-02-01,2015-03-01,2016-02-01,2016-03-01,2016-04-01,2016-05-01,train
000889,Hingoli,2016-03-01,2015-04-01,2016-03-01,2016-04-01,2016-05-01,2016-06-01,train
000890,Hingoli,2016-04-01,2015-05-01,2016-04-01,2016-05-01,2016-06-01,2016-07-01,train
000891,Hingoli,2016-05-01,2015-06-01,2016-05-01,2016-06-01,2016-07-01,2016-08-01,train
000892,Hingoli,2016-06-01,2015-07-01,2016-06-01,2016-07-01,2016-08-01,2016-09-01,train
000893,Hingoli,2016-07-01,2015-08-01,2016-07-01,2016-08-01,2016-09-01,2016-10-01,train
000894,Hingoli,2016-08-01,2015-09-01,2016-08-01,2016-09-01,2016-10-01,2016-11-01,train
000895,Hingoli,2016-09-01,2015-10-01,2016-09-01,2016-10-01,2016-11-01,2016-12-01,train
000896,Hingoli,2016-10-01,2015-11-01,2016-10-01,2016-11-01,2016-12-01,2017-01-01,train
000897,Hingoli,2016-11-01,2015-12-01,2016-11-01,2016-12-01,2017-01-01,2017-02-01,train
000898,Hingoli,2016-12-01,2016-01-01,2016-12-01,2017-01-01,2017-02-01,2017-03-01,train
000899,Hingoli,2017-01-01,2016-02-01,2017-01-01,2017-02-01,2017-03-01,2017-04-01,train
000900,Hingoli,2017-02-01,2016-03-01,2017-02-01,2017-03-01,2017-04-01,2017-05-01,train
000901,Hingoli,2017-03-01,2016-04-01,2017-03-01,2017-04-01,2017-05-01,2017-06-01,train
000902,Hingoli,2017-04-01,2016-05-01,2017-04-01,2017-05-01,2017-06-01,2017-07-01,train
000903,Hingoli,2017-05-01,2016-06-01,2017-05-01,2017-06-01,2017-07-01,2017-08-01,train
000904,Hingoli,2017-06-01,2016-07-01,2017-06-01,2017-07-01,2017-08-01,2017-09-01,train
000905,Hingoli,2017-07-01,2016-08-01,2017-07-01,2017-08-01,2017-09-01,2017-10-01,train
000906,Hingoli,2017-08-01,2016-09-01,2017-08-01,2017-09-01,2017-10-01,2017-11-01,train
000907,Hingoli,2017-09-01,2016-10-01,2017-09-01,2017-10-01,2017-11-01,2017-12-01,train
000908,Hingoli,2018-01-01,2017-02-01,2018-01-01,2018-02-01,2018-03-01,2018-04-01,val
000909,Hingoli,2018-02-01,2017-03-01,2018-02-01,2018-03-01,2018-04-01,2018-05-01,val
000910,Hingoli,2018-03-01,2017-04-01,2018-03-01,2018-04-01,2018-05-01,2018-06-01,val
000911,Hingoli,2018-04-01,2017-05-01,2018-04-01,2018-05-01,2018-06-01,2018-07-01,val
000912,Hingoli,2018-05-01,2017-06-01,2018-05-01,2018-06-01,2018-07-01,2018-08-01,val
000913,Hingoli,2018-06-01,2017-07-01,2018-06-01,2018-07-01,2018-08-01,2018-09-01,val
000914,Hingoli,2018-07-01,2017-08-01,2018-07-01,2018-08-01,2018-09-01,2018-10-01,val
000915,Hingoli,2018-08-01,2017-09-01,2018-08-01,2018-09-01,2018-10-01,2018-11-01,val
000916,Hingoli,2018-09-01,2017-10-01,2018-09-01,2018-10-01,2018-11-01,2018-12-01,val
000917,Hingoli,2018-10-01,2017-11-01,2018-10-01,2018-11-01,2018-12-01,2019-01-01,val
000918,Hingoli,2018-11-01,2017-12-01,2018-11-01,2018-12-01,2019-01-01,2019-02-01,val
000919,Hingoli,2018-12-01,2018-01-01,2018-12-01,2019-01-01,2019-02-01,2019-03-01,val
000920,Hingoli,2019-01-01,2018-02-01,2019-01-01,2019-02-01,2019-03-01,2019-04-01,val
000921,Hingoli,2019-02-01,2018-03-01,2019-02-01,2019-03-01,2019-04-01,2019-05-01,val
000922,Hingoli,2019-03-01,2018-04-01,2019-03-01,2019-04-01,2019-05-01,2019-06-01,val
000923,Hingoli,2019-04-01,2018-05-01,2019-04-01,2019-05-01,2019-06-01,2019-07-01,val
000924,Hingoli,2019-05-01,2018-06-01,2019-05-01,2019-06-01,2019-07-01,2019-08-01,val
000925,Hingoli,2019-06-01,2018-07-01,2019-06-01,2019-07-01,2019-08-01,2019-09-01,val
000926,Hingoli,2019-07-01,2018-08-01,2019-07-01,2019-08-01,2019-09-01,2019-10-01,val
000927,Hingoli,2019-08-01,2018-09-01,2019-08-01,2019-09-01,2019-10-01,2019-11-01,val
000928,Hingoli,2019-09-01,2018-10-01,2019-09-01,2019-10-01,2019-11-01,2019-12-01,val
000929,Hingoli,2019-10-01,2018-11-01,2019-10-01,2019-11-01,2019-12-01,2020-01-01,val
000930,Hingoli,2019-11-01,2018-12-01,2019-11-01,2019-12-01,2020-01-01,2020-02-01,val
000931,Hingoli,2019-12-01,2019-01-01,2019-12-01,2020-01-01,2020-02-01,2020-03-01,val
000932,Hingoli,2020-01-01,2019-02-01,2020-01-01,2020-02-01,2020-03-01,2020-04-01,val
000933,Hingoli,2020-02-01,2019-03-01,2020-02-01,2020-03-01,2020-04-01,2020-05-01,val
000934,Hingoli,2020-03-01,2019-04-01,2020-03-01,2020-04-01,2020-05-01,2020-06-01,val
000935,Hingoli,2020-04-01,2019-05-01,2020-04-01,2020-05-01,2020-06-01,2020-07-01,val
000936,Hingoli,2020-05-01,2019-06-01,2020-05-01,2020-06-01,2020-07-01,2020-08-01,val
000937,Hingoli,2020-06-01,2019-07-01,2020-06-01,2020-07-01,2020-08-01,2020-09-01,val
000938,Hingoli,2020-07-01,2019-08-01,2020-07-01,2020-08-01,2020-09-01,2020-10-01,val
000939,Hingoli,2020-08-01,2019-09-01,2020-08-01,2020-09-01,2020-10-01,2020-11-01,val
000940,Hingoli,2020-09-01,2019-10-01,2020-09-01,2020-10-01,2020-11-01,2020-12-01,val
000941,Hingoli,2020-10-01,2019-11-01,2020-10-01,2020-11-01,2020-12-01,2021-01-01,val
000942,Hingoli,2020-11-01,2019-12-01,2020-11-01,2020-12-01,2021-01-01,2021-02-01,val
000943,Hingoli,2020-12-01,2020-01-01,2020-12-01,2021-01-01,2021-02-01,2021-03-01,val
000944,Hingoli,2021-01-01,2020-02-01,2021-01-01,2021-02-01,2021-03-01,2021-04-01,test
000945,Hingoli,2021-02-01,2020-03-01,2021-02-01,2021-03-01,2021-04-01,2021-05-01,test
000946,Hingoli,2021-03-01,2020-04-01,2021-03-01,2021-04-01,2021-05-01,2021-06-01,test
000947,Hingoli,2021-04-01,2020-05-01,2021-04-01,2021-05-01,2021-06-01,2021-07-01,test
000948,Hingoli,2021-05-01,2020-06-01,2021-05-01,2021-06-01,2021-07-01,2021-08-01,test
000949,Hingoli,2021-06-01,2020-07-01,2021-06-01,2021-07-01,2021-08-01,2021-09-01,test
000950,Hingoli,2021-07-01,2020-08-01,2021-07-01,2021-08-01,2021-09-01,2021-10-01,test
000951,Hingoli,2021-08-01,2020-09-01,2021-08-01,2021-09-01,2021-10-01,2021-11-01,test
000952,Hingoli,2021-09-01,2020-10-01,2021-09-01,2021-10-01,2021-11-01,2021-12-01,test
000953,Hingoli,2021-10-01,2020-11-01,2021-10-01,2021-11-01,2021-12-01,2022-01-01,test
000954,Hingoli,2021-11-01,2020-12-01,2021-11-01,2021-12-01,2022-01-01,2022-02-01,test
000955,Hingoli,2021-12-01,2021-01-01,2021-12-01,2022-01-01,2022-02-01,2022-03-01,test
000956,Hingoli,2022-01-01,2021-02-01,2022-01-01,2022-02-01,2022-03-01,2022-04-01,test
000957,Hingoli,2022-02-01,2021-03-01,2022-02-01,2022-03-01,2022-04-01,2022-05-01,test
000958,Hingoli,2022-03-01,2021-04-01,2022-03-01,2022-04-01,2022-05-01,2022-06-01,test
000959,Hingoli,2022-04-01,2021-05-01,2022-04-01,2022-05-01,2022-06-01,2022-07-01,test
000960,Hingoli,2022-05-01,2021-06-01,2022-05-01,2022-06-01,2022-07-01,2022-08-01,test
000961,Hingoli,2022-06-01,2021-07-01,2022-06-01,2022-07-01,2022-08-01,2022-09-01,test
000962,Hingoli,2022-07-01,2021-08-01,2022-07-01,2022-08-01,2022-09-01,2022-10-01,test
000963,Hingoli,2022-08-01,2021-09-01,2022-08-01,2022-09-01,2022-10-01,2022-11-01,test
000964,Hingoli,2022-09-01,2021-10-01,2022-09-01,2022-10-01,2022-11-01,2022-12-01,test
000965,Hingoli,2022-10-01,2021-11-01,2022-10-01,2022-11-01,2022-12-01,2023-01-01,test
000966,Hingoli,2022-11-01,2021-12-01,2022-11-01,2022-12-01,2023-01-01,2023-02-01,test
000967,Hingoli,2022-12-01,2022-01-01,2022-12-01,2023-01-01,2023-02-01,2023-03-01,test
000968,Hingoli,2023-01-01,2022-02-01,2023-01-01,2023-02-01,2023-03-01,2023-04-01,test
000969,Hingoli,2023-02-01,2022-03-01,2023-02-01,2023-03-01,2023-04-01,2023-05-01,test
000970,Hingoli,2023-03-01,2022-04-01,2023-03-01,2023-04-01,2023-05-01,2023-06-01,test
000971,Hingoli,2023-04-01,2022-05-01,2023-04-01,2023-05-01,2023-06-01,2023-07-01,test
000972,Hingoli,2023-05-01,2022-06-01,2023-05-01,2023-06-01,2023-07-01,2023-08-01,test
000973,Hingoli,2023-06-01,2022-07-01,2023-06-01,2023-07-01,2023-08-01,2023-09-01,test
000974,Hingoli,2023-07-01,2022-08-01,2023-07-01,2023-08-01,2023-09-01,2023-10-01,test
000975,Hingoli,2023-08-01,2022-09-01,2023-08-01,2023-09-01,2023-10-01,2023-11-01,test
000976,Hingoli,2023-09-01,2022-10-01,2023-09-01,2023-10-01,2023-11-01,2023-12-01,test
000977,Hingoli,2023-10-01,2022-11-01,2023-10-01,2023-11-01,2023-12-01,2024-01-01,test
000978,Hingoli,2023-11-01,2022-12-01,2023-11-01,2023-12-01,2024-01-01,2024-02-01,test
000979,Hingoli,2023-12-01,2023-01-01,2023-12-01,2024-01-01,2024-02-01,2024-03-01,test
000980,Hingoli,2024-01-01,2023-02-01,2024-01-01,2024-02-01,2024-03-01,2024-04-01,test
000981,Hingoli,2024-02-01,2023-03-01,2024-02-01,2024-03-01,2024-04-01,2024-05-01,test
000982,Hingoli,2024-03-01,2023-04-01,2024-03-01,2024-04-01,2024-05-01,2024-06-01,test
000983,Hingoli,2024-04-01,2023-05-01,2024-04-01,2024-05-01,2024-06-01,2024-07-01,test
000984,Hingoli,2024-05-01,2023-06-01,2024-05-01,2024-06-01,2024-07-01,2024-08-01,test
000985,Hingoli,2024-06-01,2023-07-01,2024-06-01,2024-07-01,2024-08-01,2024-09-01,test
000986,Hingoli,2024-07-01,2023-08-01,2024-07-01,2024-08-01,2024-09-01,2024-10-01,test
000987,Hingoli,2024-08-01,2023-09-01,2024-08-01,2024-09-01,2024-10-01,2024-11-01,test
000988,Hingoli,2024-09-01,2023-10-01,2024-09-01,2024-10-01,2024-11-01,2024-12-01,test
000989,Jalna,2003-12-01,2003-01-01,2003-12-01,2004-01-01,2004-02-01,2004-03-01,train
000990,Jalna,2004-01-01,2003-02-01,2004-01-01,2004-02-01,2004-03-01,2004-04-01,train
000991,Jalna,2004-02-01,2003-03-01,2004-02-01,2004-03-01,2004-04-01,2004-05-01,train
000992,Jalna,2004-03-01,2003-04-01,2004-03-01,2004-04-01,2004-05-01,2004-06-01,train
000993,Jalna,2004-04-01,2003-05-01,2004-04-01,2004-05-01,2004-06-01,2004-07-01,train
000994,Jalna,2004-05-01,2003-06-01,2004-05-01,2004-06-01,2004-07-01,2004-08-01,train
000995,Jalna,2004-06-01,2003-07-01,2004-06-01,2004-07-01,2004-08-01,2004-09-01,train
000996,Jalna,2004-07-01,2003-08-01,2004-07-01,2004-08-01,2004-09-01,2004-10-01,train
000997,Jalna,2004-08-01,2003-09-01,2004-08-01,2004-09-01,2004-10-01,2004-11-01,train
000998,Jalna,2004-09-01,2003-10-01,2004-09-01,2004-10-01,2004-11-01,2004-12-01,train
000999,Jalna,2004-10-01,2003-11-01,2004-10-01,2004-11-01,2004-12-01,2005-01-01,train
001000,Jalna,2004-11-01,2003-12-01,2004-11-01,2004-12-01,2005-01-01,2005-02-01,train
001001,Jalna,2004-12-01,2004-01-01,2004-12-01,2005-01-01,2005-02-01,2005-03-01,train
001002,Jalna,2005-01-01,2004-02-01,2005-01-01,2005-02-01,2005-03-01,2005-04-01,train
001003,Jalna,2005-02-01,2004-03-01,2005-02-01,2005-03-01,2005-04-01,2005-05-01,train
001004,Jalna,2005-03-01,2004-04-01,2005-03-01,2005-04-01,2005-05-01,2005-06-01,train
001005,Jalna,2005-04-01,2004-05-01,2005-04-01,2005-05-01,2005-06-01,2005-07-01,train
001006,Jalna,2005-05-01,2004-06-01,2005-05-01,2005-06-01,2005-07-01,2005-08-01,train
001007,Jalna,2005-06-01,2004-07-01,2005-06-01,2005-07-01,2005-08-01,2005-09-01,train
001008,Jalna,2005-07-01,2004-08-01,2005-07-01,2005-08-01,2005-09-01,2005-10-01,train
001009,Jalna,2005-08-01,2004-09-01,2005-08-01,2005-09-01,2005-10-01,2005-11-01,train
001010,Jalna,2005-09-01,2004-10-01,2005-09-01,2005-10-01,2005-11-01,2005-12-01,train
001011,Jalna,2005-10-01,2004-11-01,2005-10-01,2005-11-01,2005-12-01,2006-01-01,train
001012,Jalna,2005-11-01,2004-12-01,2005-11-01,2005-12-01,2006-01-01,2006-02-01,train
001013,Jalna,2005-12-01,2005-01-01,2005-12-01,2006-01-01,2006-02-01,2006-03-01,train
001014,Jalna,2006-01-01,2005-02-01,2006-01-01,2006-02-01,2006-03-01,2006-04-01,train
001015,Jalna,2006-02-01,2005-03-01,2006-02-01,2006-03-01,2006-04-01,2006-05-01,train
001016,Jalna,2006-03-01,2005-04-01,2006-03-01,2006-04-01,2006-05-01,2006-06-01,train
001017,Jalna,2006-04-01,2005-05-01,2006-04-01,2006-05-01,2006-06-01,2006-07-01,train
001018,Jalna,2006-05-01,2005-06-01,2006-05-01,2006-06-01,2006-07-01,2006-08-01,train
001019,Jalna,2006-06-01,2005-07-01,2006-06-01,2006-07-01,2006-08-01,2006-09-01,train
001020,Jalna,2006-07-01,2005-08-01,2006-07-01,2006-08-01,2006-09-01,2006-10-01,train
001021,Jalna,2006-08-01,2005-09-01,2006-08-01,2006-09-01,2006-10-01,2006-11-01,train
001022,Jalna,2006-09-01,2005-10-01,2006-09-01,2006-10-01,2006-11-01,2006-12-01,train
001023,Jalna,2006-10-01,2005-11-01,2006-10-01,2006-11-01,2006-12-01,2007-01-01,train
001024,Jalna,2006-11-01,2005-12-01,2006-11-01,2006-12-01,2007-01-01,2007-02-01,train
001025,Jalna,2006-12-01,2006-01-01,2006-12-01,2007-01-01,2007-02-01,2007-03-01,train
001026,Jalna,2007-01-01,2006-02-01,2007-01-01,2007-02-01,2007-03-01,2007-04-01,train
001027,Jalna,2007-02-01,2006-03-01,2007-02-01,2007-03-01,2007-04-01,2007-05-01,train
001028,Jalna,2007-03-01,2006-04-01,2007-03-01,2007-04-01,2007-05-01,2007-06-01,train
001029,Jalna,2007-04-01,2006-05-01,2007-04-01,2007-05-01,2007-06-01,2007-07-01,train
001030,Jalna,2007-05-01,2006-06-01,2007-05-01,2007-06-01,2007-07-01,2007-08-01,train
001031,Jalna,2007-06-01,2006-07-01,2007-06-01,2007-07-01,2007-08-01,2007-09-01,train
001032,Jalna,2007-07-01,2006-08-01,2007-07-01,2007-08-01,2007-09-01,2007-10-01,train
001033,Jalna,2007-08-01,2006-09-01,2007-08-01,2007-09-01,2007-10-01,2007-11-01,train
001034,Jalna,2007-09-01,2006-10-01,2007-09-01,2007-10-01,2007-11-01,2007-12-01,train
001035,Jalna,2007-10-01,2006-11-01,2007-10-01,2007-11-01,2007-12-01,2008-01-01,train
001036,Jalna,2007-11-01,2006-12-01,2007-11-01,2007-12-01,2008-01-01,2008-02-01,train
001037,Jalna,2007-12-01,2007-01-01,2007-12-01,2008-01-01,2008-02-01,2008-03-01,train
001038,Jalna,2008-01-01,2007-02-01,2008-01-01,2008-02-01,2008-03-01,2008-04-01,train
001039,Jalna,2008-02-01,2007-03-01,2008-02-01,2008-03-01,2008-04-01,2008-05-01,train
001040,Jalna,2008-03-01,2007-04-01,2008-03-01,2008-04-01,2008-05-01,2008-06-01,train
001041,Jalna,2008-04-01,2007-05-01,2008-04-01,2008-05-01,2008-06-01,2008-07-01,train
001042,Jalna,2008-05-01,2007-06-01,2008-05-01,2008-06-01,2008-07-01,2008-08-01,train
001043,Jalna,2008-06-01,2007-07-01,2008-06-01,2008-07-01,2008-08-01,2008-09-01,train
001044,Jalna,2008-07-01,2007-08-01,2008-07-01,2008-08-01,2008-09-01,2008-10-01,train
001045,Jalna,2008-08-01,2007-09-01,2008-08-01,2008-09-01,2008-10-01,2008-11-01,train
001046,Jalna,2008-09-01,2007-10-01,2008-09-01,2008-10-01,2008-11-01,2008-12-01,train
001047,Jalna,2008-10-01,2007-11-01,2008-10-01,2008-11-01,2008-12-01,2009-01-01,train
001048,Jalna,2008-11-01,2007-12-01,2008-11-01,2008-12-01,2009-01-01,2009-02-01,train
001049,Jalna,2008-12-01,2008-01-01,2008-12-01,2009-01-01,2009-02-01,2009-03-01,train
001050,Jalna,2009-01-01,2008-02-01,2009-01-01,2009-02-01,2009-03-01,2009-04-01,train
001051,Jalna,2009-02-01,2008-03-01,2009-02-01,2009-03-01,2009-04-01,2009-05-01,train
001052,Jalna,2009-03-01,2008-04-01,2009-03-01,2009-04-01,2009-05-01,2009-06-01,train
001053,Jalna,2009-04-01,2008-05-01,2009-04-01,2009-05-01,2009-06-01,2009-07-01,train
001054,Jalna,2009-05-01,2008-06-01,2009-05-01,2009-06-01,2009-07-01,2009-08-01,train
001055,Jalna,2009-06-01,2008-07-01,2009-06-01,2009-07-01,2009-08-01,2009-09-01,train
001056,Jalna,2009-07-01,2008-08-01,2009-07-01,2009-08-01,2009-09-01,2009-10-01,train
001057,Jalna,2009-08-01,2008-09-01,2009-08-01,2009-09-01,2009-10-01,2009-11-01,train
001058,Jalna,2009-09-01,2008-10-01,2009-09-01,2009-10-01,2009-11-01,2009-12-01,train
001059,Jalna,2009-10-01,2008-11-01,2009-10-01,2009-11-01,2009-12-01,2010-01-01,train
001060,Jalna,2009-11-01,2008-12-01,2009-11-01,2009-12-01,2010-01-01,2010-02-01,train
001061,Jalna,2009-12-01,2009-01-01,2009-12-01,2010-01-01,2010-02-01,2010-03-01,train
001062,Jalna,2010-01-01,2009-02-01,2010-01-01,2010-02-01,2010-03-01,2010-04-01,train
001063,Jalna,2010-02-01,2009-03-01,2010-02-01,2010-03-01,2010-04-01,2010-05-01,train
001064,Jalna,2010-03-01,2009-04-01,2010-03-01,2010-04-01,2010-05-01,2010-06-01,train
001065,Jalna,2010-04-01,2009-05-01,2010-04-01,2010-05-01,2010-06-01,2010-07-01,train
001066,Jalna,2010-05-01,2009-06-01,2010-05-01,2010-06-01,2010-07-01,2010-08-01,train
001067,Jalna,2010-06-01,2009-07-01,2010-06-01,2010-07-01,2010-08-01,2010-09-01,train
001068,Jalna,2010-07-01,2009-08-01,2010-07-01,2010-08-01,2010-09-01,2010-10-01,train
001069,Jalna,2010-08-01,2009-09-01,2010-08-01,2010-09-01,2010-10-01,2010-11-01,train
001070,Jalna,2010-09-01,2009-10-01,2010-09-01,2010-10-01,2010-11-01,2010-12-01,train
001071,Jalna,2010-10-01,2009-11-01,2010-10-01,2010-11-01,2010-12-01,2011-01-01,train
001072,Jalna,2010-11-01,2009-12-01,2010-11-01,2010-12-01,2011-01-01,2011-02-01,train
001073,Jalna,2010-12-01,2010-01-01,2010-12-01,2011-01-01,2011-02-01,2011-03-01,train
001074,Jalna,2011-01-01,2010-02-01,2011-01-01,2011-02-01,2011-03-01,2011-04-01,train
001075,Jalna,2011-02-01,2010-03-01,2011-02-01,2011-03-01,2011-04-01,2011-05-01,train
001076,Jalna,2011-03-01,2010-04-01,2011-03-01,2011-04-01,2011-05-01,2011-06-01,train
001077,Jalna,2011-04-01,2010-05-01,2011-04-01,2011-05-01,2011-06-01,2011-07-01,train
001078,Jalna,2011-05-01,2010-06-01,2011-05-01,2011-06-01,2011-07-01,2011-08-01,train
001079,Jalna,2011-06-01,2010-07-01,2011-06-01,2011-07-01,2011-08-01,2011-09-01,train
001080,Jalna,2011-07-01,2010-08-01,2011-07-01,2011-08-01,2011-09-01,2011-10-01,train
001081,Jalna,2011-08-01,2010-09-01,2011-08-01,2011-09-01,2011-10-01,2011-11-01,train
001082,Jalna,2011-09-01,2010-10-01,2011-09-01,2011-10-01,2011-11-01,2011-12-01,train
001083,Jalna,2011-10-01,2010-11-01,2011-10-01,2011-11-01,2011-12-01,2012-01-01,train
001084,Jalna,2011-11-01,2010-12-01,2011-11-01,2011-12-01,2012-01-01,2012-02-01,train
001085,Jalna,2011-12-01,2011-01-01,2011-12-01,2012-01-01,2012-02-01,2012-03-01,train
001086,Jalna,2012-01-01,2011-02-01,2012-01-01,2012-02-01,2012-03-01,2012-04-01,train
001087,Jalna,2012-02-01,2011-03-01,2012-02-01,2012-03-01,2012-04-01,2012-05-01,train
001088,Jalna,2012-03-01,2011-04-01,2012-03-01,2012-04-01,2012-05-01,2012-06-01,train
001089,Jalna,2012-04-01,2011-05-01,2012-04-01,2012-05-01,2012-06-01,2012-07-01,train
001090,Jalna,2012-05-01,2011-06-01,2012-05-01,2012-06-01,2012-07-01,2012-08-01,train
001091,Jalna,2012-06-01,2011-07-01,2012-06-01,2012-07-01,2012-08-01,2012-09-01,train
001092,Jalna,2012-07-01,2011-08-01,2012-07-01,2012-08-01,2012-09-01,2012-10-01,train
001093,Jalna,2012-08-01,2011-09-01,2012-08-01,2012-09-01,2012-10-01,2012-11-01,train
001094,Jalna,2012-09-01,2011-10-01,2012-09-01,2012-10-01,2012-11-01,2012-12-01,train
001095,Jalna,2012-10-01,2011-11-01,2012-10-01,2012-11-01,2012-12-01,2013-01-01,train
001096,Jalna,2012-11-01,2011-12-01,2012-11-01,2012-12-01,2013-01-01,2013-02-01,train
001097,Jalna,2012-12-01,2012-01-01,2012-12-01,2013-01-01,2013-02-01,2013-03-01,train
001098,Jalna,2013-01-01,2012-02-01,2013-01-01,2013-02-01,2013-03-01,2013-04-01,train
001099,Jalna,2013-02-01,2012-03-01,2013-02-01,2013-03-01,2013-04-01,2013-05-01,train
001100,Jalna,2013-03-01,2012-04-01,2013-03-01,2013-04-01,2013-05-01,2013-06-01,train
001101,Jalna,2013-04-01,2012-05-01,2013-04-01,2013-05-01,2013-06-01,2013-07-01,train
001102,Jalna,2013-05-01,2012-06-01,2013-05-01,2013-06-01,2013-07-01,2013-08-01,train
001103,Jalna,2013-06-01,2012-07-01,2013-06-01,2013-07-01,2013-08-01,2013-09-01,train
001104,Jalna,2013-07-01,2012-08-01,2013-07-01,2013-08-01,2013-09-01,2013-10-01,train
001105,Jalna,2013-08-01,2012-09-01,2013-08-01,2013-09-01,2013-10-01,2013-11-01,train
001106,Jalna,2013-09-01,2012-10-01,2013-09-01,2013-10-01,2013-11-01,2013-12-01,train
001107,Jalna,2013-10-01,2012-11-01,2013-10-01,2013-11-01,2013-12-01,2014-01-01,train
001108,Jalna,2013-11-01,2012-12-01,2013-11-01,2013-12-01,2014-01-01,2014-02-01,train
001109,Jalna,2013-12-01,2013-01-01,2013-12-01,2014-01-01,2014-02-01,2014-03-01,train
001110,Jalna,2014-01-01,2013-02-01,2014-01-01,2014-02-01,2014-03-01,2014-04-01,train
001111,Jalna,2014-02-01,2013-03-01,2014-02-01,2014-03-01,2014-04-01,2014-05-01,train
001112,Jalna,2014-03-01,2013-04-01,2014-03-01,2014-04-01,2014-05-01,2014-06-01,train
001113,Jalna,2014-04-01,2013-05-01,2014-04-01,2014-05-01,2014-06-01,2014-07-01,train
001114,Jalna,2014-05-01,2013-06-01,2014-05-01,2014-06-01,2014-07-01,2014-08-01,train
001115,Jalna,2014-06-01,2013-07-01,2014-06-01,2014-07-01,2014-08-01,2014-09-01,train
001116,Jalna,2014-07-01,2013-08-01,2014-07-01,2014-08-01,2014-09-01,2014-10-01,train
001117,Jalna,2014-08-01,2013-09-01,2014-08-01,2014-09-01,2014-10-01,2014-11-01,train
001118,Jalna,2014-09-01,2013-10-01,2014-09-01,2014-10-01,2014-11-01,2014-12-01,train
001119,Jalna,2014-10-01,2013-11-01,2014-10-01,2014-11-01,2014-12-01,2015-01-01,train
001120,Jalna,2014-11-01,2013-12-01,2014-11-01,2014-12-01,2015-01-01,2015-02-01,train
001121,Jalna,2014-12-01,2014-01-01,2014-12-01,2015-01-01,2015-02-01,2015-03-01,train
001122,Jalna,2015-01-01,2014-02-01,2015-01-01,2015-02-01,2015-03-01,2015-04-01,train
001123,Jalna,2015-02-01,2014-03-01,2015-02-01,2015-03-01,2015-04-01,2015-05-01,train
001124,Jalna,2015-03-01,2014-04-01,2015-03-01,2015-04-01,2015-05-01,2015-06-01,train
001125,Jalna,2015-04-01,2014-05-01,2015-04-01,2015-05-01,2015-06-01,2015-07-01,train
001126,Jalna,2015-05-01,2014-06-01,2015-05-01,2015-06-01,2015-07-01,2015-08-01,train
001127,Jalna,2015-06-01,2014-07-01,2015-06-01,2015-07-01,2015-08-01,2015-09-01,train
001128,Jalna,2015-07-01,2014-08-01,2015-07-01,2015-08-01,2015-09-01,2015-10-01,train
001129,Jalna,2015-08-01,2014-09-01,2015-08-01,2015-09-01,2015-10-01,2015-11-01,train
001130,Jalna,2015-09-01,2014-10-01,2015-09-01,2015-10-01,2015-11-01,2015-12-01,train
001131,Jalna,2015-10-01,2014-11-01,2015-10-01,2015-11-01,2015-12-01,2016-01-01,train
001132,Jalna,2015-11-01,2014-12-01,2015-11-01,2015-12-01,2016-01-01,2016-02-01,train
001133,Jalna,2015-12-01,2015-01-01,2015-12-01,2016-01-01,2016-02-01,2016-03-01,train
001134,Jalna,2016-01-01,2015-02-01,2016-01-01,2016-02-01,2016-03-01,2016-04-01,train
001135,Jalna,2016-02-01,2015-03-01,2016-02-01,2016-03-01,2016-04-01,2016-05-01,train
001136,Jalna,2016-03-01,2015-04-01,2016-03-01,2016-04-01,2016-05-01,2016-06-01,train
001137,Jalna,2016-04-01,2015-05-01,2016-04-01,2016-05-01,2016-06-01,2016-07-01,train
001138,Jalna,2016-05-01,2015-06-01,2016-05-01,2016-06-01,2016-07-01,2016-08-01,train
001139,Jalna,2016-06-01,2015-07-01,2016-06-01,2016-07-01,2016-08-01,2016-09-01,train
001140,Jalna,2016-07-01,2015-08-01,2016-07-01,2016-08-01,2016-09-01,2016-10-01,train
001141,Jalna,2016-08-01,2015-09-01,2016-08-01,2016-09-01,2016-10-01,2016-11-01,train
001142,Jalna,2016-09-01,2015-10-01,2016-09-01,2016-10-01,2016-11-01,2016-12-01,train
001143,Jalna,2016-10-01,2015-11-01,2016-10-01,2016-11-01,2016-12-01,2017-01-01,train
001144,Jalna,2016-11-01,2015-12-01,2016-11-01,2016-12-01,2017-01-01,2017-02-01,train
001145,Jalna,2016-12-01,2016-01-01,2016-12-01,2017-01-01,2017-02-01,2017-03-01,train
001146,Jalna,2017-01-01,2016-02-01,2017-01-01,2017-02-01,2017-03-01,2017-04-01,train
001147,Jalna,2017-02-01,2016-03-01,2017-02-01,2017-03-01,2017-04-01,2017-05-01,train
001148,Jalna,2017-03-01,2016-04-01,2017-03-01,2017-04-01,2017-05-01,2017-06-01,train
001149,Jalna,2017-04-01,2016-05-01,2017-04-01,2017-05-01,2017-06-01,2017-07-01,train
001150,Jalna,2017-05-01,2016-06-01,2017-05-01,2017-06-01,2017-07-01,2017-08-01,train
001151,Jalna,2017-06-01,2016-07-01,2017-06-01,2017-07-01,2017-08-01,2017-09-01,train
001152,Jalna,2017-07-01,2016-08-01,2017-07-01,2017-08-01,2017-09-01,2017-10-01,train
001153,Jalna,2017-08-01,2016-09-01,2017-08-01,2017-09-01,2017-10-01,2017-11-01,train
001154,Jalna,2017-09-01,2016-10-01,2017-09-01,2017-10-01,2017-11-01,2017-12-01,train
001155,Jalna,2018-01-01,2017-02-01,2018-01-01,2018-02-01,2018-03-01,2018-04-01,val
001156,Jalna,2018-02-01,2017-03-01,2018-02-01,2018-03-01,2018-04-01,2018-05-01,val
001157,Jalna,2018-03-01,2017-04-01,2018-03-01,2018-04-01,2018-05-01,2018-06-01,val
001158,Jalna,2018-04-01,2017-05-01,2018-04-01,2018-05-01,2018-06-01,2018-07-01,val
001159,Jalna,2018-05-01,2017-06-01,2018-05-01,2018-06-01,2018-07-01,2018-08-01,val
001160,Jalna,2018-06-01,2017-07-01,2018-06-01,2018-07-01,2018-08-01,2018-09-01,val
001161,Jalna,2018-07-01,2017-08-01,2018-07-01,2018-08-01,2018-09-01,2018-10-01,val
001162,Jalna,2018-08-01,2017-09-01,2018-08-01,2018-09-01,2018-10-01,2018-11-01,val
001163,Jalna,2018-09-01,2017-10-01,2018-09-01,2018-10-01,2018-11-01,2018-12-01,val
001164,Jalna,2018-10-01,2017-11-01,2018-10-01,2018-11-01,2018-12-01,2019-01-01,val
001165,Jalna,2018-11-01,2017-12-01,2018-11-01,2018-12-01,2019-01-01,2019-02-01,val
001166,Jalna,2018-12-01,2018-01-01,2018-12-01,2019-01-01,2019-02-01,2019-03-01,val
001167,Jalna,2019-01-01,2018-02-01,2019-01-01,2019-02-01,2019-03-01,2019-04-01,val
001168,Jalna,2019-02-01,2018-03-01,2019-02-01,2019-03-01,2019-04-01,2019-05-01,val
001169,Jalna,2019-03-01,2018-04-01,2019-03-01,2019-04-01,2019-05-01,2019-06-01,val
001170,Jalna,2019-04-01,2018-05-01,2019-04-01,2019-05-01,2019-06-01,2019-07-01,val
001171,Jalna,2019-05-01,2018-06-01,2019-05-01,2019-06-01,2019-07-01,2019-08-01,val
001172,Jalna,2019-06-01,2018-07-01,2019-06-01,2019-07-01,2019-08-01,2019-09-01,val
001173,Jalna,2019-07-01,2018-08-01,2019-07-01,2019-08-01,2019-09-01,2019-10-01,val
001174,Jalna,2019-08-01,2018-09-01,2019-08-01,2019-09-01,2019-10-01,2019-11-01,val
001175,Jalna,2019-09-01,2018-10-01,2019-09-01,2019-10-01,2019-11-01,2019-12-01,val
001176,Jalna,2019-10-01,2018-11-01,2019-10-01,2019-11-01,2019-12-01,2020-01-01,val
001177,Jalna,2019-11-01,2018-12-01,2019-11-01,2019-12-01,2020-01-01,2020-02-01,val
001178,Jalna,2019-12-01,2019-01-01,2019-12-01,2020-01-01,2020-02-01,2020-03-01,val
001179,Jalna,2020-01-01,2019-02-01,2020-01-01,2020-02-01,2020-03-01,2020-04-01,val
001180,Jalna,2020-02-01,2019-03-01,2020-02-01,2020-03-01,2020-04-01,2020-05-01,val
001181,Jalna,2020-03-01,2019-04-01,2020-03-01,2020-04-01,2020-05-01,2020-06-01,val
001182,Jalna,2020-04-01,2019-05-01,2020-04-01,2020-05-01,2020-06-01,2020-07-01,val
001183,Jalna,2020-05-01,2019-06-01,2020-05-01,2020-06-01,2020-07-01,2020-08-01,val
001184,Jalna,2020-06-01,2019-07-01,2020-06-01,2020-07-01,2020-08-01,2020-09-01,val
001185,Jalna,2020-07-01,2019-08-01,2020-07-01,2020-08-01,2020-09-01,2020-10-01,val
001186,Jalna,2020-08-01,2019-09-01,2020-08-01,2020-09-01,2020-10-01,2020-11-01,val
001187,Jalna,2020-09-01,2019-10-01,2020-09-01,2020-10-01,2020-11-01,2020-12-01,val
001188,Jalna,2020-10-01,2019-11-01,2020-10-01,2020-11-01,2020-12-01,2021-01-01,val
001189,Jalna,2020-11-01,2019-12-01,2020-11-01,2020-12-01,2021-01-01,2021-02-01,val
001190,Jalna,2020-12-01,2020-01-01,2020-12-01,2021-01-01,2021-02-01,2021-03-01,val
001191,Jalna,2021-01-01,2020-02-01,2021-01-01,2021-02-01,2021-03-01,2021-04-01,test
001192,Jalna,2021-02-01,2020-03-01,2021-02-01,2021-03-01,2021-04-01,2021-05-01,test
001193,Jalna,2021-03-01,2020-04-01,2021-03-01,2021-04-01,2021-05-01,2021-06-01,test
001194,Jalna,2021-04-01,2020-05-01,2021-04-01,2021-05-01,2021-06-01,2021-07-01,test
001195,Jalna,2021-05-01,2020-06-01,2021-05-01,2021-06-01,2021-07-01,2021-08-01,test
001196,Jalna,2021-06-01,2020-07-01,2021-06-01,2021-07-01,2021-08-01,2021-09-01,test
001197,Jalna,2021-07-01,2020-08-01,2021-07-01,2021-08-01,2021-09-01,2021-10-01,test
001198,Jalna,2021-08-01,2020-09-01,2021-08-01,2021-09-01,2021-10-01,2021-11-01,test
001199,Jalna,2021-09-01,2020-10-01,2021-09-01,2021-10-01,2021-11-01,2021-12-01,test
001200,Jalna,2021-10-01,2020-11-01,2021-10-01,2021-11-01,2021-12-01,2022-01-01,test
001201,Jalna,2021-11-01,2020-12-01,2021-11-01,2021-12-01,2022-01-01,2022-02-01,test
001202,Jalna,2021-12-01,2021-01-01,2021-12-01,2022-01-01,2022-02-01,2022-03-01,test
001203,Jalna,2022-01-01,2021-02-01,2022-01-01,2022-02-01,2022-03-01,2022-04-01,test
001204,Jalna,2022-02-01,2021-03-01,2022-02-01,2022-03-01,2022-04-01,2022-05-01,test
001205,Jalna,2022-03-01,2021-04-01,2022-03-01,2022-04-01,2022-05-01,2022-06-01,test
001206,Jalna,2022-04-01,2021-05-01,2022-04-01,2022-05-01,2022-06-01,2022-07-01,test
001207,Jalna,2022-05-01,2021-06-01,2022-05-01,2022-06-01,2022-07-01,2022-08-01,test
001208,Jalna,2022-06-01,2021-07-01,2022-06-01,2022-07-01,2022-08-01,2022-09-01,test
001209,Jalna,2022-07-01,2021-08-01,2022-07-01,2022-08-01,2022-09-01,2022-10-01,test
001210,Jalna,2022-08-01,2021-09-01,2022-08-01,2022-09-01,2022-10-01,2022-11-01,test
001211,Jalna,2022-09-01,2021-10-01,2022-09-01,2022-10-01,2022-11-01,2022-12-01,test
001212,Jalna,2022-10-01,2021-11-01,2022-10-01,2022-11-01,2022-12-01,2023-01-01,test
001213,Jalna,2022-11-01,2021-12-01,2022-11-01,2022-12-01,2023-01-01,2023-02-01,test
001214,Jalna,2022-12-01,2022-01-01,2022-12-01,2023-01-01,2023-02-01,2023-03-01,test
001215,Jalna,2023-01-01,2022-02-01,2023-01-01,2023-02-01,2023-03-01,2023-04-01,test
001216,Jalna,2023-02-01,2022-03-01,2023-02-01,2023-03-01,2023-04-01,2023-05-01,test
001217,Jalna,2023-03-01,2022-04-01,2023-03-01,2023-04-01,2023-05-01,2023-06-01,test
001218,Jalna,2023-04-01,2022-05-01,2023-04-01,2023-05-01,2023-06-01,2023-07-01,test
001219,Jalna,2023-05-01,2022-06-01,2023-05-01,2023-06-01,2023-07-01,2023-08-01,test
001220,Jalna,2023-06-01,2022-07-01,2023-06-01,2023-07-01,2023-08-01,2023-09-01,test
001221,Jalna,2023-07-01,2022-08-01,2023-07-01,2023-08-01,2023-09-01,2023-10-01,test
001222,Jalna,2023-08-01,2022-09-01,2023-08-01,2023-09-01,2023-10-01,2023-11-01,test
001223,Jalna,2023-09-01,2022-10-01,2023-09-01,2023-10-01,2023-11-01,2023-12-01,test
001224,Jalna,2023-10-01,2022-11-01,2023-10-01,2023-11-01,2023-12-01,2024-01-01,test
001225,Jalna,2023-11-01,2022-12-01,2023-11-01,2023-12-01,2024-01-01,2024-02-01,test
001226,Jalna,2023-12-01,2023-01-01,2023-12-01,2024-01-01,2024-02-01,2024-03-01,test
001227,Jalna,2024-01-01,2023-02-01,2024-01-01,2024-02-01,2024-03-01,2024-04-01,test
001228,Jalna,2024-02-01,2023-03-01,2024-02-01,2024-03-01,2024-04-01,2024-05-01,test
001229,Jalna,2024-03-01,2023-04-01,2024-03-01,2024-04-01,2024-05-01,2024-06-01,test
001230,Jalna,2024-04-01,2023-05-01,2024-04-01,2024-05-01,2024-06-01,2024-07-01,test
001231,Jalna,2024-05-01,2023-06-01,2024-05-01,2024-06-01,2024-07-01,2024-08-01,test
001232,Jalna,2024-06-01,2023-07-01,2024-06-01,2024-07-01,2024-08-01,2024-09-01,test
001233,Jalna,2024-07-01,2023-08-01,2024-07-01,2024-08-01,2024-09-01,2024-10-01,test
001234,Jalna,2024-08-01,2023-09-01,2024-08-01,2024-09-01,2024-10-01,2024-11-01,test
001235,Jalna,2024-09-01,2023-10-01,2024-09-01,2024-10-01,2024-11-01,2024-12-01,test
001236,Latur,2003-12-01,2003-01-01,2003-12-01,2004-01-01,2004-02-01,2004-03-01,train
001237,Latur,2004-01-01,2003-02-01,2004-01-01,2004-02-01,2004-03-01,2004-04-01,train
001238,Latur,2004-02-01,2003-03-01,2004-02-01,2004-03-01,2004-04-01,2004-05-01,train
001239,Latur,2004-03-01,2003-04-01,2004-03-01,2004-04-01,2004-05-01,2004-06-01,train
001240,Latur,2004-04-01,2003-05-01,2004-04-01,2004-05-01,2004-06-01,2004-07-01,train
001241,Latur,2004-05-01,2003-06-01,2004-05-01,2004-06-01,2004-07-01,2004-08-01,train
001242,Latur,2004-06-01,2003-07-01,2004-06-01,2004-07-01,2004-08-01,2004-09-01,train
001243,Latur,2004-07-01,2003-08-01,2004-07-01,2004-08-01,2004-09-01,2004-10-01,train
001244,Latur,2004-08-01,2003-09-01,2004-08-01,2004-09-01,2004-10-01,2004-11-01,train
001245,Latur,2004-09-01,2003-10-01,2004-09-01,2004-10-01,2004-11-01,2004-12-01,train
001246,Latur,2004-10-01,2003-11-01,2004-10-01,2004-11-01,2004-12-01,2005-01-01,train
001247,Latur,2004-11-01,2003-12-01,2004-11-01,2004-12-01,2005-01-01,2005-02-01,train
001248,Latur,2004-12-01,2004-01-01,2004-12-01,2005-01-01,2005-02-01,2005-03-01,train
001249,Latur,2005-01-01,2004-02-01,2005-01-01,2005-02-01,2005-03-01,2005-04-01,train
001250,Latur,2005-02-01,2004-03-01,2005-02-01,2005-03-01,2005-04-01,2005-05-01,train
001251,Latur,2005-03-01,2004-04-01,2005-03-01,2005-04-01,2005-05-01,2005-06-01,train
001252,Latur,2005-04-01,2004-05-01,2005-04-01,2005-05-01,2005-06-01,2005-07-01,train
001253,Latur,2005-05-01,2004-06-01,2005-05-01,2005-06-01,2005-07-01,2005-08-01,train
001254,Latur,2005-06-01,2004-07-01,2005-06-01,2005-07-01,2005-08-01,2005-09-01,train
001255,Latur,2005-07-01,2004-08-01,2005-07-01,2005-08-01,2005-09-01,2005-10-01,train
001256,Latur,2005-08-01,2004-09-01,2005-08-01,2005-09-01,2005-10-01,2005-11-01,train
001257,Latur,2005-09-01,2004-10-01,2005-09-01,2005-10-01,2005-11-01,2005-12-01,train
001258,Latur,2005-10-01,2004-11-01,2005-10-01,2005-11-01,2005-12-01,2006-01-01,train
001259,Latur,2005-11-01,2004-12-01,2005-11-01,2005-12-01,2006-01-01,2006-02-01,train
001260,Latur,2005-12-01,2005-01-01,2005-12-01,2006-01-01,2006-02-01,2006-03-01,train
001261,Latur,2006-01-01,2005-02-01,2006-01-01,2006-02-01,2006-03-01,2006-04-01,train
001262,Latur,2006-02-01,2005-03-01,2006-02-01,2006-03-01,2006-04-01,2006-05-01,train
001263,Latur,2006-03-01,2005-04-01,2006-03-01,2006-04-01,2006-05-01,2006-06-01,train
001264,Latur,2006-04-01,2005-05-01,2006-04-01,2006-05-01,2006-06-01,2006-07-01,train
001265,Latur,2006-05-01,2005-06-01,2006-05-01,2006-06-01,2006-07-01,2006-08-01,train
001266,Latur,2006-06-01,2005-07-01,2006-06-01,2006-07-01,2006-08-01,2006-09-01,train
001267,Latur,2006-07-01,2005-08-01,2006-07-01,2006-08-01,2006-09-01,2006-10-01,train
001268,Latur,2006-08-01,2005-09-01,2006-08-01,2006-09-01,2006-10-01,2006-11-01,train
001269,Latur,2006-09-01,2005-10-01,2006-09-01,2006-10-01,2006-11-01,2006-12-01,train
001270,Latur,2006-10-01,2005-11-01,2006-10-01,2006-11-01,2006-12-01,2007-01-01,train
001271,Latur,2006-11-01,2005-12-01,2006-11-01,2006-12-01,2007-01-01,2007-02-01,train
001272,Latur,2006-12-01,2006-01-01,2006-12-01,2007-01-01,2007-02-01,2007-03-01,train
001273,Latur,2007-01-01,2006-02-01,2007-01-01,2007-02-01,2007-03-01,2007-04-01,train
001274,Latur,2007-02-01,2006-03-01,2007-02-01,2007-03-01,2007-04-01,2007-05-01,train
001275,Latur,2007-03-01,2006-04-01,2007-03-01,2007-04-01,2007-05-01,2007-06-01,train
001276,Latur,2007-04-01,2006-05-01,2007-04-01,2007-05-01,2007-06-01,2007-07-01,train
001277,Latur,2007-05-01,2006-06-01,2007-05-01,2007-06-01,2007-07-01,2007-08-01,train
001278,Latur,2007-06-01,2006-07-01,2007-06-01,2007-07-01,2007-08-01,2007-09-01,train
001279,Latur,2007-07-01,2006-08-01,2007-07-01,2007-08-01,2007-09-01,2007-10-01,train
001280,Latur,2007-08-01,2006-09-01,2007-08-01,2007-09-01,2007-10-01,2007-11-01,train
001281,Latur,2007-09-01,2006-10-01,2007-09-01,2007-10-01,2007-11-01,2007-12-01,train
001282,Latur,2007-10-01,2006-11-01,2007-10-01,2007-11-01,2007-12-01,2008-01-01,train
001283,Latur,2007-11-01,2006-12-01,2007-11-01,2007-12-01,2008-01-01,2008-02-01,train
001284,Latur,2007-12-01,2007-01-01,2007-12-01,2008-01-01,2008-02-01,2008-03-01,train
001285,Latur,2008-01-01,2007-02-01,2008-01-01,2008-02-01,2008-03-01,2008-04-01,train
001286,Latur,2008-02-01,2007-03-01,2008-02-01,2008-03-01,2008-04-01,2008-05-01,train
001287,Latur,2008-03-01,2007-04-01,2008-03-01,2008-04-01,2008-05-01,2008-06-01,train
001288,Latur,2008-04-01,2007-05-01,2008-04-01,2008-05-01,2008-06-01,2008-07-01,train
001289,Latur,2008-05-01,2007-06-01,2008-05-01,2008-06-01,2008-07-01,2008-08-01,train
001290,Latur,2008-06-01,2007-07-01,2008-06-01,2008-07-01,2008-08-01,2008-09-01,train
001291,Latur,2008-07-01,2007-08-01,2008-07-01,2008-08-01,2008-09-01,2008-10-01,train
001292,Latur,2008-08-01,2007-09-01,2008-08-01,2008-09-01,2008-10-01,2008-11-01,train
001293,Latur,2008-09-01,2007-10-01,2008-09-01,2008-10-01,2008-11-01,2008-12-01,train
001294,Latur,2008-10-01,2007-11-01,2008-10-01,2008-11-01,2008-12-01,2009-01-01,train
001295,Latur,2008-11-01,2007-12-01,2008-11-01,2008-12-01,2009-01-01,2009-02-01,train
001296,Latur,2008-12-01,2008-01-01,2008-12-01,2009-01-01,2009-02-01,2009-03-01,train
001297,Latur,2009-01-01,2008-02-01,2009-01-01,2009-02-01,2009-03-01,2009-04-01,train
001298,Latur,2009-02-01,2008-03-01,2009-02-01,2009-03-01,2009-04-01,2009-05-01,train
001299,Latur,2009-03-01,2008-04-01,2009-03-01,2009-04-01,2009-05-01,2009-06-01,train
001300,Latur,2009-04-01,2008-05-01,2009-04-01,2009-05-01,2009-06-01,2009-07-01,train
001301,Latur,2009-05-01,2008-06-01,2009-05-01,2009-06-01,2009-07-01,2009-08-01,train
001302,Latur,2009-06-01,2008-07-01,2009-06-01,2009-07-01,2009-08-01,2009-09-01,train
001303,Latur,2009-07-01,2008-08-01,2009-07-01,2009-08-01,2009-09-01,2009-10-01,train
001304,Latur,2009-08-01,2008-09-01,2009-08-01,2009-09-01,2009-10-01,2009-11-01,train
001305,Latur,2009-09-01,2008-10-01,2009-09-01,2009-10-01,2009-11-01,2009-12-01,train
001306,Latur,2009-10-01,2008-11-01,2009-10-01,2009-11-01,2009-12-01,2010-01-01,train
001307,Latur,2009-11-01,2008-12-01,2009-11-01,2009-12-01,2010-01-01,2010-02-01,train
001308,Latur,2009-12-01,2009-01-01,2009-12-01,2010-01-01,2010-02-01,2010-03-01,train
001309,Latur,2010-01-01,2009-02-01,2010-01-01,2010-02-01,2010-03-01,2010-04-01,train
001310,Latur,2010-02-01,2009-03-01,2010-02-01,2010-03-01,2010-04-01,2010-05-01,train
001311,Latur,2010-03-01,2009-04-01,2010-03-01,2010-04-01,2010-05-01,2010-06-01,train
001312,Latur,2010-04-01,2009-05-01,2010-04-01,2010-05-01,2010-06-01,2010-07-01,train
001313,Latur,2010-05-01,2009-06-01,2010-05-01,2010-06-01,2010-07-01,2010-08-01,train
001314,Latur,2010-06-01,2009-07-01,2010-06-01,2010-07-01,2010-08-01,2010-09-01,train
001315,Latur,2010-07-01,2009-08-01,2010-07-01,2010-08-01,2010-09-01,2010-10-01,train
001316,Latur,2010-08-01,2009-09-01,2010-08-01,2010-09-01,2010-10-01,2010-11-01,train
001317,Latur,2010-09-01,2009-10-01,2010-09-01,2010-10-01,2010-11-01,2010-12-01,train
001318,Latur,2010-10-01,2009-11-01,2010-10-01,2010-11-01,2010-12-01,2011-01-01,train
001319,Latur,2010-11-01,2009-12-01,2010-11-01,2010-12-01,2011-01-01,2011-02-01,train
001320,Latur,2010-12-01,2010-01-01,2010-12-01,2011-01-01,2011-02-01,2011-03-01,train
001321,Latur,2011-01-01,2010-02-01,2011-01-01,2011-02-01,2011-03-01,2011-04-01,train
001322,Latur,2011-02-01,2010-03-01,2011-02-01,2011-03-01,2011-04-01,2011-05-01,train
001323,Latur,2011-03-01,2010-04-01,2011-03-01,2011-04-01,2011-05-01,2011-06-01,train
001324,Latur,2011-04-01,2010-05-01,2011-04-01,2011-05-01,2011-06-01,2011-07-01,train
001325,Latur,2011-05-01,2010-06-01,2011-05-01,2011-06-01,2011-07-01,2011-08-01,train
001326,Latur,2011-06-01,2010-07-01,2011-06-01,2011-07-01,2011-08-01,2011-09-01,train
001327,Latur,2011-07-01,2010-08-01,2011-07-01,2011-08-01,2011-09-01,2011-10-01,train
001328,Latur,2011-08-01,2010-09-01,2011-08-01,2011-09-01,2011-10-01,2011-11-01,train
001329,Latur,2011-09-01,2010-10-01,2011-09-01,2011-10-01,2011-11-01,2011-12-01,train
001330,Latur,2011-10-01,2010-11-01,2011-10-01,2011-11-01,2011-12-01,2012-01-01,train
001331,Latur,2011-11-01,2010-12-01,2011-11-01,2011-12-01,2012-01-01,2012-02-01,train
001332,Latur,2011-12-01,2011-01-01,2011-12-01,2012-01-01,2012-02-01,2012-03-01,train
001333,Latur,2012-01-01,2011-02-01,2012-01-01,2012-02-01,2012-03-01,2012-04-01,train
001334,Latur,2012-02-01,2011-03-01,2012-02-01,2012-03-01,2012-04-01,2012-05-01,train
001335,Latur,2012-03-01,2011-04-01,2012-03-01,2012-04-01,2012-05-01,2012-06-01,train
001336,Latur,2012-04-01,2011-05-01,2012-04-01,2012-05-01,2012-06-01,2012-07-01,train
001337,Latur,2012-05-01,2011-06-01,2012-05-01,2012-06-01,2012-07-01,2012-08-01,train
001338,Latur,2012-06-01,2011-07-01,2012-06-01,2012-07-01,2012-08-01,2012-09-01,train
001339,Latur,2012-07-01,2011-08-01,2012-07-01,2012-08-01,2012-09-01,2012-10-01,train
001340,Latur,2012-08-01,2011-09-01,2012-08-01,2012-09-01,2012-10-01,2012-11-01,train
001341,Latur,2012-09-01,2011-10-01,2012-09-01,2012-10-01,2012-11-01,2012-12-01,train
001342,Latur,2012-10-01,2011-11-01,2012-10-01,2012-11-01,2012-12-01,2013-01-01,train
001343,Latur,2012-11-01,2011-12-01,2012-11-01,2012-12-01,2013-01-01,2013-02-01,train
001344,Latur,2012-12-01,2012-01-01,2012-12-01,2013-01-01,2013-02-01,2013-03-01,train
001345,Latur,2013-01-01,2012-02-01,2013-01-01,2013-02-01,2013-03-01,2013-04-01,train
001346,Latur,2013-02-01,2012-03-01,2013-02-01,2013-03-01,2013-04-01,2013-05-01,train
001347,Latur,2013-03-01,2012-04-01,2013-03-01,2013-04-01,2013-05-01,2013-06-01,train
001348,Latur,2013-04-01,2012-05-01,2013-04-01,2013-05-01,2013-06-01,2013-07-01,train
001349,Latur,2013-05-01,2012-06-01,2013-05-01,2013-06-01,2013-07-01,2013-08-01,train
001350,Latur,2013-06-01,2012-07-01,2013-06-01,2013-07-01,2013-08-01,2013-09-01,train
001351,Latur,2013-07-01,2012-08-01,2013-07-01,2013-08-01,2013-09-01,2013-10-01,train
001352,Latur,2013-08-01,2012-09-01,2013-08-01,2013-09-01,2013-10-01,2013-11-01,train
001353,Latur,2013-09-01,2012-10-01,2013-09-01,2013-10-01,2013-11-01,2013-12-01,train
001354,Latur,2013-10-01,2012-11-01,2013-10-01,2013-11-01,2013-12-01,2014-01-01,train
001355,Latur,2013-11-01,2012-12-01,2013-11-01,2013-12-01,2014-01-01,2014-02-01,train
001356,Latur,2013-12-01,2013-01-01,2013-12-01,2014-01-01,2014-02-01,2014-03-01,train
001357,Latur,2014-01-01,2013-02-01,2014-01-01,2014-02-01,2014-03-01,2014-04-01,train
001358,Latur,2014-02-01,2013-03-01,2014-02-01,2014-03-01,2014-04-01,2014-05-01,train
001359,Latur,2014-03-01,2013-04-01,2014-03-01,2014-04-01,2014-05-01,2014-06-01,train
001360,Latur,2014-04-01,2013-05-01,2014-04-01,2014-05-01,2014-06-01,2014-07-01,train
001361,Latur,2014-05-01,2013-06-01,2014-05-01,2014-06-01,2014-07-01,2014-08-01,train
001362,Latur,2014-06-01,2013-07-01,2014-06-01,2014-07-01,2014-08-01,2014-09-01,train
001363,Latur,2014-07-01,2013-08-01,2014-07-01,2014-08-01,2014-09-01,2014-10-01,train
001364,Latur,2014-08-01,2013-09-01,2014-08-01,2014-09-01,2014-10-01,2014-11-01,train
001365,Latur,2014-09-01,2013-10-01,2014-09-01,2014-10-01,2014-11-01,2014-12-01,train
001366,Latur,2014-10-01,2013-11-01,2014-10-01,2014-11-01,2014-12-01,2015-01-01,train
001367,Latur,2014-11-01,2013-12-01,2014-11-01,2014-12-01,2015-01-01,2015-02-01,train
001368,Latur,2014-12-01,2014-01-01,2014-12-01,2015-01-01,2015-02-01,2015-03-01,train
001369,Latur,2015-01-01,2014-02-01,2015-01-01,2015-02-01,2015-03-01,2015-04-01,train
001370,Latur,2015-02-01,2014-03-01,2015-02-01,2015-03-01,2015-04-01,2015-05-01,train
001371,Latur,2015-03-01,2014-04-01,2015-03-01,2015-04-01,2015-05-01,2015-06-01,train
001372,Latur,2015-04-01,2014-05-01,2015-04-01,2015-05-01,2015-06-01,2015-07-01,train
001373,Latur,2015-05-01,2014-06-01,2015-05-01,2015-06-01,2015-07-01,2015-08-01,train
001374,Latur,2015-06-01,2014-07-01,2015-06-01,2015-07-01,2015-08-01,2015-09-01,train
001375,Latur,2015-07-01,2014-08-01,2015-07-01,2015-08-01,2015-09-01,2015-10-01,train
001376,Latur,2015-08-01,2014-09-01,2015-08-01,2015-09-01,2015-10-01,2015-11-01,train
001377,Latur,2015-09-01,2014-10-01,2015-09-01,2015-10-01,2015-11-01,2015-12-01,train
001378,Latur,2015-10-01,2014-11-01,2015-10-01,2015-11-01,2015-12-01,2016-01-01,train
001379,Latur,2015-11-01,2014-12-01,2015-11-01,2015-12-01,2016-01-01,2016-02-01,train
001380,Latur,2015-12-01,2015-01-01,2015-12-01,2016-01-01,2016-02-01,2016-03-01,train
001381,Latur,2016-01-01,2015-02-01,2016-01-01,2016-02-01,2016-03-01,2016-04-01,train
001382,Latur,2016-02-01,2015-03-01,2016-02-01,2016-03-01,2016-04-01,2016-05-01,train
001383,Latur,2016-03-01,2015-04-01,2016-03-01,2016-04-01,2016-05-01,2016-06-01,train
001384,Latur,2016-04-01,2015-05-01,2016-04-01,2016-05-01,2016-06-01,2016-07-01,train
001385,Latur,2016-05-01,2015-06-01,2016-05-01,2016-06-01,2016-07-01,2016-08-01,train
001386,Latur,2016-06-01,2015-07-01,2016-06-01,2016-07-01,2016-08-01,2016-09-01,train
001387,Latur,2016-07-01,2015-08-01,2016-07-01,2016-08-01,2016-09-01,2016-10-01,train
001388,Latur,2016-08-01,2015-09-01,2016-08-01,2016-09-01,2016-10-01,2016-11-01,train
001389,Latur,2016-09-01,2015-10-01,2016-09-01,2016-10-01,2016-11-01,2016-12-01,train
001390,Latur,2016-10-01,2015-11-01,2016-10-01,2016-11-01,2016-12-01,2017-01-01,train
001391,Latur,2016-11-01,2015-12-01,2016-11-01,2016-12-01,2017-01-01,2017-02-01,train
001392,Latur,2016-12-01,2016-01-01,2016-12-01,2017-01-01,2017-02-01,2017-03-01,train
001393,Latur,2017-01-01,2016-02-01,2017-01-01,2017-02-01,2017-03-01,2017-04-01,train
001394,Latur,2017-02-01,2016-03-01,2017-02-01,2017-03-01,2017-04-01,2017-05-01,train
001395,Latur,2017-03-01,2016-04-01,2017-03-01,2017-04-01,2017-05-01,2017-06-01,train
001396,Latur,2017-04-01,2016-05-01,2017-04-01,2017-05-01,2017-06-01,2017-07-01,train
001397,Latur,2017-05-01,2016-06-01,2017-05-01,2017-06-01,2017-07-01,2017-08-01,train
001398,Latur,2017-06-01,2016-07-01,2017-06-01,2017-07-01,2017-08-01,2017-09-01,train
001399,Latur,2017-07-01,2016-08-01,2017-07-01,2017-08-01,2017-09-01,2017-10-01,train
001400,Latur,2017-08-01,2016-09-01,2017-08-01,2017-09-01,2017-10-01,2017-11-01,train
001401,Latur,2017-09-01,2016-10-01,2017-09-01,2017-10-01,2017-11-01,2017-12-01,train
001402,Latur,2018-01-01,2017-02-01,2018-01-01,2018-02-01,2018-03-01,2018-04-01,val
001403,Latur,2018-02-01,2017-03-01,2018-02-01,2018-03-01,2018-04-01,2018-05-01,val
001404,Latur,2018-03-01,2017-04-01,2018-03-01,2018-04-01,2018-05-01,2018-06-01,val
001405,Latur,2018-04-01,2017-05-01,2018-04-01,2018-05-01,2018-06-01,2018-07-01,val
001406,Latur,2018-05-01,2017-06-01,2018-05-01,2018-06-01,2018-07-01,2018-08-01,val
001407,Latur,2018-06-01,2017-07-01,2018-06-01,2018-07-01,2018-08-01,2018-09-01,val
001408,Latur,2018-07-01,2017-08-01,2018-07-01,2018-08-01,2018-09-01,2018-10-01,val
001409,Latur,2018-08-01,2017-09-01,2018-08-01,2018-09-01,2018-10-01,2018-11-01,val
001410,Latur,2018-09-01,2017-10-01,2018-09-01,2018-10-01,2018-11-01,2018-12-01,val
001411,Latur,2018-10-01,2017-11-01,2018-10-01,2018-11-01,2018-12-01,2019-01-01,val
001412,Latur,2018-11-01,2017-12-01,2018-11-01,2018-12-01,2019-01-01,2019-02-01,val
001413,Latur,2018-12-01,2018-01-01,2018-12-01,2019-01-01,2019-02-01,2019-03-01,val
001414,Latur,2019-01-01,2018-02-01,2019-01-01,2019-02-01,2019-03-01,2019-04-01,val
001415,Latur,2019-02-01,2018-03-01,2019-02-01,2019-03-01,2019-04-01,2019-05-01,val
001416,Latur,2019-03-01,2018-04-01,2019-03-01,2019-04-01,2019-05-01,2019-06-01,val
001417,Latur,2019-04-01,2018-05-01,2019-04-01,2019-05-01,2019-06-01,2019-07-01,val
001418,Latur,2019-05-01,2018-06-01,2019-05-01,2019-06-01,2019-07-01,2019-08-01,val
001419,Latur,2019-06-01,2018-07-01,2019-06-01,2019-07-01,2019-08-01,2019-09-01,val
001420,Latur,2019-07-01,2018-08-01,2019-07-01,2019-08-01,2019-09-01,2019-10-01,val
001421,Latur,2019-08-01,2018-09-01,2019-08-01,2019-09-01,2019-10-01,2019-11-01,val
001422,Latur,2019-09-01,2018-10-01,2019-09-01,2019-10-01,2019-11-01,2019-12-01,val
001423,Latur,2019-10-01,2018-11-01,2019-10-01,2019-11-01,2019-12-01,2020-01-01,val
001424,Latur,2019-11-01,2018-12-01,2019-11-01,2019-12-01,2020-01-01,2020-02-01,val
001425,Latur,2019-12-01,2019-01-01,2019-12-01,2020-01-01,2020-02-01,2020-03-01,val
001426,Latur,2020-01-01,2019-02-01,2020-01-01,2020-02-01,2020-03-01,2020-04-01,val
001427,Latur,2020-02-01,2019-03-01,2020-02-01,2020-03-01,2020-04-01,2020-05-01,val
001428,Latur,2020-03-01,2019-04-01,2020-03-01,2020-04-01,2020-05-01,2020-06-01,val
001429,Latur,2020-04-01,2019-05-01,2020-04-01,2020-05-01,2020-06-01,2020-07-01,val
001430,Latur,2020-05-01,2019-06-01,2020-05-01,2020-06-01,2020-07-01,2020-08-01,val
001431,Latur,2020-06-01,2019-07-01,2020-06-01,2020-07-01,2020-08-01,2020-09-01,val
001432,Latur,2020-07-01,2019-08-01,2020-07-01,2020-08-01,2020-09-01,2020-10-01,val
001433,Latur,2020-08-01,2019-09-01,2020-08-01,2020-09-01,2020-10-01,2020-11-01,val
001434,Latur,2020-09-01,2019-10-01,2020-09-01,2020-10-01,2020-11-01,2020-12-01,val
001435,Latur,2020-10-01,2019-11-01,2020-10-01,2020-11-01,2020-12-01,2021-01-01,val
001436,Latur,2020-11-01,2019-12-01,2020-11-01,2020-12-01,2021-01-01,2021-02-01,val
001437,Latur,2020-12-01,2020-01-01,2020-12-01,2021-01-01,2021-02-01,2021-03-01,val
001438,Latur,2021-01-01,2020-02-01,2021-01-01,2021-02-01,2021-03-01,2021-04-01,test
001439,Latur,2021-02-01,2020-03-01,2021-02-01,2021-03-01,2021-04-01,2021-05-01,test
001440,Latur,2021-03-01,2020-04-01,2021-03-01,2021-04-01,2021-05-01,2021-06-01,test
001441,Latur,2021-04-01,2020-05-01,2021-04-01,2021-05-01,2021-06-01,2021-07-01,test
001442,Latur,2021-05-01,2020-06-01,2021-05-01,2021-06-01,2021-07-01,2021-08-01,test
001443,Latur,2021-06-01,2020-07-01,2021-06-01,2021-07-01,2021-08-01,2021-09-01,test
001444,Latur,2021-07-01,2020-08-01,2021-07-01,2021-08-01,2021-09-01,2021-10-01,test
001445,Latur,2021-08-01,2020-09-01,2021-08-01,2021-09-01,2021-10-01,2021-11-01,test
001446,Latur,2021-09-01,2020-10-01,2021-09-01,2021-10-01,2021-11-01,2021-12-01,test
001447,Latur,2021-10-01,2020-11-01,2021-10-01,2021-11-01,2021-12-01,2022-01-01,test
001448,Latur,2021-11-01,2020-12-01,2021-11-01,2021-12-01,2022-01-01,2022-02-01,test
001449,Latur,2021-12-01,2021-01-01,2021-12-01,2022-01-01,2022-02-01,2022-03-01,test
001450,Latur,2022-01-01,2021-02-01,2022-01-01,2022-02-01,2022-03-01,2022-04-01,test
001451,Latur,2022-02-01,2021-03-01,2022-02-01,2022-03-01,2022-04-01,2022-05-01,test
001452,Latur,2022-03-01,2021-04-01,2022-03-01,2022-04-01,2022-05-01,2022-06-01,test
001453,Latur,2022-04-01,2021-05-01,2022-04-01,2022-05-01,2022-06-01,2022-07-01,test
001454,Latur,2022-05-01,2021-06-01,2022-05-01,2022-06-01,2022-07-01,2022-08-01,test
001455,Latur,2022-06-01,2021-07-01,2022-06-01,2022-07-01,2022-08-01,2022-09-01,test
001456,Latur,2022-07-01,2021-08-01,2022-07-01,2022-08-01,2022-09-01,2022-10-01,test
001457,Latur,2022-08-01,2021-09-01,2022-08-01,2022-09-01,2022-10-01,2022-11-01,test
001458,Latur,2022-09-01,2021-10-01,2022-09-01,2022-10-01,2022-11-01,2022-12-01,test
001459,Latur,2022-10-01,2021-11-01,2022-10-01,2022-11-01,2022-12-01,2023-01-01,test
001460,Latur,2022-11-01,2021-12-01,2022-11-01,2022-12-01,2023-01-01,2023-02-01,test
001461,Latur,2022-12-01,2022-01-01,2022-12-01,2023-01-01,2023-02-01,2023-03-01,test
001462,Latur,2023-01-01,2022-02-01,2023-01-01,2023-02-01,2023-03-01,2023-04-01,test
001463,Latur,2023-02-01,2022-03-01,2023-02-01,2023-03-01,2023-04-01,2023-05-01,test
001464,Latur,2023-03-01,2022-04-01,2023-03-01,2023-04-01,2023-05-01,2023-06-01,test
001465,Latur,2023-04-01,2022-05-01,2023-04-01,2023-05-01,2023-06-01,2023-07-01,test
001466,Latur,2023-05-01,2022-06-01,2023-05-01,2023-06-01,2023-07-01,2023-08-01,test
001467,Latur,2023-06-01,2022-07-01,2023-06-01,2023-07-01,2023-08-01,2023-09-01,test
001468,Latur,2023-07-01,2022-08-01,2023-07-01,2023-08-01,2023-09-01,2023-10-01,test
001469,Latur,2023-08-01,2022-09-01,2023-08-01,2023-09-01,2023-10-01,2023-11-01,test
001470,Latur,2023-09-01,2022-10-01,2023-09-01,2023-10-01,2023-11-01,2023-12-01,test
001471,Latur,2023-10-01,2022-11-01,2023-10-01,2023-11-01,2023-12-01,2024-01-01,test
001472,Latur,2023-11-01,2022-12-01,2023-11-01,2023-12-01,2024-01-01,2024-02-01,test
001473,Latur,2023-12-01,2023-01-01,2023-12-01,2024-01-01,2024-02-01,2024-03-01,test
001474,Latur,2024-01-01,2023-02-01,2024-01-01,2024-02-01,2024-03-01,2024-04-01,test
001475,Latur,2024-02-01,2023-03-01,2024-02-01,2024-03-01,2024-04-01,2024-05-01,test
001476,Latur,2024-03-01,2023-04-01,2024-03-01,2024-04-01,2024-05-01,2024-06-01,test
001477,Latur,2024-04-01,2023-05-01,2024-04-01,2024-05-01,2024-06-01,2024-07-01,test
001478,Latur,2024-05-01,2023-06-01,2024-05-01,2024-06-01,2024-07-01,2024-08-01,test
001479,Latur,2024-06-01,2023-07-01,2024-06-01,2024-07-01,2024-08-01,2024-09-01,test
001480,Latur,2024-07-01,2023-08-01,2024-07-01,2024-08-01,2024-09-01,2024-10-01,test
001481,Latur,2024-08-01,2023-09-01,2024-08-01,2024-09-01,2024-10-01,2024-11-01,test
001482,Latur,2024-09-01,2023-10-01,2024-09-01,2024-10-01,2024-11-01,2024-12-01,test
001483,Nanded,2003-12-01,2003-01-01,2003-12-01,2004-01-01,2004-02-01,2004-03-01,train
001484,Nanded,2004-01-01,2003-02-01,2004-01-01,2004-02-01,2004-03-01,2004-04-01,train
001485,Nanded,2004-02-01,2003-03-01,2004-02-01,2004-03-01,2004-04-01,2004-05-01,train
001486,Nanded,2004-03-01,2003-04-01,2004-03-01,2004-04-01,2004-05-01,2004-06-01,train
001487,Nanded,2004-04-01,2003-05-01,2004-04-01,2004-05-01,2004-06-01,2004-07-01,train
001488,Nanded,2004-05-01,2003-06-01,2004-05-01,2004-06-01,2004-07-01,2004-08-01,train
001489,Nanded,2004-06-01,2003-07-01,2004-06-01,2004-07-01,2004-08-01,2004-09-01,train
001490,Nanded,2004-07-01,2003-08-01,2004-07-01,2004-08-01,2004-09-01,2004-10-01,train
001491,Nanded,2004-08-01,2003-09-01,2004-08-01,2004-09-01,2004-10-01,2004-11-01,train
001492,Nanded,2004-09-01,2003-10-01,2004-09-01,2004-10-01,2004-11-01,2004-12-01,train
001493,Nanded,2004-10-01,2003-11-01,2004-10-01,2004-11-01,2004-12-01,2005-01-01,train
001494,Nanded,2004-11-01,2003-12-01,2004-11-01,2004-12-01,2005-01-01,2005-02-01,train
001495,Nanded,2004-12-01,2004-01-01,2004-12-01,2005-01-01,2005-02-01,2005-03-01,train
001496,Nanded,2005-01-01,2004-02-01,2005-01-01,2005-02-01,2005-03-01,2005-04-01,train
001497,Nanded,2005-02-01,2004-03-01,2005-02-01,2005-03-01,2005-04-01,2005-05-01,train
001498,Nanded,2005-03-01,2004-04-01,2005-03-01,2005-04-01,2005-05-01,2005-06-01,train
001499,Nanded,2005-04-01,2004-05-01,2005-04-01,2005-05-01,2005-06-01,2005-07-01,train
001500,Nanded,2005-05-01,2004-06-01,2005-05-01,2005-06-01,2005-07-01,2005-08-01,train
001501,Nanded,2005-06-01,2004-07-01,2005-06-01,2005-07-01,2005-08-01,2005-09-01,train
001502,Nanded,2005-07-01,2004-08-01,2005-07-01,2005-08-01,2005-09-01,2005-10-01,train
001503,Nanded,2005-08-01,2004-09-01,2005-08-01,2005-09-01,2005-10-01,2005-11-01,train
001504,Nanded,2005-09-01,2004-10-01,2005-09-01,2005-10-01,2005-11-01,2005-12-01,train
001505,Nanded,2005-10-01,2004-11-01,2005-10-01,2005-11-01,2005-12-01,2006-01-01,train
001506,Nanded,2005-11-01,2004-12-01,2005-11-01,2005-12-01,2006-01-01,2006-02-01,train
001507,Nanded,2005-12-01,2005-01-01,2005-12-01,2006-01-01,2006-02-01,2006-03-01,train
001508,Nanded,2006-01-01,2005-02-01,2006-01-01,2006-02-01,2006-03-01,2006-04-01,train
001509,Nanded,2006-02-01,2005-03-01,2006-02-01,2006-03-01,2006-04-01,2006-05-01,train
001510,Nanded,2006-03-01,2005-04-01,2006-03-01,2006-04-01,2006-05-01,2006-06-01,train
001511,Nanded,2006-04-01,2005-05-01,2006-04-01,2006-05-01,2006-06-01,2006-07-01,train
001512,Nanded,2006-05-01,2005-06-01,2006-05-01,2006-06-01,2006-07-01,2006-08-01,train
001513,Nanded,2006-06-01,2005-07-01,2006-06-01,2006-07-01,2006-08-01,2006-09-01,train
001514,Nanded,2006-07-01,2005-08-01,2006-07-01,2006-08-01,2006-09-01,2006-10-01,train
001515,Nanded,2006-08-01,2005-09-01,2006-08-01,2006-09-01,2006-10-01,2006-11-01,train
001516,Nanded,2006-09-01,2005-10-01,2006-09-01,2006-10-01,2006-11-01,2006-12-01,train
001517,Nanded,2006-10-01,2005-11-01,2006-10-01,2006-11-01,2006-12-01,2007-01-01,train
001518,Nanded,2006-11-01,2005-12-01,2006-11-01,2006-12-01,2007-01-01,2007-02-01,train
001519,Nanded,2006-12-01,2006-01-01,2006-12-01,2007-01-01,2007-02-01,2007-03-01,train
001520,Nanded,2007-01-01,2006-02-01,2007-01-01,2007-02-01,2007-03-01,2007-04-01,train
001521,Nanded,2007-02-01,2006-03-01,2007-02-01,2007-03-01,2007-04-01,2007-05-01,train
001522,Nanded,2007-03-01,2006-04-01,2007-03-01,2007-04-01,2007-05-01,2007-06-01,train
001523,Nanded,2007-04-01,2006-05-01,2007-04-01,2007-05-01,2007-06-01,2007-07-01,train
001524,Nanded,2007-05-01,2006-06-01,2007-05-01,2007-06-01,2007-07-01,2007-08-01,train
001525,Nanded,2007-06-01,2006-07-01,2007-06-01,2007-07-01,2007-08-01,2007-09-01,train
001526,Nanded,2007-07-01,2006-08-01,2007-07-01,2007-08-01,2007-09-01,2007-10-01,train
001527,Nanded,2007-08-01,2006-09-01,2007-08-01,2007-09-01,2007-10-01,2007-11-01,train
001528,Nanded,2007-09-01,2006-10-01,2007-09-01,2007-10-01,2007-11-01,2007-12-01,train
001529,Nanded,2007-10-01,2006-11-01,2007-10-01,2007-11-01,2007-12-01,2008-01-01,train
001530,Nanded,2007-11-01,2006-12-01,2007-11-01,2007-12-01,2008-01-01,2008-02-01,train
001531,Nanded,2007-12-01,2007-01-01,2007-12-01,2008-01-01,2008-02-01,2008-03-01,train
001532,Nanded,2008-01-01,2007-02-01,2008-01-01,2008-02-01,2008-03-01,2008-04-01,train
001533,Nanded,2008-02-01,2007-03-01,2008-02-01,2008-03-01,2008-04-01,2008-05-01,train
001534,Nanded,2008-03-01,2007-04-01,2008-03-01,2008-04-01,2008-05-01,2008-06-01,train
001535,Nanded,2008-04-01,2007-05-01,2008-04-01,2008-05-01,2008-06-01,2008-07-01,train
001536,Nanded,2008-05-01,2007-06-01,2008-05-01,2008-06-01,2008-07-01,2008-08-01,train
001537,Nanded,2008-06-01,2007-07-01,2008-06-01,2008-07-01,2008-08-01,2008-09-01,train
001538,Nanded,2008-07-01,2007-08-01,2008-07-01,2008-08-01,2008-09-01,2008-10-01,train
001539,Nanded,2008-08-01,2007-09-01,2008-08-01,2008-09-01,2008-10-01,2008-11-01,train
001540,Nanded,2008-09-01,2007-10-01,2008-09-01,2008-10-01,2008-11-01,2008-12-01,train
001541,Nanded,2008-10-01,2007-11-01,2008-10-01,2008-11-01,2008-12-01,2009-01-01,train
001542,Nanded,2008-11-01,2007-12-01,2008-11-01,2008-12-01,2009-01-01,2009-02-01,train
001543,Nanded,2008-12-01,2008-01-01,2008-12-01,2009-01-01,2009-02-01,2009-03-01,train
001544,Nanded,2009-01-01,2008-02-01,2009-01-01,2009-02-01,2009-03-01,2009-04-01,train
001545,Nanded,2009-02-01,2008-03-01,2009-02-01,2009-03-01,2009-04-01,2009-05-01,train
001546,Nanded,2009-03-01,2008-04-01,2009-03-01,2009-04-01,2009-05-01,2009-06-01,train
001547,Nanded,2009-04-01,2008-05-01,2009-04-01,2009-05-01,2009-06-01,2009-07-01,train
001548,Nanded,2009-05-01,2008-06-01,2009-05-01,2009-06-01,2009-07-01,2009-08-01,train
001549,Nanded,2009-06-01,2008-07-01,2009-06-01,2009-07-01,2009-08-01,2009-09-01,train
001550,Nanded,2009-07-01,2008-08-01,2009-07-01,2009-08-01,2009-09-01,2009-10-01,train
001551,Nanded,2009-08-01,2008-09-01,2009-08-01,2009-09-01,2009-10-01,2009-11-01,train
001552,Nanded,2009-09-01,2008-10-01,2009-09-01,2009-10-01,2009-11-01,2009-12-01,train
001553,Nanded,2009-10-01,2008-11-01,2009-10-01,2009-11-01,2009-12-01,2010-01-01,train
001554,Nanded,2009-11-01,2008-12-01,2009-11-01,2009-12-01,2010-01-01,2010-02-01,train
001555,Nanded,2009-12-01,2009-01-01,2009-12-01,2010-01-01,2010-02-01,2010-03-01,train
001556,Nanded,2010-01-01,2009-02-01,2010-01-01,2010-02-01,2010-03-01,2010-04-01,train
001557,Nanded,2010-02-01,2009-03-01,2010-02-01,2010-03-01,2010-04-01,2010-05-01,train
001558,Nanded,2010-03-01,2009-04-01,2010-03-01,2010-04-01,2010-05-01,2010-06-01,train
001559,Nanded,2010-04-01,2009-05-01,2010-04-01,2010-05-01,2010-06-01,2010-07-01,train
001560,Nanded,2010-05-01,2009-06-01,2010-05-01,2010-06-01,2010-07-01,2010-08-01,train
001561,Nanded,2010-06-01,2009-07-01,2010-06-01,2010-07-01,2010-08-01,2010-09-01,train
001562,Nanded,2010-07-01,2009-08-01,2010-07-01,2010-08-01,2010-09-01,2010-10-01,train
001563,Nanded,2010-08-01,2009-09-01,2010-08-01,2010-09-01,2010-10-01,2010-11-01,train
001564,Nanded,2010-09-01,2009-10-01,2010-09-01,2010-10-01,2010-11-01,2010-12-01,train
001565,Nanded,2010-10-01,2009-11-01,2010-10-01,2010-11-01,2010-12-01,2011-01-01,train
001566,Nanded,2010-11-01,2009-12-01,2010-11-01,2010-12-01,2011-01-01,2011-02-01,train
001567,Nanded,2010-12-01,2010-01-01,2010-12-01,2011-01-01,2011-02-01,2011-03-01,train
001568,Nanded,2011-01-01,2010-02-01,2011-01-01,2011-02-01,2011-03-01,2011-04-01,train
001569,Nanded,2011-02-01,2010-03-01,2011-02-01,2011-03-01,2011-04-01,2011-05-01,train
001570,Nanded,2011-03-01,2010-04-01,2011-03-01,2011-04-01,2011-05-01,2011-06-01,train
001571,Nanded,2011-04-01,2010-05-01,2011-04-01,2011-05-01,2011-06-01,2011-07-01,train
001572,Nanded,2011-05-01,2010-06-01,2011-05-01,2011-06-01,2011-07-01,2011-08-01,train
001573,Nanded,2011-06-01,2010-07-01,2011-06-01,2011-07-01,2011-08-01,2011-09-01,train
001574,Nanded,2011-07-01,2010-08-01,2011-07-01,2011-08-01,2011-09-01,2011-10-01,train
001575,Nanded,2011-08-01,2010-09-01,2011-08-01,2011-09-01,2011-10-01,2011-11-01,train
001576,Nanded,2011-09-01,2010-10-01,2011-09-01,2011-10-01,2011-11-01,2011-12-01,train
001577,Nanded,2011-10-01,2010-11-01,2011-10-01,2011-11-01,2011-12-01,2012-01-01,train
001578,Nanded,2011-11-01,2010-12-01,2011-11-01,2011-12-01,2012-01-01,2012-02-01,train
001579,Nanded,2011-12-01,2011-01-01,2011-12-01,2012-01-01,2012-02-01,2012-03-01,train
001580,Nanded,2012-01-01,2011-02-01,2012-01-01,2012-02-01,2012-03-01,2012-04-01,train
001581,Nanded,2012-02-01,2011-03-01,2012-02-01,2012-03-01,2012-04-01,2012-05-01,train
001582,Nanded,2012-03-01,2011-04-01,2012-03-01,2012-04-01,2012-05-01,2012-06-01,train
001583,Nanded,2012-04-01,2011-05-01,2012-04-01,2012-05-01,2012-06-01,2012-07-01,train
001584,Nanded,2012-05-01,2011-06-01,2012-05-01,2012-06-01,2012-07-01,2012-08-01,train
001585,Nanded,2012-06-01,2011-07-01,2012-06-01,2012-07-01,2012-08-01,2012-09-01,train
001586,Nanded,2012-07-01,2011-08-01,2012-07-01,2012-08-01,2012-09-01,2012-10-01,train
001587,Nanded,2012-08-01,2011-09-01,2012-08-01,2012-09-01,2012-10-01,2012-11-01,train
001588,Nanded,2012-09-01,2011-10-01,2012-09-01,2012-10-01,2012-11-01,2012-12-01,train
001589,Nanded,2012-10-01,2011-11-01,2012-10-01,2012-11-01,2012-12-01,2013-01-01,train
001590,Nanded,2012-11-01,2011-12-01,2012-11-01,2012-12-01,2013-01-01,2013-02-01,train
001591,Nanded,2012-12-01,2012-01-01,2012-12-01,2013-01-01,2013-02-01,2013-03-01,train
001592,Nanded,2013-01-01,2012-02-01,2013-01-01,2013-02-01,2013-03-01,2013-04-01,train
001593,Nanded,2013-02-01,2012-03-01,2013-02-01,2013-03-01,2013-04-01,2013-05-01,train
001594,Nanded,2013-03-01,2012-04-01,2013-03-01,2013-04-01,2013-05-01,2013-06-01,train
001595,Nanded,2013-04-01,2012-05-01,2013-04-01,2013-05-01,2013-06-01,2013-07-01,train
001596,Nanded,2013-05-01,2012-06-01,2013-05-01,2013-06-01,2013-07-01,2013-08-01,train
001597,Nanded,2013-06-01,2012-07-01,2013-06-01,2013-07-01,2013-08-01,2013-09-01,train
001598,Nanded,2013-07-01,2012-08-01,2013-07-01,2013-08-01,2013-09-01,2013-10-01,train
001599,Nanded,2013-08-01,2012-09-01,2013-08-01,2013-09-01,2013-10-01,2013-11-01,train
001600,Nanded,2013-09-01,2012-10-01,2013-09-01,2013-10-01,2013-11-01,2013-12-01,train
001601,Nanded,2013-10-01,2012-11-01,2013-10-01,2013-11-01,2013-12-01,2014-01-01,train
001602,Nanded,2013-11-01,2012-12-01,2013-11-01,2013-12-01,2014-01-01,2014-02-01,train
001603,Nanded,2013-12-01,2013-01-01,2013-12-01,2014-01-01,2014-02-01,2014-03-01,train
001604,Nanded,2014-01-01,2013-02-01,2014-01-01,2014-02-01,2014-03-01,2014-04-01,train
001605,Nanded,2014-02-01,2013-03-01,2014-02-01,2014-03-01,2014-04-01,2014-05-01,train
001606,Nanded,2014-03-01,2013-04-01,2014-03-01,2014-04-01,2014-05-01,2014-06-01,train
001607,Nanded,2014-04-01,2013-05-01,2014-04-01,2014-05-01,2014-06-01,2014-07-01,train
001608,Nanded,2014-05-01,2013-06-01,2014-05-01,2014-06-01,2014-07-01,2014-08-01,train
001609,Nanded,2014-06-01,2013-07-01,2014-06-01,2014-07-01,2014-08-01,2014-09-01,train
001610,Nanded,2014-07-01,2013-08-01,2014-07-01,2014-08-01,2014-09-01,2014-10-01,train
001611,Nanded,2014-08-01,2013-09-01,2014-08-01,2014-09-01,2014-10-01,2014-11-01,train
001612,Nanded,2014-09-01,2013-10-01,2014-09-01,2014-10-01,2014-11-01,2014-12-01,train
001613,Nanded,2014-10-01,2013-11-01,2014-10-01,2014-11-01,2014-12-01,2015-01-01,train
001614,Nanded,2014-11-01,2013-12-01,2014-11-01,2014-12-01,2015-01-01,2015-02-01,train
001615,Nanded,2014-12-01,2014-01-01,2014-12-01,2015-01-01,2015-02-01,2015-03-01,train
001616,Nanded,2015-01-01,2014-02-01,2015-01-01,2015-02-01,2015-03-01,2015-04-01,train
001617,Nanded,2015-02-01,2014-03-01,2015-02-01,2015-03-01,2015-04-01,2015-05-01,train
001618,Nanded,2015-03-01,2014-04-01,2015-03-01,2015-04-01,2015-05-01,2015-06-01,train
001619,Nanded,2015-04-01,2014-05-01,2015-04-01,2015-05-01,2015-06-01,2015-07-01,train
001620,Nanded,2015-05-01,2014-06-01,2015-05-01,2015-06-01,2015-07-01,2015-08-01,train
001621,Nanded,2015-06-01,2014-07-01,2015-06-01,2015-07-01,2015-08-01,2015-09-01,train
001622,Nanded,2015-07-01,2014-08-01,2015-07-01,2015-08-01,2015-09-01,2015-10-01,train
001623,Nanded,2015-08-01,2014-09-01,2015-08-01,2015-09-01,2015-10-01,2015-11-01,train
001624,Nanded,2015-09-01,2014-10-01,2015-09-01,2015-10-01,2015-11-01,2015-12-01,train
001625,Nanded,2015-10-01,2014-11-01,2015-10-01,2015-11-01,2015-12-01,2016-01-01,train
001626,Nanded,2015-11-01,2014-12-01,2015-11-01,2015-12-01,2016-01-01,2016-02-01,train
001627,Nanded,2015-12-01,2015-01-01,2015-12-01,2016-01-01,2016-02-01,2016-03-01,train
001628,Nanded,2016-01-01,2015-02-01,2016-01-01,2016-02-01,2016-03-01,2016-04-01,train
001629,Nanded,2016-02-01,2015-03-01,2016-02-01,2016-03-01,2016-04-01,2016-05-01,train
001630,Nanded,2016-03-01,2015-04-01,2016-03-01,2016-04-01,2016-05-01,2016-06-01,train
001631,Nanded,2016-04-01,2015-05-01,2016-04-01,2016-05-01,2016-06-01,2016-07-01,train
001632,Nanded,2016-05-01,2015-06-01,2016-05-01,2016-06-01,2016-07-01,2016-08-01,train
001633,Nanded,2016-06-01,2015-07-01,2016-06-01,2016-07-01,2016-08-01,2016-09-01,train
001634,Nanded,2016-07-01,2015-08-01,2016-07-01,2016-08-01,2016-09-01,2016-10-01,train
001635,Nanded,2016-08-01,2015-09-01,2016-08-01,2016-09-01,2016-10-01,2016-11-01,train
001636,Nanded,2016-09-01,2015-10-01,2016-09-01,2016-10-01,2016-11-01,2016-12-01,train
001637,Nanded,2016-10-01,2015-11-01,2016-10-01,2016-11-01,2016-12-01,2017-01-01,train
001638,Nanded,2016-11-01,2015-12-01,2016-11-01,2016-12-01,2017-01-01,2017-02-01,train
001639,Nanded,2016-12-01,2016-01-01,2016-12-01,2017-01-01,2017-02-01,2017-03-01,train
001640,Nanded,2017-01-01,2016-02-01,2017-01-01,2017-02-01,2017-03-01,2017-04-01,train
001641,Nanded,2017-02-01,2016-03-01,2017-02-01,2017-03-01,2017-04-01,2017-05-01,train
001642,Nanded,2017-03-01,2016-04-01,2017-03-01,2017-04-01,2017-05-01,2017-06-01,train
001643,Nanded,2017-04-01,2016-05-01,2017-04-01,2017-05-01,2017-06-01,2017-07-01,train
001644,Nanded,2017-05-01,2016-06-01,2017-05-01,2017-06-01,2017-07-01,2017-08-01,train
001645,Nanded,2017-06-01,2016-07-01,2017-06-01,2017-07-01,2017-08-01,2017-09-01,train
001646,Nanded,2017-07-01,2016-08-01,2017-07-01,2017-08-01,2017-09-01,2017-10-01,train
001647,Nanded,2017-08-01,2016-09-01,2017-08-01,2017-09-01,2017-10-01,2017-11-01,train
001648,Nanded,2017-09-01,2016-10-01,2017-09-01,2017-10-01,2017-11-01,2017-12-01,train
001649,Nanded,2018-01-01,2017-02-01,2018-01-01,2018-02-01,2018-03-01,2018-04-01,val
001650,Nanded,2018-02-01,2017-03-01,2018-02-01,2018-03-01,2018-04-01,2018-05-01,val
001651,Nanded,2018-03-01,2017-04-01,2018-03-01,2018-04-01,2018-05-01,2018-06-01,val
001652,Nanded,2018-04-01,2017-05-01,2018-04-01,2018-05-01,2018-06-01,2018-07-01,val
001653,Nanded,2018-05-01,2017-06-01,2018-05-01,2018-06-01,2018-07-01,2018-08-01,val
001654,Nanded,2018-06-01,2017-07-01,2018-06-01,2018-07-01,2018-08-01,2018-09-01,val
001655,Nanded,2018-07-01,2017-08-01,2018-07-01,2018-08-01,2018-09-01,2018-10-01,val
001656,Nanded,2018-08-01,2017-09-01,2018-08-01,2018-09-01,2018-10-01,2018-11-01,val
001657,Nanded,2018-09-01,2017-10-01,2018-09-01,2018-10-01,2018-11-01,2018-12-01,val
001658,Nanded,2018-10-01,2017-11-01,2018-10-01,2018-11-01,2018-12-01,2019-01-01,val
001659,Nanded,2018-11-01,2017-12-01,2018-11-01,2018-12-01,2019-01-01,2019-02-01,val
001660,Nanded,2018-12-01,2018-01-01,2018-12-01,2019-01-01,2019-02-01,2019-03-01,val
001661,Nanded,2019-01-01,2018-02-01,2019-01-01,2019-02-01,2019-03-01,2019-04-01,val
001662,Nanded,2019-02-01,2018-03-01,2019-02-01,2019-03-01,2019-04-01,2019-05-01,val
001663,Nanded,2019-03-01,2018-04-01,2019-03-01,2019-04-01,2019-05-01,2019-06-01,val
001664,Nanded,2019-04-01,2018-05-01,2019-04-01,2019-05-01,2019-06-01,2019-07-01,val
001665,Nanded,2019-05-01,2018-06-01,2019-05-01,2019-06-01,2019-07-01,2019-08-01,val
001666,Nanded,2019-06-01,2018-07-01,2019-06-01,2019-07-01,2019-08-01,2019-09-01,val
001667,Nanded,2019-07-01,2018-08-01,2019-07-01,2019-08-01,2019-09-01,2019-10-01,val
001668,Nanded,2019-08-01,2018-09-01,2019-08-01,2019-09-01,2019-10-01,2019-11-01,val
001669,Nanded,2019-09-01,2018-10-01,2019-09-01,2019-10-01,2019-11-01,2019-12-01,val
001670,Nanded,2019-10-01,2018-11-01,2019-10-01,2019-11-01,2019-12-01,2020-01-01,val
001671,Nanded,2019-11-01,2018-12-01,2019-11-01,2019-12-01,2020-01-01,2020-02-01,val
001672,Nanded,2019-12-01,2019-01-01,2019-12-01,2020-01-01,2020-02-01,2020-03-01,val
001673,Nanded,2020-01-01,2019-02-01,2020-01-01,2020-02-01,2020-03-01,2020-04-01,val
001674,Nanded,2020-02-01,2019-03-01,2020-02-01,2020-03-01,2020-04-01,2020-05-01,val
001675,Nanded,2020-03-01,2019-04-01,2020-03-01,2020-04-01,2020-05-01,2020-06-01,val
001676,Nanded,2020-04-01,2019-05-01,2020-04-01,2020-05-01,2020-06-01,2020-07-01,val
001677,Nanded,2020-05-01,2019-06-01,2020-05-01,2020-06-01,2020-07-01,2020-08-01,val
001678,Nanded,2020-06-01,2019-07-01,2020-06-01,2020-07-01,2020-08-01,2020-09-01,val
001679,Nanded,2020-07-01,2019-08-01,2020-07-01,2020-08-01,2020-09-01,2020-10-01,val
001680,Nanded,2020-08-01,2019-09-01,2020-08-01,2020-09-01,2020-10-01,2020-11-01,val
001681,Nanded,2020-09-01,2019-10-01,2020-09-01,2020-10-01,2020-11-01,2020-12-01,val
001682,Nanded,2020-10-01,2019-11-01,2020-10-01,2020-11-01,2020-12-01,2021-01-01,val
001683,Nanded,2020-11-01,2019-12-01,2020-11-01,2020-12-01,2021-01-01,2021-02-01,val
001684,Nanded,2020-12-01,2020-01-01,2020-12-01,2021-01-01,2021-02-01,2021-03-01,val
001685,Nanded,2021-01-01,2020-02-01,2021-01-01,2021-02-01,2021-03-01,2021-04-01,test
001686,Nanded,2021-02-01,2020-03-01,2021-02-01,2021-03-01,2021-04-01,2021-05-01,test
001687,Nanded,2021-03-01,2020-04-01,2021-03-01,2021-04-01,2021-05-01,2021-06-01,test
001688,Nanded,2021-04-01,2020-05-01,2021-04-01,2021-05-01,2021-06-01,2021-07-01,test
001689,Nanded,2021-05-01,2020-06-01,2021-05-01,2021-06-01,2021-07-01,2021-08-01,test
001690,Nanded,2021-06-01,2020-07-01,2021-06-01,2021-07-01,2021-08-01,2021-09-01,test
001691,Nanded,2021-07-01,2020-08-01,2021-07-01,2021-08-01,2021-09-01,2021-10-01,test
001692,Nanded,2021-08-01,2020-09-01,2021-08-01,2021-09-01,2021-10-01,2021-11-01,test
001693,Nanded,2021-09-01,2020-10-01,2021-09-01,2021-10-01,2021-11-01,2021-12-01,test
001694,Nanded,2021-10-01,2020-11-01,2021-10-01,2021-11-01,2021-12-01,2022-01-01,test
001695,Nanded,2021-11-01,2020-12-01,2021-11-01,2021-12-01,2022-01-01,2022-02-01,test
001696,Nanded,2021-12-01,2021-01-01,2021-12-01,2022-01-01,2022-02-01,2022-03-01,test
001697,Nanded,2022-01-01,2021-02-01,2022-01-01,2022-02-01,2022-03-01,2022-04-01,test
001698,Nanded,2022-02-01,2021-03-01,2022-02-01,2022-03-01,2022-04-01,2022-05-01,test
001699,Nanded,2022-03-01,2021-04-01,2022-03-01,2022-04-01,2022-05-01,2022-06-01,test
001700,Nanded,2022-04-01,2021-05-01,2022-04-01,2022-05-01,2022-06-01,2022-07-01,test
001701,Nanded,2022-05-01,2021-06-01,2022-05-01,2022-06-01,2022-07-01,2022-08-01,test
001702,Nanded,2022-06-01,2021-07-01,2022-06-01,2022-07-01,2022-08-01,2022-09-01,test
001703,Nanded,2022-07-01,2021-08-01,2022-07-01,2022-08-01,2022-09-01,2022-10-01,test
001704,Nanded,2022-08-01,2021-09-01,2022-08-01,2022-09-01,2022-10-01,2022-11-01,test
001705,Nanded,2022-09-01,2021-10-01,2022-09-01,2022-10-01,2022-11-01,2022-12-01,test
001706,Nanded,2022-10-01,2021-11-01,2022-10-01,2022-11-01,2022-12-01,2023-01-01,test
001707,Nanded,2022-11-01,2021-12-01,2022-11-01,2022-12-01,2023-01-01,2023-02-01,test
001708,Nanded,2022-12-01,2022-01-01,2022-12-01,2023-01-01,2023-02-01,2023-03-01,test
001709,Nanded,2023-01-01,2022-02-01,2023-01-01,2023-02-01,2023-03-01,2023-04-01,test
001710,Nanded,2023-02-01,2022-03-01,2023-02-01,2023-03-01,2023-04-01,2023-05-01,test
001711,Nanded,2023-03-01,2022-04-01,2023-03-01,2023-04-01,2023-05-01,2023-06-01,test
001712,Nanded,2023-04-01,2022-05-01,2023-04-01,2023-05-01,2023-06-01,2023-07-01,test
001713,Nanded,2023-05-01,2022-06-01,2023-05-01,2023-06-01,2023-07-01,2023-08-01,test
001714,Nanded,2023-06-01,2022-07-01,2023-06-01,2023-07-01,2023-08-01,2023-09-01,test
001715,Nanded,2023-07-01,2022-08-01,2023-07-01,2023-08-01,2023-09-01,2023-10-01,test
001716,Nanded,2023-08-01,2022-09-01,2023-08-01,2023-09-01,2023-10-01,2023-11-01,test
001717,Nanded,2023-09-01,2022-10-01,2023-09-01,2023-10-01,2023-11-01,2023-12-01,test
001718,Nanded,2023-10-01,2022-11-01,2023-10-01,2023-11-01,2023-12-01,2024-01-01,test
001719,Nanded,2023-11-01,2022-12-01,2023-11-01,2023-12-01,2024-01-01,2024-02-01,test
001720,Nanded,2023-12-01,2023-01-01,2023-12-01,2024-01-01,2024-02-01,2024-03-01,test
001721,Nanded,2024-01-01,2023-02-01,2024-01-01,2024-02-01,2024-03-01,2024-04-01,test
001722,Nanded,2024-02-01,2023-03-01,2024-02-01,2024-03-01,2024-04-01,2024-05-01,test
001723,Nanded,2024-03-01,2023-04-01,2024-03-01,2024-04-01,2024-05-01,2024-06-01,test
001724,Nanded,2024-04-01,2023-05-01,2024-04-01,2024-05-01,2024-06-01,2024-07-01,test
001725,Nanded,2024-05-01,2023-06-01,2024-05-01,2024-06-01,2024-07-01,2024-08-01,test
001726,Nanded,2024-06-01,2023-07-01,2024-06-01,2024-07-01,2024-08-01,2024-09-01,test
001727,Nanded,2024-07-01,2023-08-01,2024-07-01,2024-08-01,2024-09-01,2024-10-01,test
001728,Nanded,2024-08-01,2023-09-01,2024-08-01,2024-09-01,2024-10-01,2024-11-01,test
001729,Nanded,2024-09-01,2023-10-01,2024-09-01,2024-10-01,2024-11-01,2024-12-01,test
001730,Parbhani,2003-12-01,2003-01-01,2003-12-01,2004-01-01,2004-02-01,2004-03-01,train
001731,Parbhani,2004-01-01,2003-02-01,2004-01-01,2004-02-01,2004-03-01,2004-04-01,train
001732,Parbhani,2004-02-01,2003-03-01,2004-02-01,2004-03-01,2004-04-01,2004-05-01,train
001733,Parbhani,2004-03-01,2003-04-01,2004-03-01,2004-04-01,2004-05-01,2004-06-01,train
001734,Parbhani,2004-04-01,2003-05-01,2004-04-01,2004-05-01,2004-06-01,2004-07-01,train
001735,Parbhani,2004-05-01,2003-06-01,2004-05-01,2004-06-01,2004-07-01,2004-08-01,train
001736,Parbhani,2004-06-01,2003-07-01,2004-06-01,2004-07-01,2004-08-01,2004-09-01,train
001737,Parbhani,2004-07-01,2003-08-01,2004-07-01,2004-08-01,2004-09-01,2004-10-01,train
001738,Parbhani,2004-08-01,2003-09-01,2004-08-01,2004-09-01,2004-10-01,2004-11-01,train
001739,Parbhani,2004-09-01,2003-10-01,2004-09-01,2004-10-01,2004-11-01,2004-12-01,train
001740,Parbhani,2004-10-01,2003-11-01,2004-10-01,2004-11-01,2004-12-01,2005-01-01,train
001741,Parbhani,2004-11-01,2003-12-01,2004-11-01,2004-12-01,2005-01-01,2005-02-01,train
001742,Parbhani,2004-12-01,2004-01-01,2004-12-01,2005-01-01,2005-02-01,2005-03-01,train
001743,Parbhani,2005-01-01,2004-02-01,2005-01-01,2005-02-01,2005-03-01,2005-04-01,train
001744,Parbhani,2005-02-01,2004-03-01,2005-02-01,2005-03-01,2005-04-01,2005-05-01,train
001745,Parbhani,2005-03-01,2004-04-01,2005-03-01,2005-04-01,2005-05-01,2005-06-01,train
001746,Parbhani,2005-04-01,2004-05-01,2005-04-01,2005-05-01,2005-06-01,2005-07-01,train
001747,Parbhani,2005-05-01,2004-06-01,2005-05-01,2005-06-01,2005-07-01,2005-08-01,train
001748,Parbhani,2005-06-01,2004-07-01,2005-06-01,2005-07-01,2005-08-01,2005-09-01,train
001749,Parbhani,2005-07-01,2004-08-01,2005-07-01,2005-08-01,2005-09-01,2005-10-01,train
001750,Parbhani,2005-08-01,2004-09-01,2005-08-01,2005-09-01,2005-10-01,2005-11-01,train
001751,Parbhani,2005-09-01,2004-10-01,2005-09-01,2005-10-01,2005-11-01,2005-12-01,train
001752,Parbhani,2005-10-01,2004-11-01,2005-10-01,2005-11-01,2005-12-01,2006-01-01,train
001753,Parbhani,2005-11-01,2004-12-01,2005-11-01,2005-12-01,2006-01-01,2006-02-01,train
001754,Parbhani,2005-12-01,2005-01-01,2005-12-01,2006-01-01,2006-02-01,2006-03-01,train
001755,Parbhani,2006-01-01,2005-02-01,2006-01-01,2006-02-01,2006-03-01,2006-04-01,train
001756,Parbhani,2006-02-01,2005-03-01,2006-02-01,2006-03-01,2006-04-01,2006-05-01,train
001757,Parbhani,2006-03-01,2005-04-01,2006-03-01,2006-04-01,2006-05-01,2006-06-01,train
001758,Parbhani,2006-04-01,2005-05-01,2006-04-01,2006-05-01,2006-06-01,2006-07-01,train
001759,Parbhani,2006-05-01,2005-06-01,2006-05-01,2006-06-01,2006-07-01,2006-08-01,train
001760,Parbhani,2006-06-01,2005-07-01,2006-06-01,2006-07-01,2006-08-01,2006-09-01,train
001761,Parbhani,2006-07-01,2005-08-01,2006-07-01,2006-08-01,2006-09-01,2006-10-01,train
001762,Parbhani,2006-08-01,2005-09-01,2006-08-01,2006-09-01,2006-10-01,2006-11-01,train
001763,Parbhani,2006-09-01,2005-10-01,2006-09-01,2006-10-01,2006-11-01,2006-12-01,train
001764,Parbhani,2006-10-01,2005-11-01,2006-10-01,2006-11-01,2006-12-01,2007-01-01,train
001765,Parbhani,2006-11-01,2005-12-01,2006-11-01,2006-12-01,2007-01-01,2007-02-01,train
001766,Parbhani,2006-12-01,2006-01-01,2006-12-01,2007-01-01,2007-02-01,2007-03-01,train
001767,Parbhani,2007-01-01,2006-02-01,2007-01-01,2007-02-01,2007-03-01,2007-04-01,train
001768,Parbhani,2007-02-01,2006-03-01,2007-02-01,2007-03-01,2007-04-01,2007-05-01,train
001769,Parbhani,2007-03-01,2006-04-01,2007-03-01,2007-04-01,2007-05-01,2007-06-01,train
001770,Parbhani,2007-04-01,2006-05-01,2007-04-01,2007-05-01,2007-06-01,2007-07-01,train
001771,Parbhani,2007-05-01,2006-06-01,2007-05-01,2007-06-01,2007-07-01,2007-08-01,train
001772,Parbhani,2007-06-01,2006-07-01,2007-06-01,2007-07-01,2007-08-01,2007-09-01,train
001773,Parbhani,2007-07-01,2006-08-01,2007-07-01,2007-08-01,2007-09-01,2007-10-01,train
001774,Parbhani,2007-08-01,2006-09-01,2007-08-01,2007-09-01,2007-10-01,2007-11-01,train
001775,Parbhani,2007-09-01,2006-10-01,2007-09-01,2007-10-01,2007-11-01,2007-12-01,train
001776,Parbhani,2007-10-01,2006-11-01,2007-10-01,2007-11-01,2007-12-01,2008-01-01,train
001777,Parbhani,2007-11-01,2006-12-01,2007-11-01,2007-12-01,2008-01-01,2008-02-01,train
001778,Parbhani,2007-12-01,2007-01-01,2007-12-01,2008-01-01,2008-02-01,2008-03-01,train
001779,Parbhani,2008-01-01,2007-02-01,2008-01-01,2008-02-01,2008-03-01,2008-04-01,train
001780,Parbhani,2008-02-01,2007-03-01,2008-02-01,2008-03-01,2008-04-01,2008-05-01,train
001781,Parbhani,2008-03-01,2007-04-01,2008-03-01,2008-04-01,2008-05-01,2008-06-01,train
001782,Parbhani,2008-04-01,2007-05-01,2008-04-01,2008-05-01,2008-06-01,2008-07-01,train
001783,Parbhani,2008-05-01,2007-06-01,2008-05-01,2008-06-01,2008-07-01,2008-08-01,train
001784,Parbhani,2008-06-01,2007-07-01,2008-06-01,2008-07-01,2008-08-01,2008-09-01,train
001785,Parbhani,2008-07-01,2007-08-01,2008-07-01,2008-08-01,2008-09-01,2008-10-01,train
001786,Parbhani,2008-08-01,2007-09-01,2008-08-01,2008-09-01,2008-10-01,2008-11-01,train
001787,Parbhani,2008-09-01,2007-10-01,2008-09-01,2008-10-01,2008-11-01,2008-12-01,train
001788,Parbhani,2008-10-01,2007-11-01,2008-10-01,2008-11-01,2008-12-01,2009-01-01,train
001789,Parbhani,2008-11-01,2007-12-01,2008-11-01,2008-12-01,2009-01-01,2009-02-01,train
001790,Parbhani,2008-12-01,2008-01-01,2008-12-01,2009-01-01,2009-02-01,2009-03-01,train
001791,Parbhani,2009-01-01,2008-02-01,2009-01-01,2009-02-01,2009-03-01,2009-04-01,train
001792,Parbhani,2009-02-01,2008-03-01,2009-02-01,2009-03-01,2009-04-01,2009-05-01,train
001793,Parbhani,2009-03-01,2008-04-01,2009-03-01,2009-04-01,2009-05-01,2009-06-01,train
001794,Parbhani,2009-04-01,2008-05-01,2009-04-01,2009-05-01,2009-06-01,2009-07-01,train
001795,Parbhani,2009-05-01,2008-06-01,2009-05-01,2009-06-01,2009-07-01,2009-08-01,train
001796,Parbhani,2009-06-01,2008-07-01,2009-06-01,2009-07-01,2009-08-01,2009-09-01,train
001797,Parbhani,2009-07-01,2008-08-01,2009-07-01,2009-08-01,2009-09-01,2009-10-01,train
001798,Parbhani,2009-08-01,2008-09-01,2009-08-01,2009-09-01,2009-10-01,2009-11-01,train
001799,Parbhani,2009-09-01,2008-10-01,2009-09-01,2009-10-01,2009-11-01,2009-12-01,train
001800,Parbhani,2009-10-01,2008-11-01,2009-10-01,2009-11-01,2009-12-01,2010-01-01,train
001801,Parbhani,2009-11-01,2008-12-01,2009-11-01,2009-12-01,2010-01-01,2010-02-01,train
001802,Parbhani,2009-12-01,2009-01-01,2009-12-01,2010-01-01,2010-02-01,2010-03-01,train
001803,Parbhani,2010-01-01,2009-02-01,2010-01-01,2010-02-01,2010-03-01,2010-04-01,train
001804,Parbhani,2010-02-01,2009-03-01,2010-02-01,2010-03-01,2010-04-01,2010-05-01,train
001805,Parbhani,2010-03-01,2009-04-01,2010-03-01,2010-04-01,2010-05-01,2010-06-01,train
001806,Parbhani,2010-04-01,2009-05-01,2010-04-01,2010-05-01,2010-06-01,2010-07-01,train
001807,Parbhani,2010-05-01,2009-06-01,2010-05-01,2010-06-01,2010-07-01,2010-08-01,train
001808,Parbhani,2010-06-01,2009-07-01,2010-06-01,2010-07-01,2010-08-01,2010-09-01,train
001809,Parbhani,2010-07-01,2009-08-01,2010-07-01,2010-08-01,2010-09-01,2010-10-01,train
001810,Parbhani,2010-08-01,2009-09-01,2010-08-01,2010-09-01,2010-10-01,2010-11-01,train
001811,Parbhani,2010-09-01,2009-10-01,2010-09-01,2010-10-01,2010-11-01,2010-12-01,train
001812,Parbhani,2010-10-01,2009-11-01,2010-10-01,2010-11-01,2010-12-01,2011-01-01,train
001813,Parbhani,2010-11-01,2009-12-01,2010-11-01,2010-12-01,2011-01-01,2011-02-01,train
001814,Parbhani,2010-12-01,2010-01-01,2010-12-01,2011-01-01,2011-02-01,2011-03-01,train
001815,Parbhani,2011-01-01,2010-02-01,2011-01-01,2011-02-01,2011-03-01,2011-04-01,train
001816,Parbhani,2011-02-01,2010-03-01,2011-02-01,2011-03-01,2011-04-01,2011-05-01,train
001817,Parbhani,2011-03-01,2010-04-01,2011-03-01,2011-04-01,2011-05-01,2011-06-01,train
001818,Parbhani,2011-04-01,2010-05-01,2011-04-01,2011-05-01,2011-06-01,2011-07-01,train
001819,Parbhani,2011-05-01,2010-06-01,2011-05-01,2011-06-01,2011-07-01,2011-08-01,train
001820,Parbhani,2011-06-01,2010-07-01,2011-06-01,2011-07-01,2011-08-01,2011-09-01,train
001821,Parbhani,2011-07-01,2010-08-01,2011-07-01,2011-08-01,2011-09-01,2011-10-01,train
001822,Parbhani,2011-08-01,2010-09-01,2011-08-01,2011-09-01,2011-10-01,2011-11-01,train
001823,Parbhani,2011-09-01,2010-10-01,2011-09-01,2011-10-01,2011-11-01,2011-12-01,train
001824,Parbhani,2011-10-01,2010-11-01,2011-10-01,2011-11-01,2011-12-01,2012-01-01,train
001825,Parbhani,2011-11-01,2010-12-01,2011-11-01,2011-12-01,2012-01-01,2012-02-01,train
001826,Parbhani,2011-12-01,2011-01-01,2011-12-01,2012-01-01,2012-02-01,2012-03-01,train
001827,Parbhani,2012-01-01,2011-02-01,2012-01-01,2012-02-01,2012-03-01,2012-04-01,train
001828,Parbhani,2012-02-01,2011-03-01,2012-02-01,2012-03-01,2012-04-01,2012-05-01,train
001829,Parbhani,2012-03-01,2011-04-01,2012-03-01,2012-04-01,2012-05-01,2012-06-01,train
001830,Parbhani,2012-04-01,2011-05-01,2012-04-01,2012-05-01,2012-06-01,2012-07-01,train
001831,Parbhani,2012-05-01,2011-06-01,2012-05-01,2012-06-01,2012-07-01,2012-08-01,train
001832,Parbhani,2012-06-01,2011-07-01,2012-06-01,2012-07-01,2012-08-01,2012-09-01,train
001833,Parbhani,2012-07-01,2011-08-01,2012-07-01,2012-08-01,2012-09-01,2012-10-01,train
001834,Parbhani,2012-08-01,2011-09-01,2012-08-01,2012-09-01,2012-10-01,2012-11-01,train
001835,Parbhani,2012-09-01,2011-10-01,2012-09-01,2012-10-01,2012-11-01,2012-12-01,train
001836,Parbhani,2012-10-01,2011-11-01,2012-10-01,2012-11-01,2012-12-01,2013-01-01,train
001837,Parbhani,2012-11-01,2011-12-01,2012-11-01,2012-12-01,2013-01-01,2013-02-01,train
001838,Parbhani,2012-12-01,2012-01-01,2012-12-01,2013-01-01,2013-02-01,2013-03-01,train
001839,Parbhani,2013-01-01,2012-02-01,2013-01-01,2013-02-01,2013-03-01,2013-04-01,train
001840,Parbhani,2013-02-01,2012-03-01,2013-02-01,2013-03-01,2013-04-01,2013-05-01,train
001841,Parbhani,2013-03-01,2012-04-01,2013-03-01,2013-04-01,2013-05-01,2013-06-01,train
001842,Parbhani,2013-04-01,2012-05-01,2013-04-01,2013-05-01,2013-06-01,2013-07-01,train
001843,Parbhani,2013-05-01,2012-06-01,2013-05-01,2013-06-01,2013-07-01,2013-08-01,train
001844,Parbhani,2013-06-01,2012-07-01,2013-06-01,2013-07-01,2013-08-01,2013-09-01,train
001845,Parbhani,2013-07-01,2012-08-01,2013-07-01,2013-08-01,2013-09-01,2013-10-01,train
001846,Parbhani,2013-08-01,2012-09-01,2013-08-01,2013-09-01,2013-10-01,2013-11-01,train
001847,Parbhani,2013-09-01,2012-10-01,2013-09-01,2013-10-01,2013-11-01,2013-12-01,train
001848,Parbhani,2013-10-01,2012-11-01,2013-10-01,2013-11-01,2013-12-01,2014-01-01,train
001849,Parbhani,2013-11-01,2012-12-01,2013-11-01,2013-12-01,2014-01-01,2014-02-01,train
001850,Parbhani,2013-12-01,2013-01-01,2013-12-01,2014-01-01,2014-02-01,2014-03-01,train
001851,Parbhani,2014-01-01,2013-02-01,2014-01-01,2014-02-01,2014-03-01,2014-04-01,train
001852,Parbhani,2014-02-01,2013-03-01,2014-02-01,2014-03-01,2014-04-01,2014-05-01,train
001853,Parbhani,2014-03-01,2013-04-01,2014-03-01,2014-04-01,2014-05-01,2014-06-01,train
001854,Parbhani,2014-04-01,2013-05-01,2014-04-01,2014-05-01,2014-06-01,2014-07-01,train
001855,Parbhani,2014-05-01,2013-06-01,2014-05-01,2014-06-01,2014-07-01,2014-08-01,train
001856,Parbhani,2014-06-01,2013-07-01,2014-06-01,2014-07-01,2014-08-01,2014-09-01,train
001857,Parbhani,2014-07-01,2013-08-01,2014-07-01,2014-08-01,2014-09-01,2014-10-01,train
001858,Parbhani,2014-08-01,2013-09-01,2014-08-01,2014-09-01,2014-10-01,2014-11-01,train
001859,Parbhani,2014-09-01,2013-10-01,2014-09-01,2014-10-01,2014-11-01,2014-12-01,train
001860,Parbhani,2014-10-01,2013-11-01,2014-10-01,2014-11-01,2014-12-01,2015-01-01,train
001861,Parbhani,2014-11-01,2013-12-01,2014-11-01,2014-12-01,2015-01-01,2015-02-01,train
001862,Parbhani,2014-12-01,2014-01-01,2014-12-01,2015-01-01,2015-02-01,2015-03-01,train
001863,Parbhani,2015-01-01,2014-02-01,2015-01-01,2015-02-01,2015-03-01,2015-04-01,train
001864,Parbhani,2015-02-01,2014-03-01,2015-02-01,2015-03-01,2015-04-01,2015-05-01,train
001865,Parbhani,2015-03-01,2014-04-01,2015-03-01,2015-04-01,2015-05-01,2015-06-01,train
001866,Parbhani,2015-04-01,2014-05-01,2015-04-01,2015-05-01,2015-06-01,2015-07-01,train
001867,Parbhani,2015-05-01,2014-06-01,2015-05-01,2015-06-01,2015-07-01,2015-08-01,train
001868,Parbhani,2015-06-01,2014-07-01,2015-06-01,2015-07-01,2015-08-01,2015-09-01,train
001869,Parbhani,2015-07-01,2014-08-01,2015-07-01,2015-08-01,2015-09-01,2015-10-01,train
001870,Parbhani,2015-08-01,2014-09-01,2015-08-01,2015-09-01,2015-10-01,2015-11-01,train
001871,Parbhani,2015-09-01,2014-10-01,2015-09-01,2015-10-01,2015-11-01,2015-12-01,train
001872,Parbhani,2015-10-01,2014-11-01,2015-10-01,2015-11-01,2015-12-01,2016-01-01,train
001873,Parbhani,2015-11-01,2014-12-01,2015-11-01,2015-12-01,2016-01-01,2016-02-01,train
001874,Parbhani,2015-12-01,2015-01-01,2015-12-01,2016-01-01,2016-02-01,2016-03-01,train
001875,Parbhani,2016-01-01,2015-02-01,2016-01-01,2016-02-01,2016-03-01,2016-04-01,train
001876,Parbhani,2016-02-01,2015-03-01,2016-02-01,2016-03-01,2016-04-01,2016-05-01,train
001877,Parbhani,2016-03-01,2015-04-01,2016-03-01,2016-04-01,2016-05-01,2016-06-01,train
001878,Parbhani,2016-04-01,2015-05-01,2016-04-01,2016-05-01,2016-06-01,2016-07-01,train
001879,Parbhani,2016-05-01,2015-06-01,2016-05-01,2016-06-01,2016-07-01,2016-08-01,train
001880,Parbhani,2016-06-01,2015-07-01,2016-06-01,2016-07-01,2016-08-01,2016-09-01,train
001881,Parbhani,2016-07-01,2015-08-01,2016-07-01,2016-08-01,2016-09-01,2016-10-01,train
001882,Parbhani,2016-08-01,2015-09-01,2016-08-01,2016-09-01,2016-10-01,2016-11-01,train
001883,Parbhani,2016-09-01,2015-10-01,2016-09-01,2016-10-01,2016-11-01,2016-12-01,train
001884,Parbhani,2016-10-01,2015-11-01,2016-10-01,2016-11-01,2016-12-01,2017-01-01,train
001885,Parbhani,2016-11-01,2015-12-01,2016-11-01,2016-12-01,2017-01-01,2017-02-01,train
001886,Parbhani,2016-12-01,2016-01-01,2016-12-01,2017-01-01,2017-02-01,2017-03-01,train
001887,Parbhani,2017-01-01,2016-02-01,2017-01-01,2017-02-01,2017-03-01,2017-04-01,train
001888,Parbhani,2017-02-01,2016-03-01,2017-02-01,2017-03-01,2017-04-01,2017-05-01,train
001889,Parbhani,2017-03-01,2016-04-01,2017-03-01,2017-04-01,2017-05-01,2017-06-01,train
001890,Parbhani,2017-04-01,2016-05-01,2017-04-01,2017-05-01,2017-06-01,2017-07-01,train
001891,Parbhani,2017-05-01,2016-06-01,2017-05-01,2017-06-01,2017-07-01,2017-08-01,train
001892,Parbhani,2017-06-01,2016-07-01,2017-06-01,2017-07-01,2017-08-01,2017-09-01,train
001893,Parbhani,2017-07-01,2016-08-01,2017-07-01,2017-08-01,2017-09-01,2017-10-01,train
001894,Parbhani,2017-08-01,2016-09-01,2017-08-01,2017-09-01,2017-10-01,2017-11-01,train
001895,Parbhani,2017-09-01,2016-10-01,2017-09-01,2017-10-01,2017-11-01,2017-12-01,train
001896,Parbhani,2018-01-01,2017-02-01,2018-01-01,2018-02-01,2018-03-01,2018-04-01,val
001897,Parbhani,2018-02-01,2017-03-01,2018-02-01,2018-03-01,2018-04-01,2018-05-01,val
001898,Parbhani,2018-03-01,2017-04-01,2018-03-01,2018-04-01,2018-05-01,2018-06-01,val
001899,Parbhani,2018-04-01,2017-05-01,2018-04-01,2018-05-01,2018-06-01,2018-07-01,val
001900,Parbhani,2018-05-01,2017-06-01,2018-05-01,2018-06-01,2018-07-01,2018-08-01,val
001901,Parbhani,2018-06-01,2017-07-01,2018-06-01,2018-07-01,2018-08-01,2018-09-01,val
001902,Parbhani,2018-07-01,2017-08-01,2018-07-01,2018-08-01,2018-09-01,2018-10-01,val
001903,Parbhani,2018-08-01,2017-09-01,2018-08-01,2018-09-01,2018-10-01,2018-11-01,val
001904,Parbhani,2018-09-01,2017-10-01,2018-09-01,2018-10-01,2018-11-01,2018-12-01,val
001905,Parbhani,2018-10-01,2017-11-01,2018-10-01,2018-11-01,2018-12-01,2019-01-01,val
001906,Parbhani,2018-11-01,2017-12-01,2018-11-01,2018-12-01,2019-01-01,2019-02-01,val
001907,Parbhani,2018-12-01,2018-01-01,2018-12-01,2019-01-01,2019-02-01,2019-03-01,val
001908,Parbhani,2019-01-01,2018-02-01,2019-01-01,2019-02-01,2019-03-01,2019-04-01,val
001909,Parbhani,2019-02-01,2018-03-01,2019-02-01,2019-03-01,2019-04-01,2019-05-01,val
001910,Parbhani,2019-03-01,2018-04-01,2019-03-01,2019-04-01,2019-05-01,2019-06-01,val
001911,Parbhani,2019-04-01,2018-05-01,2019-04-01,2019-05-01,2019-06-01,2019-07-01,val
001912,Parbhani,2019-05-01,2018-06-01,2019-05-01,2019-06-01,2019-07-01,2019-08-01,val
001913,Parbhani,2019-06-01,2018-07-01,2019-06-01,2019-07-01,2019-08-01,2019-09-01,val
001914,Parbhani,2019-07-01,2018-08-01,2019-07-01,2019-08-01,2019-09-01,2019-10-01,val
001915,Parbhani,2019-08-01,2018-09-01,2019-08-01,2019-09-01,2019-10-01,2019-11-01,val
001916,Parbhani,2019-09-01,2018-10-01,2019-09-01,2019-10-01,2019-11-01,2019-12-01,val
001917,Parbhani,2019-10-01,2018-11-01,2019-10-01,2019-11-01,2019-12-01,2020-01-01,val
001918,Parbhani,2019-11-01,2018-12-01,2019-11-01,2019-12-01,2020-01-01,2020-02-01,val
001919,Parbhani,2019-12-01,2019-01-01,2019-12-01,2020-01-01,2020-02-01,2020-03-01,val
001920,Parbhani,2020-01-01,2019-02-01,2020-01-01,2020-02-01,2020-03-01,2020-04-01,val
001921,Parbhani,2020-02-01,2019-03-01,2020-02-01,2020-03-01,2020-04-01,2020-05-01,val
001922,Parbhani,2020-03-01,2019-04-01,2020-03-01,2020-04-01,2020-05-01,2020-06-01,val
001923,Parbhani,2020-04-01,2019-05-01,2020-04-01,2020-05-01,2020-06-01,2020-07-01,val
001924,Parbhani,2020-05-01,2019-06-01,2020-05-01,2020-06-01,2020-07-01,2020-08-01,val
001925,Parbhani,2020-06-01,2019-07-01,2020-06-01,2020-07-01,2020-08-01,2020-09-01,val
001926,Parbhani,2020-07-01,2019-08-01,2020-07-01,2020-08-01,2020-09-01,2020-10-01,val
001927,Parbhani,2020-08-01,2019-09-01,2020-08-01,2020-09-01,2020-10-01,2020-11-01,val
001928,Parbhani,2020-09-01,2019-10-01,2020-09-01,2020-10-01,2020-11-01,2020-12-01,val
001929,Parbhani,2020-10-01,2019-11-01,2020-10-01,2020-11-01,2020-12-01,2021-01-01,val
001930,Parbhani,2020-11-01,2019-12-01,2020-11-01,2020-12-01,2021-01-01,2021-02-01,val
001931,Parbhani,2020-12-01,2020-01-01,2020-12-01,2021-01-01,2021-02-01,2021-03-01,val
001932,Parbhani,2021-01-01,2020-02-01,2021-01-01,2021-02-01,2021-03-01,2021-04-01,test
001933,Parbhani,2021-02-01,2020-03-01,2021-02-01,2021-03-01,2021-04-01,2021-05-01,test
001934,Parbhani,2021-03-01,2020-04-01,2021-03-01,2021-04-01,2021-05-01,2021-06-01,test
001935,Parbhani,2021-04-01,2020-05-01,2021-04-01,2021-05-01,2021-06-01,2021-07-01,test
001936,Parbhani,2021-05-01,2020-06-01,2021-05-01,2021-06-01,2021-07-01,2021-08-01,test
001937,Parbhani,2021-06-01,2020-07-01,2021-06-01,2021-07-01,2021-08-01,2021-09-01,test
001938,Parbhani,2021-07-01,2020-08-01,2021-07-01,2021-08-01,2021-09-01,2021-10-01,test
001939,Parbhani,2021-08-01,2020-09-01,2021-08-01,2021-09-01,2021-10-01,2021-11-01,test
001940,Parbhani,2021-09-01,2020-10-01,2021-09-01,2021-10-01,2021-11-01,2021-12-01,test
001941,Parbhani,2021-10-01,2020-11-01,2021-10-01,2021-11-01,2021-12-01,2022-01-01,test
001942,Parbhani,2021-11-01,2020-12-01,2021-11-01,2021-12-01,2022-01-01,2022-02-01,test
001943,Parbhani,2021-12-01,2021-01-01,2021-12-01,2022-01-01,2022-02-01,2022-03-01,test
001944,Parbhani,2022-01-01,2021-02-01,2022-01-01,2022-02-01,2022-03-01,2022-04-01,test
001945,Parbhani,2022-02-01,2021-03-01,2022-02-01,2022-03-01,2022-04-01,2022-05-01,test
001946,Parbhani,2022-03-01,2021-04-01,2022-03-01,2022-04-01,2022-05-01,2022-06-01,test
001947,Parbhani,2022-04-01,2021-05-01,2022-04-01,2022-05-01,2022-06-01,2022-07-01,test
001948,Parbhani,2022-05-01,2021-06-01,2022-05-01,2022-06-01,2022-07-01,2022-08-01,test
001949,Parbhani,2022-06-01,2021-07-01,2022-06-01,2022-07-01,2022-08-01,2022-09-01,test
001950,Parbhani,2022-07-01,2021-08-01,2022-07-01,2022-08-01,2022-09-01,2022-10-01,test
001951,Parbhani,2022-08-01,2021-09-01,2022-08-01,2022-09-01,2022-10-01,2022-11-01,test
001952,Parbhani,2022-09-01,2021-10-01,2022-09-01,2022-10-01,2022-11-01,2022-12-01,test
001953,Parbhani,2022-10-01,2021-11-01,2022-10-01,2022-11-01,2022-12-01,2023-01-01,test
001954,Parbhani,2022-11-01,2021-12-01,2022-11-01,2022-12-01,2023-01-01,2023-02-01,test
001955,Parbhani,2022-12-01,2022-01-01,2022-12-01,2023-01-01,2023-02-01,2023-03-01,test
001956,Parbhani,2023-01-01,2022-02-01,2023-01-01,2023-02-01,2023-03-01,2023-04-01,test
001957,Parbhani,2023-02-01,2022-03-01,2023-02-01,2023-03-01,2023-04-01,2023-05-01,test
001958,Parbhani,2023-03-01,2022-04-01,2023-03-01,2023-04-01,2023-05-01,2023-06-01,test
001959,Parbhani,2023-04-01,2022-05-01,2023-04-01,2023-05-01,2023-06-01,2023-07-01,test
001960,Parbhani,2023-05-01,2022-06-01,2023-05-01,2023-06-01,2023-07-01,2023-08-01,test
001961,Parbhani,2023-06-01,2022-07-01,2023-06-01,2023-07-01,2023-08-01,2023-09-01,test
001962,Parbhani,2023-07-01,2022-08-01,2023-07-01,2023-08-01,2023-09-01,2023-10-01,test
001963,Parbhani,2023-08-01,2022-09-01,2023-08-01,2023-09-01,2023-10-01,2023-11-01,test
001964,Parbhani,2023-09-01,2022-10-01,2023-09-01,2023-10-01,2023-11-01,2023-12-01,test
001965,Parbhani,2023-10-01,2022-11-01,2023-10-01,2023-11-01,2023-12-01,2024-01-01,test
001966,Parbhani,2023-11-01,2022-12-01,2023-11-01,2023-12-01,2024-01-01,2024-02-01,test
001967,Parbhani,2023-12-01,2023-01-01,2023-12-01,2024-01-01,2024-02-01,2024-03-01,test
001968,Parbhani,2024-01-01,2023-02-01,2024-01-01,2024-02-01,2024-03-01,2024-04-01,test
001969,Parbhani,2024-02-01,2023-03-01,2024-02-01,2024-03-01,2024-04-01,2024-05-01,test
001970,Parbhani,2024-03-01,2023-04-01,2024-03-01,2024-04-01,2024-05-01,2024-06-01,test
001971,Parbhani,2024-04-01,2023-05-01,2024-04-01,2024-05-01,2024-06-01,2024-07-01,test
001972,Parbhani,2024-05-01,2023-06-01,2024-05-01,2024-06-01,2024-07-01,2024-08-01,test
001973,Parbhani,2024-06-01,2023-07-01,2024-06-01,2024-07-01,2024-08-01,2024-09-01,test
001974,Parbhani,2024-07-01,2023-08-01,2024-07-01,2024-08-01,2024-09-01,2024-10-01,test
001975,Parbhani,2024-08-01,2023-09-01,2024-08-01,2024-09-01,2024-10-01,2024-11-01,test
001976,Parbhani,2024-09-01,2023-10-01,2024-09-01,2024-10-01,2024-11-01,2024-12-01,test
