sequence_id,district,forecast_origin,wsi_at_origin,residual_t1,residual_t2,residual_t3,split
1,Beed,2003-12-01,1.5224439951982838,-0.4292456957903248,-0.5193716141786915,-0.5590699169245106,train
2,Beed,2004-01-01,1.0931983484300525,-0.0901259674104602,-0.1298242701562793,-0.5082997573884875,train
3,Beed,2004-02-01,1.0030724055213414,-0.039698327247568166,-0.4181738144797764,-1.4010752982539616,train
4,Beed,2004-03-01,0.9633740746580064,-0.37847548361644145,-1.3613769673906266,-1.3567462825380265,train
5,Beed,2004-04-01,0.5848986077595376,-0.9829015004921579,-0.9782708156395578,0.1631629895877219,train
6,Beed,2004-05-01,-0.3980028887503176,0.004630680870297443,1.146064486097577,1.1637091298811464,train
7,Beed,2004-06-01,-0.3933722101219949,1.1414338074692545,1.1590784512528238,1.251219185448533,train
8,Beed,2004-07-01,0.7480615982439072,0.01764464288692169,0.10978537708263092,-0.09437829345722504,train
9,Beed,2004-08-01,0.7657062297648644,0.09214074556167373,-0.11202292497818223,-0.4814312344378685,train
10,Beed,2004-09-01,0.85784698645373,-0.2041636816670479,-0.5735719911267342,-0.21060926834841387,train
11,Beed,2004-10-01,0.6536832856665252,-0.3694082903395294,-0.006445567561209065,-0.08259175295931087,train
12,Beed,2004-11-01,0.2842749896620446,0.36296272844327154,0.28681654304516974,0.5108746942902869,train
13,Beed,2004-12-01,0.6472377217072377,-0.07614618900002335,0.14791196224509384,-0.04260915877999161,train
14,Beed,2005-01-01,0.5710915200122203,0.22405816394011124,0.033537042915025794,-0.6179093442567195,train
15,Beed,2005-02-01,0.7951496551406275,-0.19052109221338143,-0.8419674793851267,-0.5168833742511164,train
16,Beed,2005-03-01,0.6046285704959162,-0.6514463947404154,-0.3263622896064051,-0.023228533684087616,train
17,Beed,2005-04-01,-0.0468178256396259,0.325084106529137,0.6282178624514545,0.3802874549273456,train
18,Beed,2005-05-01,0.2782662715301315,0.3031337652816971,0.05520335775758822,-0.08575285035226743,train
19,Beed,2005-06-01,0.5814000252963845,-0.24793039600866473,-0.3888866041185204,-0.712664473462278,train
20,Beed,2005-07-01,0.3334696406715407,-0.14095621949367665,-0.4647340888374343,-0.841202449261476,train
21,Beed,2005-08-01,0.1925134193956256,-0.32377786756151916,-0.7002462279855609,-0.5338827502786517,train
22,Beed,2005-09-01,-0.1312644526997485,-0.3764683558901868,-0.2101048781832776,-0.14140587591734743,train
23,Beed,2005-10-01,-0.5077328263434329,0.16636349546040674,0.23506249772633692,0.394593606761352,train
24,Beed,2005-11-01,-0.3413693325448708,0.06869900392777484,0.22823011296278994,0.2109647856879906,train
25,Beed,2005-12-01,-0.2726703355712832,0.15953111598920233,0.14226578871440299,-0.16872521539497964,train
26,Beed,2006-01-01,-0.113139217861147,-0.017265328995733187,-0.3282563331051158,-0.020309069983510897,train
27,Beed,2006-02-01,-0.1304045533664358,-0.310990997599827,-0.003043734478222093,-0.2034354591839182,train
28,Beed,2006-03-01,-0.4413955631604207,0.3079472753157628,0.10755555061006672,0.22785450247430927,train
29,Beed,2006-04-01,-0.1334482878940056,-0.2003917246563484,-0.08009277279210586,-1.026409819672828,train
30,Beed,2006-05-01,-0.3338400162594333,0.12029895557332188,-0.8260180913074002,-0.21733051167559475,train
31,Beed,2006-06-01,-0.2135410645319145,-0.946317043034919,-0.3376294634031136,-0.6285945436643441,train
32,Beed,2006-07-01,-1.159858051014173,0.6086875230791449,0.3177224428179144,0.40511274642966977,train
33,Beed,2006-08-01,-0.5511705440101197,-0.2909650641861389,-0.2035747605743835,-0.07402990641025997,train
34,Beed,2006-09-01,-0.8421355854947591,0.08739028091025591,0.21693513507437945,0.5681617629010701,train
35,Beed,2006-10-01,-0.7547452956853059,0.12954484526492627,0.48077147309161694,0.12639390532352002,train
36,Beed,2006-11-01,-0.625200462585832,0.351226639992143,-0.003150927775953938,0.3261840763153089,train
37,Beed,2006-12-01,-0.2739738244856052,-0.3543775658761807,-0.02504256178491787,0.07034179757482334,train
38,Beed,2007-01-01,-0.6283514190980113,0.3293350328274882,0.4247193921872294,0.6548814651139891,train
39,Beed,2007-02-01,-0.2990163926791615,0.09538436576837966,0.3255464386951394,0.476172200293488,train
40,Beed,2007-03-01,-0.2036320242673633,0.23016207028334115,0.38078783188168974,-0.323194178602052,train
41,Beed,2007-04-01,0.0265300451377368,0.15062576247658968,-0.5533562480071521,-0.9407034693816638,train
42,Beed,2007-05-01,0.1771558069235994,-0.7039820097930147,-1.0913292311675264,-0.5982989512927248,train
43,Beed,2007-06-01,-0.5268262160412269,-0.3873472082027001,0.10568307167210156,-0.0663547980197472,train
44,Beed,2007-07-01,-0.9141734371629554,0.49303029279383004,0.3209924231019813,0.9243826958087283,train
45,Beed,2007-08-01,-0.4211431373554099,-0.1720378767055642,0.43135239600118286,0.5006941337781776,train
46,Beed,2007-09-01,-0.5931810184634458,0.6033902771092188,0.6727320148862135,0.9797612472689878,train
47,Beed,2007-10-01,0.0102092585086274,0.06934173791414024,0.3763709702969146,-0.01479891254821895,train
48,Beed,2007-11-01,0.0795509956587958,0.3070292331467462,-0.08414064969838735,-0.37612821085349796,train
49,Beed,2007-12-01,0.3865802270857454,-0.39116988112533696,-0.6831574422804476,-0.9824558479277254,train
50,Beed,2008-01-01,-0.0045896540021279,-0.29198756119257424,-0.5912859668398521,-0.49122973581797097,train
51,Beed,2008-02-01,-0.2965772197934181,-0.29929840104856187,-0.19924217002668076,0.24458021012864417,train
52,Beed,2008-03-01,-0.5958756268977674,0.10005623707766853,0.5438786172329935,1.284266835546449,train
53,Beed,2008-04-01,-0.4958194035897705,0.44382239392499656,1.1842106122384521,1.8744520682702515,train
54,Beed,2008-05-01,-0.0519970113868282,0.7403882200355099,1.4306296760673092,0.9176301414603756,train
55,Beed,2008-06-01,0.6883911988536742,0.6902414658268068,0.1772419312198732,-0.9200142077009108,train
56,Beed,2008-07-01,1.3786326175332062,-0.5129994874596588,-1.6102556263804428,-1.5597890740036957,train
57,Beed,2008-08-01,0.8656331129913079,-1.0972561218385444,-1.0467895694617972,-1.090245274508451,train
58,Beed,2008-09-01,-0.2316230058458303,0.050466549375340786,0.007010844328687038,0.13435324726371511,train
59,Beed,2008-10-01,-0.181156449531799,-0.04345571198534426,0.08388669094968382,-0.21722880699705538,train
60,Beed,2008-11-01,-0.2246121655288989,0.12734240694678373,-0.17377309099995547,-0.02583889262043887,train
61,Beed,2008-12-01,-0.0972697556942692,-0.30111550083458516,-0.15318130245506856,-0.1122845142155895,train
62,Beed,2009-01-01,-0.3983852461898682,0.14793418804053043,0.1888309762800095,0.3140269116485474,train
63,Beed,2009-02-01,-0.2504510519900469,0.04089678208018821,0.1660927174487261,0.06618488709117454,train
64,Beed,2009-03-01,-0.2095542633545755,0.1251959288132547,0.025288098455703123,0.6553648197663187,train
65,Beed,2009-04-01,-0.0843583333812468,-0.09990783151762557,0.5301688897929899,-0.1357852232136018,train
66,Beed,2009-05-01,-0.1842661662597816,0.6300767226715247,-0.03587739033506704,0.06481620060397791,train
67,Beed,2009-06-01,0.4458105709499156,-0.6659541275447642,-0.5652605366057193,-0.9500362422412669,train
68,Beed,2009-07-01,-0.2201435598016415,0.10069359414583781,-0.28408211148970985,-0.13005047715896031,train
69,Beed,2009-08-01,-0.1194499637567211,-0.3847757075346302,-0.2307440732038807,-0.7003919575727772,train
70,Beed,2009-09-01,-0.5042256521313274,0.1540316151707256,-0.3156162691981709,-0.4324466777713215,train
71,Beed,2009-10-01,-0.3501940379475836,-0.4696478833819147,-0.5864782919550653,-0.7488115420008417,train
72,Beed,2009-11-01,-0.81984192798993,-0.11683040191271887,-0.27916365195849524,0.40150386761090173,train
73,Beed,2009-12-01,-0.9366723007788006,-0.1623332791696247,0.5183342403997723,0.54412087865966,train
74,Beed,2010-01-01,-1.0990056395484011,0.6806675791693728,0.7064542174292605,0.7709428369952243,train
75,Beed,2010-02-01,-0.4183380705649814,0.025786648445840776,0.09027526801180452,0.13185227935862154,train
76,Beed,2010-03-01,-0.3925514123165631,0.06448860976338622,0.10606562111020323,-0.22592307117342714,train
77,Beed,2010-04-01,-0.3280627897694062,0.04157699856304636,-0.290411693720584,-1.1996046134517242,train
78,Beed,2010-05-01,-0.2864858020115428,-0.33198868147844746,-1.2411816012095875,-0.8118361126613087,train
79,Beed,2010-06-01,-0.6184744874052495,-0.9091929158158809,-0.4798474272676021,-0.6995217760987789,train
80,Beed,2010-07-01,-1.5276674282341225,0.42934551356127093,0.20967116473009417,0.3486188900261147,train
81,Beed,2010-08-01,-1.0983218919059798,-0.21967437159804848,-0.08072664630202797,-0.3327880133369401,train
82,Beed,2010-09-01,-1.3179962962320029,0.13894775802399506,-0.11311360901091705,0.04677096301819672,train
83,Beed,2010-10-01,-1.1790485057880238,-0.25206139945489614,-0.09217682742578237,0.13128599262731822,train
84,Beed,2010-11-01,-1.4311099169871997,0.15988458377339354,0.3833474038264941,0.5427311776302051,train
85,Beed,2010-12-01,-1.2712253253007364,0.22346281214003083,0.38284658594374177,0.881522587969346,train
86,Beed,2011-01-01,-1.0477624869129116,0.159383747555917,0.6580597495815212,0.2738436198017056,train
87,Beed,2011-02-01,-0.8883787174572433,0.4986759801258529,0.11445985034603723,0.46822775200504907,train
88,Beed,2011-03-01,-0.3897027268878927,-0.38421614022331335,-0.03044823856430151,0.37950770816428564,train
89,Beed,2011-04-01,-0.7739188773710723,0.35376791191887813,0.7637238586474653,0.17553944421601253,train
90,Beed,2011-05-01,-0.4201509689340278,0.40995595021042075,-0.178228464221032,-0.3470683957090691,train
91,Beed,2011-06-01,-0.0101950187558623,-0.5881844143991976,-0.7570243458872347,-0.5741294603472261,train
92,Beed,2011-07-01,-0.5983794599828361,-0.16883990466026078,0.01405498087974777,0.4359519898948311,train
93,Beed,2011-08-01,-0.7672193540838163,0.18289487498072787,0.6047918839958112,0.864616644254009,train
94,Beed,2011-09-01,-0.5843244869827444,0.42189701689473935,0.6817217771529371,0.5454844650446589,train
95,Beed,2011-10-01,-0.1624274713201005,0.2598247614902932,0.12358744938201494,0.1279784192544896,train
96,Beed,2011-11-01,0.0973972898145151,-0.13623731175260068,-0.131846341880126,-0.18963614070610524,train
97,Beed,2011-12-01,-0.0388400206269672,0.004390968561356318,-0.053398830264622915,0.12476747724432255,train
98,Beed,2012-01-01,-0.0344490504662685,-0.05778980042532162,0.12037650708362385,-0.08992281343534664,train
99,Beed,2012-02-01,-0.0922388515423892,0.17816630815974455,-0.03213301235922594,0.07170421322694998,train
100,Beed,2012-03-01,0.0859274572220842,-0.21029932112369934,-0.10646209553752342,0.39459714233007037,train
101,Beed,2012-04-01,-0.1243718631650112,0.10383722484957197,0.6048964627171658,0.07969554067503432,train
102,Beed,2012-05-01,-0.0205346385469541,0.5010592380991087,-0.024141683943022782,0.4428705314626798,train
103,Beed,2012-06-01,0.4805245972257709,-0.5252009197157478,-0.05818870431004519,0.6130767487901593,train
104,Beed,2012-07-01,-0.0446763234032618,0.4670122163189875,1.138277669419192,0.5982962446106898,train
105,Beed,2012-08-01,0.4223358944274875,0.6712654515884426,0.1312840267799405,0.1996511503837613,train
106,Beed,2012-09-01,1.0936012952043124,-0.5399813739968844,-0.4716142503930636,-0.42400885507598596,train
107,Beed,2012-10-01,0.5536199211138421,0.06836712369740672,0.11597251901448435,0.3881332279187507,train
108,Beed,2012-11-01,0.6219870468434517,0.047605393284874675,0.31976610218914103,0.3764581659975822,train
109,Beed,2012-12-01,0.6695924157111265,0.2721607333214663,0.32885279712990745,0.3284668570549868,train
110,Beed,2013-01-01,0.9417531753936188,0.05669203744741513,0.05630609737249448,-0.4454036320605652,train
111,Beed,2013-02-01,0.998445191681014,-0.00038591891490069585,-0.5020956483479604,-0.37984112769328204,train
112,Beed,2013-03-01,0.9980592654733126,-0.501709722140259,-0.37945520148558065,-1.066277638235516,train
113,Beed,2013-04-01,0.4963495328086995,0.12225453117903246,-0.5645679055709028,-1.1012302233833455,train
114,Beed,2013-05-01,0.6186040377524521,-0.6868224105146553,-1.2234847283270982,-1.0098318791297105,train
115,Beed,2013-06-01,-0.0682183762640798,-0.5366623143105662,-0.3230094651131785,-0.36744228400279644,train
116,Beed,2013-07-01,-0.6048806873947526,0.21365284601749435,0.16922002712787643,0.09547352472843185,train
117,Beed,2013-08-01,-0.3912278356787443,-0.044432824588131914,-0.1181793269875765,0.004509741329836836,train
118,Beed,2013-09-01,-0.4356606513071803,-0.07374651135914051,0.04894255695827282,-0.05253160895817005,train
119,Beed,2013-10-01,-0.5094071578053128,0.12268906345640529,0.02121489753996242,0.2576091538933407,train
120,Beed,2013-11-01,-0.3867180944818866,-0.10147416578346374,0.13492009056991455,-0.17321252809578064,train
121,Beed,2013-12-01,-0.4881922465833782,0.23639424267140613,-0.07173837599428906,-0.8253782528367879,train
122,Beed,2014-01-01,-0.2517980136272353,-0.30813260895043193,-1.0617724857929307,-0.8056369028690415,train
123,Beed,2014-02-01,-0.5599306259365547,-0.7536398734836113,-0.4975042905597221,0.027472022554444142,train
124,Beed,2014-03-01,-1.3135704487800968,0.2561355322838199,0.7811118453979862,1.26508585887555,train
125,Beed,2014-04-01,-1.0574348954723718,0.5249762920902612,1.008950305567825,1.7111985473202111,train
126,Beed,2014-05-01,-0.5324586070564009,0.4839740171518542,1.1862222589042402,0.5802670828488089,train
127,Beed,2014-06-01,-0.0484845908468018,0.7022482426946411,0.09629306663920979,0.43353807647874454,train
128,Beed,2014-07-01,0.653763635851529,-0.605955160059121,-0.2687101502195862,0.32943709304175106,train
129,Beed,2014-08-01,0.047808474476391,0.3372450111555517,0.935392254416889,0.7569554982828558,train
130,Beed,2014-09-01,0.3850534854804729,0.5981472434128071,0.4197104872787739,0.1691631378258015,train
131,Beed,2014-10-01,0.983200707593937,-0.17843673483469014,-0.42898408428766255,-1.0381112295482349,train
132,Beed,2014-11-01,0.8047640003015836,-0.25054737699530916,-0.8596745222558816,-0.40171745193503694,train
133,Beed,2014-12-01,0.5542165985458087,-0.6091271205001068,-0.1511700501792621,-0.6465045711152744,train
134,Beed,2015-01-01,-0.0549105218988555,0.4579570702654021,-0.037377450670610136,-0.16225999971808022,train
135,Beed,2015-02-01,0.4030465405730723,-0.49533451314253796,-0.620217062190008,-0.4586588364390849,train
136,Beed,2015-03-01,-0.0922879717196877,-0.12488254989724804,0.03667567585367512,0.05069961313862156,train
137,Beed,2015-04-01,-0.2171705236106675,0.16155822774465492,0.17558216502960136,1.6431408395438951,train
138,Beed,2015-05-01,-0.0556122957906376,0.014023937209571471,1.481582611723865,1.47586259238335,train
139,Beed,2015-06-01,-0.0415883603650415,1.467558676298269,1.461838656957754,1.6492833438474024,train
140,Beed,2015-07-01,1.4259703740252825,-0.005720077432570081,0.18172460945707836,0.22346168907743968,train
141,Beed,2015-08-01,1.420250264178289,0.1874447193040718,0.22918179892443313,-0.02118488885022507,train
142,Beed,2015-09-01,1.6076949749263838,0.041737088176338366,-0.20862959959831984,-0.11524187662926466,train
143,Beed,2015-10-01,1.6494320233233255,-0.25036664799526154,-0.15697892502620636,-0.3079900343783182,train
144,Beed,2015-11-01,1.39906537796561,0.09338772033150922,-0.0576233890206026,-0.3703783776909517,train
145,Beed,2015-12-01,1.492453078827623,-0.15101108988261558,-0.4637660785529647,-0.746793965897325,train
146,Beed,2016-01-01,1.3414419972637786,-0.31275499698912035,-0.5957828843334807,-0.5998008930424346,train
147,Beed,2016-02-01,1.0286870239458354,-0.2830279110155376,-0.28704591972449145,-0.5056430934152873,train
148,Beed,2016-03-01,0.7456591003049673,-0.004017996083623299,-0.2226151697744192,-0.24953730631960047,train
149,Beed,2016-04-01,0.7416410793973278,-0.21859714886677972,-0.245519285411961,-0.7955325556410622,train
150,Beed,2016-05-01,0.5230439093489118,-0.02692211536354494,-0.5769353855926461,-0.6796726223606534,train
151,Beed,2016-06-01,0.4961217874199841,-0.5500132636637185,-0.6527505004317258,-1.061617338052461,train
152,Beed,2016-07-01,-0.0538914773964273,-0.10273723561531434,-0.5116040732360495,-0.5432198669410361,train
153,Beed,2016-08-01,-0.1566287103618628,-0.40886684027061404,-0.4404826339756006,-0.3732396539722437,train
154,Beed,2016-09-01,-0.565495535760553,-0.031615808576910376,0.03562717142644656,0.014047428994805933,train
155,Beed,2016-10-01,-0.5971113182945237,0.06724295396041724,0.045663211528776615,-0.09355923157501367,train
156,Beed,2016-11-01,-0.529868360153235,-0.021579746612512052,-0.16080218971630234,-0.04462147177120346,train
157,Beed,2016-12-01,-0.5514481044483962,-0.13922244542114115,-0.023041727476042273,0.17237177259452963,train
158,Beed,2017-01-01,-0.6906705247766239,0.11618069285218546,0.31159419292275736,0.7727032052880985,train
159,Beed,2017-02-01,-0.5744898305481131,0.1954134986942465,0.6565225110595877,0.6888194964473898,train
160,Beed,2017-03-01,-0.3790763193157883,0.4611089998272629,0.493405985215065,-0.44683758678162383,train
161,Beed,2017-04-01,0.0820326817102062,0.03229698418907054,-0.9079465878076183,-0.2687655997342693,train
162,Beed,2017-05-01,0.1143296695041552,-0.9402435756015673,-0.3010625875282183,-0.5059868431377307,train
163,Beed,2017-06-01,-0.8259138911453245,0.6391809731212614,0.4342567175117491,0.29963318998489363,train
164,Beed,2017-07-01,-0.1867329195176825,-0.20492425411589293,-0.3395477816427484,-0.8262511178816094,train
165,Beed,2017-08-01,-0.3916571745922017,-0.13462352656822923,-0.6213268628070903,-0.49935388469200853,train
166,Beed,2017-09-01,-0.5262806970102233,-0.4867033403890687,-0.3647303622739869,-0.36423278269940196,train
167,Beed,2018-01-01,-0.5689245321940689,-0.4534404418278427,-0.2473102352429123,-0.008484794836112974,val
168,Beed,2018-02-01,-1.022364995092895,0.20613022765591382,0.44495566806271314,0.7281176062531733,val
169,Beed,2018-03-01,-0.8162347965230256,0.23882546949284367,0.5219874076833039,-0.005111963273117026,val
170,Beed,2018-04-01,-0.5774093276642357,0.283161938824514,-0.24393743213190688,-0.2761808627463783,val
171,Beed,2018-05-01,-0.2942473933401954,-0.5270993664559471,-0.5593427970704186,-0.04942908433047416,val
172,Beed,2018-06-01,-0.8213467428877631,-0.03224344752285091,0.47767026521709355,2.1564365456297674,val
173,Beed,2018-07-01,-0.8535901738988869,0.5099136962282174,2.1886799766408913,2.9907824231969826,val
174,Beed,2018-08-01,-0.3436764680716693,1.6787662708136737,2.480868717369765,2.4295159780356586,val
175,Beed,2018-09-01,1.3350898399094493,0.8021024093886464,0.75074967005454,0.3909139261504262,val
176,Beed,2018-10-01,2.137192366772934,-0.05135285680894475,-0.4111886007130585,-0.7654072028935395,val
177,Beed,2018-11-01,2.085839451470493,-0.3598356854106175,-0.7140542875910985,-0.9827179323817479,val
178,Beed,2018-12-01,1.7260038062631884,-0.35421864238379386,-0.6228822871744433,-0.5449411078989306,val
179,Beed,2019-01-01,1.3717851891858714,-0.26866367009712633,-0.19072249082161363,-0.7787515178067821,val
180,Beed,2019-02-01,1.1031215757657724,0.0779411225984854,-0.510087904386683,-0.4248686999608713,val
181,Beed,2019-03-01,1.18106269753057,-0.5880290261514807,-0.5028098217256689,-0.4166027299173498,val
182,Beed,2019-04-01,0.5930336646351834,0.08521921116971776,0.17142630297803685,0.4910105534281711,val
183,Beed,2019-05-01,0.6782528692746984,0.0862070983385218,0.4057913487886561,0.17705631909123787,val
184,Beed,2019-06-01,0.7644599706539784,0.3195842474093761,0.09084921771195786,-0.45244619554373366,val
185,Beed,2019-07-01,1.0840442113101432,-0.2287350229442069,-0.7720304361998984,-1.5340787104785392,val
186,Beed,2019-08-01,0.8553091924627284,-0.5432954173524837,-1.3053436916311245,-1.9140384834249478,val
187,Beed,2019-09-01,0.312013778033502,-0.7620482772018979,-1.3707430689957212,-0.9612859218742917,val
188,Beed,2019-10-01,-0.4500345051786404,-0.6086947857835788,-0.19923763866214939,-0.5970883309343357,val
189,Beed,2019-11-01,-1.058729297047411,0.4094571532066211,0.011606460934434848,0.08740354192808719,val
190,Beed,2019-12-01,-0.6492721689804446,-0.3978506671325315,-0.32205358613887913,-0.3349342094794858,val
191,Beed,2020-01-01,-1.0471228682596398,0.07579711314031612,0.06291648979970943,0.44033560391256343,val
192,Beed,2020-02-01,-0.9713257262561084,-0.012880652203822063,0.36453846190903194,0.5080482671115161,val
193,Beed,2020-03-01,-0.9842063724866228,0.3774191081395464,0.5209289133420305,0.09173958896306322,val
194,Beed,2020-04-01,-0.6067872482134028,0.1435097890688105,-0.2856795353101568,-0.8532688182996587,val
195,Beed,2020-05-01,-0.4632774649091467,-0.4291893186144129,-0.9967786016039148,-0.765394562678744,val
196,Beed,2020-06-01,-0.8924667610172913,-0.5675893054957702,-0.33620526657059935,0.04528430833861086,val
197,Beed,2020-07-01,-1.4600560266484688,0.23138399906057816,0.6128735739697884,-0.05356518440347213,val
198,Beed,2020-08-01,-1.228672021323962,0.3814895686452815,-0.284949189727979,-0.14923036724873096,val
199,Beed,2020-09-01,-0.8471824523309165,-0.6664387587210244,-0.5307199362417764,-0.23754781519380275,val
200,Beed,2020-10-01,-1.5136212461250027,0.13571885755230984,0.42889097860028347,0.7503248803870877,val
201,Beed,2020-11-01,-1.3779023352574116,0.29317206773269233,0.6146059695194965,0.38664973411071357,val
202,Beed,2020-12-01,-1.0847303167062037,0.32143395096828864,0.09347771555950568,0.4767486348824732,val
203,Beed,2021-01-01,-0.7632963780377934,-0.22795622310890462,0.1553146962140629,-0.15583174190773275,test
204,Beed,2021-02-01,-0.9912526079775558,0.3832709261538253,0.07212448803202964,-0.08687274965031289,test
205,Beed,2021-03-01,-0.6079817082960032,-0.31114641164952295,-0.4701436493318655,-0.9646718237321951,test
206,Beed,2021-04-01,-0.9191281484769952,-0.15899720915087345,-0.653525383551203,0.018700687806524008,test
207,Beed,2021-05-01,-1.0781254082558216,-0.49452812377237665,0.1776979475853504,0.038011601531273254,test
208,Beed,2021-06-01,-1.5726535499145395,0.6722260892440683,0.5325397431899912,0.2626183211852915,test
209,Beed,2021-07-01,-0.9004274491206714,-0.13968635760387693,-0.40960777960857664,-0.6309995766743115,test
210,Beed,2021-08-01,-1.0401138347333885,-0.26992139399585957,-0.49131319106159443,-0.34550377905903096,test
211,Beed,2021-09-01,-1.3100352246672478,-0.22139180112773515,-0.07558238912517168,-0.0551542084305916,test
212,Beed,2021-10-01,-1.5314269994972722,0.1458093857048528,0.16623756639943288,0.18161461107716725,test
213,Beed,2021-11-01,-1.3856176451923776,0.020428212094538267,0.03580525677227264,0.04805341522716766,test
214,Beed,2021-12-01,-1.365189376266165,0.01537698784606012,0.02762514630095514,0.4798198966099456,test
215,Beed,2022-01-01,-1.3498124287636284,0.01224819879841843,0.4644429491074089,0.369318048766375,test
216,Beed,2022-02-01,-1.337564267955422,0.45219478829920257,0.35706988795816863,0.605130472026467,test
217,Beed,2022-03-01,-0.8853694863376608,-0.09512489365959265,0.1529356904087057,0.013282305723189336,test
218,Beed,2022-04-01,-0.9804943854226184,0.24806058949366327,0.10840720480814692,-1.3797076886282849,test
219,Beed,2022-05-01,-0.7324338138691641,-0.13965336674530737,-1.6277682601817394,-1.2595258771785045,test
220,Beed,2022-06-01,-0.872087196350365,-1.4881148777005384,-1.1198724946973035,-0.8955791435239026,test
221,Beed,2022-07-01,-2.360202169580884,0.3682424785332157,0.5925358297066166,0.5739148618416263,test
222,Beed,2022-08-01,-1.9919597488852616,0.22429340901099404,0.2056724411460038,0.662295756957161,test
223,Beed,2022-09-01,-1.7676663303862383,-0.018620977353019486,0.43800233845813774,0.5143643522749712,test
224,Beed,2022-10-01,-1.7862872859393313,0.4566232940112307,0.5329853078280642,0.5270422479067995,test
225,Beed,2022-11-01,-1.3296639394328198,0.07636196132155271,0.07041890140028806,-0.002199940724650906,test
226,Beed,2022-12-01,-1.253302030166856,-0.005943007865675698,-0.07856184999061466,-0.30437941114021183,test
227,Beed,2023-01-01,-1.2592450551530825,-0.07261882500438821,-0.2984363861539854,-0.5064896173933042,test
228,Beed,2023-02-01,-1.3318639341988296,-0.22581750710823822,-0.4338707383475571,0.2927492205300064,test
229,Beed,2023-03-01,-1.5576814421589826,-0.2080532303874041,0.5185667284901594,1.3484025606091474,test
230,Beed,2023-04-01,-1.7657346938059095,0.7266199801370863,1.5564558122560743,0.7756378863260511,test
231,Beed,2023-05-01,-1.039114770777393,0.8298358892275577,0.049017963297534495,0.3707514380289798,test
232,Beed,2023-06-01,-0.2092788762416826,-0.7808179312381758,-0.45908445650673047,-0.04415298039055007,test
233,Beed,2023-07-01,-0.990096809338935,0.32173347659052187,0.7366649527067023,1.18027006275595,test
234,Beed,2023-08-01,-0.668363329011951,0.4149314723797183,0.858536582428966,0.7200335636623244,test
235,Beed,2023-09-01,-0.2534318586922243,0.44360511210923936,0.30510209334259775,-0.12496375831598494,test
236,Beed,2023-10-01,0.1901732531673791,-0.13850301851700564,-0.5685688701755883,-1.0662237254269007,test
237,Beed,2023-11-01,0.0516702340015802,-0.43006585100978945,-0.9277207062611017,-0.7477506802448664,test
238,Beed,2023-12-01,-0.3783956155198297,-0.4976548567396918,-0.31768483072345644,-0.16376567035739809,test
239,Beed,2024-01-01,-0.8760504892370493,0.17997004299376318,0.33388920335982153,-0.0022871920564382364,test
240,Beed,2024-02-01,-0.6960804228007436,0.15391913692351578,-0.182257258492744,0.0238376621424794,test
241,Beed,2024-03-01,-0.5421612943545804,-0.33617638693890717,-0.13008146630368378,-0.6383077417477145,test
242,Beed,2024-04-01,-0.8783376611836053,0.20609490052534118,-0.3021313749186896,-1.0234771571986578,test
243,Beed,2024-05-01,-0.672242763668045,-0.5082262724342499,-1.2295720547142182,-0.9248454540672455,test
244,Beed,2024-06-01,-1.180469008651656,-0.7213458097306071,-0.4166192090836345,-0.027896908554154498,test
245,Beed,2024-07-01,-1.9018147752221408,0.3047265574868503,0.6934488580163303,0.7241322562630954,test
246,Beed,2024-08-01,-1.597088203932563,0.38872228672675235,0.4194056849735175,0.40420757343939884,test
247,Beed,2024-09-01,-1.2083659096393036,0.03068339068025816,0.015485279146139508,0.04303800303072203,test
248,Chhatrapati Sambhajinagar,2003-12-01,1.2448269161768974,-0.17015111776075975,-0.27927518220625536,-0.31686270566664354,train
249,Chhatrapati Sambhajinagar,2004-01-01,1.074675782604699,-0.109124048634057,-0.1467115720944452,-0.46228186695147033,train
250,Chhatrapati Sambhajinagar,2004-02-01,0.9655517094705592,-0.03758749896030533,-0.3531577938173305,-1.3258957617853175,train
251,Chhatrapati Sambhajinagar,2004-03-01,0.9279642133491892,-0.31557029769596046,-1.2883082656639475,-1.1155193774479288,train
252,Chhatrapati Sambhajinagar,2004-04-01,0.61239389293245,-0.9727379452472082,-0.7999490570311896,0.3362984884495386,train
253,Chhatrapati Sambhajinagar,2004-05-01,-0.3603440419716892,0.17278887787294955,1.3090364233536778,0.9868017331643162,train
254,Chhatrapati Sambhajinagar,2004-06-01,-0.1875551714165328,1.1362475527985214,0.8140128626091597,0.5457410885555861,train
255,Chhatrapati Sambhajinagar,2004-07-01,0.9486924097627324,-0.32223471857010544,-0.590506492623679,-0.9235475496143025,train
256,Chhatrapati Sambhajinagar,2004-08-01,0.6264576802931433,-0.26827176315408996,-0.6013128201447134,-0.6497521421841984,train
257,Chhatrapati Sambhajinagar,2004-09-01,0.3581859107065677,-0.3330410505581378,-0.3814803725976228,-0.04744764519219391,train
258,Chhatrapati Sambhajinagar,2004-10-01,0.0251448592359526,-0.0484393211270077,0.28559340627842117,0.25261728556804824,train
259,Chhatrapati Sambhajinagar,2004-11-01,-0.0232944618484255,0.33403272736279926,0.30105660665242634,0.4626298676749941,train
260,Chhatrapati Sambhajinagar,2004-12-01,0.310738279806847,-0.03297613500284613,0.12859712601972162,0.01241670609784662,train
261,Chhatrapati Sambhajinagar,2005-01-01,0.2777621588009504,0.1615732470256182,0.045392827103743205,-0.3113758703964857,train
262,Chhatrapati Sambhajinagar,2005-02-01,0.4393354195713951,-0.1161804336667015,-0.4729491311669304,-0.2635164398312523,train
263,Chhatrapati Sambhajinagar,2005-03-01,0.3231549888189028,-0.3567687004144381,-0.14733600907876,0.30693494982169167,train
264,Chhatrapati Sambhajinagar,2005-04-01,-0.0336137099790024,0.20943268971914522,0.6637036486195969,0.476143239312117,train
265,Chhatrapati Sambhajinagar,2005-05-01,0.1758189811827462,0.4542709574578483,0.26671054815036843,0.05869629834873269,train
266,Chhatrapati Sambhajinagar,2005-06-01,0.6300899409359421,-0.18756041160282744,-0.3955746614044632,-0.6021240488296474,train
267,Chhatrapati Sambhajinagar,2005-07-01,0.4425295327591975,-0.2080142532277186,-0.41456364065290285,-0.42090650617957903,train
268,Chhatrapati Sambhajinagar,2005-08-01,0.2345152816540153,-0.20654938954772067,-0.21289225507439685,-0.10246052060188365,train
269,Chhatrapati Sambhajinagar,2005-09-01,0.0279658921268198,-0.006342865547201346,0.10408886892531186,0.21823313457701474,train
270,Chhatrapati Sambhajinagar,2005-10-01,0.0216230265745506,0.11043173447758105,0.22457600012928394,0.4729057438722267,train
271,Chhatrapati Sambhajinagar,2005-11-01,0.132054758959631,0.11414426774420353,0.3624740114871463,0.39734070212282746,train
272,Chhatrapati Sambhajinagar,2005-12-01,0.246199033715457,0.24832973673132033,0.28319642736700146,-0.364817551829547,train
273,Chhatrapati Sambhajinagar,2006-01-01,0.4945287803074565,0.03486668077500199,-0.6131472984215465,-0.5022319998478737,train
274,Chhatrapati Sambhajinagar,2006-02-01,0.529395432205018,-0.6480139503191079,-0.5370986517454351,-0.8056560167978372,train
275,Chhatrapati Sambhajinagar,2006-03-01,-0.1186185210185327,0.1109153014781155,-0.1576420635742865,0.05220265976956266,train
276,Chhatrapati Sambhajinagar,2006-04-01,-0.007703219676058,-0.2685573649167612,-0.05871264157291203,-0.6562673699616983,train
277,Chhatrapati Sambhajinagar,2006-05-01,-0.2762605731729254,0.20984471192395537,-0.38771001646483094,-0.7792852337118402,train
278,Chhatrapati Sambhajinagar,2006-06-01,-0.0664158640858314,-0.5975547255519249,-0.9891299427989342,-1.1006533326152184,train
279,Chhatrapati Sambhajinagar,2006-07-01,-0.6639705663766412,-0.3915752405081244,-0.5030986303244086,-0.6048338645849677,train
280,Chhatrapati Sambhajinagar,2006-08-01,-1.0555457747678536,-0.1115234219331962,-0.21325865619375528,-0.05737188689901651,train
281,Chhatrapati Sambhajinagar,2006-09-01,-1.1670692027486005,-0.1017352282130084,0.05415154108173037,0.34697163709766055,train
282,Chhatrapati Sambhajinagar,2006-10-01,-1.2688044068615325,0.1558867451946624,0.44870684121059257,0.4210710880558379,train
283,Chhatrapati Sambhajinagar,2006-11-01,-1.1129176932446785,0.29282012759373854,0.2651843744389839,0.43718037186787795,train
284,Chhatrapati Sambhajinagar,2006-12-01,-0.8200975429308871,-0.027635775874807478,0.14436022155408657,0.36876542084340846,train
285,Chhatrapati Sambhajinagar,2007-01-01,-0.8477332944181738,0.17199597304137326,0.39640117233069516,0.465809738090354,train
286,Chhatrapati Sambhajinagar,2007-02-01,-0.6757373068906228,0.2244051848031442,0.293813750562803,0.4025345597840707,train
287,Chhatrapati Sambhajinagar,2007-03-01,-0.4513321263327229,0.06940857000490308,0.17812937922617078,-0.17036887578824877,train
288,Chhatrapati Sambhajinagar,2007-04-01,-0.3819235545628994,0.10872080745634727,-0.2397774475580723,-0.0500665920740635,train
289,Chhatrapati Sambhajinagar,2007-05-01,-0.2732027396812008,-0.3484982624397709,-0.1587874069557621,-0.7987617626533939,train
290,Chhatrapati Sambhajinagar,2007-06-01,-0.6217010205429353,0.1897108739059724,-0.4502634817916594,-0.3175765687782012,train
291,Chhatrapati Sambhajinagar,2007-07-01,-0.4319901476654273,-0.6399743546691674,-0.5072874416557092,0.21682097120611488,train
292,Chhatrapati Sambhajinagar,2007-08-01,-1.07196444413092,0.13268685480978348,0.8567952676716075,1.0005249693098293,train
293,Chhatrapati Sambhajinagar,2007-09-01,-0.939277594776426,0.7241084183171136,0.8678381199553353,1.1905348951533181,train
294,Chhatrapati Sambhajinagar,2007-10-01,-0.2151691714839178,0.1437296966628271,0.4664264718608099,0.12086405107538278,train
295,Chhatrapati Sambhajinagar,2007-11-01,-0.0714394715451945,0.32269677192208657,-0.0228656488633405,-0.10116422503950703,train
296,Chhatrapati Sambhajinagar,2007-12-01,0.2512572942338409,-0.3455624146423759,-0.42386099081854245,-0.41225200277189633,train
297,Chhatrapati Sambhajinagar,2008-01-01,-0.094305121064933,-0.07829857551976854,-0.06668958747312242,-0.13444443726464922,train
298,Chhatrapati Sambhajinagar,2008-02-01,-0.1726037029473823,0.01160899440932689,-0.056145855382199905,0.3868845317809623,train
299,Chhatrapati Sambhajinagar,2008-03-01,-0.1609947107782052,-0.067754847551377,0.3752755396117852,0.8252919338693308,train
300,Chhatrapati Sambhajinagar,2008-04-01,-0.2287495513496824,0.4430303801832624,0.8930467744408079,1.5138819594917723,train
301,Chhatrapati Sambhajinagar,2008-05-01,0.214280826711867,0.4500163963792585,1.0708515814302229,0.43934555563905464,train
302,Chhatrapati Sambhajinagar,2008-06-01,0.6642972522028956,0.6208351559391942,-0.010670869851973963,-0.8239953809031519,train
303,Chhatrapati Sambhajinagar,2008-07-01,1.285132356112208,-0.6315059737612865,-1.4448304848124645,-1.6368038134028575,train
304,Chhatrapati Sambhajinagar,2008-08-01,0.6536263836446431,-0.8133245123448994,-1.0052978409352926,-1.042839409214559,train
305,Chhatrapati Sambhajinagar,2008-09-01,-0.1596981249555379,-0.19197333233511152,-0.22951490061437788,0.036892894636037926,train
306,Chhatrapati Sambhajinagar,2008-10-01,-0.35167147045419,-0.03754155511572577,0.22886624013469004,-0.060043649622943174,train
307,Chhatrapati Sambhajinagar,2008-11-01,-0.3892130127809334,0.26640778246143343,-0.02250210729619978,-0.09817819086095808,train
308,Chhatrapati Sambhajinagar,2008-12-01,-0.1228052304239248,-0.2889098896532084,-0.3645859732179667,-0.29580117006588236,train
309,Chhatrapati Sambhajinagar,2009-01-01,-0.4117151309760165,-0.075676072665875,-0.006891269513790654,0.08461249964552636,train
310,Chhatrapati Sambhajinagar,2009-02-01,-0.487391214935299,0.06878481444549189,0.1602885836048089,0.18403334554862605,train
311,Chhatrapati Sambhajinagar,2009-03-01,-0.4186063928010737,0.09150376147058359,0.11524852341440073,0.9118265730741297,train
312,Chhatrapati Sambhajinagar,2009-04-01,-0.327102636349357,0.023744766962684016,0.820322816622413,0.1123906275154718,train
313,Chhatrapati Sambhajinagar,2009-05-01,-0.303357875072431,0.7965780553454871,0.08864586623854581,0.4983332512015814,train
314,Chhatrapati Sambhajinagar,2009-06-01,0.4932201665997419,-0.7079321754336271,-0.2982447904705915,0.03519461926222711,train
315,Chhatrapati Sambhajinagar,2009-07-01,-0.2147120080596628,0.40968738418881323,0.7431267939216318,0.5537268660670939,train
316,Chhatrapati Sambhajinagar,2009-08-01,0.1949753726364573,0.3334394132255117,0.14403948537097372,-0.534933712566038,train
317,Chhatrapati Sambhajinagar,2009-09-01,0.5284147601606896,-0.18939990215325853,-0.8683731000902702,-1.083348725366836,train
318,Chhatrapati Sambhajinagar,2009-10-01,0.3390148474104457,-0.6789731873400264,-0.893948812616592,-1.4646831346876674,train
319,Chhatrapati Sambhajinagar,2009-11-01,-0.3399583394383236,-0.21497562576782264,-0.785709947838898,-0.16712722231399574,train
320,Chhatrapati Sambhajinagar,2009-12-01,-0.5549339556798372,-0.5707343315973845,0.04784839392751783,0.12740360737890333,train
321,Chhatrapati Sambhajinagar,2010-01-01,-1.1256682513054843,0.618582689553165,0.6981379030045505,0.7395167587098117,train
322,Chhatrapati Sambhajinagar,2010-02-01,-0.5070855634135171,0.07955521511258323,0.12093407081784446,0.37809455560864647,train
323,Chhatrapati Sambhajinagar,2010-03-01,-0.4275303341388095,0.04137884154313687,0.29853932633393887,0.06350286378854397,train
324,Chhatrapati Sambhajinagar,2010-04-01,-0.3861515062858277,0.25716049848095707,0.02212403593556217,-0.30791454138262936,train
325,Chhatrapati Sambhajinagar,2010-05-01,-0.1289910025588684,-0.2350364677913971,-0.5650750451095886,-0.7676084690101929,train
326,Chhatrapati Sambhajinagar,2010-06-01,-0.3640274823531857,-0.3300385653152713,-0.5325719892158756,-0.4005893646850833,train
327,Chhatrapati Sambhajinagar,2010-07-01,-0.6940660388974625,-0.20253343267159873,-0.0705508081408065,-0.20029307288842613,train
328,Chhatrapati Sambhajinagar,2010-08-01,-0.8965994631890402,0.13198261615077111,0.002240351403151486,-0.5097012007590189,train
329,Chhatrapati Sambhajinagar,2010-09-01,-0.7646168738376881,-0.1297422379482006,-0.641683790110371,-0.6602128476131176,train
330,Chhatrapati Sambhajinagar,2010-10-01,-0.8943590882809228,-0.5119415756671363,-0.5304706331698829,-0.5971652504413062,train
331,Chhatrapati Sambhajinagar,2010-11-01,-1.4063006261630824,-0.018529095287723285,-0.08522371255914662,0.34089621103246714,train
332,Chhatrapati Sambhajinagar,2010-12-01,-1.424829693598598,-0.06669464512363099,0.3594252784679828,0.8021306713055072,train
333,Chhatrapati Sambhajinagar,2011-01-01,-1.4915243013118384,0.4261198861812232,0.8688252790187476,0.8904017431949256,train
334,Chhatrapati Sambhajinagar,2011-02-01,-1.0654044500065802,0.4427054277134894,0.4642818918896674,0.6122648170662879,train
335,Chhatrapati Sambhajinagar,2011-03-01,-0.6226990103711598,0.02157645225424698,0.16955937743086746,0.5247647494067662,train
336,Chhatrapati Sambhajinagar,2011-04-01,-0.6011225848977576,0.14798295195746525,0.503188323933364,-0.19446423951935665,train
337,Chhatrapati Sambhajinagar,2011-05-01,-0.4531396229058919,0.35520536194149827,-0.3424472015112224,0.14215605447594498,train
338,Chhatrapati Sambhajinagar,2011-06-01,-0.0979342604991136,-0.6976525639180007,-0.2130493079308333,-0.46033416734970234,train
339,Chhatrapati Sambhajinagar,2011-07-01,-0.7955868232997362,0.4846032548697893,0.23731839545092026,0.4461984921248857,train
340,Chhatrapati Sambhajinagar,2011-08-01,-0.3109835770741065,-0.2472848507747094,-0.038404754100743954,0.38626280546336966,train
341,Chhatrapati Sambhajinagar,2011-09-01,-0.5582684109898751,0.20888007981502466,0.6335476393791383,0.628766847679252,train
342,Chhatrapati Sambhajinagar,2011-10-01,-0.349388335659468,0.4246675640487311,0.4198867723488448,0.42925678642030934,train
343,Chhatrapati Sambhajinagar,2011-11-01,0.0752792297813484,-0.004780793091971575,0.004589220979492964,-0.10320751508208006,train
344,Chhatrapati Sambhajinagar,2011-12-01,0.0704984402964965,0.009370010464344866,-0.09842672559722816,0.025561113028679736,train
345,Chhatrapati Sambhajinagar,2012-01-01,0.0798684480238719,-0.10779673332460356,0.01619110530130434,-0.2954407157946391,train
346,Chhatrapati Sambhajinagar,2012-02-01,-0.0279282854887854,0.12398783881396164,-0.1876439822819818,-0.059624165108500826,train
347,Chhatrapati Sambhajinagar,2012-03-01,0.0960595539035,-0.31163182167426723,-0.18361200450078624,0.2869527706681095,train
348,Chhatrapati Sambhajinagar,2012-04-01,-0.215572265561884,0.12801981496459777,0.5985845901334935,0.7676302470529729,train
349,Chhatrapati Sambhajinagar,2012-05-01,-0.0875524490064356,0.4705647735780451,0.6396104304975245,0.9924587218946193,train
350,Chhatrapati Sambhajinagar,2012-06-01,0.383012319208058,0.16904566228303086,0.5218939536801256,0.6792630904904283,train
351,Chhatrapati Sambhajinagar,2012-07-01,0.5520579632862029,0.35284830960198066,0.5102174464122834,0.8643044415371003,train
352,Chhatrapati Sambhajinagar,2012-08-01,0.9049062780389964,0.15736913165948996,0.5114561267843069,0.5862275310506643,train
353,Chhatrapati Sambhajinagar,2012-09-01,1.0622753878192124,0.35408701700409084,0.42885842127044826,0.49278821748932033,train
354,Chhatrapati Sambhajinagar,2012-10-01,1.41636245907159,0.07477135001807067,0.13870114623694274,-0.0063940829119220055,train
355,Chhatrapati Sambhajinagar,2012-11-01,1.4911337646432183,0.06392984066531437,-0.08116538848355037,-0.26647324885800105,train
356,Chhatrapati Sambhajinagar,2012-12-01,1.5550636464424497,-0.14509527028278169,-0.33040313065723237,-0.5064801389046079,train
357,Chhatrapati Sambhajinagar,2013-01-01,1.4099684254846123,-0.18530790969939503,-0.3613849179467705,-0.6580778257569817,train
358,Chhatrapati Sambhajinagar,2013-02-01,1.224660477008641,-0.1760769694707991,-0.4727698772810103,-0.541874489154637,train
359,Chhatrapati Sambhajinagar,2013-03-01,1.0485835155162844,-0.29669291578865375,-0.36579752766228046,-1.603086121908191,train
360,Chhatrapati Sambhajinagar,2013-04-01,0.7518905956327616,-0.06910460777875771,-1.3063932020246685,-2.5342246849119365,train
361,Chhatrapati Sambhajinagar,2013-05-01,0.6827859801097057,-1.2372885865016126,-2.4651200693888806,-1.124130211476817,train
362,Chhatrapati Sambhajinagar,2013-06-01,-0.5545025820786579,-1.2278315072005168,0.11315835071154667,-0.08994474458149837,train
363,Chhatrapati Sambhajinagar,2013-07-01,-1.782334073674548,1.340989842307437,1.1378867470143919,1.0578920685170774,train
364,Chhatrapati Sambhajinagar,2013-08-01,-0.4413442378501706,-0.20310308880998568,-0.28309776730730013,-0.2594338292617984,train
365,Chhatrapati Sambhajinagar,2013-09-01,-0.6444473317979126,-0.07999467335955812,-0.05633073531405641,-0.15595668040530397,train
366,Chhatrapati Sambhajinagar,2013-10-01,-0.7244420093427735,0.02366394223080448,-0.07596200286044308,0.09239453495846561,train
367,Chhatrapati Sambhajinagar,2013-11-01,-0.7007780843368039,-0.09962592786641267,0.06873060995249602,-0.09476111596913483,train
368,Chhatrapati Sambhajinagar,2013-12-01,-0.8004040404804265,0.1683565660961186,0.004864840174487739,-0.3649955109111751,train
369,Chhatrapati Sambhajinagar,2014-01-01,-0.632047468661846,-0.1634917316440927,-0.5333520827297555,-0.15494382953685393,train
370,Chhatrapati Sambhajinagar,2014-02-01,-0.7955391737513713,-0.3698603776402303,0.008547875552671336,0.5377112659506968,train
371,Chhatrapati Sambhajinagar,2014-03-01,-1.1653994974049673,0.37840819920626734,0.9075715896042928,1.4794367607983694,train
372,Chhatrapati Sambhajinagar,2014-04-01,-0.7869912712991178,0.5291633634984434,1.10102853469252,1.7367054551064909,train
373,Chhatrapati Sambhajinagar,2014-05-01,-0.2578279125680918,0.5718651759614939,1.2075420963754648,0.6298195171346659,train
374,Chhatrapati Sambhajinagar,2014-06-01,0.3140372529507325,0.6356769308566406,0.057954351615841615,0.03051031680100702,train
375,Chhatrapati Sambhajinagar,2014-07-01,0.9497141760704384,-0.5777225715038643,-0.6051666063186989,-0.42890834034656145,train
376,Chhatrapati Sambhajinagar,2014-08-01,0.3719915937130131,-0.0274440239612736,0.14881424201086385,0.0735740174110256,train
377,Chhatrapati Sambhajinagar,2014-09-01,0.3445475756127646,0.17625826011111234,0.10101803551127408,-0.30949228470514323,train
378,Chhatrapati Sambhajinagar,2014-10-01,0.5208058542163859,-0.07524024309234723,-0.48575056330876454,-0.9874838775547038,train
379,Chhatrapati Sambhajinagar,2014-11-01,0.4455656171407434,-0.410510326233122,-0.9122436404790613,-0.46205926915666784,train
380,Chhatrapati Sambhajinagar,2014-12-01,0.0350552910030491,-0.5017333143413669,-0.05154894301897355,-0.8151714914501316,train
381,Chhatrapati Sambhajinagar,2015-01-01,-0.466678034019481,0.45018438200355654,-0.31343816642760153,-0.2347394717216384,train
382,Chhatrapati Sambhajinagar,2015-02-01,-0.0164936527078059,-0.7636225477392766,-0.6849238530333135,-0.10449527507377598,train
383,Chhatrapati Sambhajinagar,2015-03-01,-0.7801162168007413,0.0786987110596219,0.6591272890191594,0.516589449308447,train
384,Chhatrapati Sambhajinagar,2015-04-01,-0.7014174869832382,0.5804285592016564,0.43789071949094394,1.8649757316884386,train
385,Chhatrapati Sambhajinagar,2015-05-01,-0.1209889293979428,-0.1425378380943515,1.284547174103143,0.8048389197658322,train
386,Chhatrapati Sambhajinagar,2015-06-01,-0.2635267742895549,1.427085018994755,0.9473767646574442,1.3478160866522257,train
387,Chhatrapati Sambhajinagar,2015-07-01,1.1635582044974606,-0.4797082141295712,-0.07926889213478971,-0.007172901953820476,train
388,Chhatrapati Sambhajinagar,2015-08-01,0.6838499942340842,0.4004393181285867,0.4725353083095559,0.31951385349845973,train
389,Chhatrapati Sambhajinagar,2015-09-01,1.0842892685923708,0.07209603395126929,-0.0809254208598269,-0.10615410003997217,train
390,Chhatrapati Sambhajinagar,2015-10-01,1.1563852933074827,-0.1530214455749388,-0.17825012475508406,-0.26699023515242293,train
391,Chhatrapati Sambhajinagar,2015-11-01,1.0033638656634063,-0.025228697111007614,-0.11396880750834648,-0.11416925792872612,train
392,Chhatrapati Sambhajinagar,2015-12-01,0.9781351952296004,-0.08874013707454054,-0.08894058749492018,-0.12371161267573683,train
393,Chhatrapati Sambhajinagar,2016-01-01,0.889395068564096,-0.0002004608294158272,-0.03497148601023248,-0.0937705740114837,train
394,Chhatrapati Sambhajinagar,2016-02-01,0.889194635929306,-0.03477105337544251,-0.09357014137669373,-0.261879293503006,train
395,Chhatrapati Sambhajinagar,2016-03-01,0.8544235972414116,-0.05879910268879929,-0.22710825481511154,-0.16425140180684128,train
396,Chhatrapati Sambhajinagar,2016-04-01,0.7956245004106215,-0.16830915798432144,-0.10545230497605118,-1.3869123517442397,train
397,Chhatrapati Sambhajinagar,2016-05-01,0.6273153447693475,0.06285685066522284,-1.2186031961029657,-0.8209469937866815,train
398,Chhatrapati Sambhajinagar,2016-06-01,0.6901721884380664,-1.2814600397716847,-0.8838038374554004,-1.2817163993488636,train
399,Chhatrapati Sambhajinagar,2016-07-01,-0.5912878765406825,0.3976562275233485,-0.00025633437011463034,0.044437254840395624,train
400,Chhatrapati Sambhajinagar,2016-08-01,-0.1936316546469112,-0.3979125562638859,-0.35321896705337563,-0.2638548556298832,train
401,Chhatrapati Sambhajinagar,2016-09-01,-0.5915441963168314,0.04469357461654455,0.13405768604003698,0.17205382914268286,train
402,Chhatrapati Sambhajinagar,2016-10-01,-0.5468506176981746,0.08936410742138012,0.127360250524026,0.4502597709212123,train
403,Chhatrapati Sambhajinagar,2016-11-01,-0.457486523952307,0.03799615677815843,0.3608956771753447,0.5118308241329805,train
404,Chhatrapati Sambhajinagar,2016-12-01,-0.4194903664753259,0.3228995196983636,0.4738346666559995,0.485310218529445,train
405,Chhatrapati Sambhajinagar,2017-01-01,-0.0965908473524321,0.15093514753310572,0.16241069940655123,0.40602204261152636,train
406,Chhatrapati Sambhajinagar,2017-02-01,0.0543443004480656,0.011475551606053513,0.25508689481102864,0.1627671827682201,train
407,Chhatrapati Sambhajinagar,2017-03-01,0.0658198540044592,0.24361134125463504,0.1512916292118265,-0.8633313720060156,train
408,Chhatrapati Sambhajinagar,2017-04-01,0.3094311950187972,-0.09231971180251147,-1.1069427130203535,-0.7551914749126722,train
409,Chhatrapati Sambhajinagar,2017-05-01,0.2171114843987033,-1.0146230024002598,-0.6628717642925784,-0.11315377174840424,train
410,Chhatrapati Sambhajinagar,2017-06-01,-0.7975115418536928,0.35175126195981765,0.9014692545039918,0.6144664079053667,train
411,Chhatrapati Sambhajinagar,2017-07-01,-0.4457602683737605,0.5497179810240596,0.26271513442543437,0.0633211914732783,train
412,Chhatrapati Sambhajinagar,2017-08-01,0.1039577122105512,-0.2870028461588773,-0.48639678911103335,-0.4523307378662976,train
413,Chhatrapati Sambhajinagar,2017-09-01,-0.1830451385859325,-0.19939393831454968,-0.16532788706981397,0.026662458646662474,train
414,Chhatrapati Sambhajinagar,2018-01-01,0.2939521390616189,-0.3741247299730073,-0.2906867614618729,-0.23141522888534172,val
415,Chhatrapati Sambhajinagar,2018-02-01,-0.0801725944900706,0.08343797208981658,0.14270950466634774,0.5876946410560802,val
416,Chhatrapati Sambhajinagar,2018-03-01,0.0032653775107956,0.05927153266548156,0.5042566690552139,-0.12582984231830596,val
417,Chhatrapati Sambhajinagar,2018-04-01,0.0625369131664116,0.4449851333995979,-0.18510137797392198,0.1714914709230583,val
418,Chhatrapati Sambhajinagar,2018-05-01,0.5075220493034657,-0.630086514110976,-0.27349366521399576,-0.7811017659858998,val
419,Chhatrapati Sambhajinagar,2018-06-01,-0.1225644674998248,0.3565928515892947,-0.15101524918260928,1.3418355313044512,val
420,Chhatrapati Sambhajinagar,2018-07-01,0.2340283853932994,-0.5076081020757335,0.9852426784113271,1.7318224446848256,val
421,Chhatrapati Sambhajinagar,2018-08-01,-0.2735797021159565,1.492850765920583,2.2394305321940813,2.020144567228261,val
422,Chhatrapati Sambhajinagar,2018-09-01,1.2192710162543856,0.7465798138237394,0.5272938488579191,0.2058942793465055,val
423,Chhatrapati Sambhajinagar,2018-10-01,1.9658507797697868,-0.21928591465748215,-0.5406854841688957,-0.6843527052382317,val
424,Chhatrapati Sambhajinagar,2018-11-01,1.7465649047276912,-0.3213996091268001,-0.46506683019613604,-0.7365669408223567,val
425,Chhatrapati Sambhajinagar,2018-12-01,1.425165262448516,-0.14366718791696087,-0.4151672985431816,-0.15773924850198284,val
426,Chhatrapati Sambhajinagar,2019-01-01,1.281498103517864,-0.2715001396125296,-0.014072089571330881,-0.508099108118389,val
427,Chhatrapati Sambhajinagar,2019-02-01,1.009998011529141,0.2574280024173923,-0.23659901612966583,-0.13810228103368805,val
428,Chhatrapati Sambhajinagar,2019-03-01,1.2674260076941417,-0.4940270122946666,-0.39553027719868883,-0.35458576053990587,val
429,Chhatrapati Sambhajinagar,2019-04-01,0.7733989961262986,0.09849673436915429,0.13944125102793725,-0.3686908490773484,val
430,Chhatrapati Sambhajinagar,2019-05-01,0.8718957019678216,0.040944545186414216,-0.46718755491887143,-0.8124072042933564,val
431,Chhatrapati Sambhajinagar,2019-06-01,0.9128402415578666,-0.5081320945089164,-0.8533517438834014,-1.9011501017873589,val
432,Chhatrapati Sambhajinagar,2019-07-01,0.4047081556462431,-0.3452196579717779,-1.3930180158757353,-1.825338849081912,val
433,Chhatrapati Sambhajinagar,2019-08-01,0.0594884985777154,-1.0477983588072075,-1.4801191920133843,-1.7806396120878472,val
434,Chhatrapati Sambhajinagar,2019-09-01,-0.9883098566267816,-0.43232083680888733,-0.7328412568833502,-0.21946037175914368,val
435,Chhatrapati Sambhajinagar,2019-10-01,-1.420630635078476,-0.30052047843165575,0.2128604066925508,0.033685268219040054,val
436,Chhatrapati Sambhajinagar,2019-11-01,-1.7211510885308898,0.5133808601449645,0.3342057216714538,0.46984526997315057,val
437,Chhatrapati Sambhajinagar,2019-12-01,-1.2077702031093294,-0.17917516375010667,-0.04353561544840989,-0.21504297399943528,val
438,Chhatrapati Sambhajinagar,2020-01-01,-1.3869453192375587,0.13563950067981945,-0.035867857871205944,0.41609050041660534,val
439,Chhatrapati Sambhajinagar,2020-02-01,-1.251305842114424,-0.17150733499434057,0.2804510232934707,0.5331515309343093,val
440,Chhatrapati Sambhajinagar,2020-03-01,-1.4228131747210664,0.451958355900113,0.7046588635409516,-0.3467551493679839,val
441,Chhatrapati Sambhajinagar,2020-04-01,-0.9708548072609818,0.2527004960808671,-0.7987135168280685,-0.9261732813086593,val
442,Chhatrapati Sambhajinagar,2020-05-01,-0.718154317993554,-1.0514140060954964,-1.1788737705760872,-1.231505506377784,val
443,Chhatrapati Sambhajinagar,2020-06-01,-1.769568279544794,-0.1274598090248471,-0.18009154482654388,0.2900404484672183,val
444,Chhatrapati Sambhajinagar,2020-07-01,-1.8970280789245992,-0.052631745446738654,0.41750024784702355,-0.055393586267051154,val
445,Chhatrapati Sambhajinagar,2020-08-01,-1.9496598548480373,0.4701320237704616,-0.0027618103436131136,0.20400014587129167,val
446,Chhatrapati Sambhajinagar,2020-09-01,-1.4795277853364492,-0.47289387985520115,-0.26613192364029636,-0.11646549507431736,val
447,Chhatrapati Sambhajinagar,2020-10-01,-1.9524216938063417,0.20676198482959607,0.35642841339557507,1.229763774876288,val
448,Chhatrapati Sambhajinagar,2020-11-01,-1.7456596811352751,0.14966640072450854,1.0230017622052214,0.8442756851254485,val
449,Chhatrapati Sambhajinagar,2020-12-01,-1.5959933243104754,0.8733354053804216,0.6946093283006487,0.723643406421834,val
450,Chhatrapati Sambhajinagar,2021-01-01,-0.7226579260854161,-0.17872606992441054,-0.14969199180322523,-0.48995613336282606,test
451,Chhatrapati Sambhajinagar,2021-02-01,-0.901383988771684,0.029034070883042662,-0.31123007067655817,-0.7013017011544634,test
452,Chhatrapati Sambhajinagar,2021-03-01,-0.8723499053336093,-0.34026415411463284,-0.7303357845925381,-0.7368545061730435,test
453,Chhatrapati Sambhajinagar,2021-04-01,-1.212614077118468,-0.39007161280767955,-0.3965903343881849,0.27742196896417104,test
454,Chhatrapati Sambhajinagar,2021-05-01,-1.6026857351831545,-0.00651867632349834,0.6674936270288576,1.2990340148977388,test
455,Chhatrapati Sambhajinagar,2021-06-01,-1.609204448908123,0.6740123407538261,1.3055527286227073,0.3989891187842216,test
456,Chhatrapati Sambhajinagar,2021-07-01,-0.9351921161202764,0.6315403958348608,-0.27502321400362495,-0.8205295721502924,test
457,Chhatrapati Sambhajinagar,2021-08-01,-0.3036517263890442,-0.9065636037348572,-1.4520699618815247,-1.2814056514262024,test
458,Chhatrapati Sambhajinagar,2021-09-01,-1.2102153216070424,-0.5455063666635265,-0.3748420562082042,-0.19121623890931505,test
459,Chhatrapati Sambhajinagar,2021-10-01,-1.7557216336280026,0.17066425581275602,0.3542900731116452,0.568396394446484,test
460,Chhatrapati Sambhajinagar,2021-11-01,-1.5850573394603031,0.18362577894394572,0.3977321002787846,0.1643057678050297,test
461,Chhatrapati Sambhajinagar,2021-12-01,-1.401431513538774,0.2141062743572555,-0.019320058116499395,0.6010962254909835,test
462,Chhatrapati Sambhajinagar,2022-01-01,-1.1873252059917645,-0.23342636566350894,0.38698991794397397,0.5146290328006939,test
463,Chhatrapati Sambhajinagar,2022-02-01,-1.420751598264537,0.6204163102167464,0.7480554250734663,0.9584771958845473,test
464,Chhatrapati Sambhajinagar,2022-03-01,-0.8003352634634421,0.12763909027237152,0.33806086108345246,0.3062331132616446,test
465,Chhatrapati Sambhajinagar,2022-04-01,-0.6726961927604034,0.21042179038041375,0.1785940425586059,-1.4395322007942841,test
466,Chhatrapati Sambhajinagar,2022-05-01,-0.4622744036119887,-0.0318277465898088,-1.649953989942699,-0.8844158935147813,test
467,Chhatrapati Sambhajinagar,2022-06-01,-0.4941021639293093,-1.6181262296253782,-0.8525881331974607,-1.1031746429020506,test
468,Chhatrapati Sambhajinagar,2022-07-01,-2.112228322531494,0.7655380254047239,0.5149515157001341,0.1719370370166624,test
469,Chhatrapati Sambhajinagar,2022-08-01,-1.3466902999411108,-0.2505865068902491,-0.5936009855737208,-0.21500670628447516,test
470,Chhatrapati Sambhajinagar,2022-09-01,-1.5972767966045698,-0.34301448891026176,0.035579790378983844,0.15286921432154976,test
471,Chhatrapati Sambhajinagar,2022-10-01,-1.9402912859703576,0.37859427974477167,0.4958837036873376,0.9211744074608361,test
472,Chhatrapati Sambhajinagar,2022-11-01,-1.5616969467255597,0.11728936444253968,0.5425800682160382,0.47615557919473694,test
473,Chhatrapati Sambhajinagar,2022-12-01,-1.4444075740214617,0.4252906955119402,0.35886620649063894,-0.12189544073378733,test
474,Chhatrapati Sambhajinagar,2023-01-01,-1.0191168754421798,-0.06642449208864298,-0.5471861393130693,-0.7155295641101274,test
475,Chhatrapati Sambhajinagar,2023-02-01,-1.0855413539834462,-0.4807616607718028,-0.6491050855688609,0.010423050684496005,test
476,Chhatrapati Sambhajinagar,2023-03-01,-1.5663030387475465,-0.16834340080476062,0.4911847354485963,1.481614680738685,test
477,Chhatrapati Sambhajinagar,2023-04-01,-1.7346464806274895,0.6595281773285393,1.649958122618628,1.4701946490482811,test
478,Chhatrapati Sambhajinagar,2023-05-01,-1.0751182765298508,0.9904299185209893,0.8106664449506424,0.9787376851373337,test
479,Chhatrapati Sambhajinagar,2023-06-01,-0.0846883592843438,-0.17976347229486456,-0.011692232108173287,-0.3148261370421027,test
480,Chhatrapati Sambhajinagar,2023-07-01,-0.2644518328531884,0.16807124146067132,-0.13506266347325813,0.11271284648024071,test
481,Chhatrapati Sambhajinagar,2023-08-01,-0.0963805898515987,-0.30313390647484784,-0.055358396521348996,-0.2944006041200352,test
482,Chhatrapati Sambhajinagar,2023-09-01,-0.3995144824956119,0.2477754961226642,0.008733288523977978,-0.20639349413173796,test
483,Chhatrapati Sambhajinagar,2023-10-01,-0.1517389840783534,-0.2390422098932805,-0.45416899254899645,-0.9673063926992955,test
484,Chhatrapati Sambhajinagar,2023-11-01,-0.3907812062523169,-0.21512677037503297,-0.7282641705253321,-0.5040018137672144,test
485,Chhatrapati Sambhajinagar,2023-12-01,-0.6059080018296727,-0.5131373749479762,-0.2888750181898585,-0.1477755652174464,test
486,Chhatrapati Sambhajinagar,2024-01-01,-1.1190453420027846,0.22426232198325335,0.36536177495566546,0.5659291992529982,test
487,Chhatrapati Sambhajinagar,2024-02-01,-0.8947830385930265,0.1410994715459074,0.34166689584324017,0.34161706636020794,test
488,Chhatrapati Sambhajinagar,2024-03-01,-0.7536835932504268,0.2005674505006404,0.20051762101760817,-0.12596401932128953,test
489,Chhatrapati Sambhajinagar,2024-04-01,-0.5531161537337814,-4.981849903717972e-05,-0.3265314588379349,0.2776928951907669,test
490,Chhatrapati Sambhajinagar,2024-05-01,-0.5531659865339305,-0.32648162603778585,0.2777427279909159,-0.926979944709966,test
491,Chhatrapati Sambhajinagar,2024-06-01,-0.879647633286853,0.6042243747438385,-0.6004982979570435,-0.45471391990528565,test
492,Chhatrapati Sambhajinagar,2024-07-01,-0.2754232437099241,-1.2047226875339723,-1.0589383094822145,-1.1546986549411988,test
493,Chhatrapati Sambhajinagar,2024-08-01,-1.480145895688489,0.1457843424963503,0.05002399703736593,0.14539572021241476,test
494,Chhatrapati Sambhajinagar,2024-09-01,-1.3343615189166858,-0.0957603797344373,-0.0003886565593884672,-0.16945556253473026,test
495,Dharashiv,2003-12-01,1.815936036127089,-0.612757987993239,-0.9132463407688127,-0.9650262665920244,train
496,Dharashiv,2004-01-01,1.203178071268968,-0.30048837591069155,-0.3522683017339032,-0.679499053248338,train
497,Dharashiv,2004-02-01,0.9026896728416516,-0.05177990330658688,-0.3790106548210217,-1.416782058610542,train
498,Dharashiv,2004-03-01,0.8509097531414889,-0.327230735120859,-1.3650021389103792,-1.2311190202809237,train
499,Dharashiv,2004-04-01,0.5236790408513182,-1.0377714266202087,-0.903888307990753,0.2014415631869203,train
500,Dharashiv,2004-05-01,-0.5140924126597716,0.13388314552033675,1.23921301669801,1.2436918289157224,train
501,Dharashiv,2004-06-01,-0.3802092543641884,1.105329858402427,1.1098086706201393,1.0583764186899025,train
502,Dharashiv,2004-07-01,0.7251206312472763,0.004478785008674602,-0.046953466921562215,-0.15671106913637545,train
503,Dharashiv,2004-08-01,0.7295993874994148,-0.051432223173700664,-0.1611898253885139,-0.2675733874765266,train
504,Dharashiv,2004-09-01,0.6781671488415251,-0.10975758673062419,-0.21614114881863689,0.004687861191128739,train
505,Dharashiv,2004-10-01,0.5684095871904599,-0.10638358716757168,0.11444542284219394,-0.12219243769438137,train
506,Dharashiv,2004-11-01,0.4620260063603439,0.2208290036723099,-0.01580885686426542,0.09893678985089877,train
507,Dharashiv,2004-12-01,0.6828550047229736,-0.23663785522689507,-0.12189220851173088,-0.2210786587547271,train
508,Dharashiv,2005-01-01,0.4462171619188228,0.11474563429241985,0.015559184049423636,-0.5933295314561764,train
509,Dharashiv,2005-02-01,0.5609627716987321,-0.09918642573048564,-0.7080751412360856,-0.40418534509827586,train
510,Dharashiv,2005-03-01,0.4617763390253697,-0.6088887085627233,-0.30499891242491345,-0.12030019661890606,train
511,Dharashiv,2005-04-01,-0.1471123663433562,0.30388979294381246,0.48858850874981985,0.1514208368682037,train
512,Dharashiv,2005-05-01,0.1567774277947571,0.18469871461170653,-0.15246895726990958,-0.17609411783737203,train
513,Dharashiv,2005-06-01,0.3414761452110489,-0.3371676746862014,-0.36079283525366385,-0.6066789357097824,train
514,Dharashiv,2005-07-01,0.0043084703133681,-0.023625160355983037,-0.26951126081210164,-0.6732465110467055,train
515,Dharashiv,2005-08-01,-0.0193166907373059,-0.2458860997614276,-0.6496213499960315,-0.48571447772354004,train
516,Dharashiv,2005-09-01,-0.2652027839606836,-0.4037352567726538,-0.23982838450016236,-0.23244611082615113,train
517,Dharashiv,2005-10-01,-0.6689380682517628,0.16390689979091688,0.1712891734649281,0.5560242436339001,train
518,Dharashiv,2005-11-01,-0.5050311851137758,0.007382290326941043,0.39211736049591306,0.41438675846992734,train
519,Dharashiv,2005-12-01,-0.4976488968932093,0.3847350722753466,0.4070044702493609,0.22341022106046088,train
520,Dharashiv,2006-01-01,-0.1129138246879893,0.02226939804414088,-0.1613248511447591,0.022083237837346142,train
521,Dharashiv,2006-02-01,-0.0906444273872781,-0.18359424844547031,-0.00018615946336505984,-0.2893389083461356,train
522,Dharashiv,2006-03-01,-0.2742386825138914,0.18340809566324823,-0.10574465321952231,-0.17224674748832114,train
523,Dharashiv,2006-04-01,-0.0908305845554999,-0.2891527511779138,-0.3556548454467126,-0.2548613347712823,train
524,Dharashiv,2006-05-01,-0.3799833337316839,-0.06650209627052861,0.03429141440490169,0.05361300506690425,train
525,Dharashiv,2006-06-01,-0.4464854426615905,0.10079352333480829,0.12011511399681085,-0.21138932035034186,train
526,Dharashiv,2006-07-01,-0.3456919096102733,0.019321580945493633,-0.3121828534016591,-0.30295402783250625,train
527,Dharashiv,2006-08-01,-0.3263703380362521,-0.3315044249756803,-0.32227559940652745,-0.5084495748742093,train
528,Dharashiv,2006-09-01,-0.657874774603041,0.00922883716026146,-0.17694513830742042,0.2638489719907363,train
529,Dharashiv,2006-10-01,-0.6486459548256391,-0.1861739580848223,0.25462015221333445,0.0017892892143720474,train
530,Dharashiv,2006-11-01,-0.8348199284240579,0.44079412581175326,0.18796326281279085,0.6841560906335687,train
531,Dharashiv,2006-12-01,-0.3940258163924679,-0.25283084921879917,0.24336197860197872,0.4306333351846203,train
532,Dharashiv,2007-01-01,-0.6468566423974923,0.4961928046070031,0.6834641611896447,0.9180181092344216,train
533,Dharashiv,2007-02-01,-0.150663840729075,0.1872713595212274,0.42182530756600434,0.5355169951499277,train
534,Dharashiv,2007-03-01,0.0366075201563483,0.23455394668058102,0.3482456342645044,-0.48732023077532105,train
535,Dharashiv,2007-04-01,0.27116146791368,0.11369168650717265,-0.7218741785326528,-0.8187137554922628,train
536,Dharashiv,2007-05-01,0.3848531443864111,-0.8355658550053839,-0.9324054319649939,-0.7564387519150977,train
537,Dharashiv,2007-06-01,-0.4507126995969877,-0.09683958798159509,0.07912709206830115,-0.1619279792856112,train
538,Dharashiv,2007-07-01,-0.5475523087152483,0.17596670118656177,-0.06508837016735058,0.3507803293832781,train
539,Dharashiv,2007-08-01,-0.3715856203914554,-0.2410550584911435,0.17481364105948516,0.20130800997027465,train
540,Dharashiv,2007-09-01,-0.6126406722379402,0.41586869290596995,0.44236306181675944,0.757682480723925,train
541,Dharashiv,2007-10-01,-0.1967719814394018,0.02649437101822108,0.3418137899253866,3.518781473338395e-06,train
542,Dharashiv,2007-11-01,-0.1702776117896199,0.31531942027560467,-0.026490850868308574,-0.20089937609680894,train
543,Dharashiv,2007-12-01,0.1450418056992863,-0.34181026835721473,-0.5162187935857151,-1.0441309632806157,train
544,Dharashiv,2008-01-01,-0.1967684578558662,-0.17440853003056264,-0.7023206997254632,-0.3792250204423211,train
545,Dharashiv,2008-02-01,-0.3711769812899506,-0.5279121762913788,-0.20481649700823668,0.22623669441517946,train
546,Dharashiv,2008-03-01,-0.8990891716242477,0.3230956933260605,0.7541488847494766,2.0084164879084274,train
547,Dharashiv,2008-04-01,-0.5759934948123216,0.43105320793755053,1.6853208110965014,2.114287929359746,train
548,Dharashiv,2008-05-01,-0.1449402794880768,1.2542675957722564,1.683234714035501,0.6004773304505249,train
549,Dharashiv,2008-06-01,1.1093273211098087,0.4289671134376156,-0.6537902701473606,-1.2057663846588504,train
550,Dharashiv,2008-07-01,1.5382944646112555,-1.0827574136488074,-1.6347335281602973,-1.6309016796581381,train
551,Dharashiv,2008-08-01,0.4555370546375052,-0.551976118186547,-0.5481442696843879,-0.6894029564653175,train
552,Dharashiv,2008-09-01,-0.0964390661913048,0.003831851144422166,-0.1374268356365074,-0.20619612667978895,train
553,Dharashiv,2008-10-01,-0.0926072119901007,-0.1412586898377115,-0.21002798088099306,-0.45813755996729677,train
554,Dharashiv,2008-11-01,-0.2338659000009631,-0.06876929287013064,-0.3168788719564344,-0.0238463151842023,train
555,Dharashiv,2008-12-01,-0.3026351857559089,-0.24810958620148854,0.044922970570743515,-0.0483234595878716,train
556,Dharashiv,2009-01-01,-0.5507447636663806,0.2930325484812152,0.19978611832260007,0.3649197882950198,train
557,Dharashiv,2009-02-01,-0.2577122125394766,-0.09324643280430389,0.07188723716811585,0.06247144672946381,train
558,Dharashiv,2009-03-01,-0.3509586538429198,0.16513367847155902,0.15571788803290698,0.5792452628965316,train
559,Dharashiv,2009-04-01,-0.1858249703165662,-0.009415795493446621,0.41411157937017795,0.032703439306892124,train
560,Dharashiv,2009-05-01,-0.1952407633474167,0.42352737240102845,0.04211923233774262,0.38971604160574036,train
561,Dharashiv,2009-06-01,0.2282866123605817,-0.38140814337025575,-0.033811334102258034,-0.3407835695434659,train
562,Dharashiv,2009-07-01,-0.1531215337959306,0.3475968120542543,0.04062457661304639,-0.22221871931876971,train
563,Dharashiv,2009-08-01,0.1944752718526518,-0.306972229035536,-0.5698155249673521,-0.8136811639386808,train
564,Dharashiv,2009-09-01,-0.1124969535966743,-0.262843299518026,-0.5067089384893547,-0.4260395950178276,train
565,Dharashiv,2009-10-01,-0.3753402558016399,-0.24386563628438918,-0.16319629281286208,-0.5620055469823262,train
566,Dharashiv,2009-11-01,-0.6192058737445404,0.08066932513003844,-0.3181399290394257,0.05783138825183409,train
567,Dharashiv,2009-12-01,-0.5385365565634607,-0.3988092462205054,-0.022837928929245632,-0.021551362671768826,train
568,Dharashiv,2010-01-01,-0.9373457765743082,0.3759712910816019,0.3772578573390787,0.5921491420432871,train
569,Dharashiv,2010-02-01,-0.5613744759621956,0.0012865567269660927,0.21617784143117447,0.260538449293647,train
570,Dharashiv,2010-03-01,-0.5600879262472818,0.21489129171626065,0.2592518995787332,0.11442089782015774,train
571,Dharashiv,2010-04-01,-0.3451966219691911,0.044360595300642514,-0.10047040645793293,-0.9957842654438338,train
572,Dharashiv,2010-05-01,-0.3008360216510143,-0.14483100677610972,-1.0401448657620107,-0.823188131104723,train
573,Dharashiv,2010-06-01,-0.4456670305333068,-0.8953138568797181,-0.6783571222224305,-0.9234377124705384,train
574,Dharashiv,2010-07-01,-1.3409808321071963,0.21695667935145901,-0.028123910896648896,0.008646432883868682,train
575,Dharashiv,2010-08-01,-1.1240241645985556,-0.24508057840528963,-0.20831023462477205,-0.28047584303083894,train
576,Dharashiv,2010-09-01,-1.36910471657288,0.036770317349552384,-0.03539529105651451,0.19766995647919106,train
577,Dharashiv,2010-10-01,-1.3323344551012946,-0.07216555252809997,0.1608996950076056,0.024619039146704713,train
578,Dharashiv,2010-11-01,-1.4045000129704892,0.23306525287680024,0.09678459701589937,0.08614540634207124,train
579,Dharashiv,2010-12-01,-1.1714347439634205,-0.13628067199116933,-0.14691986266499746,0.5554916101323963,train
580,Dharashiv,2011-01-01,-1.3077153632477725,-0.01063924338064548,0.6917722294167483,0.0756090352372134,train
581,Dharashiv,2011-02-01,-1.3183545535220291,0.702411419691005,0.08624822551147004,0.7379987900866654,train
582,Dharashiv,2011-03-01,-0.615943146002132,-0.6161631820084271,0.03558738256676819,0.2649964215873065,train
583,Dharashiv,2011-04-01,-1.232106355839752,0.6517505924043883,0.8811596314249266,0.6484043280420531,train
584,Dharashiv,2011-05-01,-0.5803557369363066,0.22940901252148116,-0.003346290861392376,-0.554913666521335,train
585,Dharashiv,2011-06-01,-0.3509467200788843,-0.2327553077188147,-0.7843226833787573,-0.13940778808266052,train
586,Dharashiv,2011-07-01,-0.5837020522519478,-0.5515673512056938,0.09334754409040302,0.4069101160928139,train
587,Dharashiv,2011-08-01,-1.1352693649762438,0.644914856814699,0.9584774288171098,1.3026898416512773,train
588,Dharashiv,2011-09-01,-0.4903545201670758,0.3135625840079419,0.6577749968421094,0.4437076979231469,train
589,Dharashiv,2011-10-01,-0.1767919424658131,0.34421241914084666,0.13014512022188418,0.09445946549227946,train
590,Dharashiv,2011-11-01,0.1674204828065755,-0.21406730505050442,-0.24975295978010914,-0.2591173412126424,train
591,Dharashiv,2011-12-01,-0.0466468217043109,-0.03568565526922273,-0.045050036701755995,0.12550335696021986,train
592,Dharashiv,2012-01-01,-0.082332480182397,-0.009364378223669895,0.16118901543830597,-0.11282963729883469,train
593,Dharashiv,2012-02-01,-0.0916968600540106,0.1705533953099196,-0.10346525742722108,0.28429685697841095,train
594,Dharashiv,2012-03-01,0.0788565357523591,-0.27401865323359076,0.11374346117204123,0.6126732150716155,train
595,Dharashiv,2012-04-01,-0.1951621176293549,0.3877621145537552,0.8866918684533295,0.491656005530661,train
596,Dharashiv,2012-05-01,0.1925999916177864,0.4989297592061882,0.10389389628351975,0.5982434951681023,train
597,Dharashiv,2012-06-01,0.691529730481915,-0.39503584258060886,0.09931375630397365,0.4426516497899966,train
598,Dharashiv,2012-07-01,0.2964938919560717,0.494349594829817,0.83768748831584,1.0437834222300246,train
599,Dharashiv,2012-08-01,0.7908435078625305,0.3433378724093811,0.5494338063235656,0.38156209268526,train
600,Dharashiv,2012-09-01,1.1341813613093616,0.20609595287673455,0.03822423923842888,0.03434421528213005,train
601,Dharashiv,2012-10-01,1.3402773340037937,-0.16787173345600315,-0.17175175741230198,-0.20997311666523166,train
602,Dharashiv,2012-11-01,1.1724055888997371,-0.0038800123082454174,-0.042101371561175105,0.0693420288218205,train
603,Dharashiv,2012-12-01,1.168525610870388,-0.038221393531826076,0.07322200685116953,-0.0757392987671166,train
604,Dharashiv,2013-01-01,1.1303042310050333,0.11144338671652432,-0.037517918901761815,-0.5681947606376017,train
605,Dharashiv,2013-02-01,1.241747627303319,-0.14896131520004752,-0.6796381569358874,-0.7700969076606798,train
606,Dharashiv,2013-03-01,1.0927862924129423,-0.5306768220455107,-0.6211355727703032,-1.3840753537208494,train
607,Dharashiv,2013-04-01,0.5621094475257556,-0.09045872788311649,-0.8533985088336628,-0.8994110594260852,train
608,Dharashiv,2013-05-01,0.4716507060591981,-0.7629397673671052,-0.8089523179595277,-0.9564788801734254,train
609,Dharashiv,2013-06-01,-0.2912890494324964,-0.046012562467833196,-0.1935391246817309,-0.13440008158900324,train
610,Dharashiv,2013-07-01,-0.3373016093112739,-0.1475265648029534,-0.08838752171022574,0.036944267544916476,train
611,Dharashiv,2013-08-01,-0.4848281666177278,0.059139035596228184,0.1844708248513704,0.16982617224631363,train
612,Dharashiv,2013-09-01,-0.4256891322783764,0.12533179051201898,0.11068713790696222,0.11566698676865655,train
613,Dharashiv,2013-10-01,-0.3003573406651616,-0.014644653706252564,-0.009664804844558228,0.12229147443324329,train
614,Dharashiv,2013-11-01,-0.3150020014188168,0.004979855909096942,0.13693613518689846,-0.012364499674093976,train
615,Dharashiv,2013-12-01,-0.3100221484461928,0.13195628221427447,-0.017344352646717964,-0.5565299064358568,train
616,Dharashiv,2014-01-01,-0.1780658657834236,-0.14930063530948717,-0.688486189098626,-0.47969678089168627,train
617,Dharashiv,2014-02-01,-0.3273664938366254,-0.5391855610454241,-0.33039615283848445,-0.021749265297667186,train
618,Dharashiv,2014-03-01,-0.8665520329868756,0.2087893863117657,0.517436273852583,0.9665096704757176,train
619,Dharashiv,2014-04-01,-0.6577626594450005,0.30864690031070785,0.7577202969338425,0.8887114801551826,train
620,Dharashiv,2014-05-01,-0.3491157624800922,0.4490733999689342,0.5800645831902744,0.35699500478107943,train
621,Dharashiv,2014-06-01,0.0999576386160373,0.1309911820941449,-0.09207839631505006,0.10798183715872771,train
622,Dharashiv,2014-07-01,0.2309488272828868,-0.22306958498189955,-0.023009351508121778,0.35419003008176775,train
623,Dharashiv,2014-08-01,0.0078792421133425,0.2000602336614225,0.5772596152513121,0.41659371573616005,train
624,Dharashiv,2014-09-01,0.207939476400077,0.3771993809645775,0.21653348144942555,-0.12254710558003154,train
625,Dharashiv,2014-10-01,0.5851388750301937,-0.16066591718069112,-0.4997465042101482,-0.8071633306967357,train
626,Dharashiv,2014-11-01,0.4244729446428991,-0.3390805738228536,-0.6464974003094411,-0.44759748486757045,train
627,Dharashiv,2014-12-01,0.0853923671294839,-0.30741682279602595,-0.10851690735415527,0.01954725008710316,train
628,Dharashiv,2015-01-01,-0.2220244559712116,0.19889991574654023,0.32696407318779863,0.22124200577580969,train
629,Dharashiv,2015-02-01,-0.0231245395231773,0.12806415673976437,0.022342089327775393,-0.04608596745247349,train
630,Dharashiv,2015-03-01,0.10493961602621,-0.10572206622161191,-0.17415012300186078,0.019161016939354722,train
631,Dharashiv,2015-04-01,-0.0007824501796296,-0.06842805679602118,0.12488308314519433,1.5963471731944612,train
632,Dharashiv,2015-05-01,-0.0692105058697718,0.19331113883533652,1.6647752288846034,1.9649339679745692,train
633,Dharashiv,2015-06-01,0.1241006330043015,1.47146409001053,1.7716228291004958,1.2662196680516067,train
634,Dharashiv,2015-07-01,1.59556468422899,0.30015877787580747,-0.2052443831730817,-0.34103198941240054,train
635,Dharashiv,2015-08-01,1.89572340721318,-0.5054031061572717,-0.6411907123965905,-0.7884126352710412,train
636,Dharashiv,2015-09-01,1.3903203395221422,-0.13578764470555282,-0.2830095675800035,-0.12993399175145126,train
637,Dharashiv,2015-10-01,1.2545326843002809,-0.1472219123581422,0.005853663470410053,0.025415907885693256,train
638,Dharashiv,2015-11-01,1.1073107889566334,0.15307555881405754,0.17263780322934075,-0.15570886644457893,train
639,Dharashiv,2015-12-01,1.2603863461205618,0.019562246065412348,-0.30878442360850733,-0.7442311628052847,train
640,Dharashiv,2016-01-01,1.279948583623665,-0.3283466611116106,-0.7637934003083879,-0.7616408977716143,train
641,Dharashiv,2016-02-01,0.9516019520827648,-0.43544676876748767,-0.433294266230714,-0.6417041418620464,train
642,Dharashiv,2016-03-01,0.5161551873394072,0.0021524985126435414,-0.20625737711868886,-0.3248427997537673,train
643,Dharashiv,2016-04-01,0.5183077110295705,-0.20840990080885213,-0.32699532344393056,-0.7817581845765523,train
644,Dharashiv,2016-05-01,0.3098978029428136,-0.11858541535717365,-0.5733482764897955,-0.5331819282708776,train
645,Dharashiv,2016-06-01,0.1913123941318434,-0.45476286767882523,-0.4145965194599074,-0.7808225369350356,train
646,Dharashiv,2016-07-01,-0.2634504717790134,0.04016634645094941,-0.32605967102417877,-0.19668170986542632,train
647,Dharashiv,2016-08-01,-0.2232841277734341,-0.36622601502975805,-0.2368480538710056,-0.22068863862594945,train
648,Dharashiv,2016-09-01,-0.5895101689430625,0.12937798729862282,0.14553740254367897,0.14065074554409096,train
649,Dharashiv,2016-10-01,-0.460132191189855,0.016159424790471444,0.011272767790883431,-0.2536408209713999,train
650,Dharashiv,2016-11-01,-0.4439727669232629,-0.004886656475708684,-0.269800245237992,-0.30068612046305915,train
651,Dharashiv,2016-12-01,-0.4488594182561442,-0.26491359390511066,-0.2957994691301778,0.20708217702613324,train
652,Dharashiv,2017-01-01,-0.7137730270232469,-0.030885860363075168,0.47199578579323587,0.966728165706566,train
653,Dharashiv,2017-02-01,-0.7446589049156831,0.5028816636856721,0.9976140435990022,0.9070904728230165,train
654,Dharashiv,2017-03-01,-0.2417772445707677,0.4947323832540868,0.4042088124781011,-0.3656799163789393,train
655,Dharashiv,2017-04-01,0.2529551472224937,-0.09052357931516031,-0.8604123081722007,-1.5327246870555626,train
656,Dharashiv,2017-05-01,0.1624315632846291,-0.7698887242343362,-1.442201103117698,-0.8827402843501504,train
657,Dharashiv,2017-06-01,-0.6074571447304578,-0.6723123951026111,-0.11285157633506349,0.05462936925209472,train
658,Dharashiv,2017-07-01,-1.2797695168822236,0.5594607958167024,0.7269417414038606,0.14053032487325146,train
659,Dharashiv,2017-08-01,-0.7203087011345367,0.16748092565617367,-0.41893049087443546,-0.0934407910338898,train
660,Dharashiv,2017-09-01,-0.5528277879715373,-0.5864114040374349,-0.2609217041968892,-0.36746083440776567,train
661,Dharashiv,2018-01-01,-0.8067508150940755,-0.43439574938956704,-0.1909977982634684,-0.01766105395499673,val
662,Dharashiv,2018-02-01,-1.241146529877867,0.24339791652032305,0.41673466082879473,0.8986019742138045,val
663,Dharashiv,2018-03-01,-0.997748608071764,0.17333673902269175,0.6552040524077015,0.0688437170576649,val
664,Dharashiv,2018-04-01,-0.824411853329092,0.48186729766502945,-0.10449303768500717,0.06746385909691421,val
665,Dharashiv,2018-05-01,-0.3425445610312695,-0.5863603299828296,-0.4144034332009082,-0.19556003272254519,val
666,Dharashiv,2018-06-01,-0.9289049018925274,0.17195690766034966,0.3908003081387127,1.7868124355381574,val
667,Dharashiv,2018-07-01,-0.7569480095764026,0.21884341582258793,1.6148555432220326,2.1508594904800282,val
668,Dharashiv,2018-08-01,-0.538104602500774,1.3960121361464037,1.9320160834043993,1.8284069983213915,val
669,Dharashiv,2018-09-01,0.8579075057142912,0.5360039751893343,0.4323948901063265,0.04521217755139484,val
670,Dharashiv,2018-10-01,1.3939114386763465,-0.1036090428557288,-0.49079175541066045,-0.5775864298071753,val
671,Dharashiv,2018-11-01,1.2903023923153782,-0.3871827090496922,-0.4739773834462071,-0.5205004180188084,val
672,Dharashiv,2018-12-01,0.9031197042158844,-0.08679469534671325,-0.13331772991931456,-0.30983849474704284,val
673,Dharashiv,2019-01-01,0.816325002904429,-0.046523028607859174,-0.22304379343558745,-0.45962598323394255,val
674,Dharashiv,2019-02-01,0.7698019487240236,-0.17652073925518208,-0.4131029290535372,-0.32714227264904194,val
675,Dharashiv,2019-03-01,0.5932812353832532,-0.23658221571276672,-0.15062155930827148,-0.1884138843281079,val
676,Dharashiv,2019-04-01,0.3566990079911021,0.08596066808387959,0.04816834306404316,0.46492902612373554,val
677,Dharashiv,2019-05-01,0.4426596787707478,-0.037792327715602536,0.37896835534408985,-0.50543854655191,val
678,Dharashiv,2019-06-01,0.4048673607180834,0.41676067339675427,-0.46764622849924564,-0.37540778738958835,val
679,Dharashiv,2019-07-01,0.8216280262276167,-0.8844068940087789,-0.7921684528991216,-1.3878450910850995,val
680,Dharashiv,2019-08-01,-0.0627788668097415,0.09223844013823652,-0.5034381980477414,-0.6713435287057004,val
681,Dharashiv,2019-09-01,0.0294595734523721,-0.5956766383098551,-0.763581968967814,-0.40049431485404446,val
682,Dharashiv,2019-10-01,-0.5662170787484979,-0.16790531676694398,0.19518233734682555,-0.16460614007398133,val
683,Dharashiv,2019-11-01,-0.734122383487827,0.3630876420861546,0.0032991646653477424,-0.009405505763881994,val
684,Dharashiv,2019-12-01,-0.3710347334126854,-0.35978848540979386,-0.3724931558390236,0.02182533538145065,val
685,Dharashiv,2020-01-01,-0.7308232463060338,-0.012704642945675193,0.38161384827479905,0.3912611580549199,val
686,Dharashiv,2020-02-01,-0.7435278611515869,0.3943184631203521,0.403965772900473,0.530888693246733,val
687,Dharashiv,2020-03-01,-0.3492093913525365,0.009647303101422589,0.13657022344768266,-0.10376975608169814,val
688,Dharashiv,2020-04-01,-0.3395620943960387,0.12692292649118486,-0.11341705303819594,-0.6610055802408021,val
689,Dharashiv,2020-05-01,-0.2126391701700921,-0.24033997726414252,-0.7879285044667488,-1.0205591149327522,val
690,Dharashiv,2020-06-01,-0.4529791559463635,-0.5475885186904773,-0.7802191291564807,0.08337751882134825,val
691,Dharashiv,2020-07-01,-1.0005676582633385,-0.23263062683950575,0.6309660211383232,-0.13000609127889784,val
692,Dharashiv,2020-08-01,-1.2331983379118798,0.8635967007868646,0.1026245883696435,0.032846145986831,val
693,Dharashiv,2020-09-01,-0.3696016304534196,-0.7609721190888168,-0.8307505614716293,-0.6612661845642807,val
694,Dharashiv,2020-10-01,-1.130573778870935,-0.06977841305411392,0.09970596385323471,0.35185977769219345,val
695,Dharashiv,2020-11-01,-1.2003521366119292,0.169484321594229,0.42163813543318773,0.2749847812652495,val
696,Dharashiv,2020-12-01,-1.0308678158108098,0.2521538146320683,0.10550046046413009,0.5475694247070653,val
697,Dharashiv,2021-01-01,-0.7787139758168706,-0.14665337952980906,0.2954155847131261,-0.00821062478432566,test
698,Dharashiv,2021-02-01,-0.9253673610676116,0.44206896996386713,0.13844276046641535,-0.11257504844776922,test
699,Dharashiv,2021-03-01,-0.4832984030110939,-0.3036261975901024,-0.554644006504287,-0.6287381827967065,test
700,Dharashiv,2021-04-01,-0.7869246235151421,-0.2510177860002387,-0.32511196229265815,-0.23838076684282905,test
701,Dharashiv,2021-05-01,-1.03794246303143,-0.07409412277637029,0.012637072673458816,0.24699341641964412,test
702,Dharashiv,2021-06-01,-1.1120366324324926,0.08673124207452143,0.32108758582070673,0.10391824139550532,test
703,Dharashiv,2021-07-01,-1.0253054087363636,0.23435636212457767,0.01718701769937625,-0.08180640290151486,test
704,Dharashiv,2021-08-01,-0.7909490506259099,-0.21716934041107738,-0.3161627610119685,-0.3792057593258723,test
705,Dharashiv,2021-09-01,-1.0081183381064298,-0.0989934735314486,-0.16203647184535241,-0.33570032644435144,test
706,Dharashiv,2021-10-01,-1.1071117623995572,-0.063043047552225,-0.23670690215122403,-0.2079632774640292,test
707,Dharashiv,2021-11-01,-1.1701548394658037,-0.17366382508497757,-0.14492020039778275,0.11082115740556198,test
708,Dharashiv,2021-12-01,-1.3438186690606206,0.028743629197034215,0.28448498700037894,0.6650655910767644,test
709,Dharashiv,2022-01-01,-1.3150750564124738,0.2557413743522321,0.6363219784286176,0.3040468858268415,test
710,Dharashiv,2022-02-01,-1.059333674738412,0.3805805967545557,0.048305504152779566,0.19450890285730837,test
711,Dharashiv,2022-03-01,-0.6787530773548515,-0.33227509323078086,-0.18607169452625205,0.004526674118462304,test
712,Dharashiv,2022-04-01,-1.0110281653412898,0.1462033934601863,0.33680176210490065,-0.7076007180205266,test
713,Dharashiv,2022-05-01,-0.8648247570310227,0.19059835379463352,-0.8538041263307937,-1.0358946471895583,test
714,Dharashiv,2022-06-01,-0.6742264040606254,-1.044402479301191,-1.2264930001599557,-0.6524884692532784,test
715,Dharashiv,2022-07-01,-1.7186289355498958,-0.18209046867068523,0.391914062235992,0.36117284748379475,test
716,Dharashiv,2022-08-01,-1.900719393049452,0.5740045197355481,0.5432633049833508,0.8427419550764295,test
717,Dharashiv,2022-09-01,-1.3267148696573374,-0.03074121840876365,0.26873743168431496,0.350518699804127,test
718,Dharashiv,2022-10-01,-1.3574560748318547,0.29947863685883225,0.38125990497864426,0.20064436065949143,test
719,Dharashiv,2022-11-01,-1.0579774455339714,0.08178127568076099,-0.09883426863839184,-0.005296818801660885,test
720,Dharashiv,2022-12-01,-0.9761961994813708,-0.18061551469099246,-0.0870780648542615,-0.18398854153883182,test
721,Dharashiv,2023-01-01,-1.156811771472393,0.09353750713676057,-0.0033729695478097454,-0.038266720692218925,test
722,Dharashiv,2023-02-01,-1.063274230887395,-0.0969105101328076,-0.13180426127721678,0.3848465346593677,test
723,Dharashiv,2023-03-01,-1.160184776329757,-0.03489371583485479,0.4817570801017297,1.1907554733691228,test
724,Dharashiv,2023-04-01,-1.195078508872767,0.5166508126447396,1.2256492059121327,0.399466114063044,test
725,Dharashiv,2023-05-01,-0.6784276670048883,0.7089983640442541,-0.11718472780483458,0.22717499790889528,test
726,Dharashiv,2023-06-01,0.0305706971707453,-0.8261830919804682,-0.48182336626673833,-0.15488459555531636,test
727,Dharashiv,2023-07-01,-0.7956123848008189,0.3443597157048258,0.6712984864162478,1.2800178129719768,test
728,Dharashiv,2023-08-01,-0.451252673667523,0.3269387752829519,0.9356581018386808,0.49022686193570764,test
729,Dharashiv,2023-09-01,-0.1243139010292027,0.6087193292003605,0.16328808929738736,-0.019259204306032895,test
730,Dharashiv,2023-10-01,0.484405415154276,-0.4454312268860913,-0.6279785204895116,-1.1064227391250707,test
731,Dharashiv,2023-11-01,0.038974186754922,-0.1825472920901576,-0.6609915107257167,-0.5593275040156642,test
732,Dharashiv,2023-12-01,-0.143573098835013,-0.47844422513578166,-0.3767802184257292,0.07308279072906743,test
733,Dharashiv,2024-01-01,-0.6220173433694574,0.10166402610871517,0.5515270352635118,0.18942951115700923,test
734,Dharashiv,2024-02-01,-0.5203533018999648,0.4498629937940192,0.08776546968751664,-0.06787885771459823,test
735,Dharashiv,2024-03-01,-0.0704903083525281,-0.36209752385992,-0.5177418512620349,-1.2001016659058947,test
736,Dharashiv,2024-04-01,-0.4325878313384444,-0.15564432827611857,-0.8380041429199785,-1.658977300802669,test
737,Dharashiv,2024-05-01,-0.5882321779153554,-0.6823597963430674,-1.5033329542257579,-1.067186575708607,test
738,Dharashiv,2024-06-01,-1.2705919656473168,-0.8209731664937965,-0.3848267879766456,0.43739949795780264,test
739,Dharashiv,2024-07-01,-2.09156510992084,0.4361463562968777,1.258372642231326,1.198408223820071,test
740,Dharashiv,2024-08-01,-1.6554188032217396,0.8222263355322255,0.7622619171209706,0.7970432539053334,test
741,Dharashiv,2024-09-01,-0.8331924624022093,-0.0599644236985597,-0.025183086914196906,-0.23085248999036878,test
742,Hingoli,2003-12-01,0.4195623219473661,-0.16623882655933508,-0.1356754124625028,-0.1533899426920713,train
743,Hingoli,2004-01-01,0.2533234809742802,0.03056342851058308,0.012848898281014598,-0.02624380637272533,train
744,Hingoli,2004-02-01,0.2838869078566133,-0.017714528601318502,-0.05680723325505843,-0.7855386121679842,train
745,Hingoli,2004-03-01,0.266172370641566,-0.03909269604001114,-0.7678240749529368,-0.5174223098448283,train
746,Hingoli,2004-04-01,0.2270796737540751,-0.728731378065446,-0.47832961295733745,0.4923806347977132,train
747,Hingoli,2004-05-01,-0.5016517112661347,0.2504017720628724,1.221112019817923,1.2164843151975617,train
748,Hingoli,2004-06-01,-0.2512499496483627,0.970710258200151,0.9660825535797897,1.2775879308724227,train
749,Hingoli,2004-07-01,0.7194603371928127,-0.004627733261385658,0.3068776440312474,0.620946080653867,train
750,Hingoli,2004-08-01,0.714832577515987,0.311505403708073,0.6255738403306926,0.30296131629809986,train
751,Hingoli,2004-09-01,1.0263380143591432,0.3140684034875365,-0.008544120545056266,0.13800510430845936,train
752,Hingoli,2004-10-01,1.3404063622348392,-0.3226124684207523,-0.17606324356723668,-0.39770841997791173,train
753,Hingoli,2004-11-01,1.01779386334984,0.14654925531776253,-0.07509592109291252,-0.11973223023979362,train
754,Hingoli,2004-12-01,1.1643431740482455,-0.221645231791318,-0.2662815409381991,-0.7302139359195834,train
755,Hingoli,2005-01-01,0.9426979259431164,-0.044636292833070024,-0.5085686878144543,-0.9398320135503809,train
756,Hingoli,2005-02-01,0.8980616150462793,-0.46393237691761724,-0.8951957026535439,-0.5648995457256006,train
757,Hingoli,2005-03-01,0.434129232619789,-0.4312633202270535,-0.10096716329911026,0.36334026410720077,train
758,Hingoli,2005-04-01,0.0028659124301108,0.3302961568905679,0.7946035842968789,0.7319202404095498,train
759,Hingoli,2005-05-01,0.3331620751483909,0.46430742157859883,0.40162407769126973,-0.0795537589653007,train
760,Hingoli,2005-06-01,0.7974695245531901,-0.06268337171352945,-0.5438612083700999,-0.9179582725075587,train
761,Hingoli,2005-07-01,0.73478614119121,-0.4811778250081198,-0.8552748891455786,-1.181825775180544,train
762,Hingoli,2005-08-01,0.2536083150383186,-0.3740970629926872,-0.7006479490276527,-0.6422216582771492,train
763,Hingoli,2005-09-01,-0.1204887446535721,-0.32655088933576204,-0.2681245985852585,-0.20720400246251677,train
764,Hingoli,2005-10-01,-0.4470396459922676,0.05842630275343702,0.11934689887617872,0.6854522497281914,train
765,Hingoli,2005-11-01,-0.3886133471731283,0.06092060005703942,0.6270259509090521,0.641557309985552,train
766,Hingoli,2005-12-01,-0.3276927603437598,0.5661053640796836,0.5806367231561835,-0.21621464360216303,train
767,Hingoli,2006-01-01,0.2384126091402443,0.014531353672179392,-0.7823200130861672,-0.5089492404859932,train
768,Hingoli,2006-02-01,0.2529439566671742,-0.796851360613097,-0.5234805880129231,-0.7218909202158345,train
769,Hingoli,2006-03-01,-0.5439074268392311,0.2733707954934822,0.07496046329057082,0.8118869891217934,train
770,Hingoli,2006-04-01,-0.270536621006854,-0.19841034254180628,0.5385161832894163,-0.5309886141692324,train
771,Hingoli,2006-05-01,-0.4689469643394892,0.7369265266220515,-0.33257827083659725,-0.13515159408641414,train
772,Hingoli,2006-06-01,0.2679795741077866,-1.069504809283873,-0.8720781325336899,-0.9031630276676621,train
773,Hingoli,2006-07-01,-0.8015252370052651,0.1974266785793618,0.16634178344538963,0.16896909658244408,train
774,Hingoli,2006-08-01,-0.6040985815152669,-0.031084872044608636,-0.028457558907554192,0.10473766251654859,train
775,Hingoli,2006-09-01,-0.6351834618957345,0.0026273214729134464,0.13582254289701623,0.6775425420613591,train
776,Hingoli,2006-10-01,-0.6325561266414983,0.13319520764278003,0.6749152068071229,0.3406520646087987,train
777,Hingoli,2006-11-01,-0.4993609259368188,0.5417200061024434,0.20745686390411922,0.4405465344430215,train
778,Hingoli,2006-12-01,0.0423590786402908,-0.3342631406729904,-0.1011734701340881,-0.15067514997179182,train
779,Hingoli,2007-01-01,-0.2919040665579392,0.2330896750641419,0.1835879952264382,0.17765371953969733,train
780,Hingoli,2007-02-01,-0.0588143907721676,-0.049501680559333405,-0.05543595624607428,0.09696351292091981,train
781,Hingoli,2007-03-01,-0.1083160690366807,-0.005934277981561181,0.1464651911854329,-0.08529798170928335,train
782,Hingoli,2007-04-01,-0.1142503480307518,0.152399470179504,-0.07936370271521224,-0.8266600509293617,train
783,Hingoli,2007-05-01,0.0381491218234788,-0.23176317256944284,-0.9790595207835924,-0.4128427241470109,train
784,Hingoli,2007-06-01,-0.1936140501185257,-0.7472963488415878,-0.1810795522050064,0.029944627849658206,train
785,Hingoli,2007-07-01,-0.94091038374968,0.5662167814261478,0.7772409614808125,1.1134556379801792,train
786,Hingoli,2007-08-01,-0.374693613098451,0.2110241908295835,0.5472388673289503,0.544329221890756,train
787,Hingoli,2007-09-01,-0.1636694182227084,0.3362146724532077,0.3333050270150134,0.5648671795199344,train
788,Hingoli,2007-10-01,0.1725452522056632,-0.0029096434133581983,0.22865250909156276,0.03404900634116603,train
789,Hingoli,2007-11-01,0.1696356130503328,0.23156214824689314,0.03695864549649641,-0.12644928747045114,train
790,Hingoli,2007-12-01,0.4011977660170312,-0.194603507470202,-0.35801144043714955,-0.6201202618590111,train
791,Hingoli,2008-01-01,0.2065942532182918,-0.16340792763841014,-0.4255167490602718,-0.41753944221746786,train
792,Hingoli,2008-02-01,0.0431863250791311,-0.2621088209211111,-0.25413151407830714,0.04261921768791678,train
793,Hingoli,2008-03-01,-0.2189224930017007,0.007977304002524666,0.3047280357687486,1.162818905851127,train
794,Hingoli,2008-04-01,-0.2109451865239655,0.29675072929101337,1.1548415993733918,1.8561139678044831,train
795,Hingoli,2008-05-01,0.0858055416744918,0.8580908711749344,1.5593632396060257,0.6878900464373856,train
796,Hingoli,2008-06-01,0.9438964107063452,0.7012723705741724,-0.17020082259446778,-0.8294327908185164,train
797,Hingoli,2008-07-01,1.645168822583261,-0.8714732344713836,-1.5307052026954322,-0.8562937195864349,train
798,Hingoli,2008-08-01,0.7736955933849224,-0.6592319734970936,0.01517950961190373,-0.13092685273093074,train
799,Hingoli,2008-09-01,0.1144636193688573,0.6744114836279689,0.5283051212851344,0.6903220494810878,train
800,Hingoli,2008-10-01,0.7888751088942335,-0.1461063682402418,0.015910559955711556,-0.3932493984068678,train
801,Hingoli,2008-11-01,0.6427687543506092,0.16201691449933586,-0.24714304386324348,0.03323201955609856,train
802,Hingoli,2008-12-01,0.8047856598310509,-0.40915994934368516,-0.12878488592434312,-0.3291909008436241,train
803,Hingoli,2009-01-01,0.3956257230959367,0.2803750508107711,0.07996903589149007,0.04451911380668172,train
804,Hingoli,2009-02-01,0.676000773297074,-0.20040601430964722,-0.23585593639445557,-0.6827922909012164,train
805,Hingoli,2009-03-01,0.475594758848309,-0.03544992194569058,-0.4823862764524514,0.1374179126223331,train
806,Hingoli,2009-04-01,0.4401448508451096,-0.44693636844925205,0.17286782062553246,-0.4347415570827536,train
807,Hingoli,2009-05-01,-0.0067915177663538,0.6198041892369959,0.012194811528709843,0.9071488237699243,train
808,Hingoli,2009-06-01,0.6130126469106222,-0.6076093531482661,0.2873446590929484,-0.0875473968953634,train
809,Hingoli,2009-07-01,0.0054032936254339,0.8949540123781367,0.5200619563898249,0.5027163491090937,train
810,Hingoli,2009-08-01,0.9003573215194435,-0.3748920715041847,-0.3922376787849159,-0.8480880043097229,train
811,Hingoli,2009-09-01,0.5254652309865129,-0.01734558825198529,-0.47319591377679227,-0.65728103701774,train
812,Hingoli,2009-10-01,0.5081196657027768,-0.45585034849305617,-0.6399354717340039,-0.6933464190568494,train
813,Hingoli,2009-11-01,0.0522693179167882,-0.1840851239480153,-0.23749607127086075,0.26161118526085464,train
814,Hingoli,2009-12-01,-0.1318158030327668,-0.05341095032130577,0.4456963062104096,0.42392317650879524,train
815,Hingoli,2010-01-01,-0.1852267579724992,0.49910726115014203,0.47733413144852765,0.539219041316768,train
816,Hingoli,2010-02-01,0.3138804951786484,-0.02177312170261997,0.04011178816562039,-0.12189792786831516,train
817,Hingoli,2010-03-01,0.2921073641088522,0.06188491923541661,-0.10012479679851893,-0.5850961710718191,train
818,Hingoli,2010-04-01,0.3539922726976749,-0.16200970538734166,-0.6469810796606419,-1.0257593882906315,train
819,Hingoli,2010-05-01,0.1919825627384429,-0.48497136970140986,-0.8637496783313995,-0.9860309316692596,train
820,Hingoli,2010-06-01,-0.2929887934905458,-0.37877832210241075,-0.5010595754402709,-0.8529010847824645,train
821,Hingoli,2010-07-01,-0.6717670879480071,-0.12228128098280955,-0.47412279032500315,-0.4352892913702302,train
822,Hingoli,2010-08-01,-0.7940483495680271,-0.3518415287049832,-0.31300802975021025,-0.6321177080186429,train
823,Hingoli,2010-09-01,-1.1458899015619717,0.038833522243734375,-0.28027615602469824,-0.11895058210349463,train
824,Hingoli,2010-10-01,-1.1070563688989037,-0.31910968868776624,-0.15778411476656262,0.06337343604520496,train
825,Hingoli,2010-11-01,-1.4261660913524,0.1613256076869336,0.3824831584987012,0.5578285197314587,train
826,Hingoli,2010-12-01,-1.2648404888515374,0.2211575559978387,0.3965029172305963,0.842584942996969,train
827,Hingoli,2011-01-01,-1.0436829605201163,0.17534538889917517,0.6214274146655479,-0.11586567973104334,train
828,Hingoli,2011-02-01,-0.8683375811292988,0.44608203527473034,-0.29121105912186085,0.2517118549063069,train
829,Hingoli,2011-03-01,-0.422255548159935,-0.7372930920912246,-0.19437017806305695,0.35068752102122497,train
830,Hingoli,2011-04-01,-1.1595486291829482,0.5429229029599563,1.0879806020442382,0.4447792061749831,train
831,Hingoli,2011-05-01,-0.6166257468463346,0.5450577197076246,-0.09814367616163044,-0.24399499022947102,train
832,Hingoli,2011-06-01,-0.071568023944967,-0.6432013990629981,-0.7890527131308387,-0.7712449314345191,train
833,Hingoli,2011-07-01,-0.7147694271282506,-0.14585130994755502,-0.12804352825123544,0.2198134403900457,train
834,Hingoli,2011-08-01,-0.8606207297184936,0.017807774339007487,0.3656647429802886,0.621216200385379,train
835,Hingoli,2011-09-01,-0.8428129650853821,0.3478569783471771,0.6034084357522674,0.6735570676826187,train
836,Hingoli,2011-10-01,-0.494955981697909,0.2555514523647944,0.32570008429514563,0.680595333304278,train
837,Hingoli,2011-11-01,-0.2394045364393878,0.07014863903662444,0.4250438880457568,0.40545008297106505,train
838,Hingoli,2011-12-01,-0.1692559028138481,0.35489525442021713,0.33530144934552536,0.3233534598817192,train
839,Hingoli,2012-01-01,0.1856393557276976,-0.019593809196020356,-0.03154179865982651,0.06279591803882004,train
840,Hingoli,2012-02-01,0.1660455523227187,-0.011947995254847604,0.08238972144379894,0.09038221256985943,train
841,Hingoli,2012-03-01,0.1540975614937798,0.09433771227273785,0.10233020339879834,0.25895440135869824,train
842,Hingoli,2012-04-01,0.2484352707107504,0.007992494181827736,0.16461669214172764,0.3042560697357218,train
843,Hingoli,2012-05-01,0.2564277705768327,0.15662419227564534,0.2962635698696395,-0.2646266809696535,train
844,Hingoli,2012-06-01,0.4130519749001324,0.13963936554633977,-0.42125088529295324,-0.43689706822491287,train
845,Hingoli,2012-07-01,0.5526913295709278,-0.5608902399637486,-0.5765364228957083,-0.40728706524006386,train
846,Hingoli,2012-08-01,-0.0081989099956365,-0.015646183329143963,0.15360317432650045,-0.004777738290348494,train
847,Hingoli,2012-09-01,-0.0238450928904931,0.16924935722135706,0.010868444604508108,0.10465607934974833,train
848,Hingoli,2012-10-01,0.145404261168673,-0.158380909454658,-0.06459327470941778,-0.04025674295110937,train
849,Hingoli,2012-11-01,-0.0129766485087428,0.09378763496799802,0.11812416672630643,0.24863358050508833,train
850,Hingoli,2012-12-01,0.0808109879323847,0.02433653028517893,0.15484594406396082,0.30953384043484855,train
851,Hingoli,2013-01-01,0.1051475202350367,0.1305094117613088,0.28519730813219657,0.10004385359003654,train
852,Hingoli,2013-02-01,0.2356569269736427,0.15468790139359057,-0.03046555314856947,0.1493886312405449,train
853,Hingoli,2013-03-01,0.3903448188047512,-0.18515344497967795,-0.00529926059056357,-1.4069256388883693,train
854,Hingoli,2013-04-01,0.2051913688283092,0.1798541893858784,-1.2217721889119273,-1.6265594909291392,train
855,Hingoli,2013-05-01,0.3850455485080952,-1.4016263685917134,-1.8064136706089253,-1.4675871334766621,train
856,Hingoli,2013-06-01,-1.0165808626041282,-0.4047872594967019,-0.06596072236443873,-0.12254782239343043,train
857,Hingoli,2013-07-01,-1.4213681540172722,0.33882656904870534,0.28223946901971364,0.04060295435601735,train
858,Hingoli,2013-08-01,-1.0825415745930875,-0.056587110404471064,-0.29822362506816735,-0.11945439422557702,train
859,Hingoli,2013-09-01,-1.1391286301716412,-0.24163656948961365,-0.06286733864702332,-0.15936415909685242,train
860,Hingoli,2013-10-01,-1.3807651804194088,0.17876921160074422,0.08227239115091511,0.19647858602853963,train
861,Hingoli,2013-11-01,-1.2019959703137448,-0.09649681895474882,0.017709375922875692,-0.29514634459714384,train
862,Hingoli,2013-12-01,-1.298492780212923,0.11420618582205377,-0.19864953469796576,-0.3684064240412275,train
863,Hingoli,2014-01-01,-1.184286564932725,-0.3128557499781637,-0.4826126393214254,-0.02494862641248985,train
864,Hingoli,2014-02-01,-1.4971423661312866,-0.1697568381228638,0.28790717478607175,0.7525918399891662,train
865,Hingoli,2014-03-01,-1.6668992040790422,0.4576640127338274,0.9223486779369219,1.7088574914373262,train
866,Hingoli,2014-04-01,-1.2092352013385297,0.4646846751964093,1.2511934886968137,1.8481313090121747,train
867,Hingoli,2014-05-01,-0.7445505045625881,0.7865087919208721,1.383446612236233,1.5992287777635767,train
868,Hingoli,2014-06-01,0.0419582891929253,0.5969378184807197,0.8127199840080634,0.09071479554294506,train
869,Hingoli,2014-07-01,0.6388960995485611,0.2157821736524277,-0.5062230148126907,-0.030924133281929,train
870,Hingoli,2014-08-01,0.8546782549078018,-0.7220051701719314,-0.24670628864116972,-0.5143736417943985,train
871,Hingoli,2014-09-01,0.1326730857204495,0.4752988805461826,0.20763152739295382,0.038526250927537864,train
872,Hingoli,2014-10-01,0.6079719369140771,-0.2676673238006738,-0.43677260026608977,-0.8485197429386285,train
873,Hingoli,2014-11-01,0.3403046007505305,-0.16910526410254312,-0.5808524067750819,-0.4674631382575877,train
874,Hingoli,2014-12-01,0.171199329551262,-0.4117471355758134,-0.2983578670583192,-0.4022820818982545,train
875,Hingoli,2015-01-01,-0.2405478111784462,0.11338927367138901,0.00946505883145371,-0.3612496503312584,train
876,Hingoli,2015-02-01,-0.1271585348137227,-0.1039242175332698,-0.4746389266959819,-0.03972471029678909,train
877,Hingoli,2015-03-01,-0.2310827468407189,-0.3707147146689857,0.06419950173020711,-0.14745645775675426,train
878,Hingoli,2015-04-01,-0.6017974847080122,0.4349142395975004,0.22325828011053905,1.6731192105533492,train
879,Hingoli,2015-05-01,-0.1668832444277905,-0.21165596016968263,1.2382049702731275,0.9525878571597242,train
880,Hingoli,2015-06-01,-0.3785392110144117,1.4498609368597486,1.1642438237463453,1.584500915268562,train
881,Hingoli,2015-07-01,1.0713216797139191,-0.2856170669819855,0.13464002454023127,0.010398791668221996,train
882,Hingoli,2015-08-01,0.7857046163836748,0.42025708787047555,0.2960158549984663,0.196965690775749,train
883,Hingoli,2015-09-01,1.2059617597100996,-0.12424128832795844,-0.22329145255067573,0.09584743199369683,train
884,Hingoli,2015-10-01,1.0817204869914754,-0.09905017983205155,0.220088704712321,0.04665802348368331,train
885,Hingoli,2015-11-01,0.9826702821160588,0.3191389095877376,0.1457082283590999,-0.17079720376980634,train
886,Hingoli,2015-12-01,1.3018091863318986,-0.17343067585673988,-0.48993610798564613,-0.6095898097678727,train
887,Hingoli,2016-01-01,1.1283784921449709,-0.31650541379871844,-0.436159115580945,-0.40710572555485247,train
888,Hingoli,2016-02-01,0.8118730604862577,-0.11965368392223186,-0.09060029389613933,-0.2633138716434843,train
889,Hingoli,2016-03-01,0.692219349409181,0.029053417180937458,-0.1436601605664075,-0.16676989462478764,train
890,Hingoli,2016-04-01,0.7212727647143118,-0.17271357587153835,-0.19582330992991848,-0.44261106661136074,train
891,Hingoli,2016-05-01,0.5485591944341665,-0.023109739649773142,-0.2698974963312154,-0.5178821235929733,train
892,Hingoli,2016-06-01,0.5254494303309805,-0.2467877322280294,-0.49477235948978726,-0.8973514789187795,train
893,Hingoli,2016-07-01,0.278661704325801,-0.2479846334846078,-0.6505637529136001,-0.9233276012183487,train
894,Hingoli,2016-08-01,0.0306770717071036,-0.40257912029490267,-0.6753429685996513,-0.5869129811690788,train
895,Hingoli,2016-09-01,-0.3719020384482513,-0.2727638584442963,-0.18433387101372378,-0.18040157378395694,train
896,Hingoli,2016-10-01,-0.6446658963272052,0.08842998686523007,0.09236228409499692,0.7039904402503447,train
897,Hingoli,2016-11-01,-0.5562359249550765,0.003932312722868203,0.615560468878216,0.7128850227553313,train
898,Hingoli,2016-12-01,-0.5523035996291564,0.611628143552296,0.7089526974294112,0.8969502323005126,train
899,Hingoli,2017-01-01,0.0593245442020874,0.09732455359816741,0.2853220884692688,0.5904807631862182,train
900,Hingoli,2017-02-01,0.1566490991422053,0.1879975335291509,0.4931562082461004,0.24435372516428275,train
901,Hingoli,2017-03-01,0.3446466308350167,0.305158676553289,0.05635619347147136,-1.1705601793045601,train
902,Hingoli,2017-04-01,0.649805332491176,-0.24880250818468796,-1.4757188809607196,-1.1136146438810992,train
903,Hingoli,2017-05-01,0.4010028167441643,-1.2269163652137078,-0.8648121281340875,-0.01723139721901784,train
904,Hingoli,2017-06-01,-0.8259135340521854,0.3621042226622623,1.209684953577332,1.7157421563933415,train
905,Hingoli,2017-07-01,-0.4638093116061463,0.8475807311312928,1.3536379339473024,0.5963730516211763,train
906,Hingoli,2017-08-01,0.3837714102017291,0.5060572121394269,-0.2512076701866992,-0.16168529353016692,train
907,Hingoli,2017-09-01,0.8898286476843887,-0.7572649076693588,-0.6677425310128265,-0.7454414472096497,train
908,Hingoli,2018-01-01,0.8944806252909184,-0.7515521739912511,-0.37117580523018845,-0.5525426660967351,val
909,Hingoli,2018-02-01,0.1429284574623648,0.38037636259836516,0.19900950173181856,0.15527834872049653,val
910,Hingoli,2018-03-01,0.5233048340239238,-0.18136687482974045,-0.22509802784106248,-1.1566506763853739,val
911,Hingoli,2018-04-01,0.3419379587525453,-0.04373115256968396,-0.9752838011139955,-1.465438186680707,val
912,Hingoli,2018-05-01,0.2982067913921679,-0.9315526337536181,-1.4217070193203294,-0.9100654573353136,val
913,Hingoli,2018-06-01,-0.6333458512635276,-0.490154376664634,0.021487185320381852,1.379603990873818,val
914,Hingoli,2018-07-01,-1.1235001805873162,0.5116415146441704,1.8697583201976067,2.5074345592112786,val
915,Hingoli,2018-08-01,-0.6118586739692998,1.3581168135795902,1.9957930525932621,1.8621463259849858,val
916,Hingoli,2018-09-01,0.7462581310675964,0.637676247556366,0.5040295209480896,0.2529507960869446,val
917,Hingoli,2018-10-01,1.3839344137699554,-0.13364676175426937,-0.3847254866154144,-0.3591693991215179,val
918,Hingoli,2018-11-01,1.2502876258498197,-0.25107869869527866,-0.22552261120138217,-0.3076230621939664,val
919,Hingoli,2018-12-01,0.9992089358754416,0.025556078772995927,-0.0565443722195883,0.0552909287028055,val
920,Hingoli,2019-01-01,1.0247649992453922,-0.08210043558953894,0.029734865332854854,-0.398277922962891,val
921,Hingoli,2019-02-01,0.9426645792035678,0.11183528537467924,-0.3161775029210666,-0.289420918276749,val
922,Hingoli,2019-03-01,1.0544998230075244,-0.4280127467250232,-0.4012561620807056,-0.2843715728854541,val
923,Hingoli,2019-04-01,0.6264870881172669,0.026756572809551904,0.14364116200480337,0.30170719632181997,val
924,Hingoli,2019-05-01,0.6532436371546778,0.1168846129673925,0.2749506472844091,-0.2368327439528498,val
925,Hingoli,2019-06-01,0.7701282471923275,0.15806603724675938,-0.35371735399049953,-1.1759822041301176,val
926,Hingoli,2019-07-01,0.928194268710842,-0.511783375509014,-1.334048225648632,-1.805957063205471,val
927,Hingoli,2019-08-01,0.4164108896106605,-0.8222648465484503,-1.2941736841052893,-2.21097728250922,val
928,Hingoli,2019-09-01,-0.4058539604500561,-0.4719088340445728,-1.3887124324485034,-1.0702785516425342,val
929,Hingoli,2019-10-01,-0.8777628176765905,-0.9168035752219691,-0.5983696944159999,-0.6475473410529627,val
930,Hingoli,2019-11-01,-1.794566405475818,0.3184338933832276,0.2692562467462647,0.5691099292642701,val
931,Hingoli,2019-12-01,-1.4761325644108283,-0.049177594318724926,0.25067608819928044,0.14540760980572576,val
932,Hingoli,2020-01-01,-1.5253101310085724,0.2998536547970245,0.19458517640346984,0.6197192391704986,val
933,Hingoli,2020-02-01,-1.225456518492072,-0.1052684361130305,0.3198656266539983,0.7819658046573095,val
934,Hingoli,2020-03-01,-1.330724943586672,0.4251340517485982,0.8872342297519094,0.3742530235732442,val
935,Hingoli,2020-04-01,-0.9055908746492668,0.4621001608145042,-0.05088104536416094,-0.6122679882276253,val
936,Hingoli,2020-05-01,-0.443490713622536,-0.5129812063908917,-1.0743681492543562,-0.630645781967674,val
937,Hingoli,2020-06-01,-0.9564718983004612,-0.5613869645764309,-0.11766459728974876,0.20622835372190895,val
938,Hingoli,2020-07-01,-1.5178589063064925,0.4437224107162825,0.7676153617279402,0.004322214640843036,val
939,Hingoli,2020-08-01,-1.0741364388996826,0.32389289432113033,-0.43940025276596684,-0.3296460480159058,val
940,Hingoli,2020-09-01,-0.7502435546364069,-0.7632931370292425,-0.6535389322791815,-0.5773471493278265,val
941,Hingoli,2020-10-01,-1.5135366552123763,0.10975416829678797,0.18594595124814295,1.0232754581222274,val
942,Hingoli,2020-11-01,-1.4037825315865775,0.07619182762234411,0.9135213344964286,0.8149227350625297,val
943,Hingoli,2020-12-01,-1.3275906978404894,0.8373295007503405,0.7387309013164416,0.7526215253627673,val
944,Hingoli,2021-01-01,-0.4902612118112792,-0.09859858471276867,-0.08470796066644298,-0.14941041189553844,test
945,Hingoli,2021-02-01,-0.5888597817945378,0.013890609316815627,-0.05081184191227983,-0.2750960139703853,test
946,Hingoli,2021-03-01,-0.5749691820412375,-0.06470244166558015,-0.2889866137236856,-1.0387258434027933,test
947,Hingoli,2021-04-01,-0.6396716379028115,-0.22428415786211164,-0.9740233875412193,-0.28595285188142927,test
948,Hingoli,2021-05-01,-0.8639557661789361,-0.7497392592650947,-0.06166872360530462,-0.009553700469165705,test
949,Hingoli,2021-06-01,-1.6136950308879925,0.6880705411037518,0.7401855642398907,0.7733039910396649,test
950,Hingoli,2021-07-01,-0.9256244899305058,0.05211502328240403,0.0852334500821782,-0.6263920067278194,test
951,Hingoli,2021-08-01,-0.8735094639129019,0.033118424064574215,-0.6785070327454233,-0.4721346524887705,test
952,Hingoli,2021-09-01,-0.8403910636612683,-0.7116254329970569,-0.5052530527404041,-0.2700564623168201,test
953,Hingoli,2021-10-01,-1.5520165028564137,0.20637238645474132,0.4415689768783253,0.4325749936095875,test
954,Hingoli,2021-11-01,-1.345644102205782,0.23519657622769352,0.22620259295895573,0.3984627581734943,test
955,Hingoli,2021-12-01,-1.1104475711263424,-0.008993938120483769,0.1632662270940548,0.6858877693094021,test
956,Hingoli,2022-01-01,-1.1194414828916524,0.17226013885936475,0.694881681074712,0.6689106558462117,test
957,Hingoli,2022-02-01,-0.9471813192361996,0.5226215174192593,0.49665049219075896,0.3800776352876828,test
958,Hingoli,2022-03-01,-0.4245598054950713,-0.0259710215503694,-0.14254387845344557,0.1357764936511992,test
959,Hingoli,2022-04-01,-0.4505308145623043,-0.11657286938621253,0.16174750271843225,-1.6223022466559573,test
960,Hingoli,2022-05-01,-0.5671036581132413,0.2783203462693692,-1.5057294031050206,-1.001244511213541,test
961,Hingoli,2022-06-01,-0.2887833243510287,-1.784049736867233,-1.2795648449757535,-1.0117040747502286,test
962,Hingoli,2022-07-01,-2.0728330999223488,0.5044849305955665,0.7723457008210914,0.6535095363466041,test
963,Hingoli,2022-08-01,-1.568348212817912,0.2678608137166547,0.1490246492421674,0.3742092090642499,test
964,Hingoli,2022-09-01,-1.300487375169517,-0.11883618840622767,0.10634837141585485,0.04246900072646276,test
965,Hingoli,2022-10-01,-1.4193235990801707,0.22518459532650859,0.1613052246371165,0.1289805528918162,test
966,Hingoli,2022-11-01,-1.1941390632810416,-0.06387931116201262,-0.09620398290731291,0.11470001928232332,test
967,Hingoli,2022-12-01,-1.2580183846417885,-0.03232466154656599,0.17857934064307024,0.19624198502936174,test
968,Hingoli,2023-01-01,-1.290343024446529,0.21090398044781078,0.22856662483410228,-0.020793578908878674,test
969,Hingoli,2023-02-01,-1.079439014895506,0.01766261528307922,-0.23169758845990174,-0.19315996696179383,test
970,Hingoli,2023-03-01,-1.0617763420527802,-0.24936026130262756,-0.21082263980451965,0.8890636583751068,test
971,Hingoli,2023-04-01,-1.3111365452907522,0.03853756343345238,1.1384238616130788,-0.18734866226692604,test
972,Hingoli,2023-05-01,-1.272598948050817,1.0998862643731437,-0.22588625950686114,0.7052505870354973,test
973,Hingoli,2023-06-01,-0.1727126766394307,-1.3257725309182475,-0.39463568437588914,-0.6509776185799907,test
974,Hingoli,2023-07-01,-1.498485205419093,0.9311368444037731,0.6747949101996715,1.1417513468337352,test
975,Hingoli,2023-08-01,-0.5673483446774664,-0.25634195054195497,0.21061448609210875,-0.09107096636913392,test
976,Hingoli,2023-09-01,-0.8236902786927791,0.46695642010742144,0.16527096764617877,-0.18396724923080487,test
977,Hingoli,2023-10-01,-0.3567338583777922,-0.30168545266880814,-0.6509236695457918,-1.1098266246010287,test
978,Hingoli,2023-11-01,-0.6584192867048541,-0.34923824121872993,-0.8081411962739667,-0.4091061001054487,test
979,Hingoli,2023-12-01,-1.0076574729335137,-0.4589030100453071,-0.059867913876789025,0.2457607434642144,test
980,Hingoli,2024-01-01,-1.4665605167557134,0.3990351299454107,0.7046637872864141,0.4434826711822881,test
981,Hingoli,2024-02-01,-1.0675254124087123,0.30562868293941303,0.044447566835287056,-0.17688474479496197,test
982,Hingoli,2024-03-01,-0.761896745993235,-0.2611810995801903,-0.48251341121043934,-0.3610855175718285,test
983,Hingoli,2024-04-01,-1.0230778852628604,-0.22133227194081395,-0.09990437830220311,-0.28373761976491063,test
984,Hingoli,2024-05-01,-1.2444101168143742,0.12142785324931071,-0.062405388213396806,-0.4410043166649349,test
985,Hingoli,2024-06-01,-1.122982211579692,-0.18383329344807908,-0.5624322218996172,0.03132981823862746,test
986,Hingoli,2024-07-01,-1.3068155473705312,-0.3785988861087779,0.21516315402946673,0.20494477214775286,test
987,Hingoli,2024-08-01,-1.6854144314192594,0.5937620380781949,0.5835436561964811,0.5390359142683805,test
988,Hingoli,2024-09-01,-1.0916524488180877,-0.01021832640469067,-0.054726068332791256,-0.1278441589623689,test
989,Jalna,2003-12-01,1.1799701261433644,-0.3733240771206898,-0.47114161728945203,-0.38982025860872693,train
990,Jalna,2004-01-01,0.806646031619645,-0.09781752276573263,-0.016496164085007536,-0.2883919303432473,train
991,Jalna,2004-02-01,0.7088285197677245,0.08132134776691291,-0.19057441849132684,-0.9278736223640075,train
992,Jalna,2004-03-01,0.7901498393368613,-0.27189573806046363,-1.0091949419331443,-0.9170809404206168,train
993,Jalna,2004-04-01,0.5182541031174343,-0.7372992057137172,-0.6451852042011897,0.2502900343604405,train
994,Jalna,2004-05-01,-0.2190451029613523,0.0921140018775968,0.987589240439227,1.1484408382251767,train
995,Jalna,2004-06-01,-0.1269310973686588,0.8954752348465336,1.0563268326324833,0.8729986213249576,train
996,Jalna,2004-07-01,0.7685441295718154,0.16085160569200907,-0.022476605615516565,-0.17186092539777365,train
997,Jalna,2004-08-01,0.9293957103802932,-0.1833281864239944,-0.3327125062062515,-0.6003017772748245,train
998,Jalna,2004-09-01,0.7460674984529514,-0.14938429427890965,-0.41697356534748264,-0.10027352405338474,train
999,Jalna,2004-10-01,0.5966832208257578,-0.267589287720289,0.049110753573808896,-0.10925071116503693,train
1000,Jalna,2004-11-01,0.3290939281402086,0.31670004625935805,0.15833858152051222,0.34921801586766493,train
1001,Jalna,2004-12-01,0.6457939497991835,-0.15836144013846265,0.03251799420869006,-0.15176207347357618,train
1002,Jalna,2005-01-01,0.4874325076037825,0.19087943640409105,0.0065993687218248165,-0.5196954997176111,train
1003,Jalna,2005-02-01,0.6783119318965323,-0.18428005557092497,-0.7105749240103609,-0.3896444318774588,train
1004,Jalna,2005-03-01,0.4940318851729843,-0.526294877286813,-0.2053643851539108,0.10448827454839021,train
1005,Jalna,2005-04-01,-0.0322629913732514,0.3209304913923249,0.6307831510946259,0.6116321191236481,train
1006,Jalna,2005-05-01,0.2886675056337695,0.30985265408760504,0.29070162211662726,0.3845881167531629,train
1007,Jalna,2005-06-01,0.5985201819399052,-0.019151054189508465,0.07473544044702718,-0.3508053644159489,train
1008,Jalna,2005-07-01,0.5793691343269065,0.09388648806002586,-0.3316543168029502,-0.6105297888270333,train
1009,Jalna,2005-08-01,0.6732556230819782,-0.4255408055580219,-0.704416277582105,-0.5572901002562602,train
1010,Jalna,2005-09-01,0.2477148220018421,-0.278875476501969,-0.13174929917612418,-0.06650835723438606,train
1011,Jalna,2005-10-01,-0.031160655157509,0.1471261779832269,0.21236711992496504,0.6473178888725664,train
1012,Jalna,2005-11-01,0.1159655224605328,0.06524094230692326,0.5001917112545246,0.4597870934681171,train
1013,Jalna,2005-12-01,0.1812064714514344,0.43495076226362295,0.3945461444772155,-0.3911444462620347,train
1014,Jalna,2006-01-01,0.6161572492304958,-0.04040463330184585,-0.826095224041096,-0.47025922002231246,train
1015,Jalna,2006-02-01,0.5757526089376065,-0.7856905837482068,-0.4298545797294232,-0.7423542668050381,train
1016,Jalna,2006-03-01,-0.2099379683443038,0.35583599755248707,0.04333631047687217,0.20473416480875298,train
1017,Jalna,2006-04-01,0.1458980278828429,-0.31249968575027454,-0.15110183141839373,-0.8003715114453124,train
1018,Jalna,2006-05-01,-0.1666016613119628,0.16139785777641197,-0.4878718222505067,-0.25475558294119577,train
1019,Jalna,2006-06-01,-0.0052038033379193,-0.6492696802245502,-0.41615344091523926,-0.6366234819518451,train
1020,Jalna,2006-07-01,-0.6544734545271252,0.23311621027396667,0.012646169237360838,-0.007546394296422121,train
1021,Jalna,2006-08-01,-0.4213572443031946,-0.2204700409865698,-0.24066260452035276,-0.09693387145760862,train
1022,Jalna,2006-09-01,-0.6418273041952357,-0.02019254462831166,0.12353618843443248,0.51746504409201,train
1023,Jalna,2006-10-01,-0.6620198513656917,0.14372873560488852,0.537657591262466,0.3626921798378292,train
1024,Jalna,2006-11-01,-0.5182911011407992,0.39392884103757353,0.2189634296129367,0.3268791141937396,train
1025,Jalna,2006-12-01,-0.1243622564849413,-0.17496541504292124,-0.06704973046211833,0.2606376224336184,train
1026,Jalna,2007-01-01,-0.2993276857502943,0.10791569880323465,0.43560305169897134,0.5064340376027112,train
1027,Jalna,2007-02-01,-0.1914119927526189,0.32768735870129595,0.3985183446050359,0.3861790804506017,train
1028,Jalna,2007-03-01,0.1362753659590534,0.07083098589336359,0.058491721738929386,-0.2157808989390186,train
1029,Jalna,2007-04-01,0.2071063452351748,-0.012339257537192005,-0.28661187821514,-0.47193654709941735,train
1030,Jalna,2007-05-01,0.1947670915432472,-0.27427262452321244,-0.4595972934074898,-0.7170833089657326,train
1031,Jalna,2007-06-01,-0.0795055296991453,-0.18532467216509724,-0.44281068772334004,-0.1534506115342989,train
1032,Jalna,2007-07-01,-0.264830211867837,-0.25748600555464835,0.03187407063439279,0.7689715425868311,train
1033,Jalna,2007-08-01,-0.5223162152290928,0.28936007399564856,1.026457545948087,1.0813580729485142,train
1034,Jalna,2007-09-01,-0.2329561419820175,0.7370974727010117,0.7919979997014389,1.1232598133420333,train
1035,Jalna,2007-10-01,0.5041413545832666,0.0549005031361548,0.3861623167767493,0.12149206397676149,train
1036,Jalna,2007-11-01,0.5590418536605947,0.3312618176994212,0.06659156489943341,-0.14803495597268268,train
1037,Jalna,2007-12-01,0.8903036509703751,-0.26467023241034704,-0.47929675328246313,-0.7061750386904831,train
1038,Jalna,2008-01-01,0.6256334152344821,-0.21462651754657014,-0.44150480295459016,-0.6633207466725467,train
1039,Jalna,2008-02-01,0.4110068895828597,-0.22687827730296772,-0.44869422102092427,-0.214252553225743,train
1040,Jalna,2008-03-01,0.1841286080797608,-0.22181593951782538,0.012625728277355891,0.4584024888555114,train
1041,Jalna,2008-04-01,-0.0376873326324898,0.2344416689896065,0.680218429567762,1.8479663443588692,train
1042,Jalna,2008-05-01,0.1967543389653964,0.4457767579698758,1.6135246727609829,0.6705800268793302,train
1043,Jalna,2008-06-01,0.642531091561122,1.1677479201652574,0.22480327428360458,-0.4048403149745894,train
1044,Jalna,2008-07-01,1.810278987274189,-0.9429446214294623,-1.5725882106876563,-1.4855977350330543,train
1045,Jalna,2008-08-01,0.8673343417635211,-0.6296435651769885,-0.5426530895223864,-0.5018905160417804,train
1046,Jalna,2008-09-01,0.2376907749124591,0.08699047732867554,0.12775305080928162,0.4088277535489972,train
1047,Jalna,2008-10-01,0.3246812534033264,0.04076257231841435,0.3218372750581299,0.26304706814895024,train
1048,Jalna,2008-11-01,0.3654438346355737,0.28107469382588257,0.22228448691670288,0.2386919766933142,train
1049,Jalna,2008-12-01,0.6465185228218662,-0.05879020126958956,-0.04238271149297823,-0.6196134164412843,train
1050,Jalna,2009-01-01,0.5877283509491287,0.016407460379759264,-0.5608232445685468,-0.6379521857617698,train
1051,Jalna,2009-02-01,0.6041358051694217,-0.5772306987888398,-0.6543596399820628,-0.9580362377560916,train
1052,Jalna,2009-03-01,0.0269051068983962,-0.07712894171103735,-0.3808055394850661,0.49185533583536845,train
1053,Jalna,2009-04-01,-0.0502238345348211,-0.3036765980518488,0.5689842772685858,-0.7852706837452081,train
1054,Jalna,2009-05-01,-0.353900444456234,0.8726608871899986,-0.4815940738237953,0.3922893709920788,train
1055,Jalna,2009-06-01,0.5187604687194184,-1.3542549869994476,-0.4803715421835736,-0.4719244874100045,train
1056,Jalna,2009-07-01,-0.8354945152028086,0.8738834417386534,0.8823304965122225,0.9587500437124254,train
1057,Jalna,2009-08-01,0.0383889258067746,0.008447055502639307,0.08486660270284224,-0.4775662601153989,train
1058,Jalna,2009-09-01,0.0468359804015255,0.07641954810809135,-0.48601331471014975,-0.6284228777747249,train
1059,Jalna,2009-10-01,0.1232555269534738,-0.5624328612620981,-0.7048424243266733,-0.8993595599467905,train
1060,Jalna,2009-11-01,-0.4391773404766003,-0.14240955689659918,-0.33692669251671636,0.28962505480536616,train
1061,Jalna,2009-12-01,-0.5815869107991772,-0.1945171221941394,0.4320346251279431,0.47615782023969466,train
1062,Jalna,2010-01-01,-0.7761040151226816,0.6265517294514474,0.670674924563199,0.787280293937355,train
1063,Jalna,2010-02-01,-0.1495522833238995,0.044123192764416924,0.16072856213857292,0.008748335279122582,train
1064,Jalna,2010-03-01,-0.1054290920610907,0.11660537087576413,-0.03537485598368621,-0.046908071625661615,train
1065,Jalna,2010-04-01,0.0111762785433815,-0.1519802265881584,-0.1635134422301338,-0.8415601753710793,train
1066,Jalna,2010-05-01,-0.140803944024707,-0.011533219662045319,-0.6895799528029908,-0.8190058360961426,train
1067,Jalna,2010-06-01,-0.1523371593469764,-0.6780467374807213,-0.8074726207738732,-0.9536942584997032,train
1068,Jalna,2010-07-01,-0.8303839063810631,-0.12942587373978653,-0.2756475114656166,-0.38471113680130997,train
1069,Jalna,2010-08-01,-0.9598098035502898,-0.1462216142963899,-0.25528523963208327,-0.6093885664295686,train
1070,Jalna,2010-09-01,-1.1060314349243885,-0.10906360825798456,-0.4631669350554699,-0.34389661034843866,train
1071,Jalna,2010-10-01,-1.215095005938665,-0.35410336404119347,-0.23483303933416222,-0.2386427298096261,train
1072,Jalna,2010-11-01,-1.5691983150418318,0.11927026976900468,0.11546057929354081,0.44488198031740556,train
1073,Jalna,2010-12-01,-1.4499279878618143,-0.0038097478864767,0.32561165313738805,0.8609859369279764,train
1074,Jalna,2011-01-01,-1.4537376971750453,0.32942136245061904,0.8647956462412074,0.6622692556886867,train
1075,Jalna,2011-02-01,-1.1243163587993252,0.5353743078654873,0.3328479173129666,0.8824029805606473,train
1076,Jalna,2011-03-01,-0.5889420676791542,-0.2025263738072044,0.34702868944047627,0.6557737607323998,train
1077,Jalna,2011-04-01,-0.7914684186235279,0.5495550403848499,0.8583001116767734,0.5630936095968098,train
1078,Jalna,2011-05-01,-0.2419133853805815,0.30874507843382704,0.013538576353863352,0.12712936817534315,train
1079,Jalna,2011-06-01,0.0668316931815266,-0.29520650220824474,-0.18161571038676494,-0.783811554440987,train
1080,Jalna,2011-07-01,-0.2283748144124814,0.11359079720724305,-0.48860504684697903,-0.06264411864530364,train
1081,Jalna,2011-08-01,-0.1147840135159902,-0.6021958477434702,-0.17623491954179482,0.10538199640689415,train
1082,Jalna,2011-09-01,-0.7169798373015546,0.42596090424376953,0.7075778201924585,0.6891499313296698,train
1083,Jalna,2011-10-01,-0.291018942687978,0.28161692557888196,0.2631890367160933,0.11904617616938518,train
1084,Jalna,2011-11-01,-0.0094020174557558,-0.018427888516128928,-0.16257074906283703,-0.23300958110743847,train
1085,Jalna,2011-12-01,-0.0278299063387078,-0.14414286017988504,-0.21458169222448648,0.17288658618356406,train
1086,Jalna,2012-01-01,-0.1719727664701904,-0.07043883209300386,0.3170294463150467,0.14238576399910105,train
1087,Jalna,2012-02-01,-0.2424116033504025,0.3874682831952587,0.21282460087931312,0.13364484639859356,train
1088,Jalna,2012-03-01,0.1450566830336956,-0.17464368550478496,-0.2538234399855045,0.008877691417941674,train
1089,Jalna,2012-04-01,-0.0295870017681679,-0.07917975518364104,0.18352137621980516,0.5790896129284462,train
1090,Jalna,2012-05-01,-0.108766757704532,0.26270113215616925,0.6582693688648104,0.6965745322482942,train
1091,Jalna,2012-06-01,0.1539343682529771,0.3955682429073012,0.4338734062907851,0.9784580382106459,train
1092,Jalna,2012-07-01,0.5495026060964002,0.03830516844736198,0.5828898003672228,0.7046412280176745,train
1093,Jalna,2012-08-01,0.5878077566399502,0.5445846498236728,0.6663360774741245,0.8384590327963901,train
1094,Jalna,2012-09-01,1.132392433212752,0.12175140090132275,0.2938743562235884,0.30692741580153027,train
1095,Jalna,2012-10-01,1.2541438644794056,0.1721229249569347,0.1851759845348766,0.10867342296566274,train
1096,Jalna,2012-11-01,1.4262667560438511,0.013053092970431113,-0.06344946859878275,-0.14050194262069438,train
1097,Jalna,2012-12-01,1.439319875160094,-0.0765025877150256,-0.15355506173693723,-0.4527879618796069,train
1098,Jalna,2013-01-01,1.362817292863415,-0.07705247944025828,-0.37628537958292796,-0.6611495668235285,train
1099,Jalna,2013-02-01,1.2857647829063623,-0.29923286962587525,-0.5840970568664758,-0.6963475041397302,train
1100,Jalna,2013-03-01,0.9865319297148254,-0.2848642036749389,-0.3971146509481933,-1.5056024954153564,train
1101,Jalna,2013-04-01,0.7016677532591881,-0.11225047449255598,-1.220738318959719,-1.857893076936251,train
1102,Jalna,2013-05-01,0.5894172607385068,-1.1084878264390379,-1.7456425844155699,-1.5938662706338316,train
1103,Jalna,2013-06-01,-0.5190705794835974,-0.6371547441934656,-0.48537843041172735,-0.34131096415272466,train
1104,Jalna,2013-07-01,-1.1562253635972757,0.15177635370195097,0.29584381996095366,0.2077525657266397,train
1105,Jalna,2013-08-01,-1.0044490108953188,0.14406746725899677,0.05597621302468281,0.07645261387688618,train
1106,Jalna,2013-09-01,-0.8603815614518419,-0.08809123641879413,-0.06761483556659076,-0.3293904483977065,train
1107,Jalna,2013-10-01,-0.9484727865422188,0.020476389523786165,-0.24129922330732956,-0.22067279756422653,train
1108,Jalna,2013-11-01,-0.927996420299336,-0.2617755895502123,-0.24114916380710927,-0.45901594218082753,train
1109,Jalna,2013-12-01,-1.1897719943002032,0.020626410193757883,-0.19724036817996038,-0.8831364071890546,train
1110,Jalna,2014-01-01,-1.1691455338085326,-0.21786682867163099,-0.9037628676807252,-0.3727262523090211,train
1111,Jalna,2014-02-01,-1.3870124078465047,-0.6858959936427531,-0.154859378271049,0.5274963236523214,train
1112,Jalna,2014-03-01,-2.0729084635344925,0.5310366774169388,1.2133923793403092,1.8325177604524079,train
1113,Jalna,2014-04-01,-1.541871796251326,0.6823557120571426,1.3014810931692413,1.6224527460346512,train
1114,Jalna,2014-05-01,-0.8595160765831173,0.6191253735010327,0.9400970263664425,0.9495323894803227,train
1115,Jalna,2014-06-01,-0.2403906996700155,0.32097164945334067,0.3304070125672208,0.4266844804736959,train
1116,Jalna,2014-07-01,0.0805809476171474,0.00943536528005795,0.10571283318653302,0.36974433281078534,train
1117,Jalna,2014-08-01,0.0900163147349582,0.09627746606872221,0.36030896569297455,0.09654450977847716,train
1118,Jalna,2014-09-01,0.1862937854980401,0.26403149492989264,0.0002670390153952651,-0.3634224282955102,train
1119,Jalna,2014-10-01,0.4503252726939191,-0.2637644481804837,-0.6274539154913892,-1.205408714428233,train
1120,Jalna,2014-11-01,0.1865608270237063,-0.3636894698211764,-0.9416442687580202,-0.46711002541275964,train
1121,Jalna,2014-12-01,-0.1771286415232503,-0.5779548002110637,-0.10342055686580304,-0.5246444059239543,train
1122,Jalna,2015-01-01,-0.7550834446158899,0.4745342462268366,0.05331039716868535,0.05949890901713506,train
1123,Jalna,2015-02-01,-0.2805492062695001,-0.4212238411777045,-0.4150353293292548,-0.005559376942398719,train
1124,Jalna,2015-03-01,-0.7017730546133527,0.006188519014597826,0.4156644714014539,0.2713108134405622,train
1125,Jalna,2015-04-01,-0.6955845394656882,0.4094759562537894,0.2651222982928977,1.86286819367864,train
1126,Jalna,2015-05-01,-0.2861085855836187,-0.14435365558917185,1.4533922397965704,0.6935209357613836,train
1127,Jalna,2015-06-01,-0.4304622324383831,1.5977458866513348,0.837874582616148,1.2228374989903545,train
1128,Jalna,2015-07-01,1.1672836016427812,-0.7598712514650163,-0.3749083350908098,-0.3863703082811174,train
1129,Jalna,2015-08-01,0.4074123391545208,0.38496292739745064,0.373500954207143,0.1808168998324482,train
1130,Jalna,2015-09-01,0.7923752625002622,-0.011461969138598427,-0.20414602351329325,-0.10720735383174418,train
1131,Jalna,2015-10-01,0.7809132690103139,-0.1926840300233449,-0.09574536034179582,-0.1989572996766652,train
1132,Jalna,2015-11-01,0.5882292581786933,0.09693865048982475,-0.006273288845044633,-0.05518927109144356,train
1133,Jalna,2015-12-01,0.6851679143074193,-0.10321194497377062,-0.15212792722016955,-0.3116991278293767,train
1134,Jalna,2016-01-01,0.5819559656502186,-0.04891597856296881,-0.20848717917217596,-0.23097702492489203,train
1135,Jalna,2016-02-01,0.5330399846269505,-0.15957119814890786,-0.18206104390162392,-0.18283504001635476,train
1136,Jalna,2016-03-01,0.3734687916249337,-0.022489850899607144,-0.02326384701433798,-0.04879519858065268,train
1137,Jalna,2016-04-01,0.3509789537845051,-0.0007740091739094068,-0.026305360740224104,-0.4931902270970738,train
1138,Jalna,2016-05-01,0.3502049318718148,-0.025531338827533778,-0.49241620518438345,-1.01889805711977,train
1139,Jalna,2016-06-01,0.3246735800356681,-0.46688485334823676,-0.9933667052836235,-1.3486596811861808,train
1140,Jalna,2016-07-01,-0.1422112698875805,-0.5264818553603748,-0.8817748312629322,-0.893337059465752,train
1141,Jalna,2016-08-01,-0.6686931345704666,-0.35529296658004605,-0.3668551947828659,-0.2853107359167465,train
1142,Jalna,2016-09-01,-1.023986078251558,-0.011562251101774557,0.06998220776434483,0.0687228212248856,train
1143,Jalna,2016-10-01,-1.035548334773979,0.08154446428676576,0.08028507774730653,0.25342792814632387,train
1144,Jalna,2016-11-01,-0.9540038550034934,-0.0012594020231789793,0.17188344837583835,0.33779297710813816,train
1145,Jalna,2016-12-01,-0.9552632863019144,0.17314287967425934,0.33905240840655915,0.605983346173588,train
1146,Jalna,2017-01-01,-0.7821203925574487,0.16590951466209347,0.4328404524291223,0.8496957578623956,train
1147,Jalna,2017-02-01,-0.6162108740427622,0.2669309339144358,0.6837862393477091,0.7825610897162089,train
1148,Jalna,2017-03-01,-0.3492799256146322,0.4168552909195791,0.5156301412880788,-0.2695945050418009,train
1149,Jalna,2017-04-01,0.0675753667312719,0.09877484894217475,-0.6864497973877051,-1.1061557843643286,train
1150,Jalna,2017-05-01,0.1663502164497772,-0.7852246471062103,-1.2049306340828339,-0.3831890680208603,train
1151,Jalna,2017-06-01,-0.6188744311385715,-0.4197059864944851,0.4020355795674885,0.27620613623195533,train
1152,Jalna,2017-07-01,-1.038580469487006,0.8217416179159229,0.6959121745803898,0.2389235419014042,train
1153,Jalna,2017-08-01,-0.2168388585584439,-0.1258294363481723,-0.5828180690271579,-0.5623349924547397,train
1154,Jalna,2017-09-01,-0.3426683075898172,-0.4569886199957846,-0.4365055434233664,-0.3634346000678061,train
1155,Jalna,2018-01-01,-0.3589440023229518,-0.469782646961411,0.027651373081008457,0.13703316801051285,val
1156,Jalna,2018-02-01,-0.8287266609742567,0.4974340317323134,0.6068158266618178,0.971874874599211,val
1157,Jalna,2018-03-01,-0.3312926223926979,0.10938178808025895,0.47444083601765213,-0.13455752223201217,val
1158,Jalna,2018-04-01,-0.2219108295056261,0.36505904313058035,-0.24393931511908398,-0.5870508599665724,val
1159,Jalna,2018-05-01,0.1431482089443246,-0.6089983535690346,-0.952109898416523,-0.22615652063322458,val
1160,Jalna,2018-06-01,-0.4658501459342405,-0.343111543537958,0.3828418342453405,1.5581288648826048,val
1161,Jalna,2018-07-01,-0.8089617162917615,0.7259534046028615,1.9012404352401258,2.625056830046034,val
1162,Jalna,2018-08-01,-0.0830083106078797,1.1752870295562439,1.899103424362152,1.6946854804076843,val
1163,Jalna,2018-09-01,1.0922787754953232,0.7238163382589493,0.5193983943044815,0.22940117426511386,val
1164,Jalna,2018-10-01,1.816095091064186,-0.2044179212643813,-0.494415141303749,-0.8760078918530654,val
1165,Jalna,2018-11-01,1.6116771587777114,-0.28999720901727444,-0.6715899595665908,-0.8945881614136673,val
1166,Jalna,2018-12-01,1.321679918473588,-0.3815927192624673,-0.6045909211095437,-0.261371581261979,val
1167,Jalna,2019-01-01,0.9400871756218064,-0.22299817825776225,0.12022116158980245,-0.3605301740310777,val
1168,Jalna,2019-02-01,0.717088985119004,0.3432193520926049,-0.13753198352827523,-0.0310787436105201,val
1169,Jalna,2019-03-01,1.06030834013789,-0.48075133854716134,-0.3742980986294062,-0.1549232631382258,val
1170,Jalna,2019-04-01,0.5795570066797108,0.10645323482877311,0.32582807031995353,-0.0025427392351001776,val
1171,Jalna,2019-05-01,0.6860102312491515,0.2193748457505128,-0.10899596380454091,-0.2205335991309264,val
1172,Jalna,2019-06-01,0.9053850944474898,-0.32837082700287923,-0.4399084623292647,-1.2340610201791486,val
1173,Jalna,2019-07-01,0.5770142902124119,-0.11153765809418681,-0.9056902159440708,-1.3653567064988805,val
1174,Jalna,2019-08-01,0.4654766436893871,-0.7941525694210461,-1.2538190599758556,-1.768869173176997,val
1175,Jalna,2019-09-01,-0.3286759349347024,-0.45966648135176613,-0.9747165945529075,-0.5041949656962486,val
1176,Jalna,2019-10-01,-0.7883424221625184,-0.5150501073250915,-0.04452847846843255,-0.4469508469948913,val
1177,Jalna,2019-11-01,-1.3033924832218464,0.4705215825908955,0.06809921406443675,0.04860468052561839,val
1178,Jalna,2019-12-01,-0.8328708802506025,-0.40242238890680715,-0.4219169224456255,-0.44718082797083303,val
1179,Jalna,2020-01-01,-1.235293283551954,-0.019494519144274136,-0.044758424669481656,0.5600989008844124,val
1180,Jalna,2020-02-01,-1.2547878325160509,-0.025263875705384686,0.5795934498485094,0.9533831179317003,val
1181,Jalna,2020-03-01,-1.2800517199844934,0.6048573373169519,0.9786470054001428,0.24041177018590942,val
1182,Jalna,2020-04-01,-0.6751943644770294,0.3737896498926788,-0.3644455853215546,-0.7953490200749725,val
1183,Jalna,2020-05-01,-0.3014047287883567,-0.7382352210102272,-1.1691386557636452,-0.9215537167606545,val
1184,Jalna,2020-06-01,-1.0396400004643678,-0.4309033840876342,-0.18331844508464346,-0.3006402939539672,val
1185,Jalna,2020-07-01,-1.4705434081022803,0.24758496255326912,0.1302631136839454,-0.29127881556104973,val
1186,Jalna,2020-08-01,-1.2229584162516172,-0.1173218781667178,-0.5388638074117129,-0.37773314067892483,val
1187,Jalna,2020-09-01,-1.34028024282199,-0.4215419808413401,-0.260411314108552,-0.08258860502499488,val
1188,Jalna,2020-10-01,-1.761822187585407,0.161130630654865,0.3389533397384221,0.8319188591666753,val
1189,Jalna,2020-11-01,-1.6006915584572556,0.17782271061027077,0.670788230038524,0.5157589927681687,val
1190,Jalna,2020-12-01,-1.4228688361773572,0.49296550775862547,0.33793627048827024,0.6440591695437512,val
1191,Jalna,2021-01-01,-0.9299033266091004,-0.15502923907998656,0.1510936599754944,0.03768104133840944,test
1192,Jalna,2021-02-01,-1.0849325232673153,0.3061228566337093,0.19271023799662435,-0.2280861563515202,test
1193,Jalna,2021-03-01,-0.7788096519418195,-0.11341263332887142,-0.534209027677016,-0.5431515125326678,test
1194,Jalna,2021-04-01,-0.8922223005561846,-0.4207963790626509,-0.42973886391830274,-0.0652243938178999,test
1195,Jalna,2021-05-01,-1.3130187075133697,-0.008942456961117617,0.3555720131392852,0.7291963379378692,test
1196,Jalna,2021-06-01,-1.321961161525056,0.36451446715097147,0.7381387919495555,-0.06620955762167258,test
1197,Jalna,2021-07-01,-0.9574466704431508,0.3736243008676503,-0.4307240487035777,-0.9355740786489513,test
1198,Jalna,2021-08-01,-0.5838223412015292,-0.8043483779451993,-1.3091984078905727,-1.076129464866891,test
1199,Jalna,2021-09-01,-1.3881707260900356,-0.5048500230020665,-0.27178107997838485,-0.02739857932988632,test
1200,Jalna,2021-10-01,-1.8930207837038635,0.2330689776354431,0.47745147828394163,0.3419055092745422,test
1201,Jalna,2021-11-01,-1.6599518493556131,0.24438254393569125,0.10883657492629184,-0.027550296411598785,test
1202,Jalna,2021-12-01,-1.4155693230639237,-0.1355459513653976,-0.2719328227032882,0.3901622471819657,test
1203,Jalna,2022-01-01,-1.5511152983382557,-0.13638684742895624,0.5257082224562977,0.6983267903998707,test
1204,Jalna,2022-02-01,-1.6875021503796148,0.6620950744976568,0.8347136424412298,1.2123251603474188,test
1205,Jalna,2022-03-01,-1.0254070291841944,0.17261852124580934,0.5502300391519983,0.4702943096483667,test
1206,Jalna,2022-04-01,-0.8527885347035246,0.3776115446713285,0.2976758151676969,-0.9602958292338534,test
1207,Jalna,2022-05-01,-0.4751769987996017,-0.07993572073622596,-1.3379073651377762,-1.2126098187510574,test
1208,Jalna,2022-06-01,-0.5551127457513135,-1.2579716181860645,-1.1326740717993458,-1.1388309931860645,test
1209,Jalna,2022-07-01,-1.813084348008713,0.12529753045805392,0.11914060907133517,-0.06092323465577665,test
1210,Jalna,2022-08-01,-1.6877867632245256,-0.006156975712852342,-0.18622081943996416,0.1987226658200456,test
1211,Jalna,2022-09-01,-1.6939437743462455,-0.1800638083182442,0.20487967694176556,0.3222893830574882,test
1212,Jalna,2022-10-01,-1.8740075808565435,0.38494348345206353,0.5023531895677862,0.31665408430502984,test
1213,Jalna,2022-11-01,-1.489064124856351,0.11740973356759365,-0.06828937169516269,-0.0432814085146207,test
1214,Jalna,2022-12-01,-1.3716544315206043,-0.18569906503090938,-0.1606911018503674,-0.20465513020882686,test
1215,Jalna,2023-01-01,-1.5573534725744205,0.025007939203448792,-0.01895608915501068,-0.13807442201786468,test
1216,Jalna,2023-02-01,-1.5323455376200763,-0.04396402410935485,-0.16308235697220885,0.4456647676997272,test
1217,Jalna,2023-03-01,-1.5763095975429855,-0.11911829704929966,0.4896288276226364,1.413909068754419,test
1218,Jalna,2023-04-01,-1.695427892839991,0.608747122919642,1.5330273640514245,1.1908076984048714,test
1219,Jalna,2023-05-01,-1.0866807773597655,0.924280248571199,0.5820605829246459,0.6205685213096557,test
1220,Jalna,2023-06-01,-0.1624005291194415,-0.34221966531567816,-0.3037117269306684,-0.06461356547169925,test
1221,Jalna,2023-07-01,-0.5046201691032208,0.038507913053110965,0.2776060745120801,0.6717069491744794,test
1222,Jalna,2023-08-01,-0.4661122517292755,0.23909815713813476,0.633199031800534,0.44683233216455154,test
1223,Jalna,2023-09-01,-0.2270141003729874,0.39410088044424596,0.20773418080826342,-0.3285634757874435,test
1224,Jalna,2023-10-01,0.167086782434915,-0.18636670199963898,-0.722664358595346,-1.6100941324028715,test
1225,Jalna,2023-11-01,-0.0192799188552314,-0.5362976573051995,-1.423727431112725,-1.0923067710938041,test
1226,Jalna,2023-12-01,-0.5555775507058307,-0.8874297992621258,-0.5560091392432049,-0.17210349005802428,test
1227,Jalna,2024-01-01,-1.4430073560629335,0.33142066611389787,0.7153263152990785,0.686818009749457,test
1228,Jalna,2024-02-01,-1.1115866900609073,0.3839056492970523,0.3553973437474307,0.5720366836712893,test
1229,Jalna,2024-03-01,-0.7276810187813657,-0.028508327532110855,0.1881310123917478,0.10540620274514134,test
1230,Jalna,2024-04-01,-0.7561893347830347,0.21663932839341682,0.13391451874681037,0.4631458703608088,test
1231,Jalna,2024-05-01,-0.539549998625211,-0.08272481741101334,0.24650653420298507,-1.273915119782992,test
1232,Jalna,2024-06-01,-0.6222747926807289,0.329231328258503,-1.191190325727474,-0.6186017627620811,test
1233,Jalna,2024-07-01,-0.2930434540499042,-1.5204216643582988,-0.9478331013929059,-0.9232821866285016,test
1234,Jalna,2024-08-01,-1.813465078138636,0.572588522695826,0.5971394374602303,0.48165055062703943,test
1235,Jalna,2024-09-01,-1.2408765241138198,0.024550883435414006,-0.09093800339777691,-0.22431960854609234,test
1236,Latur,2003-12-01,0.789688548630139,-0.26052077729072254,-0.42827834803428333,-0.4109771164115874,train
1237,Latur,2004-01-01,0.5291677674483831,-0.1677575668525274,-0.15045633522983148,-0.4108516833018835,train
1238,Latur,2004-02-01,0.3614102127139103,0.017301219504641363,-0.24309412856741064,-0.7719650985781681,train
1239,Latur,2004-03-01,0.3787114236240331,-0.26039533947753346,-0.7892663094882909,-0.6266654196863118,train
1240,Latur,2004-04-01,0.1183160876163646,-0.5288709734806224,-0.36627008367864333,0.7899191046825246,train
1241,Latur,2004-05-01,-0.4105548857382011,0.16260088967592234,1.3187900780370903,1.0633143781355094,train
1242,Latur,2004-06-01,-0.2479539933666657,1.1561891856655548,0.900713485763974,0.8138088407978485,train
1243,Latur,2004-07-01,0.9082351636027756,-0.2554756712054672,-0.3423803161715927,0.102440266695076,train
1244,Latur,2004-08-01,0.6527594894708101,-0.08690464203962722,0.3579159408270415,0.16239929491868577,train
1245,Latur,2004-09-01,0.5658548667024821,0.4448205635953695,0.24930391768701377,0.48679105500467124,train
1246,Latur,2004-10-01,1.0106753787378595,-0.19551659434836366,0.04197054296929381,-0.3713600119928644,train
1247,Latur,2004-11-01,0.8151588075567243,0.237487114150429,-0.1758434408117292,-0.13411190442333198,train
1248,Latur,2004-12-01,1.052645959026094,-0.4133305922810988,-0.3715990558927016,-0.6285679713551955,train
1249,Latur,2005-01-01,0.6393153467109188,0.041731556422473504,-0.2152373590400204,-0.8192554511954769,train
1250,Latur,2005-02-01,0.681046888162547,-0.25696890049164856,-0.8609869926471051,-0.5167698710460004,train
1251,Latur,2005-03-01,0.424077994233022,-0.60401809871758,-0.2598009771164754,-0.05211529791916397,train
1252,Latur,2005-04-01,-0.1799401021254054,0.34421711924195203,0.5519027984392635,0.6545048332464687,train
1253,Latur,2005-05-01,0.1642770216238173,0.20768567469004073,0.31028770949724593,-0.3965502426397475,train
1254,Latur,2005-06-01,0.3719627027341048,0.10260202838695842,-0.604235923750035,-0.7728139822312514,train
1255,Latur,2005-07-01,0.4745647252981036,-0.7068379463140337,-0.8754160047952502,-1.3518979491178362,train
1256,Latur,2005-08-01,-0.2322732178719914,-0.1685780616251552,-0.6450600059477413,-0.6255762608496273,train
1257,Latur,2005-09-01,-0.4008512793824119,-0.4764819444373208,-0.45699819933920677,-0.37904062878638084,train
1258,Latur,2005-10-01,-0.8773332285911349,0.019483749869516287,0.09744132042234221,0.7217243957549838,train
1259,Latur,2005-11-01,-0.8578494910050463,0.07795758283625354,0.7022406581688951,0.8407894514400791,train
1260,Latur,2005-12-01,-0.7798919330274768,0.6242831001913257,0.7628318934625097,0.13586946827527957,train
1261,Latur,2006-01-01,-0.1556088325702971,0.13854879300532993,-0.48841363218190015,-0.30362921979786694,train
1262,Latur,2006-02-01,-0.0170600392436,-0.6269624255085973,-0.44217801312456406,-0.4802338204766301,train
1263,Latur,2006-03-01,-0.6440224641032439,0.18478441173507987,0.14672860438301383,0.23460587794258414,train
1264,Latur,2006-04-01,-0.4592380654695174,-0.038055794250712704,0.04982147930885761,-0.7942235338804582,train
1265,Latur,2006-05-01,-0.497293854202548,0.08787726804188822,-0.7561677451474276,0.06958528801373576,train
1266,Latur,2006-06-01,-0.4094165851507137,-0.8440450141992619,-0.018291981038098537,-0.22883871298695108,train
1267,Latur,2006-07-01,-1.253461645706479,0.8257530795176669,0.6152063475688143,0.6168348656733675,train
1268,Latur,2006-08-01,-0.4277085671394744,-0.21054673099819038,-0.20891821289363716,-0.24680769348445747,train
1269,Latur,2006-09-01,-0.6382552834508347,0.0016285034177231372,-0.036260977173097175,0.30395881853079076,train
1270,Latur,2006-10-01,-0.6366267995652829,-0.03788946105864899,0.30233033464523895,0.11214198635193451,train
1271,Latur,2006-11-01,-0.6745162501638515,0.3402197852438076,0.15003143695050314,0.6301254786258323,train
1272,Latur,2006-12-01,-0.3342964534473771,-0.19018835976597132,0.2899056819093579,0.3478498297569507,train
1273,Latur,2007-01-01,-0.5244848072833829,0.4800940357453637,0.5380381835929565,0.6675467729873471,train
1274,Latur,2007-02-01,-0.0443907714964,0.05794414780597365,0.18745273720036423,0.4140917099596111,train
1275,Latur,2007-03-01,0.013553376451467,0.12950858925249722,0.3561475620117441,-0.3646970346126303,train
1276,Latur,2007-04-01,0.1430619591180323,0.22663897934517876,-0.49420561727919565,-0.900521063179159,train
1277,Latur,2007-05-01,0.3697009518377377,-0.720844609998901,-1.1271600558988644,-0.9604738190404964,train
1278,Latur,2007-06-01,-0.3511436703401944,-0.4063154337209323,-0.2396291968625644,0.1329630735117337,train
1279,Latur,2007-07-01,-0.7574590939214095,0.16668622671865074,0.5392784970929488,0.7089394117822513,train
1280,Latur,2007-08-01,-0.5907728781168168,0.3725922812883561,0.5422531959776585,0.5998041114945715,train
1281,Latur,2007-09-01,-0.218180590240828,0.16966090810166976,0.2272118236185827,0.611640804378859,train
1282,Latur,2007-10-01,-0.0485196818901996,0.057550915267954285,0.4419798960282306,0.2784650435044269,train
1283,Latur,2007-11-01,0.0090312333567724,0.3844289807812586,0.2209141282574549,0.060154425932587643,train
1284,Latur,2007-12-01,0.3934602244993141,-0.16351486288508682,-0.32427456520995407,-0.9203074678083352,train
1285,Latur,2008-01-01,0.2299453606917962,-0.16075970140243614,-0.7567926040008172,-0.46261069086338125,train
1286,Latur,2008-02-01,0.0691856566099347,-0.5960328999189557,-0.3018509867815198,-0.2061354640154065,train
1287,Latur,2008-03-01,-0.5268472324601281,0.294181902288543,0.3898974250546563,1.488472331642257,train
1288,Latur,2008-04-01,-0.2326653265132183,0.0957155191077465,1.1942904256953473,1.9991233610285992,train
1289,Latur,2008-05-01,-0.1369498039609617,1.0985749031430907,1.9034078384763427,0.789483990801019,train
1290,Latur,2008-06-01,0.9616250854802314,0.8048329490351495,-0.309090898640174,-1.1090523016524498,train
1291,Latur,2008-07-01,1.7664579810009935,-1.1139237941609361,-1.9138851971732118,-1.6500681774126031,train
1292,Latur,2008-08-01,0.652534189649273,-0.7999614058214913,-0.5361443860608827,-0.5377881406027566,train
1293,Latur,2008-09-01,-0.1474272219486351,0.26381702553702546,0.26217327099515153,0.3245677558727379,train
1294,Latur,2008-10-01,0.1163898031956801,-0.0016437541491636787,0.060750730728422686,-0.11970320258134098,train
1295,Latur,2008-11-01,0.1147460469342599,0.06239448698984289,-0.11805944631992078,-0.011022878561151986,train
1296,Latur,2008-12-01,0.1771405382664843,-0.18045393765214518,-0.07341736989337638,0.038499723502810446,train
1297,Latur,2009-01-01,-0.0033133993584444,0.1070365677315523,0.21895366112773915,0.3572174082238008,train
1298,Latur,2009-02-01,0.1037231666793064,0.11191709508998834,0.2501808421860501,-0.07201250845686949,train
1299,Latur,2009-03-01,0.2156402648615896,0.13826374400376684,-0.1839296066391527,0.10003666270493872,train
1300,Latur,2009-04-01,0.3539040127223722,-0.3221933544999353,-0.03822708515584389,0.11697330685198387,train
1301,Latur,2009-05-01,0.0317106567209629,0.2839662708455654,0.4391666628533932,1.1850335277730557,train
1302,Latur,2009-06-01,0.3156769357332448,0.1552003838411113,0.9010672487607738,0.5318884171834728,train
1303,Latur,2009-07-01,0.4708773136878663,0.7458668708061522,0.37668803922885125,0.268084800169403,train
1304,Latur,2009-08-01,1.2167441801060408,-0.36917882718932327,-0.4777820662487715,-0.70155328073394,train
1305,Latur,2009-09-01,0.8475653757079334,-0.10860326185066416,-0.3323744763358326,-0.34940024509269907,train
1306,Latur,2009-10-01,0.7389621088213829,-0.22377120944928208,-0.24079697820614854,-0.5228753486580757,train
1307,Latur,2009-11-01,0.5151909118445257,-0.017025781229291326,-0.2991041516812185,-0.1836210315974096,train
1308,Latur,2009-12-01,0.4981651183832307,-0.2820783582199235,-0.1665952381361146,-0.28213103382474375,train
1309,Latur,2010-01-01,0.2160867599040891,0.11548312034302699,-5.267534560216003e-05,0.09649093475037562,train
1310,Latur,2010-02-01,0.3315698882056229,-0.11553580364713595,-0.018992193551158165,-0.2860235204411499,train
1311,Latur,2010-03-01,0.2160340799694327,0.09654361468503203,-0.17048771220495973,-0.3730903370981482,train
1312,Latur,2010-04-01,0.3125777041146776,-0.26703133635020465,-0.4696339612433931,-1.4503650461862108,train
1313,Latur,2010-05-01,0.0455463684585359,-0.20260262558725142,-1.1833337105300692,-0.7857907570388581,train
1314,Latur,2010-06-01,-0.1570562595219676,-0.9807310825495656,-0.5831881290583547,-1.0081494575648244,train
1315,Latur,2010-07-01,-1.1377873886816563,0.39754300010133403,-0.027418328405135695,-0.15113253700804097,train
1316,Latur,2010-08-01,-0.7402444115115325,-0.42496130557525946,-0.5486755141781647,-0.6185431251095612,train
1317,Latur,2010-09-01,-1.16520572470894,-0.12371420098075725,-0.19358181191215373,0.02996457385292195,train
1318,Latur,2010-10-01,-1.2889199536533698,-0.069867582967724,0.1536788027973517,0.04978492672160706,train
1319,Latur,2010-11-01,-1.3587874816144556,0.22354633075843755,0.11965245468269292,0.16017848713050786,train
1320,Latur,2010-12-01,-1.1352411226801702,-0.1038939042515925,-0.06336787180377756,0.7321333603434392,train
1321,Latur,2011-01-01,-1.2391350677963808,0.040526073312433075,0.8360273054596499,0.2408029249664858,train
1322,Latur,2011-02-01,-1.1986090352966368,0.7955012729599058,0.20027689246674174,0.6007755806877195,train
1323,Latur,2011-03-01,-0.4031077766502756,-0.5952243661796195,-0.19472567795864165,0.2793120363438982,train
1324,Latur,2011-04-01,-0.9983321346774986,0.40049868006858136,0.8745363943711212,0.8676869191661766,train
1325,Latur,2011-05-01,-0.5978334545048473,0.47403771419846985,0.46718823899352524,-0.1406782270518544,train
1326,Latur,2011-06-01,-0.1237957375477084,-0.006849477963613626,-0.6147159440089933,-0.3478556079437009,train
1327,Latur,2011-07-01,-0.1306452139491053,-0.6078664676075963,-0.34100613154230397,0.07655389450730996,train
1328,Latur,2011-08-01,-0.7385116646673442,0.2668603191759349,0.6844203452255488,1.0340844223882915,train
1329,Latur,2011-09-01,-0.4716513563104357,0.41756003686864035,0.7672241140313829,0.5744981799431528,train
1330,Latur,2011-10-01,-0.0540913204877183,0.3496640782086656,0.15693814412043544,-0.06586150720431355,train
1331,Latur,2011-11-01,0.2955727589011124,-0.19272593526839527,-0.41552558659314426,-0.401649483728402,train
1332,Latur,2011-12-01,0.1028468210014203,-0.22279964869345215,-0.20892354582870987,0.08022224421178313,train
1333,Latur,2012-01-01,-0.1199528293527671,0.013876104525477523,0.3030218945659705,0.08642172979489052,train
1334,Latur,2012-02-01,-0.1060767238576503,0.28914578907085375,0.07254562429977371,0.26926725260806994,train
1335,Latur,2012-03-01,0.1830690634690784,-0.21660016302695498,-0.019878534718658775,0.3211075531996228,train
1336,Latur,2012-04-01,-0.0335310997382671,0.1967216284886867,0.5377077164069682,-0.3841796515568226,train
1337,Latur,2012-05-01,0.1631905220078757,0.34098609466082547,-0.5809012733029655,-0.04181989353173282,train
1338,Latur,2012-06-01,0.5041766337376158,-0.9218873850327055,-0.3828060052614729,-0.18314118900113507,train
1339,Latur,2012-07-01,-0.4177107653367322,0.5390813938128751,0.738746210073213,0.7829311630475324,train
1340,Latur,2012-08-01,0.1213706250314889,0.1996648197049918,0.24384977267931127,0.01173606859396123,train
1341,Latur,2012-09-01,0.3210354356191103,0.04418496209168987,-0.18792874199366016,-0.18668479305719776,train
1342,Latur,2012-10-01,0.3652203847663387,-0.2321136911408886,-0.2308697422044262,-0.25333847301173057,train
1343,Latur,2012-11-01,0.133106692506532,0.0012439500553805272,-0.021224780751923855,0.22716598324610776,train
1344,Latur,2012-12-01,0.1343506393736897,-0.022468727619081558,0.22592203637895006,0.2685457648926677,train
1345,Latur,2013-01-01,0.1118819090268116,0.24839076672582816,0.2910144952395458,-0.14283212001533319,train
1346,Latur,2013-02-01,0.3602726897621655,0.042623714504191945,-0.39122290075068705,-0.24033094853406184,train
1347,Latur,2013-03-01,0.4028964180893646,-0.4338466290778862,-0.28295467686126097,-0.8254758555836426,train
1348,Latur,2013-04-01,-0.0309502117577287,0.15089195298583233,-0.39162922573654924,-0.9187556870040205,train
1349,Latur,2013-05-01,0.1199417438553807,-0.5425211813496587,-1.06964764261713,-1.0868885841416356,train
1350,Latur,2013-06-01,-0.4225794472878375,-0.5271264514739118,-0.5443673929984174,-0.1582447490508161,train
1351,Latur,2013-07-01,-0.9497059114179904,-0.01724092886826445,0.36888171507933687,0.2505303747854526,train
1352,Latur,2013-08-01,-0.9669468672992412,0.3861226709605876,0.26777133066670333,0.27186235506550704,train
1353,Latur,2013-09-01,-0.5808241699547241,-0.11835136667781376,-0.11426034227901005,-0.31532808796458744,train
1354,Latur,2013-10-01,-0.6991755227249733,0.0040910104912391665,-0.19697673519433823,0.09945128957449112,train
1355,Latur,2013-11-01,-0.6950844917422537,-0.2010677661770578,0.09536025859177155,0.016976455224156806,train
1356,Latur,2013-12-01,-0.896152261518456,0.2964280283679738,0.21804422500035903,-0.3700492346058116,train
1357,Latur,2014-01-01,-0.5997242344941315,-0.07838380202396544,-0.6664772616301361,-0.2648929940138641,train
1358,Latur,2014-02-01,-0.6781080355090684,-0.5880934606151992,-0.1865091929989272,0.049500762407261756,train
1359,Latur,2014-03-01,-1.2662014661772218,0.40158423766922624,0.6375941930754152,1.0944446621878114,train
1360,Latur,2014-04-01,-0.8646172042727458,0.23600993117093916,0.6928604002833354,1.5182019825816142,train
1361,Latur,2014-05-01,-0.6286072644248479,0.45685046043543753,1.2821920427337163,1.2616671237006658,train
1362,Latur,2014-06-01,-0.1717568078014922,0.8253415861103606,0.80481666707731,0.8456249275181364,train
1363,Latur,2014-07-01,0.6535848060810298,-0.020524946805211886,0.02028331363561453,0.395560773257044,train
1364,Latur,2014-08-01,0.6330598329252833,0.04080828679136095,0.4160857464127904,0.17441722405484972,train
1365,Latur,2014-09-01,0.6738681007161823,0.3752774786218914,0.13360895626395075,-0.12804178483636053,train
1366,Latur,2014-10-01,1.049145586578989,-0.24166852959885587,-0.5033192706991672,-0.8906100166727542,train
1367,Latur,2014-11-01,0.807477048720371,-0.2616507328405492,-0.6489414788141362,-0.60410252877618,train
1368,Latur,2014-12-01,0.545826344264836,-0.38729077435860126,-0.342451824320645,-0.1846513137949416,train
1369,Latur,2015-01-01,0.1585355672281627,0.04483895271602828,0.2026394632417317,-0.3185160282295589,train
1370,Latur,2015-02-01,0.2033745187179813,0.15780051175191312,-0.36335497971937747,-0.2013616915171662,train
1371,Latur,2015-03-01,0.3611750183341682,-0.5211554793355644,-0.3591621911333531,-0.21411314883210064,train
1372,Latur,2015-04-01,-0.1599804666760226,0.16199329387683767,0.3070423361780902,1.7293097284558077,train
1373,Latur,2015-05-01,0.0020128271594157,0.14504904234265187,1.5673164346203694,1.8868912675366292,train
1374,Latur,2015-06-01,0.1470618736643074,1.4222673881154777,1.7418422210317375,1.364210675964904,train
1375,Latur,2015-07-01,1.5693292535091174,0.31957484118692747,-0.058056703879906024,0.06665612094156614,train
1376,Latur,2015-08-01,1.8889040507530188,-0.3776315011238074,-0.2529186763023352,-0.34503467457046266,train
1377,Latur,2015-09-01,1.511272593129345,0.12471278132133867,0.03259678305321123,0.13727803648643877,train
1378,Latur,2015-10-01,1.635985402913948,-0.09211602673139185,0.012565226701835686,-0.31583753094281763,train
1379,Latur,2015-11-01,1.5438693396661023,0.1046812899496814,-0.22372146769497192,-0.8188488714310864,train
1380,Latur,2015-12-01,1.648550615173039,-0.32840274320190854,-0.923530146938023,-1.1977629219109387,train
1381,Latur,2016-01-01,1.3201478331020682,-0.5951273648670523,-0.869360139839968,-0.8554838209083884,train
1382,Latur,2016-02-01,0.7250204802435568,-0.2742327869814566,-0.260356468049877,-0.41068766721903593,train
1383,Latur,2016-03-01,0.4507876939308206,0.013876318262859233,-0.1364548809062997,-0.33966957099552547,train
1384,Latur,2016-04-01,0.4646640084896805,-0.1503311954651596,-0.3535458855543854,-0.8432391546879532,train
1385,Latur,2016-05-01,0.3143328262101845,-0.20321470327488939,-0.6929079724084573,-0.60486934907548,train
1386,Latur,2016-06-01,0.111118122221043,-0.4896932684193157,-0.4016546450863384,-0.7680988155613445,train
1387,Latur,2016-07-01,-0.3785751500850163,0.08803862721972089,-0.2784055432552852,-0.3040638527149715,train
1388,Latur,2016-08-01,-0.2905365225175977,-0.3664441708227038,-0.3921024802823901,-0.42054224049051997,train
1389,Latur,2016-09-01,-0.6569806664328911,-0.02565833636709669,-0.05409809657522657,-0.04012807914206007,train
1390,Latur,2016-10-01,-0.682638982649245,-0.028439780358872624,-0.01446976292570612,-0.45176865685423395,train
1391,Latur,2016-11-01,-0.7110787608525119,0.013970015277560699,-0.42332887865096713,-0.5379321596720853,train
1392,Latur,2016-12-01,-0.6971087208499299,-0.4372989186535491,-0.5519021996746672,0.03383514792817699,train
1393,Latur,2017-01-01,-1.134407632499734,-0.11460328802486308,0.47113405957798116,0.9707173933086788,train
1394,Latur,2017-02-01,-1.249010912921747,0.5857373399999941,1.0853206737306917,1.1429464666512812,train
1395,Latur,2017-03-01,-0.6632735559913335,0.49958331680027823,0.5572091097208677,-0.1726713945892634,train
1396,Latur,2017-04-01,-0.1636902418607836,0.05762579559031775,-0.6722547087198133,-0.4992161664491529,train
1397,Latur,2017-05-01,-0.1060644435938317,-0.7298805069867652,-0.5568419647161048,-0.6436383080426734,train
1398,Latur,2017-06-01,-0.8359449237947923,0.17303851548485583,0.08624217215828722,0.6040971458321077,train
1399,Latur,2017-07-01,-0.662906425262242,-0.08679632637426316,0.43105864729955734,-0.2013497779123491,train
1400,Latur,2017-08-01,-0.7497027636658288,0.5178549857031441,-0.11455343950876229,0.04796756516805656,train
1401,Latur,2017-09-01,-0.2318477831478028,-0.6324084200267883,-0.4698874153499694,-0.6021336712246033,train
1402,Latur,2018-01-01,-0.3010814634563952,-0.5693995507953138,-0.4302233608958692,-0.42496188008761115,val
1403,Latur,2018-02-01,-0.8704810429474078,0.1391762185951434,0.14443769940340145,0.32079395541154965,val
1404,Latur,2018-03-01,-0.7313048079945602,0.0052614644505538655,0.18161772045870206,-0.21647824492673495,val
1405,Latur,2018-04-01,-0.7260433327097959,0.17635624517393778,-0.22173972021149924,-0.8548646081547671,val
1406,Latur,2018-05-01,-0.5496870869209052,-0.39809596600039,-1.0312208539436578,-0.5218304997871637,val
1407,Latur,2018-06-01,-0.9477830597769678,-0.6331248810875952,-0.1237345269311011,1.6210414835822045,val
1408,Latur,2018-07-01,-1.5809079558140515,0.5093903691059827,2.2541663796192886,2.9715794474369766,val
1409,Latur,2018-08-01,-1.0715176206811583,1.7447760444863951,2.462189112304083,2.374828968642584,val
1410,Latur,2018-09-01,0.6732584311141526,0.7174130605087722,0.6300529168472732,0.18422787650684957,val
1411,Latur,2018-10-01,1.3906715148943674,-0.08736016693294157,-0.5331852072733652,-0.7337025636690866,val
1412,Latur,2018-11-01,1.3033112966196576,-0.4458249889986554,-0.6463423453943768,-0.7377869569437543,val
1413,Latur,2018-12-01,0.8574863133671166,-0.2005173621418358,-0.29196197369121324,-0.23668373205684434,val
1414,Latur,2019-01-01,0.6569689490844076,-0.0914446094085043,-0.0361663677741354,-0.4517685749579733,val
1415,Latur,2019-02-01,0.5655243453026405,0.05527823600763171,-0.3603239711762062,-0.4437555652499786,val
1416,Latur,2019-03-01,0.6208026083365574,-0.4156022342101231,-0.49903382828389553,-0.4430678012028828,val
1417,Latur,2019-04-01,0.2052003792945176,-0.0834315992418557,-0.02746557216084297,0.8799759693917006,val
1418,Latur,2019-05-01,0.1217687794595582,0.05596602767411642,0.96340756922666,0.1247284641832488,val
1419,Latur,2019-06-01,0.1777348011087599,0.9074415475774584,0.06876244253404712,-0.038215824897212036,val
1420,Latur,2019-07-01,1.0851763657890257,-0.8386791221462186,-0.9456573895774778,-1.6326444320045408,val
1421,Latur,2019-08-01,0.2464972467590168,-0.10697827054746895,-0.7939653129745319,-1.092896077172835,val
1422,Latur,2019-09-01,0.1395189767342355,-0.6869870429497507,-0.9859178071480539,-0.8534520869713571,val
1423,Latur,2019-10-01,-0.5474680714851369,-0.2989307589286815,-0.1664650387519847,0.0046686582809437605,val
1424,Latur,2019-11-01,-0.8463988076802339,0.13246569744311232,0.3035993944760408,0.4316421519871797,val
1425,Latur,2019-12-01,-0.7139331278532562,0.17113371464906313,0.29917647216020204,0.5001885024040756,val
1426,Latur,2020-01-01,-0.5427994284400618,0.1280427727470076,0.3290548029908812,0.43099042806717514,val
1427,Latur,2020-02-01,-0.4147566681175665,0.2010120426683859,0.30294766774467985,0.053618532922788065,val
1428,Latur,2020-03-01,-0.2137446242737638,0.10193562390087715,-0.14739351092101463,-0.42372574029685384,val
1429,Latur,2020-04-01,-0.1118090007406767,-0.24932913445410174,-0.525661363829941,-1.7990173246758883,val
1430,Latur,2020-05-01,-0.3611381444733102,-0.27633222009730746,-1.5496881809432548,-0.5841599312026542,val
1431,Latur,2020-06-01,-0.63747035612004,-1.2733559692965248,-0.30782771955592436,0.3048728619946738,val
1432,Latur,2020-07-01,-1.9108263295518293,0.9655282538758649,1.578228835426463,1.1020796340333356,val
1433,Latur,2020-08-01,-0.9452980988704414,0.6127006047450752,0.1365514033519477,-0.060026503256633834,val
1434,Latur,2020-09-01,-0.3325974861490316,-0.47614920936946203,-0.6727271159780436,-0.4993596156728678,val
1435,Latur,2020-10-01,-0.8087467098105164,-0.19657789231655876,-0.023210392011382974,0.30618227957370003,val
1436,Latur,2020-11-01,-1.005324658692863,0.1733675568709636,0.5027602284560466,0.5322429507384563,val
1437,Latur,2020-12-01,-0.8319570826897138,0.3293926524528974,0.35887537473530706,0.4433721708664411,val
1438,Latur,2021-01-01,-0.502564411054018,0.029482703099611207,0.11397949923074524,-0.22274955045187195,test
1439,Latur,2021-02-01,-0.4730817047241824,0.08449679290090967,-0.2522322567817075,-0.3565837177153928,test
1440,Latur,2021-03-01,-0.3885849062050516,-0.3367290553008383,-0.4410805162345236,-0.9384692367469137,test
1441,Latur,2021-04-01,-0.7253139494902348,-0.10435147294934044,-0.6017401934617306,-0.2167284012788082,test
1442,Latur,2021-05-01,-0.8296654134188847,-0.49738872953308066,-0.1123769373501583,-0.4127813667858883,test
1443,Latur,2021-06-01,-1.327054123168448,0.3850117723994051,0.08460734296367511,0.2529598276667391,test
1444,Latur,2021-07-01,-0.9420423212176616,-0.3004044589871113,-0.13205197428404736,-0.32548359011351513,test
1445,Latur,2021-08-01,-1.2424468093245815,0.16835251382287253,-0.025079102006595244,-0.1161133951813389,test
1446,Latur,2021-09-01,-1.07409429256524,-0.19343161876593684,-0.2844659119406805,-0.2031312018195257,test
1447,Latur,2021-10-01,-1.2675259103927443,-0.0910342941131761,-0.00969958399202131,-0.2407922754135301,test
1448,Latur,2021-11-01,-1.3585602362107307,0.08133474182596512,-0.14975794959554367,0.27237108540048904,test
1449,Latur,2021-12-01,-1.2772254740719788,-0.23109271173429557,0.19103632326173714,0.46991751546907357,test
1450,Latur,2022-01-01,-1.508318191971698,0.4221290411614562,0.7010102333687926,0.4564117254876281,test
1451,Latur,2022-02-01,-1.086189120084925,0.2788811614820197,0.03428265360085514,-0.016346246927098962,test
1452,Latur,2022-03-01,-0.80730793428355,-0.24459853220051986,-0.29522743272847396,-0.2021177058226512,test
1453,Latur,2022-04-01,-1.051906468792565,-0.05062889821945893,0.042480828686363825,-0.7428247905534433,test
1454,Latur,2022-05-01,-1.1025353851171855,0.09310974501098435,-0.6921958742288228,-0.7966801939157124,test
1455,Latur,2022-06-01,-1.009425677609655,-0.7853055817363532,-0.8897899014232429,-0.5889746767757209,test
1456,Latur,2022-07-01,-1.7947312625668257,-0.10448431646607226,0.19633090818144971,0.3259402545712202,test
1457,Latur,2022-08-01,-1.8992156379473528,0.30081528356197684,0.43042462995174735,0.6985903375399432,test
1458,Latur,2022-09-01,-1.598400408097217,0.12960940010161148,0.3977751076898073,0.3615167678079103,test
1459,Latur,2022-10-01,-1.4687910028168492,0.2681657024094395,0.23190736252754252,0.12064182240455668,test
1460,Latur,2022-11-01,-1.2006252866012723,-0.03625835368803432,-0.14752389381102016,0.12632154037782262,test
1461,Latur,2022-12-01,-1.2368836456972032,-0.11126553471508926,0.1625798994737535,-0.035432571725282136,test
1462,Latur,2023-01-01,-1.348149123277662,0.2738453770542122,0.07583290585517655,0.13254136094093094,test
1463,Latur,2023-02-01,-1.0743037126659682,-0.1980125047565171,-0.1413040496707627,0.26715787869685204,test
1464,Latur,2023-03-01,-1.272316210763737,0.05670844842700595,0.4651703767946207,0.9676223628690683,test
1465,Latur,2023-04-01,-1.215607803038152,0.40846196906903587,0.9109139551434835,0.29194561736920677,test
1466,Latur,2023-05-01,-0.8071458324825725,0.502451984587904,-0.11651635318637277,0.15033143610119437,test
1467,Latur,2023-06-01,-0.3046938441870457,-0.6189683414818996,-0.35212055219433247,0.08319472895839275,test
1468,Latur,2023-07-01,-0.923662173035272,0.2668477766538938,0.702163057806619,1.3231187932516417,test
1469,Latur,2023-08-01,-0.6568143980716371,0.43531528284298415,1.0562710182880068,0.5238511877273225,test
1470,Latur,2023-09-01,-0.2214991112950783,0.6209557315114479,0.08853590095076372,0.003258403182361619,test
1471,Latur,2023-10-01,0.3994566145144924,-0.532419824858807,-0.6176973226272091,-1.0244224014483914,test
1472,Latur,2023-11-01,-0.1329632069045503,-0.08527750120816638,-0.4920025800293486,-0.5667822693413298,test
1473,Latur,2023-12-01,-0.2182407018292247,-0.4067250851046742,-0.4815047744166554,-0.17039549979087723,test
1474,Latur,2024-01-01,-0.6249657783876318,-0.07477969785824834,0.23632957676752986,-0.21177578827038823,test
1475,Latur,2024-02-01,-0.6997455041234116,0.3111093025033097,-0.1369960625346084,0.14910587475939796,test
1476,Latur,2024-03-01,-0.3886362132283557,-0.44810535342966434,-0.162003416135658,-0.7088295403269422,test
1477,Latur,2024-04-01,-0.8367415751822742,0.28610194581826054,-0.26072417837302364,-1.111187687932655,test
1478,Latur,2024-05-01,-0.5506396446325873,-0.5468261089227106,-1.397289618482342,-0.8616261329553033,test
1479,Latur,2024-06-01,-1.0974657158011758,-0.8504635473137534,-0.3148000617867148,0.08861955205148098,test
1480,Latur,2024-07-01,-1.947929305274598,0.5356635276867074,0.9390831415249032,0.8577431861950082,test
1481,Latur,2024-08-01,-1.4122657502858995,0.4034195865362047,0.32207963120630967,0.31204304349116074,test
1482,Latur,2024-09-01,-1.0088461488412643,-0.08133997023832551,-0.09137655795347444,-0.0700080543829178,test
1483,Nanded,2003-12-01,-0.1168205166339976,-0.08475884552000935,-0.02995197231768544,0.1878782982111079,train
1484,Nanded,2004-01-01,-0.201579359240245,0.05480687028856196,0.2726371408173553,0.04655493504495539,train
1485,Nanded,2004-02-01,-0.1467724919443429,0.21783027352145318,-0.008251932250946725,-0.21583606003472205,train
1486,Nanded,2004-03-01,0.071057781290472,-0.2260822054857616,-0.43366633326953696,-0.16168131650632664,train
1487,Nanded,2004-04-01,-0.1550244269005682,-0.20758412507849675,0.06440089168471355,1.1016707000367072,train
1488,Nanded,2004-05-01,-0.3626085441426518,0.27198500892679717,1.3092548172787908,0.9117560904340032,train
1489,Nanded,2004-06-01,-0.0906235328162027,1.0372698059523415,0.639771079107554,0.6084224334204508,train
1490,Nanded,2004-07-01,0.94664626973943,-0.3974987234480787,-0.42884736913518196,-0.03614490884618049,train
1491,Nanded,2004-08-01,0.5491475725198107,-0.031348671915562676,0.3613537883734388,0.06641170739885993,train
1492,Nanded,2004-09-01,0.5177988732134126,0.39270248767983695,0.0977604067052581,0.18113085386407157,train
1493,Nanded,2004-10-01,0.9105013687888056,-0.29494208887013496,-0.21157164171132148,-0.650335200575915,train
1494,Nanded,2004-11-01,0.6155592913628554,0.08337043571462877,-0.35539312314996474,-0.6337735841871237,train
1495,Nanded,2004-12-01,0.6989297053123812,-0.43876353709949056,-0.7171439981366495,-0.8370689085031847,train
1496,Nanded,2005-01-01,0.2601661736326865,-0.27838046645695486,-0.39830537682349004,-0.45592134242827215,train
1497,Nanded,2005-02-01,-0.0182142921804181,-0.11992491101038542,-0.17754087661516754,0.2474405386565915,train
1498,Nanded,2005-03-01,-0.1381391988192842,-0.057615969976301445,0.36736544529545756,0.7637245760356233,train
1499,Nanded,2005-04-01,-0.1957551664270201,0.42498141290319347,0.8213405436433592,0.6612230068601408,train
1500,Nanded,2005-05-01,0.2292262467268203,0.3963591304895188,0.23624159370630043,-0.13805077995092613,train
1501,Nanded,2005-06-01,0.62558540334278,-0.16011756290965928,-0.5344099365668858,-0.7282359563308324,train
1502,Nanded,2005-07-01,0.4654678344109524,-0.37429236763505824,-0.5681183873990048,-1.1740799187996853,train
1503,Nanded,2005-08-01,0.0911754641317449,-0.19382601711979727,-0.7997875485204778,-0.7926457199834905,train
1504,Nanded,2005-09-01,-0.1026505553139065,-0.6059615290748264,-0.5988197005378391,-0.4560192502128269,train
1505,Nanded,2005-10-01,-0.7086120695330397,0.007141813681294074,0.14994226400630628,0.7720199302293554,train
1506,Nanded,2005-11-01,-0.7014702769027767,0.14280047137604335,0.7648781375990925,0.8754073591934262,train
1507,Nanded,2005-12-01,-0.5586697965297381,0.6220776572260539,0.7326068788203876,-0.11566312020686464,train
1508,Nanded,2006-01-01,0.0634078638598839,0.11052921843076552,-0.7377407805964866,-0.5076830344245353,train
1509,Nanded,2006-02-01,0.1739370893881451,-0.8482700061247479,-0.6182122599527966,-0.6550089191839825,train
1510,Nanded,2006-03-01,-0.6743329222885549,0.23005775172390341,0.1932610924927175,0.8251990284410894,train
1511,Nanded,2006-04-01,-0.4442751813010615,-0.03679664849477593,0.595141287453596,0.15511215806764778,train
1512,Nanded,2006-05-01,-0.4810718429562333,0.6319379491087678,0.1919088197228196,-0.0616397130015609,train
1513,Nanded,2006-06-01,0.1508661083325946,-0.4400291315660083,-0.6935776642903888,-0.7199195198163593,train
1514,Nanded,2006-07-01,-0.2891630314825631,-0.2535485244752311,-0.27989038000120153,-0.1152628875733756,train
1515,Nanded,2006-08-01,-0.5427115626735176,-0.026341848810247037,0.1382856436175789,0.2821183569831337,train
1516,Nanded,2006-09-01,-0.5690534317807208,0.16462751272478204,0.30846022609033685,0.7362576777056704,train
1517,Nanded,2006-10-01,-0.404425907242841,0.1438327015524571,0.5716301531677906,0.3323101730232899,train
1518,Nanded,2006-11-01,-0.2605932088527348,0.42779745477768444,0.1884774746331837,0.44508222061726116,train
1519,Nanded,2006-12-01,0.1672042457769262,-0.23931997999647728,0.017284765987600176,0.07528087511559853,train
1520,Nanded,2007-01-01,-0.0721157331478823,0.2566047449124087,0.31460085404040705,0.25455506038787257,train
1521,Nanded,2007-02-01,0.1844890119378435,0.057996108954681214,-0.0020496846978532712,0.25454911572290784,train
1522,Nanded,2007-03-01,0.2424851228873893,-0.060045795647399064,0.19655300477336204,-0.44486697217632976,train
1523,Nanded,2007-04-01,0.1824393208916993,0.256598806769052,-0.38482117018063977,-0.9450786646302552,train
1524,Nanded,2007-05-01,0.4390381348870852,-0.6414199841760256,-1.201677478625641,-0.5447404903911212,train
1525,Nanded,2007-06-01,-0.2023818472973866,-0.5602574964411693,0.09667949179335064,0.16496841037793583,train
1526,Nanded,2007-07-01,-0.7626393635688,0.6569370080647641,0.7252259266493493,1.0345318515715771,train
1527,Nanded,2007-08-01,-0.1057023547212832,0.06828891780183244,0.3775948427240603,0.3590527616064303,train
1528,Nanded,2007-09-01,-0.0374134372880367,0.3093059252908138,0.2907638441731838,0.6009184312035946,train
1529,Nanded,2007-10-01,0.2718924993971588,-0.01854209251201172,0.29161249451839905,0.13237847738468628,train
1530,Nanded,2007-11-01,0.2533504078847851,0.3101545860307728,0.15092056889706001,0.021626024438670732,train
1531,Nanded,2007-12-01,0.5635049967598234,-0.15923401997797826,-0.28852856443636754,-0.7942530839275632,train
1532,Nanded,2008-01-01,0.4042709738209359,-0.1292945414974801,-0.6350190609886758,-0.6038427025272958,train
1533,Nanded,2008-02-01,0.2749764283837494,-0.5057245155514893,-0.4745481570901093,-0.3440125545205292,train
1534,Nanded,2008-03-01,-0.2307480904763021,0.031176361769942235,0.1617119643395223,1.2803221080010214,train
1535,Nanded,2008-04-01,-0.1995717304915531,0.13053560435477332,1.2491457480162724,1.4180207270354375,train
1536,Nanded,2008-05-01,-0.0690361258800221,1.1186101434047413,1.2874851224239063,0.6869343516643238,train
1537,Nanded,2008-06-01,1.0495740506129014,0.16887494593098284,-0.4316758248285997,-1.012371468849634,train
1538,Nanded,2008-07-01,1.2184490283670102,-0.6005508025827084,-1.1812464466037427,-0.8284433504285489,train
1539,Nanded,2008-08-01,0.6178982437478562,-0.5806956619845887,-0.22789256580939488,-0.2735420049058457,train
1540,Nanded,2008-09-01,0.0372025829071514,0.3528030950313099,0.3071536559348591,0.3852157432322987,train
1541,Nanded,2008-10-01,0.3900056716409272,-0.0456494327989167,0.032412654498522875,0.04255661998123467,train
1542,Nanded,2008-11-01,0.3443562246560954,0.07806210148335468,0.08820606696606648,0.3756128691434957,train
1543,Nanded,2008-12-01,0.4224183294541068,0.010143962168055076,0.2975507643454843,0.0846566822760873,train
1544,Nanded,2009-01-01,0.4325622786900049,0.28740681510958616,0.07451273304018918,0.026295555649136937,train
1545,Nanded,2009-02-01,0.7199690841909169,-0.21289407246072278,-0.26111124985177503,-0.6388046198364018,train
1546,Nanded,2009-03-01,0.50707501727547,-0.04821718293632815,-0.4259105529209549,0.01201468151603391,train
1547,Nanded,2009-04-01,0.4588578450236616,-0.37769338066914654,0.06023185376784229,0.02105068092009449,train
1548,Nanded,2009-05-01,0.0811644611826786,0.4379252376088253,0.3987440647610775,0.9165806951054684,train
1549,Nanded,2009-06-01,0.5190896694056963,-0.03918114346194024,0.47865548688245063,0.3521713908321882,train
1550,Nanded,2009-07-01,0.4799085322532783,0.5178366240348686,0.39135252798460624,0.46931421125792167,train
1551,Nanded,2009-08-01,0.9977451368285268,-0.1264840765906423,-0.048522393317326884,-0.33926777085791526,train
1552,Nanded,2009-09-01,0.8712610836939017,0.0779616598172983,-0.21278371772329008,-0.3223139282182852,train
1553,Nanded,2009-10-01,0.9492227237972086,-0.29074535782659705,-0.40027556832159217,-0.7050974916967219,train
1554,Nanded,2009-11-01,0.6584773507291897,-0.10953019525357321,-0.4143521186287029,-0.2910812344724758,train
1555,Nanded,2009-12-01,0.5489471331117018,-0.3048219010112151,-0.18155101685498798,-0.12558645753835285,train
1556,Nanded,2010-01-01,0.2441252393734698,0.12327087688324406,0.1792354361998792,0.24467969703552678,train
1557,Nanded,2010-02-01,0.3673961163729421,0.05596455920040688,0.12140882003605447,-0.2509819717377416,train
1558,Nanded,2010-03-01,0.4233606722585772,0.06544426415041937,-0.3069465276233767,-0.33165936585589395,train
1559,Nanded,2010-04-01,0.4888049300795958,-0.3723907854443953,-0.39710362367691254,-0.9848186310416625,train
1560,Nanded,2010-05-01,0.1164141412382107,-0.024712834835527442,-0.6124278422002774,-0.8372657414083462,train
1561,Nanded,2010-06-01,0.0917013069162832,-0.5877150078783498,-0.8125529070864187,-1.279738940812157,train
1562,Nanded,2010-07-01,-0.4960136983236576,-0.2248379018464779,-0.6920239355722164,-0.7342981722512936,train
1563,Nanded,2010-08-01,-0.7208515777346647,-0.46718605616120934,-0.5094602928402865,-0.7849201784375155,train
1564,Nanded,2010-09-01,-1.188037640376953,-0.04227423019799814,-0.31773411579522715,-0.1183563406029664,train
1565,Nanded,2010-10-01,-1.2303118389632255,-0.2754599172089547,-0.07608214201669394,0.03301557717581094,train
1566,Nanded,2010-11-01,-1.5057717364292589,0.19937775544933944,0.3084754746418443,0.615571836755797,train
1567,Nanded,2010-12-01,-1.3063939743336086,0.10909771254619405,0.4161940746601467,0.9875179760750179,train
1568,Nanded,2011-01-01,-1.197296307756801,0.30709640808333916,0.8784203094982104,0.1758605701469378,train
1569,Nanded,2011-02-01,-0.8901998840453887,0.571323885786798,-0.13123585356447454,0.29087774382856135,train
1570,Nanded,2011-03-01,-0.3188760059699608,-0.7025597316399025,-0.2804461342468666,0.19364314552398454,train
1571,Nanded,2011-04-01,-1.0214357030701011,0.4221135628532737,0.8962028426241249,0.7278637540649742,train
1572,Nanded,2011-05-01,-0.5993221651145045,0.4740893046685283,0.3057502161093776,-0.12394795312203721,train
1573,Nanded,2011-06-01,-0.1252328629233557,-0.16833908608177126,-0.5980372553131861,-0.42684145024040165,train
1574,Nanded,2011-07-01,-0.2935719584621105,-0.42969815977443127,-0.25850235470164684,0.21681983224522206,train
1575,Nanded,2011-08-01,-0.7232700978782344,0.17119578471447705,0.646517971661346,0.9937865232494044,train
1576,Nanded,2011-09-01,-0.5520743224701313,0.4753221962532429,0.8225907478413014,0.7995852772077946,train
1577,Nanded,2011-10-01,-0.0767521288866066,0.34726855425777664,0.32426308362426987,0.14280552684011688,train
1578,Nanded,2011-11-01,0.2705164347433498,-0.02300548000568653,-0.20446303678983951,-0.19445710821384693,train
1579,Nanded,2011-12-01,0.2475109483419893,-0.18145755038847902,-0.17145162181248644,-0.041241818231248645,train
1580,Nanded,2012-01-01,0.0660533978851691,0.010005928644333764,0.14021573222557154,0.014901138910447045,train
1581,Nanded,2012-02-01,0.0760593293254177,0.13020980078532296,0.004895207470198448,0.15459221321894723,train
1582,Nanded,2012-03-01,0.2062691340185691,-0.12531459722295296,0.024382408525795818,0.11207548883184898,train
1583,Nanded,2012-04-01,0.0809545363903051,0.14969700615405984,0.237390086460113,0.585249737310409,train
1584,Nanded,2012-05-01,0.2306515457141648,0.0876930771362533,0.4355527279865493,-0.2898500407147656,train
1585,Nanded,2012-06-01,0.3183446321351816,0.3478596415655325,-0.3775431271357824,-0.2827666867239763,train
1586,Nanded,2012-07-01,0.6662042757663904,-0.7254027707669912,-0.6306263303551851,-0.6415672043506084,train
1587,Nanded,2012-08-01,-0.0591984949923946,0.0947764404035999,0.08383556640817658,-0.1494186706923054,train
1588,Nanded,2012-09-01,0.0355779435944867,-0.010940872178704722,-0.2441951092791867,-0.13204935011389968,train
1589,Nanded,2012-10-01,0.0246370710416523,-0.23325423672635232,-0.1211084775610653,0.10183713063757743,train
1590,Nanded,2012-11-01,-0.2086171704260533,0.1121457639066403,0.33509137210528306,0.38603835282008103,train
1591,Nanded,2012-12-01,-0.096471405535527,0.22294560721475673,0.27389258792955473,0.2521018748577316,train
1592,Nanded,2013-01-01,0.1264741955205126,0.05094698687351512,0.029156273801692,-0.30153987685882283,train
1593,Nanded,2013-02-01,0.1774211757413798,-0.021790706419175215,-0.3524868570796901,-0.43306880524081526,train
1594,Nanded,2013-03-01,0.1556304762020212,-0.33069615754033144,-0.4112781057014566,-1.3302869865551097,train
1595,Nanded,2013-04-01,-0.175065676690174,-0.08058195280926142,-0.9995908336629143,-1.741224368094372,train
1596,Nanded,2013-05-01,-0.2556476329518419,-0.9190088774012465,-1.6606424118327041,-0.8919676805781264,train
1597,Nanded,2013-06-01,-1.1746565338573465,-0.7416335109271994,0.027041220327378213,0.07605602707481474,train
1598,Nanded,2013-07-01,-1.916290063076613,0.7686747495466448,0.8176895562940814,0.5445171777540423,train
1599,Nanded,2013-08-01,-1.147615264119936,0.049014757337404236,-0.22415762120263483,-0.057420183954404846,train
1600,Nanded,2013-09-01,-1.0986005033721304,-0.27317238195044036,-0.10643494470221038,-0.3296401534805917,train
1601,Nanded,2013-10-01,-1.3717728704875751,0.1667374224132343,-0.056467786365147044,0.3799097389644428,train
1602,Nanded,2013-11-01,-1.2050353976009711,-0.22320525925175105,0.2131722660778388,0.1463077755688056,train
1603,Nanded,2013-12-01,-1.428240706469839,0.4363775749467067,0.3695130844376735,-0.13145775601642806,train
1604,Nanded,2014-01-01,-0.9918631298006848,-0.06686449223148072,-0.5678353326855823,0.2546494585932568,train
1605,Nanded,2014-02-01,-1.0587276332070676,-0.5009708292791994,0.32151396199963966,0.22519130632184425,train
1606,Nanded,2014-03-01,-1.559698443179468,0.8224847719720401,0.7261621162942447,1.4134238765290774,train
1607,Nanded,2014-04-01,-0.7372136447281251,-0.09632268215709827,0.5909390780777345,1.5864559743255984,train
1608,Nanded,2014-05-01,-0.8335363203067753,0.6872617536563846,1.6827786499042485,2.0894741350193,train
1609,Nanded,2014-06-01,-0.1462745689921863,0.9955168985896594,1.4022123837047107,0.546467694001723,train
1610,Nanded,2014-07-01,0.8492423489585642,0.4066954657539602,-0.44904922394902747,0.18540106267778833,train
1611,Nanded,2014-08-01,1.255937809559826,-0.8557446845502892,-0.22129439792347338,-0.45142435512257006,train
1612,Nanded,2014-09-01,0.4001931136252312,0.6344502980111213,0.40432034081202467,0.0971397871373268,train
1613,Nanded,2014-10-01,1.034643470302503,-0.23013001586524706,-0.5373105695399449,-1.021460550830047,train
1614,Nanded,2014-11-01,0.8045134424980379,-0.30718054173547993,-0.7913305230255819,-0.7496233500357367,train
1615,Nanded,2014-12-01,0.4973329112399849,-0.48414999176752893,-0.44244281877768366,-0.3229324773420128,train
1616,Nanded,2015-01-01,0.0131829192572166,0.04170717320508466,0.1612175146407555,-0.3416005482607414,train
1617,Nanded,2015-02-01,0.0548900920473374,0.11951034185063471,-0.3833077210508622,-0.036853534685853825,train
1618,Nanded,2015-03-01,0.1744004409733069,-0.5028180699768316,-0.15636388361182332,-0.47534783892061827,train
1619,Nanded,2015-04-01,-0.3284176394521514,0.346454196813635,0.02747024150484001,1.4610609814702789,train
1620,Nanded,2015-05-01,0.0180365573585353,-0.3189839553058467,1.1146067846595922,0.8441979158699193,train
1621,Nanded,2015-06-01,-0.3009474109873433,1.4335907530054708,1.163181884215798,1.739866955207314,train
1622,Nanded,2015-07-01,1.1326432895072638,-0.2704088162788092,0.3062762547127069,0.5109309483162225,train
1623,Nanded,2015-08-01,0.8622344865774941,0.5766850576424766,0.7813397512459922,0.7171082363152671,train
1624,Nanded,2015-09-01,1.4389195136151096,0.20465472420837671,0.14042320927765162,0.34678617200042994,train
1625,Nanded,2015-10-01,1.6435741994442938,-0.0642314765515326,0.1421314861712457,-0.0558147046627997,train
1626,Nanded,2015-11-01,1.579342758507383,0.20636292710815662,0.008416736274111214,-0.5274345038839698,train
1627,Nanded,2015-12-01,1.7857056724875433,-0.19794617770604916,-0.7337974178641302,-1.1771162021010382,train
1628,Nanded,2016-01-01,1.5877594510968966,-0.5358511964734836,-0.9791699807103915,-1.0078979889806552,train
1629,Nanded,2016-02-01,1.0519082006043188,-0.44331873021781365,-0.4720467384880773,-0.7497600670880071,train
1630,Nanded,2016-03-01,0.6085894588881507,-0.028727996771909292,-0.3064413253718391,-0.40181084317503124,train
1631,Nanded,2016-04-01,0.5798614702861017,-0.27771333676979004,-0.3730828545729822,-0.9272696159522241,train
1632,Nanded,2016-05-01,0.3021481433758083,-0.0953695276626888,-0.6495562890419307,-0.3957101950296703,train
1633,Nanded,2016-06-01,0.2067786111941969,-0.5541867568603194,-0.30034066284805894,-0.9207480802646315,train
1634,Nanded,2016-07-01,-0.3474081412759425,0.2538460896220805,-0.3665613277944921,-0.6098355992826818,train
1635,Nanded,2016-08-01,-0.0935620522750371,-0.6204074167953975,-0.8636816882835872,-0.8464719795929438,train
1636,Nanded,2016-09-01,-0.7139694685423646,-0.24327427201625962,-0.2260645633256163,-0.23640680365917344,train
1637,Nanded,2016-10-01,-0.9572437140451544,0.017209682177173447,0.006867441843616318,0.3443212244020575,train
1638,Nanded,2016-11-01,-0.9400340024231776,-0.010342269778360502,0.32711151278008066,0.2157121006249293,train
1639,Nanded,2016-12-01,-0.9503762497478186,0.3374537601047217,0.22605434794957036,0.7969547136598288,train
1640,Nanded,2017-01-01,-0.6129224802361861,-0.11139942156206217,0.4595009441481963,0.8585707153188125,train
1641,Nanded,2017-02-01,-0.7243218746159719,0.570900338527982,0.9699701096985982,0.7843311827753232,train
1642,Nanded,2017-03-01,-0.1534215356295368,0.39906977071216315,0.21343084378888816,-0.814810798030589,train
1643,Nanded,2017-04-01,0.2456482378559851,-0.18563892969663376,-1.213880571516111,-1.003483328016355,train
1644,Nanded,2017-05-01,0.0600093093058728,-1.0282416429659986,-0.8178443994662427,-0.022788563027109986,train
1645,Nanded,2017-06-01,-0.9682323625732608,0.21039727241289097,1.0054531088520235,1.7589662960220522,train
1646,Nanded,2017-07-01,-0.7578350632779797,0.7950558095567425,1.5485689967267713,0.9131393461816509,train
1647,Nanded,2017-08-01,0.0372207450698808,0.7535131883789107,0.11808353783379047,0.2039209020305678,train
1648,Nanded,2017-09-01,0.7907339238509996,-0.6354296409473283,-0.549592276750551,-0.6012395375356538,train
1649,Nanded,2018-01-01,0.9245955662570062,-0.8231615142664972,-0.7355343417964044,-0.9237715251744825,val
1650,Nanded,2018-02-01,0.1014340552896784,0.0876271691709234,-0.10061001420715464,-0.19923049541419013,val
1651,Nanded,2018-03-01,0.1890612194177681,-0.18823717833524434,-0.2868576595422798,-0.765355999195295,val
1652,Nanded,2018-04-01,0.000824041106739,-0.09862048123125072,-0.5771188208842658,-0.19417578671220775,val
1653,Nanded,2018-05-01,-0.0977964367933342,-0.47849834298419264,-0.09555530881213455,-0.3640265200071266,val
1654,Nanded,2018-06-01,-0.5762947775690112,0.3829430319635424,0.11447182076855034,0.9300128795473132,val
1655,Nanded,2018-07-01,-0.1933517511481219,-0.26847120565233895,0.5470698531264239,1.2127274330252582,val
1656,Nanded,2018-08-01,-0.4618229564458628,0.8155410584241648,1.481198638322999,1.3692089613706369,val
1657,Nanded,2018-09-01,0.3537180920261286,0.6656575898510076,0.5536679128986456,0.14195639890252132,val
1658,Nanded,2018-10-01,1.019375671367266,-0.11198966644249175,-0.523701180438616,-0.6214236511989615,val
1659,Nanded,2018-11-01,0.9073859857776972,-0.41171149484904734,-0.5094339656093928,-0.40922770969661204,val
1660,Nanded,2018-12-01,0.4956744810181927,-0.09772246084988828,0.00248379506289248,0.18620456256090884,val
1661,Nanded,2019-01-01,0.397952020844162,0.10020625523692323,0.2839270227349396,0.006093739787399299,val
1662,Nanded,2019-02-01,0.4981582782834587,0.18372076529564285,-0.09411251765189743,-0.12837904911933518,val
1663,Nanded,2019-03-01,0.681879044541979,-0.2778332839104177,-0.31209981537785547,-0.1523416648003103,val
1664,Nanded,2019-04-01,0.4040457527201783,-0.03426652355605475,0.12549162702149042,0.2767009218174804,val
1665,Nanded,2019-05-01,0.3697792351688514,0.15975814457281728,0.3109674393688073,-0.4709232733096252,val
1666,Nanded,2019-06-01,0.5295373800824691,0.1512092944551896,-0.6306814182232429,-1.1411877873967695,val
1667,Nanded,2019-07-01,0.6807466765607083,-0.7818907147014821,-1.292397083875009,-1.729026915665933,val
1668,Nanded,2019-08-01,-0.1011440362133527,-0.5105063711009479,-0.947136202891872,-1.287241617282436,val
1669,Nanded,2019-09-01,-0.6116503882455645,-0.4366298508596601,-0.7767352652502241,-0.5274694752645673,val
1670,Nanded,2019-10-01,-1.0482801857079882,-0.3401054677878004,-0.09083967780214364,-0.07336538409334237,val
1671,Nanded,2019-11-01,-1.3883856391687333,0.24926577565860142,0.2667400693674027,0.6860868787546097,val
1672,Nanded,2019-12-01,-1.139119818073026,0.017474248271695414,0.43682105765890245,0.349942400317899,val
1673,Nanded,2020-01-01,-1.121645533534868,0.41934677312074453,0.3324681157797411,0.7258499200075701,val
1674,Nanded,2020-02-01,-0.7022987636532602,-0.08687865410186679,0.3065031501259622,0.18489957179687588,val
1675,Nanded,2020-03-01,-0.7891774381561136,0.39338182462881566,0.27177824629972935,0.06078596963118077,val
1676,Nanded,2020-04-01,-0.3957956063565777,-0.1216035854998066,-0.3325958621683552,-0.7796522152605487,val
1677,Nanded,2020-05-01,-0.5173992150496063,-0.21099225347532657,-0.6580486065675202,-0.48958871429457096,val
1678,Nanded,2020-06-01,-0.7283914917879168,-0.4470563298292096,-0.2785964375562604,-0.020415998084061915,val
1679,Nanded,2020-07-01,-1.1754478091121914,0.16845987976801413,0.4266403192402126,-0.12204493342626077,val
1680,Nanded,2020-08-01,-1.0069878736289188,0.2581803837569401,-0.2905048689095333,-0.36088150350731163,val
1681,Nanded,2020-09-01,-0.7488075185370865,-0.5486852240013657,-0.619061858599144,-0.4859986614632187,val
1682,Nanded,2020-10-01,-1.297492714923376,-0.07037666221285455,0.06268653492307075,1.0286006353316248,val
1683,Nanded,2020-11-01,-1.3678693439862866,0.1330631639859814,1.0989772643945355,1.1241015162370342,val
1684,Nanded,2020-12-01,-1.234806139491234,0.9659140598994829,0.9910383117419816,0.9253256809932329,val
1685,Nanded,2021-01-01,-0.2688920851817358,0.025124257432483477,-0.0405883733162653,-0.2637139800915491,test
1686,Nanded,2021-02-01,-0.2437678243758013,-0.0657126341221998,-0.2888382408974836,-0.42568573693019846,test
1687,Nanded,2021-03-01,-0.3094804611815046,-0.22312560409178034,-0.3599731001244952,-1.1329942616807391,test
1688,Nanded,2021-04-01,-0.5326060765402926,-0.13684748476570718,-0.9098686463219511,-0.14381210869377725,test
1689,Nanded,2021-05-01,-0.6694535765149198,-0.7730211463473239,-0.006964608719150056,-0.386249825050632,test
1690,Nanded,2021-06-01,-1.4424746756541336,0.7660564904200637,0.3867712740885818,0.6243767862307632,test
1691,Nanded,2021-07-01,-0.6764181779794446,-0.37928522358610717,-0.14167971144392577,-0.5794903112478503,test
1692,Nanded,2021-08-01,-1.0557034004278447,0.23760551100447436,-0.2002050887994502,-0.16838121527955274,test
1693,Nanded,2021-09-01,-0.8180978621119519,-0.437810627115343,-0.40598675359544556,-0.19272348035630982,test
1694,Nanded,2021-10-01,-1.255908519622473,0.03182390391507561,0.24508717715421136,0.2566168612209838,test
1695,Nanded,2021-11-01,-1.224084665362629,0.21326332289436722,0.22479300696113969,0.4871564407990303,test
1696,Nanded,2021-12-01,-1.01082128712064,0.011529628719150642,0.27389306255704127,0.6946525616300698,test
1697,Nanded,2022-01-01,-0.9992916549129596,0.26236343034936094,0.6831229294223895,0.7052289510650744,test
1698,Nanded,2022-02-01,-0.7369281982476443,0.42075947275707426,0.4428654943997592,0.18916574469158354,test
1699,Nanded,2022-03-01,-0.3161687345626585,0.02210603071477335,-0.2315937189934023,-0.23077403591845114,test
1700,Nanded,2022-04-01,-0.2940627101440642,-0.2536997434119966,-0.2528800603370454,-1.6906448837737824,test
1701,Nanded,2022-05-01,-0.5477624441574808,0.0008196736763711465,-1.436945149760366,-1.1102389787245994,test
1702,Nanded,2022-06-01,-0.5469427979870093,-1.4377647959308373,-1.1110586248950707,-1.2510053240375267,test
1703,Nanded,2022-07-01,-1.984707552983472,0.3267061301013918,0.18675943095893577,0.17029507835120872,test
1704,Nanded,2022-08-01,-1.6580014651498935,-0.13994665687464258,-0.15641100948236963,0.21546868736363867,test
1705,Nanded,2022-09-01,-1.7979481411811278,-0.016464333451135404,0.3554153633948729,0.5018768502112791,test
1706,Nanded,2022-10-01,-1.8144125041194572,0.3718797263332023,0.5183412131496086,0.8074043091960563,test
1707,Nanded,2022-11-01,-1.4425327738879217,0.14646148291807304,0.4355245789645208,0.7564510664103521,test
1708,Nanded,2022-12-01,-1.2960713248962232,0.28906312997282235,0.6099896174186537,0.43606773431242196,test
1709,Nanded,2023-01-01,-1.0070082474709692,0.3209265399933996,0.1470046568871679,-0.2171567152975855,test
1710,Nanded,2023-02-01,-0.6860817339737396,-0.17392185661006165,-0.5380832287948151,-0.30586102935481263,test
1711,Nanded,2023-03-01,-0.8600036015989324,-0.3641613611696223,-0.13193916172961984,0.7846582195045492,test
1712,Nanded,2023-04-01,-1.224164968803411,0.23222220547485883,1.1488195867090278,0.7627203524856621,test
1713,Nanded,2023-05-01,-0.9919427476879432,0.91659736559356,0.5304981313701942,0.44654725418055796,test
1714,Nanded,2023-06-01,-0.0753453839725327,-0.3860992323452163,-0.47005010953485254,-1.0935753714138199,test
1715,Nanded,2023-07-01,-0.4614446067871991,-0.08395088672018614,-0.7074761485991534,0.13594921470307741,test
1716,Nanded,2023-08-01,-0.5453955131067793,-0.6235252422795733,0.21990012102265755,-0.2824389142499407,test
1717,Nanded,2023-09-01,-1.1689207105262522,0.8434253184421305,0.34108628316953227,0.05139012619092509,test
1718,Nanded,2023-10-01,-0.3254953974630882,-0.5023390298936318,-0.792035186872239,-0.8679464703652809,test
1719,Nanded,2023-11-01,-0.8278344410558137,-0.28969614327951343,-0.3656074267725554,-0.23399178803964527,test
1720,Nanded,2023-12-01,-1.1175306379212695,-0.07591122990709964,0.055704408825810514,0.4453237592591601,test
1721,Nanded,2024-01-01,-1.193441822947583,0.13161559385212396,0.5212349442854736,0.4214762596503112,test
1722,Nanded,2024-02-01,-1.061826251223036,0.3896193725609267,0.28986068792576436,0.18073054380650166,test
1723,Nanded,2024-03-01,-0.6722069063810396,-0.09975865691623209,-0.2088888010354948,-0.15998575299701212,test
1724,Nanded,2024-04-01,-0.7719655481623087,-0.10913015925422576,-0.06022711121574309,-0.6236565860463705,test
1725,Nanded,2024-05-01,-0.8810956841721126,0.048903024794060834,-0.5145264500365666,-0.2264080876098088,test
1726,Nanded,2024-06-01,-0.8321926544860442,-0.563429479722635,-0.2753111172958772,-0.24285054696048902,test
1727,Nanded,2024-07-01,-1.395622172836933,0.2881184010550115,0.3205789713903997,0.2975846915289495,test
1728,Nanded,2024-08-01,-1.107503818964886,0.03246061751835283,0.009466337656902635,0.04834942767612871,test
1729,Nanded,2024-09-01,-1.0750431446311737,-0.022994336676809723,0.01588875334241635,-0.02816813905260318,test
1730,Parbhani,2003-12-01,0.3890510725992382,-0.028291516305750664,0.03462982892816657,0.16520006179636115,train
1731,Parbhani,2004-01-01,0.3607595705125567,0.06292133101484809,0.19349156388304267,-0.028397276315474174,train
1732,Parbhani,2004-02-01,0.423680893299871,0.13057024109572835,-0.0913185991027885,-0.8127807296493583,train
1733,Parbhani,2004-03-01,0.5542511145596272,-0.22188882036254465,-0.9433509509091145,-0.8099598388199574,train
1734,Parbhani,2004-04-01,0.3323622996744659,-0.7214621360239533,-0.5880710239347962,0.7888061945500824,train
1735,Parbhani,2004-05-01,-0.3890998277190582,0.133391103458728,1.5102683219436066,1.294039240789737,train
1736,Parbhani,2004-06-01,-0.2557087288772567,1.376877223101805,1.1606481419479353,1.0369458542739851,train
1737,Parbhani,2004-07-01,1.121168452271886,-0.2162290392012074,-0.3399313268751576,-0.2668976364225819,train
1738,Parbhani,2004-08-01,0.9049394076093048,-0.12370228221257629,-0.0506685917600006,-0.5121917669995636,train
1739,Parbhani,2004-09-01,0.7812371054343826,0.07303371041492157,-0.3884894648246414,-0.14408783108516998,train
1740,Parbhani,2004-10-01,0.8542707985628281,-0.46152315795308685,-0.2171215242136154,-0.36173407494908905,train
1741,Parbhani,2004-11-01,0.3927476534362908,0.24440162091292184,0.0997890701774482,0.20687328486479561,train
1742,Parbhani,2004-12-01,0.6371492607006625,-0.14461253708692345,-0.03752832239957604,-0.1925751728424624,train
1743,Parbhani,2005-01-01,0.4925367213962997,0.1070842169047867,-0.04796263353809965,-0.6546621300457443,train
1744,Parbhani,2005-02-01,0.5996209179704224,-0.1550468301122223,-0.761746326619867,-0.3959390913789307,train
1745,Parbhani,2005-03-01,0.4445740766986309,-0.6066994853480755,-0.24089225010713922,0.027356725169807805,train
1746,Parbhani,2005-04-01,-0.1621254148456747,0.36580724143716636,0.6340562167141134,0.6626187624904806,train
1747,Parbhani,2005-05-01,0.2036818257836029,0.26824897608483583,0.296811521861203,0.04650890907967836,train
1748,Parbhani,2005-06-01,0.4719307951927229,0.028562552452083,-0.22174006032944166,-0.8178714447021529,train
1749,Parbhani,2005-07-01,0.5004933646169087,-0.2503026297536275,-0.8464340141263387,-1.2553053667989156,train
1750,Parbhani,2005-08-01,0.2501907450394814,-0.5961313945489113,-1.0050027472214882,-0.9098026258187477,train
1751,Parbhani,2005-09-01,-0.3459406642138532,-0.4088713379681536,-0.31367121656541314,-0.28522758205537285,train
1752,Parbhani,2005-10-01,-0.7548119821284999,0.09520010134923351,0.1236437358592738,0.5133682735894908,train
1753,Parbhani,2005-11-01,-0.6596119052994883,0.028443659030262247,0.4181681967604792,0.3935817427266276,train
1754,Parbhani,2005-12-01,-0.6311682215483027,0.38972451300929356,0.36513805897544194,-0.2247402319162054,train
1755,Parbhani,2006-01-01,-0.2414437081125411,-0.024586454460319623,-0.6144647453519669,-0.1890554581376878,train
1756,Parbhani,2006-02-01,-0.2660301586883443,-0.5898782947761638,-0.1644690075618846,-0.25724813730546064,train
1757,Parbhani,2006-03-01,-0.855908462650666,0.4254092964004371,0.33263016665686107,0.7883108573626373,train
1758,Parbhani,2006-04-01,-0.4304991798651775,-0.09277911612862744,0.3629015745771488,-0.20812590548867382,train
1759,Parbhani,2006-05-01,-0.5232783007126488,0.4556806954246201,-0.11534678464120252,-0.036868388702329224,train
1760,Parbhani,2006-06-01,-0.067597607869068,-0.5710274774847833,-0.49254908154591004,-0.824485858183941,train
1761,Parbhani,2006-07-01,-0.6386250853423054,0.07847839592732742,-0.2534583807107036,-0.17721325160227464,train
1762,Parbhani,2006-08-01,-0.5601466984965738,-0.3319367675564352,-0.25569163844800624,-0.13472115085340175,train
1763,Parbhani,2006-09-01,-0.8920834856229893,0.07624514867840926,0.19721563627301375,0.6643410073715321,train
1764,Parbhani,2006-10-01,-0.8158383538418411,0.12097050449186553,0.5880958755903839,0.41238115927511443,train
1765,Parbhani,2006-11-01,-0.6948678335565561,0.4671253553050989,0.29141063898982944,0.5511760553735727,train
1766,Parbhani,2006-12-01,-0.2277424743298542,-0.17571472023687248,0.0840506961468708,0.08990761245527382,train
1767,Parbhani,2007-01-01,-0.4034571930367583,0.2597654148537749,0.2656223311621779,0.3514255307216281,train
1768,Parbhani,2007-02-01,-0.1436917755052576,0.005856913630677224,0.09166011319012737,0.20681176066846943,train
1769,Parbhani,2007-03-01,-0.1378348617666228,0.08580319945149256,0.20095484692983462,-0.18199823807544874,train
1770,Parbhani,2007-04-01,-0.0520316628609608,0.11515164802417263,-0.26780143698111075,-0.7783112855757762,train
1771,Parbhani,2007-05-01,0.063119987708989,-0.3829530875510605,-0.893462936145726,-0.6278716127700241,train
1772,Parbhani,2007-06-01,-0.3198331098595287,-0.5105098385772084,-0.24491851520150648,0.24317328143507494,train
1773,Parbhani,2007-07-01,-0.8303429637966057,0.2655913387355705,0.7536831353721519,1.023237929206838,train
1774,Parbhani,2007-08-01,-0.5647516408326497,0.488091812408196,0.7576466062428823,0.7546985754134526,train
1775,Parbhani,2007-09-01,-0.0766598257939673,0.26955479120419984,0.2666067603747702,0.5767893466870642,train
1776,Parbhani,2007-10-01,0.1928949708364374,-0.002948036255634473,0.30723455005665956,0.09136911684056456,train
1777,Parbhani,2007-11-01,0.1899469413308289,0.310182579562268,0.09431714634617305,-0.15275307302156949,train
1778,Parbhani,2007-12-01,0.5001295224595829,-0.2158654347825809,-0.46293565415032345,-0.8333131686616703,train
1779,Parbhani,2008-01-01,0.2842640903186963,-0.2470702220094369,-0.6174477365207838,-0.5765318896961378,train
1780,Parbhani,2008-02-01,0.0371938684374636,-0.370377514639551,-0.329461667814905,-0.050606299319917517,train
1781,Parbhani,2008-03-01,-0.3331836354871357,0.04091583610969429,0.3197712046046818,1.219786096825179,train
1782,Parbhani,2008-04-01,-0.2922677902125255,0.2788553593300716,1.1788702515505687,1.865350594892396,train
1783,Parbhani,2008-05-01,-0.0134124308584063,0.9000148921964495,1.5864952355382769,0.7443885355947344,train
1784,Parbhani,2008-06-01,0.8866024330729975,0.6864803716068731,-0.15562632833666934,-0.6494072244042887,train
1785,Parbhani,2008-07-01,1.573082769387789,-0.8421066646514608,-1.33588756071908,-1.1459296290813161,train
1786,Parbhani,2008-08-01,0.7309761149068296,-0.49378090623812076,-0.3038229746003568,-0.42337007347540256,train
1787,Parbhani,2008-09-01,0.2371952037940073,0.18995793651246548,0.0704108376374197,0.23939915488862515,train
1788,Parbhani,2008-10-01,0.4271531465459876,-0.11954710511456063,0.04944121213664482,-0.004752195160489581,train
1789,Parbhani,2008-11-01,0.3076060415334744,0.16898831714915807,0.11479490985202367,0.37634491910266454,train
1790,Parbhani,2008-12-01,0.4765943684364019,-0.05419341705090386,0.207356592199737,-0.09988648674733025,train
1791,Parbhani,2009-01-01,0.4224009409433717,0.2615500196927672,-0.04569305925430006,-0.2040210410839433,train
1792,Parbhani,2009-02-01,0.6839509882091593,-0.3072431065200877,-0.46557108834973093,-0.9373862423061442,train
1793,Parbhani,2009-03-01,0.376707881374233,-0.1583279815148046,-0.6301431354712179,-0.036631703061931364,train
1794,Parbhani,2009-04-01,0.2183799036725998,-0.47181515776958466,0.12169627463970184,-0.6630500742181777,train
1795,Parbhani,2009-05-01,-0.2534352576759143,0.5935114359882159,-0.1912349128696637,0.5096013879802508,train
1796,Parbhani,2009-06-01,0.340076188065951,-0.7847463586115291,-0.08391005776161448,-0.030441353537981664,train
1797,Parbhani,2009-07-01,-0.4446701792356247,0.7008363095399612,0.754305013763594,0.7292080906507248,train
1798,Parbhani,2009-08-01,0.2561661274157624,0.05346870711220697,0.028371783999337707,-0.3672282592378716,train
1799,Parbhani,2009-09-01,0.3096348395471069,-0.025096928132006813,-0.42069697136921613,-0.4391321143035385,train
1800,Parbhani,2009-10-01,0.2845379211068038,-0.39560005292891304,-0.4140351958632354,-0.6143722631096724,train
1801,Parbhani,2009-11-01,-0.1110621299576348,-0.01843514479879678,-0.21877221204523384,0.37787871621366204,train
1802,Parbhani,2009-12-01,-0.1294972791550871,-0.20033706284778155,0.39631386541111435,0.4437366022942778,train
1803,Parbhani,2010-01-01,-0.3298343300119291,0.5966509162679563,0.6440736531511198,0.6164259194627653,train
1804,Parbhani,2010-02-01,0.2668165985171645,0.04742272462202618,0.019774990933671688,-0.22062254805611065,train
1805,Parbhani,2010-03-01,0.3142393197066211,-0.02764773025578493,-0.26804526924556726,-0.44926252617901796,train
1806,Parbhani,2010-04-01,0.2865915993923308,-0.24039754893127696,-0.42161480586472766,-1.3369866112941864,train
1807,Parbhani,2010-05-01,0.0461940498741871,-0.18121725634658395,-1.0965890617760425,-1.040235433140636,train
1808,Parbhani,2010-06-01,-0.1350232010902306,-0.9153718108116249,-0.8590181821762184,-1.1910875195442299,train
1809,Parbhani,2010-07-01,-1.050394964167899,0.05635358090144993,-0.27571575646656155,-0.15885083680408596,train
1810,Parbhani,2010-08-01,-0.994041367779952,-0.33206935285450845,-0.21520443319203286,-0.4344063556087199,train
1811,Parbhani,2010-09-01,-1.3261107251999265,0.11686492422794159,-0.10233699818874542,0.031095986163366396,train
1812,Parbhani,2010-10-01,-1.209245814692908,-0.21920190869576395,-0.08576892434365213,0.2050225871919924,train
1813,Parbhani,2010-11-01,-1.428447705719057,0.13343296668249693,0.42422447821814147,0.45221565386969176,train
1814,Parbhani,2010-12-01,-1.295014776652764,0.29079154915184846,0.31878272480339875,0.7407203692850577,train
1815,Parbhani,2011-01-01,-1.0042232784892011,0.027991226639835887,0.4499288711214948,-0.13430196908465142,train
1816,Parbhani,2011-02-01,-0.9762320288695606,0.4219376215018543,-0.16229321870429192,0.2573292621650013,train
1817,Parbhani,2011-03-01,-0.5542943861806929,-0.5842308613931596,-0.1646083805238664,0.4064063068950713,train
1818,Parbhani,2011-04-01,-1.1385251977244846,0.41962243101992525,0.9906371184388629,0.7939697303573123,train
1819,Parbhani,2011-05-01,-0.7189027387186163,0.5710146594329947,0.3743472713514441,-0.12999626812495058,train
1820,Parbhani,2011-06-01,-0.147888084860932,-0.19666738250624025,-0.7010109219826349,-0.4045126233376154,train
1821,Parbhani,2011-07-01,-0.3445554667732501,-0.5043435400703168,-0.20784524142529726,0.20676048040602446,train
1822,Parbhani,2011-08-01,-0.8488990338956786,0.2964983256971312,0.7111040475284529,0.9847101839696837,train
1823,Parbhani,2011-09-01,-0.5524006914934688,0.4146057051262432,0.688211841567474,0.6136964057228141,train
1824,Parbhani,2011-10-01,-0.1377949892116249,0.27360613928563005,0.1990907034409702,0.11879947879738215,train
1825,Parbhani,2011-11-01,0.13581115688096,-0.07451544265161467,-0.15480666729520273,-0.27833545888672784,train
1826,Parbhani,2011-12-01,0.0612957139171478,-0.08029122433139055,-0.20382001592291563,0.026340935691464264,train
1827,Parbhani,2012-01-01,-0.0189955105812911,-0.12352879142447673,0.10663216018990315,0.2055903842480544,train
1828,Parbhani,2012-02-01,-0.1425242971189274,0.23016094672753945,0.3291191707856907,0.3626162956960453,train
1829,Parbhani,2012-03-01,0.0876366523311392,0.09895822133562411,0.1324553462459787,0.3068499835922464,train
1830,Parbhani,2012-04-01,0.1865948744161767,0.03349712416094122,0.20789176150720892,-0.12380432412463846,train
1831,Parbhani,2012-05-01,0.2200919951211865,0.17439464080219913,-0.15730144482964825,-0.11648377430552792,train
1832,Parbhani,2012-06-01,0.3944866416914481,-0.33169609139990985,-0.2908784208757895,-0.13672221283745944,train
1833,Parbhani,2012-07-01,0.0627905499785133,0.04081767083714527,0.19497387887547535,0.4112898934037499,train
1834,Parbhani,2012-08-01,0.1036082211647126,0.15415620768927604,0.3704722222175506,0.22815495694541008,train
1835,Parbhani,2012-09-01,0.2577644265446846,0.21631601683757856,0.07399875156543806,0.06320193640850141,train
1836,Parbhani,2012-10-01,0.4740804487870007,-0.142317270676878,-0.15311408583381464,-0.021495615880277652,train
1837,Parbhani,2012-11-01,0.3317631861575007,-0.010796823204314687,0.1208216467492223,0.3689515808217168,train
1838,Parbhani,2012-12-01,0.3209663669252354,0.13161846598148763,0.37974840005398214,0.318033929667477,train
1839,Parbhani,2013-01-01,0.4525848300080133,0.24812993697120422,0.1864154665846991,-0.15250155039833313,train
1840,Parbhani,2013-02-01,0.7007147545171463,-0.06171445792443386,-0.4006314749074661,-0.2869212204766952,train
1841,Parbhani,2013-03-01,0.6390002820913724,-0.3389170024816922,-0.22520674805092133,-1.1603237841551235,train
1842,Parbhani,2013-04-01,0.3000832916102371,0.11371024243021394,-0.8214067936739884,-1.5268550039133988,train
1843,Parbhani,2013-05-01,0.4137935469225571,-0.9351170489863083,-1.6405652592257187,-1.3140102455691025,train
1844,Parbhani,2013-06-01,-0.5213235259139012,-0.7054481863892604,-0.3788931727326442,-0.5783651232636501,train
1845,Parbhani,2013-07-01,-1.2267717220592245,0.32655502341267906,0.1270830728816732,0.08901465914723716,train
1846,Parbhani,2013-08-01,-0.9002166746732954,-0.1994719745042559,-0.23754038823869195,-0.01924707902696099,train
1847,Parbhani,2013-09-01,-1.0996886384373743,-0.038068424474613005,0.18022488473711795,-0.12843013883771115,train
1848,Parbhani,2013-10-01,-1.137757086300797,0.21829333260054073,-0.09036169097428837,0.28399177744383297,train
1849,Parbhani,2013-11-01,-0.9194637623227244,-0.30865501495236103,0.06569845346576031,-0.2288319978319997,train
1850,Parbhani,2013-12-01,-1.2281187738340331,0.374353464977069,0.079823013679309,-0.5791956220705079,train
1851,Parbhani,2014-01-01,-0.8537653215424702,-0.2945304386122539,-0.9535490743620708,-0.18469695968464162,train
1852,Parbhani,2014-02-01,-1.1482957561225664,-0.6590186397819746,0.10983347489545459,0.3724415261955034,train
1853,Parbhani,2014-03-01,-1.807314388204988,0.7688521069778762,1.031460158277925,1.6056339812769256,train
1854,Parbhani,2014-04-01,-1.0384622326032562,0.2626080026761932,0.8367818256751938,1.194592382563774,train
1855,Parbhani,2014-05-01,-0.775854237064464,0.5741738301364016,0.9319843870249819,1.3025145602074693,train
1856,Parbhani,2014-06-01,-0.2016804091257112,0.35781055908622905,0.7283407322687165,0.6352425686639802,train
1857,Parbhani,2014-07-01,0.1561301502348761,0.3705301729081293,0.27743200930339296,0.940331384265246,train
1858,Parbhani,2014-08-01,0.5266603071298473,-0.0930981475915783,0.5698012273702747,0.38610442093945807,train
1859,Parbhani,2014-09-01,0.4335621582060984,0.6628993762940236,0.47920256986320703,0.28588217630089013,train
1860,Parbhani,2014-10-01,1.0964615501776669,-0.18369682210836147,-0.37701721567067836,-0.9362886406794522,train
1861,Parbhani,2014-11-01,0.9127647521521224,-0.19332041764513386,-0.7525918426539077,-0.4580689611460341,train
1862,Parbhani,2014-12-01,0.7194443183404089,-0.5592714088421942,-0.26474852733432064,-0.5862481134396673,train
1863,Parbhani,2015-01-01,0.1601729066539415,0.2945228843521468,-0.02697670175319991,-0.3687110216785081,train
1864,Parbhani,2015-02-01,0.4546957804784523,-0.32149957557771075,-0.663233895503019,-0.3100548430309044,train
1865,Parbhani,2015-03-01,0.1331961999596682,-0.34173431498423484,0.01144473748787972,-0.2622203330458727,train
1866,Parbhani,2015-04-01,-0.2085381201832124,0.3531790576307603,0.07951398709700788,1.7701585940449067,train
1867,Parbhani,2015-05-01,0.144640932971244,-0.27366506605744856,1.4169795408904504,1.255359877651925,train
1868,Parbhani,2015-06-01,-0.1290241280340662,1.6906446018957606,1.5290249386572352,1.645550111844491,train
1869,Parbhani,2015-07-01,1.5616205293567622,-0.16161971873359327,-0.045094545546337406,0.0215950649349248,train
1870,Parbhani,2015-08-01,1.4000008227888046,0.11652516102162025,0.18321477150288246,-0.015027535206407094,train
1871,Parbhani,2015-09-01,1.516525984904362,0.06668960938732504,-0.1315526973219645,0.13835024724285483,train
1872,Parbhani,2015-10-01,1.583215547368299,-0.1982422597859015,0.07166068477891785,-0.19046957568861145,train
1873,Parbhani,2015-11-01,1.384973247981148,0.2699029841660687,0.00777272369853943,-0.22896285865314514,train
1874,Parbhani,2015-12-01,1.6548762815684577,-0.2621303098887702,-0.49886589224045474,-0.8558300631732245,train
1875,Parbhani,2016-01-01,1.3927459931527837,-0.23673560382478076,-0.5936997747575505,-0.7478246903573735,train
1876,Parbhani,2016-02-01,1.1560103492228218,-0.3569641308275886,-0.5110890464274116,-0.6563722090212532,train
1877,Parbhani,2016-03-01,0.7990461926152598,-0.15412488981984962,-0.2994080524136912,-0.37978461787008155,train
1878,Parbhani,2016-04-01,0.6449212958377966,-0.14528315563622796,-0.22565972109261834,-0.35366006989899956,train
1879,Parbhani,2016-05-01,0.4996381284463155,-0.08037655370113728,-0.2083769025075185,-0.5583505028652894,train
1880,Parbhani,2016-06-01,0.4192615755986147,-0.1280003496598177,-0.47797395001758863,-0.8544699558209352,train
1881,Parbhani,2016-07-01,0.2912612302536017,-0.3499736046725756,-0.7264696104759223,-0.8970917804473884,train
1882,Parbhani,2016-08-01,-0.058712374226673,-0.3764960059956476,-0.5471181759671137,-0.5189796576336786,train
1883,Parbhani,2016-09-01,-0.4352083776687558,-0.1706221725250308,-0.14248365419159575,-0.1557714964653079,train
1884,Parbhani,2016-10-01,-0.6058305529416425,0.02813852108129089,0.014850678807578732,0.1397064355672223,train
1885,Parbhani,2016-11-01,-0.5776920098319057,-0.013287864302158003,0.11156789245748555,0.09748814287328755,train
1886,Parbhani,2016-12-01,-0.5909798462500631,0.12485572887564289,0.11077597929144489,0.44698877824450123,train
1887,Parbhani,2017-01-01,-0.4661241221630703,-0.014079744795547855,0.3221330541575085,0.7716625976765286,train
1888,Parbhani,2017-02-01,-0.4802038785516124,0.33621281054605057,0.7857423540650706,0.8833659705220561,train
1889,Parbhani,2017-03-01,-0.1439910613684748,0.4495295368819331,0.5471531533389186,-0.2510966277928258,train
1890,Parbhani,2017-04-01,0.3055384636599156,0.09762362831052812,-0.7006261528212163,-0.8750691295343969,train
1891,Parbhani,2017-05-01,0.4031620904505141,-0.7982497796118148,-0.9726927563249953,-0.07193961587547137,train
1892,Parbhani,2017-06-01,-0.3950877033341518,-0.17444296254032943,0.7263101779091945,0.8413443707097163,train
1893,Parbhani,2017-07-01,-0.5695306814906935,0.9007531560657362,1.015787348866258,0.3415591127870421,train
1894,Parbhani,2017-08-01,0.3312224809985779,0.1150341863769867,-0.5591940497022293,-0.3368153082180939,train
1895,Parbhani,2017-09-01,0.4462566653431191,-0.6742282340467705,-0.4518494925626351,-0.5507015789092315,train
1896,Parbhani,2018-01-01,0.3482738037675578,-0.7186742623418528,-0.5005867977708537,-0.5748248298734385,val
1897,Parbhani,2018-02-01,-0.3704004664298079,0.218087472426512,0.14384944032392716,0.24390561174116349,val
1898,Parbhani,2018-03-01,-0.152312997758286,-0.07423802834759474,0.025818143069641586,-0.8661580048204494,val
1899,Parbhani,2018-04-01,-0.2265510272931105,0.10005617260446609,-0.7919199752856249,-0.9407506275225633,val
1900,Parbhani,2018-05-01,-0.1264948485791472,-0.8919761539995882,-1.0408068062365265,-0.6143076778948519,val
1901,Parbhani,2018-06-01,-1.0184710110414958,-0.14883064377417798,0.2776684845674968,1.6172381724108196,val
1902,Parbhani,2018-07-01,-1.1673016149627735,0.4264990884887745,1.7660687763320972,2.621397693835454,val
1903,Parbhani,2018-08-01,-0.7408025061348109,1.3395696675041346,2.1948985850074916,2.051018932984176,val
1904,Parbhani,2018-09-01,0.5987671345808754,0.8553289442918053,0.7114492922684899,0.44377091225597765,val
1905,Parbhani,2018-10-01,1.454096120189701,-0.14387969334033568,-0.4115580733528479,-0.5694784339180334,val
1906,Parbhani,2018-11-01,1.310216433691597,-0.2676783868547439,-0.4255987474199294,-0.5462100574251174,val
1907,Parbhani,2018-12-01,1.0425380051840314,-0.1579203189123639,-0.2785316289175519,-0.04404087669739809,val
1908,Parbhani,2019-01-01,0.8846177021766781,-0.12061132591019863,0.11387942630995518,-0.3646063963676571,val
1909,Parbhani,2019-02-01,0.7640063636117483,0.23449076487488496,-0.24399505780272734,-0.37482168005042327,val
1910,Parbhani,2019-03-01,0.998497120624248,-0.478485814815227,-0.6093124370629229,-0.6032317500168719,val
1911,Parbhani,2019-04-01,0.5200113084790295,-0.13082662491770447,-0.12474593787165345,0.22496884794263183,val
1912,Parbhani,2019-05-01,0.3891846806485596,0.006080689958816499,0.3557954757731018,-0.10837062902044681,val
1913,Parbhani,2019-06-01,0.3952653793843011,0.34971477703736026,-0.11445132775618833,-0.7159498123676995,val
1914,Parbhani,2019-07-01,0.7449801646024284,-0.46416611297431565,-1.065664597585827,-1.4244133911878167,val
1915,Parbhani,2019-08-01,0.2808140500957177,-0.6014984830791161,-0.9602472766811059,-1.699704883950393,val
1916,Parbhani,2019-09-01,-0.3206844357943373,-0.3587487907910509,-1.098206398060338,-0.7688679667020006,val
1917,Parbhani,2019-10-01,-0.6794332112435431,-0.7394576226111322,-0.41011919125279483,-0.7463145409460932,val
1918,Parbhani,2019-11-01,-1.4188908062980197,0.3293384038016818,-0.0068569458916165615,0.0563845358893893,val
1919,Parbhani,2019-12-01,-1.0895523628580794,-0.3361953893315568,-0.27295390755055093,-0.2861670652043595,val
1920,Parbhani,2020-01-01,-1.4257477766874127,0.06324150627878233,0.05002834862497374,0.5803251511457257,val
1921,Parbhani,2020-02-01,-1.362506326920526,-0.013213101141912986,0.517083701378839,0.8669994442529845,val
1922,Parbhani,2020-03-01,-1.3757193800467904,0.5302967545051034,0.8802124973792489,0.5721729513663705,val
1923,Parbhani,2020-04-01,-0.8454226325421935,0.349915749874652,0.0418762038617736,-0.7292271782488221,val
1924,Parbhani,2020-05-01,-0.495506886850483,-0.3080395418299369,-1.0791429239405326,-0.7786893802775077,val
1925,Parbhani,2020-06-01,-0.8035464134317664,-0.7711033973592493,-0.47064985369622436,-0.03232897852837768,val
1926,Parbhani,2020-07-01,-1.5746498690130772,0.3004536018850865,0.7387744770529332,0.14244252305055283,val
1927,Parbhani,2020-08-01,-1.2741962338372954,0.43832084187715137,-0.158011112125229,-0.12529853335173047,val
1928,Parbhani,2020-09-01,-0.8358753699758558,-0.5963319759866686,-0.5636193972131701,-0.4571343880197497,val
1929,Parbhani,2020-10-01,-1.4322072893746467,0.03271252218562082,0.13919753137904123,0.8934755355485053,val
1930,Parbhani,2020-11-01,-1.3994948193689407,0.10648506137333524,0.8607630655427994,0.5758424923082412,val
1931,Parbhani,2020-12-01,-1.293009767682472,0.7542780138563308,0.46935744062177265,0.5192472435545119,val
1932,Parbhani,2021-01-01,-0.5387317789905026,-0.28492054807019684,-0.2350307451374576,-0.3531947480328128,test
1933,Parbhani,2021-02-01,-0.8236523217001103,0.04988979757215006,-0.06827420532320516,-0.14370155870531576,test
1934,Parbhani,2021-03-01,-0.7737625413791555,-0.11816398564415997,-0.19359133902627057,-0.7704248851879222,test
1935,Parbhani,2021-04-01,-0.8919265554475824,-0.07542732495784366,-0.6522608711194953,0.011909632496837741,test
1936,Parbhani,2021-05-01,-0.9673538873722124,-0.5768335391948652,0.08733696442146777,-0.08227901954154493,test
1937,Parbhani,2021-06-01,-1.5441874654159191,0.6641705424651745,0.4945545585021618,0.3355405719146374,test
1938,Parbhani,2021-07-01,-0.8800168976265531,-0.16961600928720422,-0.32862999587472863,-0.4904400363486666,test
1939,Parbhani,2021-08-01,-1.0496329239589148,-0.1590139695423669,-0.3208240100163049,-0.1465475388783044,test
1940,Parbhani,2021-09-01,-1.2086468378009367,-0.161810096174283,0.012466374963717497,0.2518416682185698,test
1941,Parbhani,2021-10-01,-1.3704569514987497,0.17427648866153045,0.41365178191638274,-0.10823605692410188,test
1942,Parbhani,2021-11-01,-1.1961804643070906,0.23937529472472363,-0.282512544115761,-0.14953148218033618,test
1943,Parbhani,2021-12-01,-0.9568051474371906,-0.521887860985661,-0.3889067990502362,0.0194259660521503,test
1944,Parbhani,2022-01-01,-1.4786930401583829,0.13298109367095612,0.5413138587733426,0.5507295449038663,test
1945,Parbhani,2022-02-01,-1.345711925682214,0.4083327442971738,0.4177484304276975,0.37970809048095067,test
1946,Parbhani,2022-03-01,-0.9373791764295824,0.009415681175065749,-0.028624658771681077,0.08115636806852888,test
1947,Parbhani,2022-04-01,-0.9279635234389664,-0.03804031176229705,0.07174071507791291,-1.4934060291733382,test
1948,Parbhani,2022-05-01,-0.9660038282758996,0.10978101991484612,-1.455365724336405,-1.2297330567949012,test
1949,Parbhani,2022-06-01,-0.8562227928656879,-1.5651467597466167,-1.3395140922051127,-0.7480352675896343,test
1950,Parbhani,2022-07-01,-2.4213694834080344,0.2256325983372336,0.8171114229527121,1.0234026216831809,test
1951,Parbhani,2022-08-01,-2.195736841667036,0.5914787812117139,0.7977699799421827,1.0926751656416456,test
1952,Parbhani,2022-09-01,-1.6042581122252335,0.20629125050038,0.5011964361998429,0.4795463602873673,test
1953,Parbhani,2022-10-01,-1.3979668481332947,0.2949051721079041,0.27325509619542854,-0.05363608765772088,test
1954,Parbhani,2022-11-01,-1.1030616757383,-0.02165007619956616,-0.3485412600527156,-0.2639529707918513,test
1955,Parbhani,2022-12-01,-1.1247117365565182,-0.3268911992344974,-0.24230290997363313,-0.45651330101824983,test
1956,Parbhani,2023-01-01,-1.4516028978121842,0.08458825128203284,-0.12962213976258385,-0.33022586328858483,test
1957,Parbhani,2023-02-01,-1.36701460733448,-0.21421043024028807,-0.41481415376628905,0.14746960058246583,test
1958,Parbhani,2023-03-01,-1.581225050264796,-0.20060371083597306,0.3616800435127818,1.153456849628886,test
1959,Parbhani,2023-04-01,-1.7818288137522895,0.5622838070002754,1.3540606131163795,-0.007712907591704621,test
1960,Parbhani,2023-05-01,-1.219544978918772,0.791776778282862,-0.5699967424252221,0.4202927668711951,test
1961,Parbhani,2023-06-01,-0.427768211128624,-1.36177351021537,-0.3714840009189529,-0.32314618372687526,test
1962,Parbhani,2023-07-01,-1.789541674915377,0.9902894628678001,1.0386272800598777,1.7010472623143829,test
1963,Parbhani,2023-08-01,-0.799252225269668,0.048337830414168725,0.7107578126686739,0.4650084806579279,test
1964,Parbhani,2023-09-01,-0.750914368990338,0.6624199563893439,0.4166706243785979,0.10016945398179311,test
1965,Parbhani,2023-10-01,-0.0884944101966994,-0.2457493344150407,-0.5622505048118456,-1.3325494626365526,test
1966,Parbhani,2023-11-01,-0.3342437557316051,-0.31650115927693984,-1.0868001171016468,-0.8141923137569202,test
1967,Parbhani,2023-12-01,-0.6507449186805063,-0.7702989541527456,-0.49769115080801907,-0.20403068890540066,test
1968,Parbhani,2024-01-01,-1.4210438621714268,0.27260779268290136,0.5662682545855198,0.46440582401301,test
1969,Parbhani,2024-02-01,-1.1484360153538,0.29366040776789304,0.19179797719538327,0.4260067398411047,test
1970,Parbhani,2024-03-01,-0.8547756365491971,-0.10186240160921967,0.13234636103650177,-0.22534993374804413,test
1971,Parbhani,2024-04-01,-0.9566380653737768,0.2342087898610815,-0.12348750492346439,-0.9230126466394678,test
1972,Parbhani,2024-05-01,-0.7224292910695387,-0.35769627922770253,-1.157221420943706,-0.7967547022699999,test
1973,Parbhani,2024-06-01,-1.0801255619896222,-0.7995251500236225,-0.4390584313499164,-0.04208422537915224,test
1974,Parbhani,2024-07-01,-1.8796507699948048,0.3604667766552663,0.7574409826260304,1.035234628484795,test
1975,Parbhani,2024-08-01,-1.5191839377274734,0.396974150358699,0.6747677962174636,0.5855248014321548,test
1976,Parbhani,2024-09-01,-1.1222098342061504,0.2777936926961406,0.1885506979108318,0.0650508872151836,test
