district,date,year,month,split,spi_stress_z,soil_stress_z,ndvi_stress_z,lst_stress_z,groundwater_stress_z,surface_water_stress_z,groundwater_stale_flag,months_since_last_gw_obs,ndvi_imputed,lst_imputed,wsi,wsi_category
Beed,2003-01-01,2003,1,train,0.5963254138136183,0.5779355387905349,0.8724393079312074,0.7652455344550309,-0.31857697095790266,0.7490143936027104,0,0,0,0,0.5403972029391998,Moderate Stress
Beed,2003-02-01,2003,2,train,-0.5947417866035525,0.46408591413680833,0.7112095225612606,1.2089962341360707,-0.31857697095790266,0.277721206593004,0,1,0,0,0.2914490199776147,Normal
Beed,2003-03-01,2003,3,train,-0.8608059697984267,0.4785479567679644,0.71998606725124,0.602237772824925,-0.15852059506797625,0.06852809776256404,0,0,0,0,0.14166222162338177,Normal
Beed,2003-04-01,2003,4,train,-0.26394248448636126,0.3605349944816012,0.4475409676186356,0.9780814649972779,-0.15852059506797625,-0.61758810791446,0,1,0,0,0.12435103993811956,Normal
Beed,2003-05-01,2003,5,train,0.35194380674308795,0.3312711313400595,0.685743603768453,0.7015548545465051,-0.11169678890046104,-0.251797618960621,0,0,0,0,0.2845031647561706,Normal
Beed,2003-06-01,2003,6,train,0.9103470916912106,0.26528645211627555,1.1264632220945554,1.8732812200107478,-0.11169678890046104,0.2836584173167132,0,1,0,0,0.7245566023881737,Moderate Stress
Beed,2003-07-01,2003,7,train,0.39313690814511965,-0.20038047355678887,2.261157767053702,2.1289722526626993,-0.11169678890046104,1.0160903822956078,0,2,0,0,0.9145466746166466,Moderate Stress
Beed,2003-08-01,2003,8,train,0.4014419769793415,0.10938898842678971,1.6075211277957888,0.12724463142195738,-0.11169678890046104,1.0009853617815407,0,3,0,0,0.5224808829174928,Moderate Stress
Beed,2003-09-01,2003,9,train,0.45466705786118566,1.173623542439949,1.4573725653810983,1.1555266379519522,1.9854694527177421,1.0598098430792786,0,0,0,0,1.2144115165718679,Moderate Stress
Beed,2003-10-01,2003,10,train,1.526294222337555,1.5934340635150144,0.8372516914702232,1.5056244816984998,2.037696005750741,1.5951240481780775,0,0,0,0,1.515904085491685,Severe Stress
Beed,2003-11-01,2003,11,train,1.742235767448316,1.580643694689061,1.0518532825061837,1.695105402031141,2.037696005750741,1.5866929725651138,0,1,0,0,1.6157045208317593,Severe Stress
Beed,2003-12-01,2003,12,train,1.8505065740204,1.3864073943067907,1.329165537022638,1.2765138183434022,2.037696005750741,1.2543746417457313,0,2,0,0,1.5224439951982838,Severe Stress
Beed,2004-01-01,2004,1,train,1.19953635844839,1.100172122323084,1.4940582010029841,0.8526785090245076,1.352897840550809,0.5598470592305383,0,0,0,0,1.0931983484300523,Moderate Stress
Beed,2004-02-01,2004,2,train,0.9522646960742647,0.9611024422319349,1.1041249848399162,1.6950575653607949,1.352897840550809,-0.047013095929671,0,1,0,0,1.0030724055213414,Moderate Stress
Beed,2004-03-01,2004,3,train,1.1209078139536133,0.9712919901359304,1.0455569391047432,2.024917794764258,1.1280085022750923,-0.510438592285597,0,0,0,0,0.9633740746580065,Moderate Stress
Beed,2004-04-01,2004,4,train,-0.2359111595392965,0.8478556073452402,0.8772941940150581,1.1676239884822783,1.1280085022750923,-0.27547948602114636,0,1,0,0,0.5848986077595376,Moderate Stress
Beed,2004-05-01,2004,5,train,-1.327165586301587,0.6645357569045793,0.12963705599795702,-1.2199267703620034,0.4961122334663434,-1.1312100222071955,0,0,0,0,-0.3980028887503176,Normal
Beed,2004-06-01,2004,6,train,-0.22990294245988258,0.7531884329584878,-0.46595799574396984,-1.720750645062826,0.4961122334663434,-1.192922343890122,0,1,0,0,-0.3933722101219949,Normal
Beed,2004-07-01,2004,7,train,0.07644794428322044,1.7247314972959753,1.0209282546174767,0.9001503729277067,0.4961122334663434,0.26999928687272057,0,2,0,0,0.7480615982439072,Moderate Stress
Beed,2004-08-01,2004,8,train,1.7615986328491338,0.7323167219612844,1.0636046351787,-0.6807504002978728,0.4961122334663434,1.2213555554315971,0,3,0,0,0.7657062297648644,Moderate Stress
Beed,2004-09-01,2004,9,train,0.9098468458144556,1.493895901594891,0.265267130159055,0.05429699278736766,1.1412902549860695,1.282484793380541,0,0,0,0,0.85784698645373,Moderate Stress
Beed,2004-10-01,2004,10,train,1.4929954082621808,0.8048099139566969,-0.19823145647430462,-0.39388197285850307,0.5857077856522643,1.6307000354608165,0,0,0,0,0.6536832856665252,Moderate Stress
Beed,2004-11-01,2004,11,train,0.2972303682842844,0.8095809652188052,-0.7725763200837897,-0.6184963839483015,0.5857077856522643,1.404203522849005,0,1,0,0,0.2842749896620446,Normal
Beed,2004-12-01,2004,12,train,1.0225593002373856,0.9033167524486388,-0.2670135064437204,0.17315290058473054,0.5857077856522643,1.4657030977641277,0,2,0,0,0.6472377217072377,Moderate Stress
Beed,2005-01-01,2005,1,train,0.0326507766795537,0.7910331539228261,0.16414371757353408,-0.049719012643739215,1.150294833095207,1.33814565144594,0,0,0,0,0.5710915200122203,Moderate Stress
Beed,2005-02-01,2005,2,train,0.9067115980968417,0.7086807349224662,0.3023789003445014,0.7284240895588406,1.150294833095207,0.9744077748259089,0,1,0,0,0.7951496551406275,Moderate Stress
Beed,2005-03-01,2005,3,train,-0.32161893502655686,0.757138124787646,0.4522192692170593,1.0605229121676958,0.9254054948194904,0.7541045570101629,0,0,0,0,0.6046285704959162,Moderate Stress
Beed,2005-04-01,2005,4,train,-2.1061203017272754,0.6615746868624978,0.3399725676701371,-0.23520648021978702,0.9254054948194904,0.13346707875718145,0,1,0,0,-0.04681782563962594,Normal
Beed,2005-05-01,2005,5,train,-0.9333118905030061,0.5979274298556719,0.34896020818647044,1.4979103562096256,0.8675510804682799,-0.7094395550362524,0,0,0,0,0.27826627153013156,Normal
Beed,2005-06-01,2005,6,train,1.3666364777605238,0.9730685868013559,0.8694575186106338,0.272901163226949,0.8675510804682799,-0.8612146750894352,0,1,0,0,0.5814000252963845,Moderate Stress
Beed,2005-07-01,2005,7,train,-0.8780102608727761,0.8221767819646635,2.189078205264278,0.07588244198838365,0.8675510804682799,-1.0758604047835847,0,2,0,0,0.3334696406715407,Normal
Beed,2005-08-01,2005,8,train,-0.6531130585231306,-0.23351737064929842,1.5346003642898114,0.8051635837902276,0.8675510804682799,-1.1656040830021361,0,3,0,0,0.1925134193956256,Normal
Beed,2005-09-01,2005,9,train,-1.56959943897589,0.2812125772892443,0.8923255975223449,0.6848088747457979,0.2633438893451301,-1.3396782161251186,0,0,0,0,-0.13126445269974857,Normal
Beed,2005-10-01,2005,10,train,-1.080420126332032,0.16238646736891715,-0.39131964846318446,-0.14405510142649292,-0.2584714120794082,-1.3345171371283968,0,0,0,0,-0.5077328263434329,Wet
Beed,2005-11-01,2005,11,train,-1.1966278898674263,0.10954338694795109,0.11850483712473345,0.34088944638870483,-0.2584714120794082,-1.1620543637837801,0,1,0,0,-0.34136933254487084,Normal
Beed,2005-12-01,2005,12,train,-1.3294264659172113,0.24687290169035697,0.6577343635702942,0.025848574636107707,-0.2584714120794082,-0.9785799753278385,0,2,0,0,-0.2726703355712832,Normal
Beed,2006-01-01,2006,1,train,1.0664657769435903,0.18618538355591716,-0.10234456713705738,0.3292004316935943,-1.1458725847349422,-1.0124697474879845,0,0,0,0,-0.11313921786114704,Normal
Beed,2006-02-01,2006,2,train,0.34606962408817066,0.20878517168739127,-0.08015285990619729,0.5278424986593587,-1.1458725847349422,-0.6390991699923961,0,1,0,0,-0.13040455336643583,Normal
Beed,2006-03-01,2006,3,train,-0.5068541368723994,0.11386543181593524,-0.08029402081647023,-1.0189358640263058,-0.8642544043716551,-0.2919003846916294,0,0,0,0,-0.4413955631604207,Normal
Beed,2006-04-01,2006,4,train,0.09458691028033533,0.16691800101173487,-0.005044363323480942,-0.11243425542659606,-0.8642544043716551,-0.08046161553437164,0,1,0,0,-0.13344828789400562,Normal
Beed,2006-05-01,2006,5,train,-1.5097529099810891,0.1215454102553352,-0.3157868032444029,-0.41524429628619525,0.15844055437367444,-0.04224205267392258,0,0,0,0,-0.3338400162594333,Normal
Beed,2006-06-01,2006,6,train,-0.8532960052817342,-0.019925747968944,-0.6798211909470154,-0.09259074811141958,0.15844055437367444,0.20594675074395194,0,1,0,0,-0.2135410645319145,Normal
Beed,2006-07-01,2006,7,train,-0.6626117068987456,-0.44858504806528987,-2.5675076454056747,-1.7734791231914582,0.15844055437367444,-1.6654053368975439,0,2,0,0,-1.159858051014173,Wet
Beed,2006-08-01,2006,8,train,-0.6877508875900913,-1.288003963716701,1.7929703893740208,-0.3678831678818971,0.15844055437367444,-2.9147961886197242,0,3,0,0,-0.5511705440101197,Wet
Beed,2006-09-01,2006,9,train,-1.181174316394355,-0.6830836628226656,0.14609863869564313,0.07440878196845783,-0.8847398195699447,-2.52432313484569,0,0,0,0,-0.8421355854947591,Wet
Beed,2006-10-01,2006,10,train,-1.0745921825503226,-1.0266371701864252,-0.28324191682778266,-0.10474203946505191,-0.3935400837164759,-1.6457183813657772,0,0,0,0,-0.7547452956853059,Wet
Beed,2006-11-01,2006,11,train,-0.7549200058568805,-0.8638109204852749,-0.05059630419125824,-0.5430053572836737,-0.3935400837164759,-1.1453301039814285,0,1,0,0,-0.625200462585832,Wet
Beed,2006-12-01,2006,12,train,0.4215353587827357,-0.6741359808060076,0.23262561386596922,-0.18402349196115175,-0.3935400837164759,-1.0463043630787008,0,2,0,0,-0.2739738244856052,Normal
Beed,2007-01-01,2007,1,train,-0.554105033860896,-0.6465446717730173,-0.21439944277950448,-0.017215970861184014,-1.0108039130978743,-1.3270394822155918,0,0,0,0,-0.6283514190980113,Wet
Beed,2007-02-01,2007,2,train,1.1514967595691912,-0.573156686789272,-0.012043580089565046,-0.5568413222612306,-1.0108039130978743,-0.7927496134062184,0,1,0,0,-0.2990163926791615,Normal
Beed,2007-03-01,2007,3,train,1.1473689863099583,-0.4353502500030963,0.10015055446363177,-0.30986211798947244,-1.3369947551013919,-0.3871045632838095,0,0,0,0,-0.20363202426736335,Normal
Beed,2007-04-01,2007,4,train,1.8684668714193706,-0.4112032549465339,-0.10407717822020174,-0.04425614627684147,-1.3369947551013919,0.1872447339520193,0,1,0,0,0.026530045137736852,Normal
Beed,2007-05-01,2007,5,train,1.9571605377339572,-0.3848760993535664,-0.4199347791888227,0.25103299047969296,-0.8883416508136001,0.5478938426839357,0,0,0,0,0.17715580692359945,Normal
Beed,2007-06-01,2007,6,train,-0.4099835968878557,-0.611658563191057,-0.6015374335608351,-0.9483413208033287,-0.8883416508136001,0.2989052690093149,0,1,0,0,-0.5268262160412269,Wet
Beed,2007-07-01,2007,7,train,-0.9077742727862578,-0.8439204745821162,-1.5719381853384446,-0.643973847061613,-0.8883416508136001,-0.6290921923957009,0,2,0,0,-0.9141734371629554,Wet
Beed,2007-08-01,2007,8,train,-1.2124633364789388,-0.1369867881998979,0.2680238664483145,0.5117724848874794,-0.8883416508136001,-1.0688633999758168,0,3,0,0,-0.4211431373554099,Normal
Beed,2007-09-01,2007,9,train,-1.2371195723623634,-0.16494044635578245,0.13633422346458104,-0.4090416266961033,-0.8847398195699447,-0.9995788692610623,0,0,0,0,-0.5931810184634458,Wet
Beed,2007-10-01,2007,10,train,-0.4354088708719393,0.3585347300529923,0.9400750162579664,0.4010689394070918,-0.08963557253307367,-1.1133786912612729,0,0,0,0,0.010209258508627453,Normal
Beed,2007-11-01,2007,11,train,-0.12329700564141267,0.42454289329420325,0.7582439622552853,0.465269163269949,-0.08963557253307367,-0.9578174666921764,0,1,0,0,0.07955099565879582,Normal
Beed,2007-12-01,2007,12,train,1.5808402068618808,0.3742290204879494,0.8308596783494505,0.3415668883872352,-0.08963557253307367,-0.7183788590389695,0,2,0,0,0.3865802270857454,Normal
Beed,2008-01-01,2008,1,train,0.362069188114695,0.22400822551126065,0.5788688574399404,-0.07061245566449043,-0.5718307302774044,-0.550041009136769,0,0,0,0,-0.004589654002127981,Normal
Beed,2008-02-01,2008,2,train,-0.6626090826484669,0.15743215087738174,0.15997018481428912,-0.7465064313579775,-0.5718307302774044,-0.115919410168331,0,1,0,0,-0.29657721979341817,Normal
Beed,2008-03-01,2008,3,train,-2.7380913954300934,0.11601856682950251,-0.03712344001432484,-0.6178839486483485,-0.6616513969160538,0.3634778527927136,0,0,0,0,-0.5958756268977674,Wet
Beed,2008-04-01,2008,4,train,-2.3166977347464837,0.03149099125036271,0.13773465485322267,-0.4494828713360591,-0.6616513969160538,0.28368993535638753,0,1,0,0,-0.4958194035897705,Normal
Beed,2008-05-01,2008,5,train,-0.6781384239371783,0.05968248936278738,0.08488249690223508,-0.11050282157227276,-0.3683272650108901,0.7004214559343495,0,0,0,0,-0.0519970113868282,Normal
Beed,2008-06-01,2008,6,train,1.9789175516366353,0.407037128451232,0.2866778414601359,1.5816234786631338,-0.3683272650108901,0.2444184579217983,0,1,0,0,0.6883911988536742,Moderate Stress
Beed,2008-07-01,2008,7,train,2.065809147044685,1.5713247924798743,3.7111894296992496,1.7234509735952575,-0.3683272650108901,-0.431651372608939,0,2,0,0,1.3786326175332062,Moderate Stress
Beed,2008-08-01,2008,8,train,1.252408732092133,0.8677920298327194,3.0559299175416577,0.968614106387686,-0.3683272650108901,-0.5826188428954584,0,3,0,0,0.8656331129913079,Moderate Stress
Beed,2008-09-01,2008,9,train,-0.625669374508119,-0.23819424708609999,0.786203867871323,0.6440145564586711,-1.188644330753347,-0.7674485070574103,0,0,0,0,-0.23162300584583037,Normal
Beed,2008-10-01,2008,10,train,-0.5799792437185077,-0.06657049425239249,0.8735242236977562,0.515304182323628,-0.4610744195350095,-1.3681429457062688,0,0,0,0,-0.18115644953179907,Normal
Beed,2008-11-01,2008,11,train,-0.6163953713713565,0.12847995799648274,0.7607634848415069,0.1711504358388471,-0.4610744195350095,-1.3305970809438648,0,1,0,0,-0.22461216552889898,Normal
Beed,2008-12-01,2008,12,train,0.7230277899228061,-0.19848901675622674,0.10141464151222342,0.5377970071168043,-0.4610744195350095,-1.2862945364262128,0,2,0,0,-0.0972697556942692,Normal
Beed,2009-01-01,2009,1,train,-0.5851010905317365,-0.14367457903501898,-0.2104856363350027,0.6897764822834402,-1.1121054168256754,-1.0287212366952156,0,0,0,0,-0.3983852461898682,Normal
Beed,2009-02-01,2009,2,train,-0.2679175800450789,-0.10269604162628804,0.03802822936708612,0.6337384922134996,-1.1121054168256754,-0.6917539950238254,0,1,0,0,-0.25045105199004697,Normal
Beed,2009-03-01,2009,3,train,-0.33911349336171265,-0.00620218615598141,-0.023383231835742143,-0.044927876500115725,-0.15514387827705023,-0.6885549139968513,0,0,0,0,-0.20955426335457558,Normal
Beed,2009-04-01,2009,4,train,0.16735571212659434,-0.04620691949447935,0.08642384502282693,0.14310341785596095,-0.15514387827705023,-0.7016821775213339,0,1,0,0,-0.08435833338124687,Normal
Beed,2009-05-01,2009,5,train,-0.4558834029807818,-0.08107093131772174,0.11090262406708938,-0.4280048437790415,-0.2467654605375282,-0.0047749830107059,0,0,0,0,-0.18426616625978165,Normal
Beed,2009-06-01,2009,6,train,0.6796789551631236,0.31242091696882995,0.8052993265509224,0.8747289457348133,-0.2467654605375282,0.24950074181933246,0,1,0,0,0.4458105709499156,Normal
Beed,2009-07-01,2009,7,train,0.8856302487710476,-1.3975201848947016,1.206989419708257,-1.8824121201231552,-0.2467654605375282,0.11321673826623176,0,2,0,0,-0.2201435598016415,Normal
Beed,2009-08-01,2009,8,train,1.0295537752765989,-0.6938065835640603,-1.5195005642021056,0.3316313013922019,-0.2467654605375282,0.3821877490945664,0,3,0,0,-0.11944996375672116,Normal
Beed,2009-09-01,2009,9,train,0.019926291015976646,-1.1391118846239563,-0.15104708338693285,-1.0634741620761887,-0.9860413232977457,0.2943942495808829,0,0,0,0,-0.5042256521313274,Wet
Beed,2009-10-01,2009,10,train,-0.27096866294689775,-1.1753506634314912,-0.23032358074746836,0.08812496324011866,-0.42730725162574273,-0.0853390321740203,0,0,0,0,-0.3501940379475836,Normal
Beed,2009-11-01,2009,11,train,-0.9513707746551069,-1.3233468921381115,-0.5820493165525698,-1.0425524399788213,-0.42730725162574273,-0.5924248929892284,0,1,0,0,-0.81984192798993,Wet
Beed,2009-12-01,2009,12,train,-0.9040850888415457,-1.1840030805911594,-1.294075772817111,-1.3384972318155108,-0.42730725162574273,-0.4720653789817338,0,2,0,0,-0.9366723007788006,Wet
Beed,2010-01-01,2010,1,train,-1.7379352841438385,-1.1671861685826617,-1.8085281773500423,-1.3219169838670402,0.0022111241801326892,-0.5606783475269569,0,0,0,0,-1.0990056395484011,Wet
Beed,2010-02-01,2010,2,train,0.8582299383539213,-0.9646011090463746,-0.9293989923621986,-1.077124002572926,0.0022111241801326892,-0.3993453819424433,0,1,0,0,-0.41833807056498146,Normal
Beed,2010-03-01,2010,3,train,-0.2683480029254409,-0.7327504788576947,-0.19185447419915416,-0.22131703488521304,-0.42528122155118575,-0.5157572614806902,0,0,0,0,-0.39255141231656315,Normal
Beed,2010-04-01,2010,4,train,-0.9204274088226533,-0.644840880975785,-0.23778625820042631,0.0236643477379494,-0.42528122155118575,0.23629468319566307,0,1,0,0,-0.3280627897694062,Normal
Beed,2010-05-01,2010,5,train,-0.43190736881022695,-0.584630983494065,-0.0960579758598781,-0.10642879257138634,-0.8883416508136001,0.3884519594798999,0,0,0,0,-0.2864858020115428,Normal
Beed,2010-06-01,2010,6,train,-0.4345891451341784,-0.5959204646581359,-1.5935997912520048,-0.6017834431042922,-0.8883416508136001,0.4033875705307145,0,1,0,0,-0.6184744874052495,Wet
Beed,2010-07-01,2010,7,train,-0.9110381263706606,-1.6399887928252368,-2.420837651719166,-3.3688423065352495,-0.8883416508136001,0.06304395885917871,0,2,0,0,-1.5276674282341223,Very Wet
Beed,2010-08-01,2010,8,train,-1.5110231111205508,-1.6882123919324807,-0.4478663953985088,-1.6300698196671268,-0.8883416508136001,-0.42441798250361207,0,3,0,0,-1.0983218919059798,Wet
Beed,2010-09-01,2010,9,train,-1.0396721496794508,-2.0150377937020636,-0.9504231910052076,-1.353005348796838,-1.6276175135738165,-0.9222217806346404,0,0,0,0,-1.3179962962320027,Wet
Beed,2010-10-01,2010,10,train,-0.8020510549893557,-1.803415528722002,-0.2832836615361724,-1.6496150399978013,-1.3727879530852158,-1.1631377963975953,0,0,0,0,-1.1790485057880238,Wet
Beed,2010-11-01,2010,11,train,-0.46528399123183106,-2.3153475243029176,-1.8528996850994341,-1.408357801922511,-1.3727879530852158,-1.1719825462812885,0,1,0,0,-1.4311099169871995,Wet
Beed,2010-12-01,2010,12,train,-0.8864396891343018,-1.991455567643896,-0.84753547147999,-1.3547671724293326,-1.3727879530852158,-1.1743660980316823,0,2,0,0,-1.2712253253007364,Wet
Beed,2011-01-01,2011,1,train,-1.1826831107418478,-1.6715435614562115,-1.0831255254636902,-0.5151788199427791,-0.4029948907310699,-1.431049013141871,0,0,0,0,-1.0477624869129116,Wet
Beed,2011-02-01,2011,2,train,0.0878104248053802,-1.4133428858252532,-1.006409685429601,-1.5114180638875039,-0.4029948907310699,-1.0839172036754126,0,1,0,0,-0.8883787174572433,Wet
Beed,2011-03-01,2011,3,train,1.0865303408870712,-1.1564715659536304,-0.88741133787697,-0.476536895757257,-0.49281555736971927,-0.41151134525685046,0,0,0,0,-0.3897027268878927,Normal
Beed,2011-04-01,2011,4,train,-0.6453252615600662,-1.0207158968154113,-0.7563343749152508,-1.6953740028411208,-0.49281555736971927,-0.032948170724865576,0,1,0,0,-0.7739188773710723,Wet
Beed,2011-05-01,2011,5,train,0.4125972570529594,-0.9172540088254566,-0.7170817974512174,-1.3303379514615952,-0.6857386433579982,0.7169093304391406,0,0,0,0,-0.42015096893402787,Normal
Beed,2011-06-01,2011,6,train,2.0579616010088277,-0.7315743891114975,-0.505912731314777,-0.791415670882112,-0.6857386433579982,0.5955097211223824,0,1,0,0,-0.010195018755862392,Normal
Beed,2011-07-01,2011,7,train,0.03770643063790292,-0.36986573082382945,0.06420746042863536,-1.9398878892839437,-0.6857386433579982,-0.6966983874977837,0,2,0,0,-0.5983794599828361,Wet
Beed,2011-08-01,2011,8,train,-0.10160834149639443,-0.40708725791334177,-2.145665108278063,-0.3139052377221141,-0.6857386433579982,-0.9493115357349856,0,3,0,0,-0.7672193540838163,Wet
Beed,2011-09-01,2011,9,train,-0.25443037324972806,-0.693710128222163,-0.16198812000947985,-0.2160586377476061,-1.2561786665718806,-0.9235809960956088,0,0,0,0,-0.5843244869827444,Wet
Beed,2011-10-01,2011,10,train,0.7998345651026744,0.303851574286959,-0.2835912521510086,-0.2399726618631998,-0.7649789307184117,-0.7897081225776166,0,0,0,0,-0.16242747132010057,Normal
Beed,2011-11-01,2011,11,train,1.038785614278241,0.37403616478656715,0.16848794736555608,0.4897805939295366,-0.7649789307184117,-0.721727650754398,0,1,0,0,0.09739728981451513,Normal
Beed,2011-12-01,2011,12,train,0.26913186852521354,0.25678810655821455,0.5415585146106809,0.15145902805041475,-0.7649789307184117,-0.6869987107879152,0,2,0,0,-0.03884002062696721,Normal
Beed,2012-01-01,2012,1,train,1.6263761376650023,0.07353665287060167,-0.1793697151474251,-0.3380289894264246,-0.8082009056422731,-0.5810074831170927,0,0,0,0,-0.034449050466268595,Normal
Beed,2012-02-01,2012,2,train,1.1134797956364562,0.014116580046921009,-0.3444614870222716,-0.26547512334707635,-0.8082009056422731,-0.2628919689260916,0,1,0,0,-0.09223885154238924,Normal
Beed,2012-03-01,2012,3,train,0.9766205224582215,0.08786985756134566,-0.0656891322266185,-0.2766367372231807,-0.5265827252789866,0.3199829580417243,0,0,0,0,0.08592745722208424,Normal
Beed,2012-04-01,2012,4,train,0.03841494631872506,0.038315269863846334,-0.29884876800868637,-0.7576544044729829,-0.5265827252789866,0.7601245025880172,0,1,0,0,-0.12437186316501121,Normal
Beed,2012-05-01,2012,5,train,0.1444324466609604,0.010664751560105353,-0.24424427458199166,-0.4881176616291906,-0.17923112471899463,0.6332880314273862,0,0,0,0,-0.02053463854695416,Normal
Beed,2012-06-01,2012,6,train,0.6516952727206482,0.392558337899268,0.8057381343462785,0.5607948301389981,-0.17923112471899463,0.6515921329684279,0,1,0,0,0.48052459722577096,Normal
Beed,2012-07-01,2012,7,train,0.6889306770710945,1.4948078649857321,-2.5145441720702353,-0.20714143178577066,-0.17923112471899463,0.4491202460986033,0,2,0,0,-0.0446763234032618,Normal
Beed,2012-08-01,2012,8,train,1.0176095310351978,2.9394680391665045,-1.5389793373618177,-0.6758752668718109,-0.17923112471899463,0.9710235253158458,0,3,0,0,0.42233589442748753,Normal
Beed,2012-09-01,2012,9,train,0.5004461074921432,2.8729211561279215,-0.8077183993326666,0.46681638846725193,2.3906754676289452,1.138467050842278,0,0,0,0,1.0936012952043124,Moderate Stress
Beed,2012-10-01,2012,10,train,0.22300270317762927,2.142268697486003,0.0018754889614581622,0.007751898212198656,-0.8054995322095321,1.7523202710552959,0,0,0,0,0.5536199211138421,Moderate Stress
Beed,2012-11-01,2012,11,train,-0.25907777930576165,1.8692382123261406,0.7235691408950897,0.3056207335791103,-0.8054995322095321,1.898071505775664,0,1,0,0,0.6219870468434517,Moderate Stress
Beed,2012-12-01,2012,12,train,-0.4457514079640604,1.7631529613049226,0.6310319563965803,0.9414063967259712,-0.8054995322095321,1.9332141200128767,0,2,0,0,0.6695924157111265,Moderate Stress
Beed,2013-01-01,2013,1,train,0.14234447774819847,1.523978716069561,0.6151309293608299,0.7973449606174049,1.0827604972766733,1.4889594712890453,0,0,0,0,0.9417531753936189,Moderate Stress
Beed,2013-02-01,2013,2,train,1.124007703453091,1.383275097986768,0.8483434724548412,0.4904140439917008,1.0827604972766733,1.061870334923009,0,1,0,0,0.998445191681014,Moderate Stress
Beed,2013-03-01,2013,3,train,0.9940374710991352,1.3543690728398043,0.6200496223621893,1.310064915809301,1.195542838093626,0.5142916726358189,0,0,0,0,0.9980592654733126,Moderate Stress
Beed,2013-04-01,2013,4,train,-0.5373715404924462,1.2029719763503595,0.6375766922654219,1.0034158570404346,1.195542838093626,-0.5240386264051985,0,1,0,0,0.49634953280869953,Normal
Beed,2013-05-01,2013,5,train,0.6211713757857289,1.1003722378895187,0.5976291914622913,0.724398741613583,1.2795105289613358,-0.6114578491977452,0,0,0,0,0.6186040377524521,Moderate Stress
Beed,2013-06-01,2013,6,train,-1.6975773322406527,-0.029528066999962292,0.5286777528044099,0.3021516060387242,1.2795105289613358,-0.7925447461483336,0,1,0,0,-0.0682183762640798,Normal
Beed,2013-07-01,2013,7,train,-2.06738580422629,-1.4462764875654,-2.025453567252129,-0.2823506088992609,1.2795105289613358,0.9126718146132275,0,2,0,0,-0.6048806873947526,Wet
Beed,2013-08-01,2013,8,train,-1.5833041458744008,-2.6225786833207008,-0.19599336317924704,0.1636944505862158,1.2795105289613358,0.6113041987543311,0,3,0,0,-0.39122783567874436,Normal
Beed,2013-09-01,2013,9,train,-0.032472919640134955,-1.7730644680029448,-1.1771322833331865,-0.6867288568456762,0.33087822516366366,0.7245563948151971,0,0,0,0,-0.4356606513071803,Normal
Beed,2013-10-01,2013,10,train,0.9054896051796669,-1.8130670086173366,-1.6806293556336471,-0.8135966748190565,-0.35977291580720916,0.7051334028657064,0,0,0,0,-0.5094071578053128,Wet
Beed,2013-11-01,2013,11,train,0.441899883041223,-1.504624694208603,-0.8545647515761516,-0.8861527221340127,-0.35977291580720916,0.8429066337934339,0,1,0,0,-0.3867180944818866,Normal
Beed,2013-12-01,2013,12,train,0.5958323019552187,-1.3771950231276957,-1.4253428230100833,-0.8047115861922292,-0.35977291580720916,0.4420365666817295,0,2,0,0,-0.4881922465833782,Normal
Beed,2014-01-01,2014,1,train,0.9649123804483823,-1.293293825582052,-0.17547361702776026,-1.1470093930721388,-0.5211799784135046,0.6612563518836612,0,0,0,0,-0.25179801362723536,Normal
Beed,2014-02-01,2014,2,train,0.3688130367420723,-1.1983954196717042,-0.975757020647267,-1.6619950360712936,-0.5211799784135046,0.6289306624423684,0,1,0,0,-0.5599306259365547,Wet
Beed,2014-03-01,2014,3,train,-1.525630320190072,-1.8846533625072643,-1.4686197122943718,-2.596879783889963,-1.1343917476457899,0.7287522338468814,0,0,0,0,-1.3135704487800968,Wet
Beed,2014-04-01,2014,4,train,-2.0179651444827456,-1.372971660320016,-1.2767280656725513,-1.2170466832601348,-1.1343917476457899,0.6744939285470062,0,1,0,0,-1.0574348954723718,Wet
Beed,2014-05-01,2014,5,train,-0.6462651088029544,-1.1235402172244011,-0.610579299286737,-0.2800913093834295,-0.6182043075394646,0.08392859989858123,0,0,0,0,-0.5324586070564009,Wet
Beed,2014-06-01,2014,6,train,1.3250164225980745,-0.4697425242636957,0.35201672866231604,-0.3153245452372849,-0.6182043075394646,-0.5646693193007567,0,1,0,0,-0.04848459084680188,Normal
Beed,2014-07-01,2014,7,train,1.2167674007440277,0.18757679554850215,0.812893692328232,2.1110493893143354,-0.00679345392900536,-0.39891200889691775,0,0,0,0,0.653763635851529,Moderate Stress
Beed,2014-08-01,2014,8,train,0.3845153220826158,-0.1527432181264132,-1.4273184090490552,0.7202765099779243,-0.00679345392900536,0.7689140959022799,0,1,0,0,0.047808474476391034,Normal
Beed,2014-09-01,2014,9,train,0.24130053141445154,-0.6726349007997396,-0.019878372918535378,1.5665934207700882,0.12827521770806238,1.0666650167085105,0,0,0,0,0.38505348548047297,Normal
Beed,2014-10-01,2014,10,train,0.9094688931463184,0.6575312362096278,0.7194618774314675,0.7515821480648583,1.463654151293204,1.3975059394181464,0,0,0,0,0.983200707593937,Moderate Stress
Beed,2014-11-01,2014,11,train,0.9619161416869235,0.22834602086991407,0.5443438387018691,0.40671869374421615,1.463654151293204,1.2236051555133745,0,1,0,0,0.8047640003015836,Moderate Stress
Beed,2014-12-01,2014,12,train,0.14774700718551806,0.06816009991468726,0.2824197985389263,-0.07413652036322231,1.463654151293204,1.4374550547057394,0,2,0,0,0.5542165985458087,Moderate Stress
Beed,2015-01-01,2015,1,train,-1.5560212519121037,-0.09981708497017601,-0.29244402913624956,-0.2627194798617104,0.7450888181840043,1.136449896303102,0,0,0,0,-0.054910521898855556,Normal
Beed,2015-02-01,2015,2,train,0.2213666544862423,-0.11696543853105078,0.0040982271020733605,0.30662085029958214,0.7450888181840043,1.2580701318975824,0,1,0,0,0.4030465405730723,Normal
Beed,2015-03-01,2015,3,train,-1.3750536899078163,-0.1861014552333762,-0.2910354676515937,-0.11535727260496088,0.41889797618048685,0.9949220788991339,0,0,0,0,-0.09228797171968774,Normal
Beed,2015-04-01,2015,4,train,-1.2753841111002662,-0.2710419341986653,-0.31467122399637787,-0.5883271800739577,0.41889797618048685,0.7275033315247749,0,1,0,0,-0.21717052361066758,Normal
Beed,2015-05-01,2015,5,train,-0.8519878871929577,-0.1974765152601414,0.07913918320797336,0.3241349531781953,0.15844055437367444,0.15407593694943006,0,0,0,0,-0.05561229579063765,Normal
Beed,2015-06-01,2015,6,train,-0.8679830023418513,-0.27594200629782933,-0.07934706046565194,0.5302246234393375,0.15844055437367444,0.2850767291020714,0,1,0,0,-0.04158836036504152,Normal
Beed,2015-07-01,2015,7,train,1.1984093458591898,1.1420651242160684,2.203493961303152,2.6045424543320608,0.15844055437367444,1.2488708040675498,0,2,0,0,1.4259703740252825,Moderate Stress
Beed,2015-08-01,2015,8,train,1.713777942663497,2.3214898109908804,0.7228776792570727,1.957593736150386,0.15844055437367444,1.647321861634224,0,3,0,0,1.420250264178289,Moderate Stress
Beed,2015-09-01,2015,9,train,1.0964010043419354,1.900509608432863,1.0289614988996938,1.3236121582361546,2.3906754676289452,1.9060101120187112,0,0,0,0,1.6076949749263838,Severe Stress
Beed,2015-10-01,2015,10,train,-0.07776976023478822,1.6364638510979403,0.9218130139630907,2.0026917605355914,2.8143408676638804,2.5990524069142382,0,0,0,0,1.6494320233233255,Severe Stress
Beed,2015-11-01,2015,11,train,-0.6513413532144461,1.5462700831773597,1.0518672891968794,1.1172727073731974,2.8143408676638804,2.5159826735967905,0,1,0,0,1.3990653779656101,Moderate Stress
Beed,2015-12-01,2015,12,train,0.3416378023095892,1.3117318300047582,0.7046414370083247,1.3248498259788324,2.8143408676638804,2.4575167100003514,0,2,0,0,1.492453078827623,Moderate Stress
Beed,2016-01-01,2016,1,train,-0.13073908988104177,1.0985679491428322,1.482897166213745,1.2625877287399705,2.2983785420102825,2.036959687356882,0,0,0,0,1.3414419972637786,Moderate Stress
Beed,2016-02-01,2016,2,train,0.10137767595715179,0.9842864986926485,1.1618648189359813,0.6951244390308575,2.2983785420102825,0.9310901690480903,0,1,0,0,1.0286870239458354,Moderate Stress
Beed,2016-03-01,2016,3,train,-1.020508931688106,0.9238030722698876,0.7792870256855416,1.6300235915020849,2.3436265470087,-0.1822767029483052,0,0,0,0,0.7456591003049673,Moderate Stress
Beed,2016-04-01,2016,4,train,-0.4626495141747438,0.8214967534874643,0.8135086350966844,1.7019705011014774,2.3436265470087,-0.7681064461356163,0,1,0,0,0.7416410793973278,Moderate Stress
Beed,2016-05-01,2016,5,train,0.1483715462588124,0.7368216521804922,0.7860718516123507,0.6690708171062562,1.4415929349258172,-0.6436653459902577,0,0,0,0,0.5230439093489118,Moderate Stress
Beed,2016-06-01,2016,6,train,-0.08994186987504435,0.8667256909087665,1.0170644655071142,0.23297486173244156,1.4415929349258172,-0.4916853586791909,0,1,0,0,0.4961217874199841,Normal
Beed,2016-07-01,2016,7,train,-1.5783383725723619,-0.011392706771276784,-2.1791536465742953,1.339239289140479,1.4415929349258172,0.6647036374730736,0,2,0,0,-0.053891477396427356,Normal
Beed,2016-08-01,2016,8,train,-0.6070499703753505,-0.140674679511309,-1.2315804770984125,-1.0332206338612717,1.4415929349258172,0.631160563749349,0,3,0,0,-0.15662871036186285,Normal
Beed,2016-09-01,2016,9,train,-1.0647569890108692,0.27291254726081815,-0.3648559409931586,-1.8932917127681423,-0.8172054837514112,0.4742243646994457,0,0,0,0,-0.565495535760553,Wet
Beed,2016-10-01,2016,10,train,0.12204205747162859,-1.0332774210805584,-0.007553563600605415,-0.6774214203095793,-0.6974445948998782,-1.2890129673481494,0,0,0,0,-0.5971113182945237,Wet
Beed,2016-11-01,2016,11,train,-0.7267608516963309,-0.5589808034365069,0.08541552131205332,0.15192615685920863,-0.6974445948998782,-1.433365589057956,0,1,0,0,-0.529868360153235,Wet
Beed,2016-12-01,2016,12,train,0.25617283737593594,-0.4888863431766124,-0.5234413055458618,-0.273549447365649,-0.6974445948998782,-1.5815397730783118,0,2,0,0,-0.5514481044483962,Wet
Beed,2017-01-01,2017,1,train,0.8467289780896039,-0.5533578507874761,-1.1413674691455062,-0.9744325414744304,-0.8419680735515399,-1.4796261917903952,0,0,0,0,-0.6906705247766239,Wet
Beed,2017-02-01,2017,2,train,0.455689488736337,-0.5126070090923558,-0.9817947149628414,-0.4668582337527045,-0.8419680735515399,-1.099400440665574,0,1,0,0,-0.5744898305481131,Wet
Beed,2017-03-01,2017,3,train,0.8624475478927842,-0.4013747742969839,-0.6718386611691688,-0.9494294555434363,-0.3577468857326522,-0.7565156870452728,0,0,0,0,-0.3790763193157883,Normal
Beed,2017-04-01,2017,4,train,1.4812731510730603,-0.3641777339022162,-0.3465613242050127,0.08192244669210876,-0.3577468857326522,-0.002513563664050574,0,1,0,0,0.08203268171020622,Normal
Beed,2017-05-01,2017,5,train,1.5759642061262686,-0.33397210387318377,-0.4192812855917654,0.2105517339112935,-0.5169028038116636,0.16961827026398202,0,0,0,0,0.11432966950415523,Normal
Beed,2017-06-01,2017,6,train,-0.2639342694842701,-1.2359937836131036,-1.8652187867521088,-1.7584743557839304,-0.5169028038116636,0.6850406525731293,0,1,0,0,-0.8259138911453245,Wet
Beed,2017-07-01,2017,7,train,0.7970585787010332,-0.5847529574061974,-0.19050332204304407,-0.7851998470805008,-0.5169028038116636,0.15990283453427748,0,2,0,0,-0.18673291951768256,Normal
Beed,2017-08-01,2017,8,train,0.3253558922446066,0.3931553465560069,-1.5386243253181704,-0.8842862782919848,-0.5169028038116636,-0.12864087893200418,0,3,0,0,-0.3916571745922017,Normal
Beed,2017-09-01,2017,9,train,0.4427343650695699,-0.615297801530293,-1.0795201310145581,-0.348477466455189,-1.0873428270255463,-0.46978032110532325,0,0,0,0,-0.5262806970102233,Wet
Beed,2017-10-01,2017,10,train,-0.8885829301886444,-0.7409622476839643,-0.9358268763477952,-1.2488634627422948,-1.3727879530852158,-0.8908810299331803,0,0,0,0,-1.0129840833301826,Wet
Beed,2017-11-01,2017,11,train,-0.7170133855594066,-0.5045705447350822,-1.1503629266959579,-0.6451686277466113,-1.3727879530852158,-0.9561627696092577,0,1,0,0,-0.891011034571922,Wet
Beed,2017-12-01,2017,12,train,-0.8310746627801251,-0.3964940546147206,-0.9540426615783102,-0.7429089896964061,-1.3727879530852158,-1.0457724961591908,0,2,0,0,-0.8905134696523281,Wet
Beed,2018-01-01,2018,1,validation,1.1367338864847354,-0.4197884470451774,-0.6952033502380772,-0.4355457630479496,-1.601729351510045,-1.3980141678078994,0,0,0,0,-0.5689245321940689,Wet
Beed,2018-02-01,2018,2,validation,-1.160592241359864,-0.40007315170096847,-0.9525779262641537,-0.8937553800008038,-1.601729351510045,-1.125461919721535,0,1,0,0,-1.022364995092895,Wet
Beed,2018-03-01,2018,3,validation,-1.4306859471308822,-0.28416088330188344,-0.6757946732773881,-0.7888532304374818,-0.7629529006438548,-0.954961144346663,0,0,0,0,-0.8162347965230256,Wet
Beed,2018-04-01,2018,4,validation,-1.0439130389486995,-0.30045604605573495,-0.49112565659752916,-0.46234891011668744,-0.7629529006438548,-0.4036594136229082,0,1,0,0,-0.5774093276642357,Wet
Beed,2018-05-01,2018,5,validation,0.21994882049379455,-0.2585887209795155,-0.39159961386315484,-0.859702840007248,-0.8883416508136001,0.4127996451285511,0,0,0,0,-0.29424739334019545,Normal
Beed,2018-06-01,2018,6,validation,-0.6360943638927057,-0.6392194748427277,-2.465717040143602,-1.508405748140886,-0.8883416508136001,1.2096978205069424,0,1,0,0,-0.8213467428877631,Wet
Beed,2018-07-01,2018,7,validation,0.01515630801028044,-1.6531507563853554,-3.3147611543382287,-0.5857515837263515,-0.8883416508136001,1.3053077938599338,0,2,0,0,-0.8535901738988869,Wet
Beed,2018-08-01,2018,8,validation,0.07725298743136748,-0.9737195825141165,0.15732551593163674,-1.6816976313309098,-0.8883416508136001,1.2471215528656068,0,3,0,0,-0.3436764680716693,Normal
Beed,2018-09-01,2018,9,validation,1.756651120733395,0.1941241556467882,1.50765906353905,1.932391765412153,1.2763589266231372,1.3433540075021717,0,0,0,0,1.3350898399094493,Moderate Stress
Beed,2018-10-01,2018,10,validation,2.4528640146278726,1.454611589512634,2.6533436731475017,2.739660497750477,1.7506750785219725,1.7719993470771442,0,0,0,0,2.137192366772934,Severe Stress
Beed,2018-11-01,2018,11,validation,3.4224668284668294,1.0895398671310272,2.1913379756768903,2.15821774729938,1.7506750785219725,1.9027992117268595,0,1,0,0,2.0858394514704934,Severe Stress
Beed,2018-12-01,2018,12,validation,2.531194325279667,0.7645814720642791,2.285044213573636,0.8863675751424146,1.7506750785219725,2.13816017299716,0,2,0,0,1.7260038062631884,Severe Stress
Beed,2019-01-01,2019,1,validation,1.2968013824020692,0.47168412997697917,1.7858689225868463,1.0493295334893327,1.8931725270990798,1.7338546395609218,0,0,0,0,1.3717851891858714,Moderate Stress
Beed,2019-02-01,2019,2,validation,1.0219417406678935,0.33596412788584407,1.1533153260183728,0.5987919347911645,1.8931725270990798,1.6155437981322789,0,1,0,0,1.1031215757657724,Moderate Stress
Beed,2019-03-01,2019,3,validation,1.0116098861784824,0.3476170648354178,0.9183192610295187,1.3038902312133913,1.533214517186295,1.9717252247403152,0,0,0,0,1.18106269753057,Moderate Stress
Beed,2019-04-01,2019,4,validation,-0.6168649866385216,0.2645654373825656,0.612054758326189,1.5775738533318235,1.533214517186295,0.18765840822274846,0,1,0,0,0.5930336646351834,Moderate Stress
Beed,2019-05-01,2019,5,validation,0.6000358709553357,0.23451085249797093,0.6445845927651508,1.3492311590982846,1.103921255833148,0.13723348449830017,0,0,0,0,0.6782528692746984,Moderate Stress
Beed,2019-06-01,2019,6,validation,0.47201872406889916,0.5321511830379324,1.0312380749849965,1.4388655587173147,1.103921255833148,0.008565027281579844,0,1,0,0,0.7644599706539784,Moderate Stress
Beed,2019-07-01,2019,7,validation,0.6639462810898394,-0.052449237672850355,1.4699427339812137,2.7194429392829194,1.103921255833148,0.599461295346589,0,2,0,0,1.0840442113101432,Moderate Stress
Beed,2019-08-01,2019,8,validation,0.9637809943132611,-0.8484939905860303,0.9352404347081601,1.139085278445347,1.103921255833148,1.8383211820624845,0,3,0,0,0.8553091924627284,Moderate Stress
Beed,2019-09-01,2019,9,validation,-0.2242023869067304,-0.9834707670770121,-0.7943645549419557,-0.059281648284820444,2.019236620627009,1.9141654047845218,0,0,0,0,0.31201377803350205,Normal
Beed,2019-10-01,2019,10,validation,-1.3095257356493135,-2.094598729405848,-1.8898872923262213,-1.3304570675963479,2.019236620627009,1.9050251732788792,0,1,0,0,-0.45003450517864046,Normal
Beed,2019-11-01,2019,11,validation,-1.85202195539597,-3.3595818994663813,-2.0486435586630334,-1.2267958699394625,2.019236620627009,0.11543088055337387,0,2,0,0,-1.058729297047411,Wet
Beed,2019-12-01,2019,12,validation,-1.6486743301871198,-2.519694947194287,-1.0166608075959658,-1.1192212911826036,2.019236620627009,0.38938174165030026,0,3,0,0,-0.6492721689804446,Wet
Beed,2020-01-01,2020,1,validation,-0.04656864501196571,-2.275141436566568,-1.370840852359949,-1.1763058676547145,-1.28094125637201,-0.13293915159263092,0,0,0,0,-1.0471228682596398,Wet
Beed,2020-02-01,2020,2,validation,1.0144112931939395,-1.94345220002183,-1.580967348398162,-1.8183760239805549,-1.28094125637201,-0.2186288219580324,0,1,0,0,-0.9713257262561084,Wet
Beed,2020-03-01,2020,3,validation,-0.12329197737698555,-1.621701937976751,-1.3638890599897324,-1.6056895483423148,-1.28094125637201,0.09027554513805872,0,2,0,0,-0.9842063724866227,Wet
Beed,2020-04-01,2020,4,validation,-0.028661700105437397,-1.4290436269835742,-0.8344399731622874,0.045741335562455465,-1.28094125637201,-0.1133782682195629,0,3,0,0,-0.6067872482134028,Wet
Beed,2020-05-01,2020,5,validation,-0.31589304105672217,-1.261197910259874,-0.5500208431572636,-0.1706167900833571,-0.04416245308192748,-0.4377737518157353,0,0,0,0,-0.4632774649091467,Normal
Beed,2020-06-01,2020,6,validation,-1.4227813269790874,-2.0185447470582285,-1.7842287223070852,-0.6045951646343494,-0.04416245308192748,0.5195118479569296,0,1,0,0,-0.8924667610172913,Wet
Beed,2020-07-01,2020,7,validation,-1.3670704857990998,-2.5801192750528013,-4.696376556313882,-0.5389837624635636,-0.04416245308192748,0.4663763728204637,0,2,0,0,-1.4600560266484688,Wet
Beed,2020-08-01,2020,8,validation,-0.8237538395384995,-2.8588354303582753,-2.3302574936466907,-1.1365047346012738,-0.04416245308192748,-0.17851817671710557,0,3,0,0,-1.228672021323962,Wet
Beed,2020-09-01,2020,9,validation,-0.8451455361665343,-2.6563187469381364,-0.26274065848324013,-0.7835541287811819,-0.04416245308192748,-0.49117319053447855,1,4,0,0,-0.8471824523309165,Wet
Beed,2020-10-01,2020,10,validation,-1.5527106143942995,-2.914180319440399,-1.377809049147401,-1.4969472263729149,-1.0351162739925472,-0.7049639934024551,0,0,0,0,-1.5136212461250027,Very Wet
Beed,2020-11-01,2020,11,validation,-1.8059499735872426,-2.5001914624191035,-1.059873964115024,-0.9334035196309274,-1.0351162739925472,-0.9328788177996247,0,1,0,0,-1.3779023352574116,Wet
Beed,2020-12-01,2020,12,validation,-1.097418542292855,-2.0186647595197607,-0.5910602261578808,-0.6770910926615552,-1.0351162739925472,-1.0890310056126216,0,2,0,0,-1.0847303167062035,Wet
Beed,2021-01-01,2021,1,test,1.5092629271242928,-1.8643321227370018,-1.2282167683547487,-0.7684290722154151,-1.2134069205534757,-1.0146563114904117,0,0,0,0,-0.7632963780377934,Wet
Beed,2021-02-01,2021,2,test,1.0823761925113364,-1.6612095176068233,-1.7019033779284063,-1.628533106738014,-1.2134069205534757,-0.8248389175499514,0,1,0,0,-0.9912526079775558,Wet
Beed,2021-03-01,2021,3,test,1.0621129909269813,-1.3792205482387923,-0.7884146253282063,-1.4514740684104177,-0.49281555736971927,-0.5980784413558653,0,0,0,0,-0.6079817082960032,Wet
Beed,2021-04-01,2021,4,test,-0.39423860240369946,-1.246467158108006,-1.2441911598992883,-1.7534306534265367,-0.49281555736971927,-0.38362575965472057,0,1,0,0,-0.9191281484769952,Wet
Beed,2021-05-01,2021,5,test,-1.4046524911704257,-1.1882724187961808,-2.0051296035833515,-2.0457100434118636,0.09090621855514086,0.08410588887175126,0,0,0,0,-1.0781254082558216,Wet
Beed,2021-06-01,2021,6,test,-1.3650738082589662,-1.300268118736808,-4.377859570803697,-3.2841408906739615,0.09090621855514086,0.8005148704310554,0,1,0,0,-1.5726535499145395,Very Wet
Beed,2021-07-01,2021,7,test,-1.4509726435779142,-1.7060392104790798,-4.04116895541222,1.695089014579365,0.09090621855514086,0.009620881610680223,0,2,0,0,-0.9004274491206714,Wet
Beed,2021-08-01,2021,8,test,-0.6511223402714883,-1.1419430298951934,-2.3174549843978562,-1.773603323375247,0.09090621855514086,-0.4474655490156853,0,3,0,0,-1.0401138347333883,Wet
Beed,2021-09-01,2021,9,test,-1.0915765608266461,-2.017877189352769,-0.7193650677779756,-1.1737379635210425,-2.0328235284850193,-0.8248310380400337,0,0,0,0,-1.3100352246672478,Wet
Beed,2021-10-01,2021,10,test,-0.8706729682079927,-2.4510758748131827,-0.9534999078261914,-1.641294951763808,-2.0328235284850193,-1.2391947658874378,0,1,0,0,-1.5314269994972722,Very Wet
Beed,2021-11-01,2021,11,test,-1.141612528946059,-1.910456173440114,-0.8120963766429077,-1.3452575651461522,-2.0328235284850193,-1.071459698494014,0,2,0,0,-1.3856176451923776,Wet
Beed,2021-12-01,2021,12,test,0.09819127751584081,-1.9264655951335425,-1.7707316628194985,-1.5099884730521835,-2.0328235284850193,-1.0493182756225865,0,3,0,0,-1.365189376266165,Wet
Beed,2022-01-01,2022,1,test,0.1419424405627916,-1.767778413162103,-1.726937060534329,-1.8881017337972867,-1.6861472712832124,-1.1718525343676311,0,0,0,0,-1.3498124287636284,Wet
Beed,2022-02-01,2022,2,test,-0.13486671851936088,-1.5714135338412245,-1.1786157418842882,-2.02955753944791,-1.6861472712832124,-1.424784802756538,0,1,0,0,-1.337564267955422,Wet
Beed,2022-03-01,2022,3,test,1.1143893499314899,-1.2956232271899122,-1.2826163518963287,-1.304806525324847,-1.6408992662847939,-0.9026608972615738,0,0,0,0,-0.8853694863376608,Wet
Beed,2022-04-01,2022,4,test,-0.04009317229604727,-1.134293425115985,-1.0207944507390119,-1.75202291767883,-1.6408992662847939,-0.294863080421043,0,1,0,0,-0.9804943854226185,Wet
Beed,2022-05-01,2022,5,test,0.4172102166846077,-1.011808149581469,-0.6819773851887455,-2.4620077439931776,-1.0571774903599347,0.4011576692237349,0,0,0,0,-0.7324338138691641,Wet
Beed,2022-06-01,2022,6,test,-0.26899352167290036,-0.7753963691462579,-1.9273255125839495,-1.0194231014607704,-1.0571774903599347,-0.18420718287837706,0,1,0,0,-0.872087196350365,Wet
Beed,2022-07-01,2022,7,test,-1.090659324667899,-3.0802255215721535,-3.262660937977779,-3.7538659310283946,-1.0571774903599347,-1.9166238118791437,0,2,0,0,-2.360202169580884,Very Wet
Beed,2022-08-01,2022,8,test,-0.7773704262908762,-3.4579061823557096,-2.758976233297806,-1.5359551377553426,-1.0571774903599347,-2.3643730232519005,0,3,0,0,-1.9919597488852616,Very Wet
Beed,2022-09-01,2022,9,test,-0.966371141892857,-2.9409336365073018,-1.6880008917870515,-1.3335986746715702,-1.3574801702996813,-2.319613467158967,0,0,0,0,-1.7676663303862383,Very Wet
Beed,2022-10-01,2022,10,test,-1.214445363267855,-3.086922273381764,-0.9018827176993187,-1.809742342788711,-1.3574801702996813,-2.3472508481986565,0,1,0,0,-1.7862872859393313,Very Wet
Beed,2022-11-01,2022,11,test,-1.434056557827251,-2.612881286922532,-0.11666536794104944,-1.14391387733074,-1.3574801702996813,-1.3129863762756657,0,2,0,0,-1.3296639394328198,Wet
Beed,2022-12-01,2022,12,test,-1.4101487224632065,-2.091530991969753,-0.7482531054780945,-0.8751956616677492,-1.3574801702996813,-1.0372035291226513,0,3,0,0,-1.253302030166856,Wet
Beed,2023-01-01,2023,1,test,0.620225667469864,-1.8953024829296972,-1.7161432857799717,-1.508429500376429,-1.5510785996461447,-1.5047421296561156,0,0,0,0,-1.2592450551530823,Wet
Beed,2023-02-01,2023,2,test,-0.5413353039225992,-1.6694729147301937,-1.7295889320651063,-1.6905294632423142,-1.5510785996461447,-0.8091783915866192,0,1,0,0,-1.3318639341988296,Wet
Beed,2023-03-01,2023,3,test,-0.8832819675015187,-1.4825169653199421,-1.6170232768154498,-2.9926348878947158,-1.7084336021033275,-0.6621979533189415,0,0,0,0,-1.5576814421589826,Very Wet
Beed,2023-04-01,2023,4,test,-2.751846359661926,-1.4373156034191943,-1.6136426855429176,-3.2152777754043047,-1.7084336021033275,0.13210786329621307,0,1,0,0,-1.7657346938059095,Very Wet
Beed,2023-05-01,2023,5,test,-0.986488672175753,-1.4249009636215597,-1.95910932339282,-2.0367630982515004,-0.9828897209595466,1.155463153736823,0,0,0,0,-1.0391147707773927,Wet
Beed,2023-06-01,2023,6,test,1.0027301024785236,-0.7636195263974077,-0.5717324781122365,-0.4070186573849286,-0.9828897209595466,0.46685702292550035,0,1,0,0,-0.20927887624168262,Normal
Beed,2023-07-01,2023,7,test,-0.48256229579978815,-1.7396654891639336,-3.387556977111318,-0.11986983923982357,-0.9828897209595466,0.7719634662408005,0,2,0,1,-0.990096809338935,Wet
Beed,2023-08-01,2023,8,test,0.5782143825405849,-1.6548433284666435,-1.3862875008877034,-1.6826653719939533,-0.9828897209595466,1.1182915656955557,0,3,0,0,-0.668363329011951,Wet
Beed,2023-09-01,2023,9,test,-0.40709828687574445,-1.2051931098736821,-0.5070735724532887,-1.1461584270337397,0.533481232619265,1.2114510114638442,0,0,0,0,-0.25343185869222434,Normal
Beed,2023-10-01,2023,10,test,1.8653746167012146,-1.5525193100962011,-0.581469063804271,-0.2019773588306877,0.533481232619265,1.0781494024149552,0,1,0,0,0.19017325316737912,Normal
Beed,2023-11-01,2023,11,test,0.3073830834559807,-1.094008727651798,0.055752373006795974,-0.7364617521998827,0.533481232619265,1.2438751947791205,0,2,0,0,0.05167023400158024,Normal
Beed,2023-12-01,2023,12,test,1.0008913991580928,-1.313805488456892,-1.8095828649028909,-2.1707586953810436,0.533481232619265,1.4894007238444902,0,3,0,0,-0.37839561551982975,Normal
Beed,2024-01-01,2024,1,test,-0.6517712679786495,-1.2185139413182713,-2.3429613593595047,-1.9328083873901138,-0.33546055491253635,1.2252125755367795,0,0,0,0,-0.8760504892370493,Wet
Beed,2024-02-01,2024,2,test,-0.1107811267307136,-1.0918190034286548,-0.9084699901178472,-2.277034114777023,-0.33546055491253635,0.5470822531623135,0,1,0,0,-0.6960804228007436,Wet
Beed,2024-03-01,2024,3,test,0.2113010778713455,-0.884861882969651,-0.8586881279249192,-2.2507396271926363,-0.2902125499141174,0.8202333440024957,0,0,0,0,-0.5421612943545804,Wet
Beed,2024-04-01,2024,4,test,-1.559313284883582,-0.8370403273572444,-0.684619320256313,-2.577412059620287,-0.2902125499141174,0.6785715749299113,0,1,0,0,-0.8783376611836053,Wet
Beed,2024-05-01,2024,5,test,-0.3302252986960683,-0.7688091516328651,-1.1256272918313215,-3.00150003112252,0.42857789764780985,0.7641272936266951,0,0,0,0,-0.672242763668045,Wet
Beed,2024-06-01,2024,6,test,-1.2906231403840196,-1.756813015709499,-2.2240884024686562,-2.9271537038955167,0.42857789764780985,0.6872863128999457,0,1,0,0,-1.180469008651656,Wet
Beed,2024-07-01,2024,7,test,-1.0800758870309268,-3.1555751110097594,-4.613059794890432,-3.9433766859503585,0.42857789764780985,0.9526209299008219,0,2,0,0,-1.9018147752221408,Very Wet
Beed,2024-08-01,2024,8,test,-1.1160225088617346,-3.6736940016075827,-2.492226551921511,-3.387213450199125,0.42857789764780985,0.6580493913467675,0,3,0,0,-1.5970882039325627,Very Wet
Beed,2024-09-01,2024,9,test,-0.4872591689041952,-2.880882202876848,-1.1861096199108947,-1.4429149143480884,-1.6276175135738165,0.3745879617780208,0,0,0,0,-1.2083659096393036,Wet
Beed,2024-10-01,2024,10,test,-0.21832331491600201,-2.3555230476409785,-0.7829169139960973,-1.901289575251609,-1.6276175135738165,-0.18042501811742015,0,1,0,0,-1.1776825639159871,Wet
Beed,2024-11-01,2024,11,test,-0.1622244388834037,-2.0834277102315246,-0.4992459533226964,-2.922241850039168,-1.6276175135738165,0.13747380955081814,0,2,0,0,-1.1928806094166318,Wet
Beed,2024-12-01,2024,12,test,0.4593910456651815,-1.8005066595305133,-0.988508478959859,-2.5236570492902226,-1.6276175135738165,-0.5110689530790888,0,3,0,0,-1.1653279347947196,Wet
Chhatrapati Sambhajinagar,2003-01-01,2003,1,train,0.8876162450973203,0.8020012425864905,0.9216045657377343,0.7413899784187918,1.4400798697177564,1.1769323920810166,0,0,0,0,0.994937382273185,Moderate Stress
Chhatrapati Sambhajinagar,2003-02-01,2003,2,train,0.07462889288183465,0.6496314632779071,0.8347969383256588,1.259908360196087,1.4400798697177564,0.585588154311671,0,1,0,0,0.8074389464518191,Moderate Stress
Chhatrapati Sambhajinagar,2003-03-01,2003,3,train,-0.3102683648719515,0.6272541135051021,0.9569987063804158,0.9224325925569048,1.1382667233697237,-0.024553445679860633,0,0,0,0,0.5516883875433891,Moderate Stress
Chhatrapati Sambhajinagar,2003-04-01,2003,4,train,-0.34794928868049707,0.4992111520992887,0.3525808700036338,0.5133071193702283,0.004927561573029188,-0.615280844274385,0,0,0,0,0.06779942834854963,Normal
Chhatrapati Sambhajinagar,2003-05-01,2003,5,train,0.8349039867068416,0.45265672410726643,0.5483843832662688,0.4331890146811458,0.28826235202220246,-0.06374870545679473,0,0,0,0,0.41560795922115507,Normal
Chhatrapati Sambhajinagar,2003-06-01,2003,6,train,-0.08336522499723814,0.35679931182529573,1.22927570904457,1.3751579243236784,0.28826235202220246,0.4428255970822393,0,1,0,0,0.6014926115501247,Moderate Stress
Chhatrapati Sambhajinagar,2003-07-01,2003,7,train,0.23493491993801524,-0.046794374679399064,0.8997691606870061,-0.1127394163392102,0.28826235202220246,0.5383934643938958,0,2,0,0,0.30030435100375175,Normal
Chhatrapati Sambhajinagar,2003-08-01,2003,8,train,0.4624469017672924,0.31622813517647874,0.11203798526217851,-0.7075074643334197,0.28826235202220246,0.8463195804646895,0,3,0,0,0.21963124839323697,Normal
Chhatrapati Sambhajinagar,2003-09-01,2003,9,train,1.1059687775769123,0.922552121566353,1.1438064944407564,0.33835779792373927,0.8068882075835163,1.00002616326424,0,0,0,0,0.8862665937259194,Moderate Stress
Chhatrapati Sambhajinagar,2003-10-01,2003,10,train,1.6886389089217442,0.8909376478202852,1.0206642454711943,1.4510088810623436,1.272050020077464,1.0225343001012719,0,0,0,0,1.224305667242384,Moderate Stress
Chhatrapati Sambhajinagar,2003-11-01,2003,11,train,1.5856888321449258,1.0667025956993355,1.1042212385417398,1.553136983558531,1.272050020077464,1.2704646901157626,0,1,0,0,1.3087107266896265,Moderate Stress
Chhatrapati Sambhajinagar,2003-12-01,2003,12,train,1.5950660025085999,1.0363850049527519,1.3211300400025578,0.941319356627492,1.272050020077464,1.303011072892518,0,2,0,0,1.2448269161768974,Moderate Stress
Chhatrapati Sambhajinagar,2004-01-01,2004,1,train,0.7262949863516093,0.8159543524604314,1.4090517678508858,0.7034996518042296,1.7726902758972218,1.0205636612638163,0,0,0,0,1.074675782604699,Moderate Stress
Chhatrapati Sambhajinagar,2004-02-01,2004,2,train,0.5144359268932936,0.7179945498877272,1.0211643462420956,1.5708735468318153,1.7726902758972218,0.1961516110712013,0,1,0,0,0.9655517094705592,Moderate Stress
Chhatrapati Sambhajinagar,2004-03-01,2004,3,train,1.1423704406588937,0.7237120543284142,0.9377874181531051,1.904141507134858,0.990439876178851,-0.1306660163589876,0,0,0,0,0.9279642133491891,Moderate Stress
Chhatrapati Sambhajinagar,2004-04-01,2004,4,train,0.531200872296456,0.6253999978021061,0.7330453348848713,0.7534035647955712,0.990439876178851,0.040873711636843855,0,1,0,0,0.61239389293245,Moderate Stress
Chhatrapati Sambhajinagar,2004-05-01,2004,5,train,-1.106417911008316,0.4993670226803134,0.14355461114346593,-1.2940905724877052,0.3621757756176388,-0.766653177775532,0,0,0,0,-0.3603440419716892,Normal
Chhatrapati Sambhajinagar,2004-06-01,2004,6,train,0.6177353396618536,0.5257297600922958,-0.07853405543037728,-1.4828062540807427,0.3621757756176388,-1.0696315943598653,0,1,0,0,-0.18755517141653288,Normal
Chhatrapati Sambhajinagar,2004-07-01,2004,7,train,0.5682424799363621,1.419217531136834,1.8639567623687843,2.175340194872944,0.3621757756176388,-0.6967782853561694,0,2,0,0,0.9486924097627324,Moderate Stress
Chhatrapati Sambhajinagar,2004-08-01,2004,8,train,1.4435594301584547,-0.05607371755438445,1.322324193147606,0.9925340723924092,0.3621757756176388,-0.3057736720028649,0,3,0,0,0.6264576802931433,Moderate Stress
Chhatrapati Sambhajinagar,2004-09-01,2004,9,train,0.1272095913108032,0.8074506222516574,0.24907334511495277,-0.097790970843667,1.5645007994367417,-0.5013279230310811,0,0,0,0,0.35818591070656774,Normal
Chhatrapati Sambhajinagar,2004-10-01,2004,10,train,0.4637094577786679,0.40907614454298036,-0.06164273354267303,-0.3712364790735598,0.3037841709772441,-0.5928214052669439,0,0,0,0,0.02514485923595261,Normal
Chhatrapati Sambhajinagar,2004-11-01,2004,11,train,-0.2523847621567786,0.40237915449371464,-0.1782208694932523,0.18591192530881429,0.3037841709772441,-0.6012363902202956,0,1,0,0,-0.02329446184842558,Normal
Chhatrapati Sambhajinagar,2004-12-01,2004,12,train,0.7283774611259093,0.5236119078176292,0.4168756365939506,0.4449845999599019,0.3037841709772441,-0.5532040976335534,0,2,0,0,0.310738279806847,Normal
Chhatrapati Sambhajinagar,2005-01-01,2005,1,train,0.04996261302732654,0.44857820756296773,0.42738920339503367,0.20991343719407,1.2183395989314474,-0.6876101073051423,0,0,0,0,0.27776215880095045,Normal
Chhatrapati Sambhajinagar,2005-02-01,2005,2,train,0.7263007944741803,0.39468778081554307,0.37442881016868873,0.5414029849824337,1.2183395989314474,-0.6191474519439223,0,1,0,0,0.43933541957139516,Normal
Chhatrapati Sambhajinagar,2005-03-01,2005,3,train,-0.39569249565608916,0.40035957527644744,0.5057609657702278,1.1822966870317781,1.1752234351674424,-0.9290182346763897,0,0,0,0,0.32315498881890287,Normal
Chhatrapati Sambhajinagar,2005-04-01,2005,4,train,-1.3838756114221171,0.3495374652139138,0.3877964818553214,0.331475910936704,1.1752234351674424,-1.0618399416252795,0,1,0,0,-0.03361370997900248,Normal
Chhatrapati Sambhajinagar,2005-05-01,2005,5,train,0.06268380785491462,0.30225825265709,0.29531416527191345,1.2613889737455108,0.10347879303361096,-0.9702101054665622,0,0,0,0,0.17581898118274622,Normal
Chhatrapati Sambhajinagar,2005-06-01,2005,6,train,2.2350344228743912,0.7251314249840561,0.7445813818295957,0.7818501094075022,0.10347879303361096,-0.8095364865135042,0,1,0,0,0.6300899409359421,Moderate Stress
Chhatrapati Sambhajinagar,2005-07-01,2005,7,train,-0.3771337933066377,1.1385311484839271,2.4004011983553917,0.3058183685052625,0.10347879303361096,-0.9159185185163694,0,2,0,0,0.44252953275919754,Normal
Chhatrapati Sambhajinagar,2005-08-01,2005,8,train,-0.035157923673444814,0.5267500673266499,0.6860952330569436,1.2390605089749638,0.10347879303361096,-1.113134988794631,0,3,0,0,0.23451528165401536,Normal
Chhatrapati Sambhajinagar,2005-09-01,2005,9,train,-1.1752218454862935,1.0898375084053509,0.9200583204400158,0.4979680385002517,-0.2833347904491733,-0.8815118786492324,0,0,0,0,0.02796589212681988,Normal
Chhatrapati Sambhajinagar,2005-10-01,2005,10,train,-0.1828394368919538,1.107792341989015,-0.02400327521425875,0.08413211337965258,-0.0657829469999389,-0.7895606368152122,0,0,0,0,0.021623026574550657,Normal
Chhatrapati Sambhajinagar,2005-11-01,2005,11,train,-0.4950379943432581,1.1646410698040572,0.3788523154541126,0.5889317650483735,-0.0657829469999389,-0.77927565520556,0,1,0,0,0.13205475895963106,Normal
Chhatrapati Sambhajinagar,2005-12-01,2005,12,train,-0.04427329192217207,1.11107104958533,0.937526029541499,0.21335854455150977,-0.0657829469999389,-0.6747051824634855,0,2,0,0,0.246199033715457,Normal
Chhatrapati Sambhajinagar,2006-01-01,2006,1,train,1.0145076689943453,0.93672304445072,0.5244622594260785,0.9080577930799102,0.4052919393816437,-0.8218700234879578,0,0,0,0,0.49452878030745656,Normal
Chhatrapati Sambhajinagar,2006-02-01,2006,2,train,1.0314320901296112,0.8548138230469504,0.39687742027444056,1.1129972097219143,0.4052919393816437,-0.6250398893244523,0,1,0,0,0.529395432205018,Moderate Stress
Chhatrapati Sambhajinagar,2006-03-01,2006,3,train,-0.8113969261607136,0.691384089614027,0.3221591573584844,-0.4983099734701232,0.06652208123589347,-0.4820695546887648,0,0,0,0,-0.11861852101853278,Normal
Chhatrapati Sambhajinagar,2006-04-01,2006,4,train,-0.8093208745384164,0.6198130062638334,0.32556723667705834,0.3000075391877408,0.06652208123589347,-0.548808306882458,0,1,0,0,-0.0077032196760580636,Normal
Chhatrapati Sambhajinagar,2006-05-01,2006,5,train,-1.824172830706886,0.5388805630987845,0.19188947204506485,-0.07398565375022163,-0.08130476595498053,-0.40887022376931365,0,0,0,0,-0.27626057317292546,Normal
Chhatrapati Sambhajinagar,2006-06-01,2006,6,train,-0.7700105587439424,0.5262034351814374,0.1735301181569172,0.254171020728705,-0.08130476595498053,-0.5010844338831255,0,1,0,0,-0.06641586408583147,Normal
Chhatrapati Sambhajinagar,2006-07-01,2006,7,train,-0.6848769871042355,-0.3195664768322827,1.5246270837332,-2.1177268423270625,-0.08130476595498053,-2.304975409774486,0,2,0,0,-0.6639705663766412,Wet
Chhatrapati Sambhajinagar,2006-08-01,2006,8,train,-1.063399372213752,-1.4001247603159122,-0.08894656577745622,-1.1959437650637208,-0.08130476595498053,-2.5035554192812994,0,3,0,0,-1.0555457747678536,Wet
Chhatrapati Sambhajinagar,2006-09-01,2006,9,train,-1.461078250387342,-0.9217676521826248,-0.039770095201013225,0.047892919962807354,-2.1681270921328073,-2.459565046550623,0,0,0,0,-1.1670692027486005,Wet
Chhatrapati Sambhajinagar,2006-10-01,2006,10,train,-1.555284319687743,-0.8808204668640918,-0.5120361044447097,-0.5815856245188242,-2.1353588076721635,-1.9477411179816613,0,0,0,0,-1.2688044068615323,Wet
Chhatrapati Sambhajinagar,2006-11-01,2006,11,train,-0.923727429361238,-0.8041562210294294,-0.23627963416175402,-0.84126038444622,-2.1353588076721635,-1.7367236827972663,0,1,0,0,-1.1129176932446785,Wet
Chhatrapati Sambhajinagar,2006-12-01,2006,12,train,-0.12787580899961867,-0.6621842670998451,-0.05452142311485345,-0.0785892871438053,-2.1353588076721635,-1.8620556635550372,0,2,0,0,-0.8200975429308871,Wet
Chhatrapati Sambhajinagar,2007-01-01,2007,1,train,-0.21603592517033185,-0.6099358712738897,-0.29335508891347667,-0.20932121008855747,-1.6642839212905802,-2.093467749772207,0,0,0,0,-0.8477332944181738,Wet
Chhatrapati Sambhajinagar,2007-02-01,2007,2,train,0.977034641122172,-0.5444925861673618,-0.3240774272929743,-0.8279248614092517,-1.6642839212905802,-1.6706796863057407,0,1,0,0,-0.6757373068906228,Wet
Chhatrapati Sambhajinagar,2007-03-01,2007,3,train,1.237033317439797,-0.4541973812012117,-0.07339695200601432,-0.39647065573632795,-1.5226165260659936,-1.4983445604265873,0,0,0,0,-0.45133212633272296,Normal
Chhatrapati Sambhajinagar,2007-04-01,2007,4,train,1.4308442990421741,-0.41862880321054413,-0.17629222057493024,-0.31485880330825955,-1.5226165260659936,-1.2899892732598432,0,1,0,0,-0.38192355456289945,Normal
Chhatrapati Sambhajinagar,2007-05-01,2007,5,train,1.0181218376705965,-0.38616225965286494,-0.5490065519355194,0.08431560875745796,-1.116092696291093,-0.6903923766357821,0,0,0,0,-0.27320273968120085,Normal
Chhatrapati Sambhajinagar,2007-06-01,2007,6,train,-0.46418128579033063,-0.5860155120854403,-0.19880336664852188,-0.8546301474480072,-1.116092696291093,-0.5104831149942188,0,1,0,0,-0.6217010205429353,Wet
Chhatrapati Sambhajinagar,2007-07-01,2007,7,train,-1.115809399683552,-1.6785409285627961,0.8369946575458367,2.004103560562023,-1.116092696291093,-1.5225960795629832,0,2,0,0,-0.43199014766542737,Normal
Chhatrapati Sambhajinagar,2007-08-01,2007,8,train,-1.5994645762142894,-1.2740228429865257,-0.1158833131547646,0.041365238583128565,-1.116092696291093,-2.3676884747219757,0,3,0,0,-1.07196444413092,Wet
Chhatrapati Sambhajinagar,2007-09-01,2007,9,train,-1.3238927354386854,-1.2292210758404054,-0.6758284300402013,-0.34844722390374083,-0.5050750612354836,-1.5532010422000386,0,0,0,0,-0.9392775947764259,Wet
Chhatrapati Sambhajinagar,2007-10-01,2007,10,train,-0.37721429174251825,-0.6618661986643136,0.6871299759195597,0.49821036632522203,-0.30600157368510733,-1.1312733070563494,0,0,0,0,-0.21516917148391781,Normal
Chhatrapati Sambhajinagar,2007-11-01,2007,11,train,0.3716097595524429,-0.45477376360182975,0.5342235880818865,0.45243011378456716,-0.30600157368510733,-1.0261249534031265,0,1,0,0,-0.07143947154519452,Normal
Chhatrapati Sambhajinagar,2007-12-01,2007,12,train,1.7662617736514024,-0.40439398177433866,0.8936544684916614,0.4475830853390915,-0.30600157368510733,-0.8895600066196634,0,2,0,0,0.25125729423384097,Normal
Chhatrapati Sambhajinagar,2008-01-01,2008,1,train,0.2971448499882203,-0.4557606302400209,0.5989199339773522,0.049318490541276225,-0.2599288729772847,-0.7955244976791418,0,0,0,0,-0.09430512106493309,Normal
Chhatrapati Sambhajinagar,2008-02-01,2008,2,train,0.3002165865661801,-0.4699339434981006,0.4392562620364618,-0.439428003175605,-0.2599288729772847,-0.6058042466359459,0,1,0,0,-0.17260370294738236,Normal
Chhatrapati Sambhajinagar,2008-03-01,2008,3,train,0.023370023971412586,-0.4171847872304652,0.291484995952201,-0.383372319172958,-0.3030450367412896,-0.17722114144813242,0,0,0,0,-0.16099471077820526,Normal
Chhatrapati Sambhajinagar,2008-04-01,2008,4,train,-0.3915039783360071,-0.4309674820996198,0.14818307853499868,-0.4492834107418151,-0.3030450367412896,0.054119521285637934,0,1,0,0,-0.22874955134968247,Normal
Chhatrapati Sambhajinagar,2008-05-01,2008,5,train,0.7226066893142112,-0.38112902771535884,0.17457194988758218,0.05701347450327196,0.21434892842676612,0.49827294585472964,0,0,0,0,0.21428082671186707,Normal
Chhatrapati Sambhajinagar,2008-06-01,2008,6,train,1.741151349173543,-0.14439748402438327,0.30937428675718054,1.710431102174529,0.21434892842676612,0.1548753307097381,0,1,0,0,0.6642972522028956,Moderate Stress
Chhatrapati Sambhajinagar,2008-07-01,2008,7,train,2.395435448049422,1.2867374102319136,2.721055534713528,1.3545391084036773,0.21434892842676612,-0.26132229315205807,0,2,0,0,1.285132356112208,Moderate Stress
Chhatrapati Sambhajinagar,2008-08-01,2008,8,train,1.6518381529572306,0.6899822176760417,1.3458789337143364,0.4904719877511831,0.21434892842676612,-0.4707619186576999,0,3,0,0,0.6536263836446431,Moderate Stress
Chhatrapati Sambhajinagar,2008-09-01,2008,9,train,-0.4299043948850024,-0.6651110813797955,1.1176890486675288,0.6644653573004073,-0.8007287556172297,-0.844598923819136,0,0,0,0,-0.1596981249555379,Normal
Chhatrapati Sambhajinagar,2008-10-01,2008,10,train,-0.7027886131200771,-0.9973113628928428,1.265054181239613,0.567838642336547,-0.5831769121679946,-1.6596447581203857,0,0,0,0,-0.35167147045419006,Normal
Chhatrapati Sambhajinagar,2008-11-01,2008,11,train,-0.6839747564118409,-0.6410919886234367,0.838349863958678,0.29008607761797855,-0.5831769121679946,-1.5554703610589853,0,1,0,0,-0.38921301278093345,Normal
Chhatrapati Sambhajinagar,2008-12-01,2008,12,train,1.0109252425407624,-0.7850354893612528,0.3987916699582402,0.8071647957935609,-0.5831769121679946,-1.5855006893068655,0,2,0,0,-0.12280523042392488,Normal
Chhatrapati Sambhajinagar,2009-01-01,2009,1,train,0.27009925697256437,-0.6843543812862446,0.0034395128815176163,0.761720548731846,-1.2947168033133973,-1.5264789198423847,0,0,0,0,-0.4117151309760165,Normal
Chhatrapati Sambhajinagar,2009-02-01,2009,2,train,-0.8497151637213889,-0.5835364261877182,0.0896593771775392,0.8628441686696825,-1.2947168033133973,-1.1488824422365114,0,1,0,0,-0.487391214935299,Normal
Chhatrapati Sambhajinagar,2009-03-01,2009,3,train,-0.7568552455488997,-0.4711379703992876,0.15531740982057907,0.01879539744597516,-0.4508718839321622,-1.0068860641926474,0,0,0,0,-0.41860639280107376,Normal
Chhatrapati Sambhajinagar,2009-04-01,2009,4,train,-0.819226456292955,-0.4524361188573957,0.18308288481487922,0.37960324437182486,-0.4508718839321622,-0.8027674882003331,0,1,0,0,-0.327102636349357,Normal
Chhatrapati Sambhajinagar,2009-05-01,2009,5,train,-0.9236896558209285,-0.40776982213713525,0.1969603616243789,-0.3686426264027562,-0.08130476595498053,-0.23570074174316438,0,0,0,0,-0.303357875072431,Normal
Chhatrapati Sambhajinagar,2009-06-01,2009,6,train,0.9706532515229574,0.07078718749472178,1.0296680826561138,0.8933376057892085,-0.08130476595498053,0.07617963809043074,0,1,0,0,0.49322016659974194,Normal
Chhatrapati Sambhajinagar,2009-07-01,2009,7,train,0.6032540293507572,-0.6528183663919126,-0.2830759955882767,-1.1040248723891264,-0.08130476595498053,0.22969792261556207,0,2,0,0,-0.21471200805966284,Normal
Chhatrapati Sambhajinagar,2009-08-01,2009,8,train,1.0638773989659487,0.14097554157256303,-0.7028978651016684,0.15421184439214455,-0.08130476595498053,0.5949900819447366,0,3,0,0,0.19497537263645734,Normal
Chhatrapati Sambhajinagar,2009-09-01,2009,9,train,0.4355150044912864,-0.4671811870463595,0.2314760933723108,0.8491261980648482,1.3427605286504314,0.7787919234316204,0,0,0,0,0.5284147601606896,Moderate Stress
Chhatrapati Sambhajinagar,2009-10-01,2009,10,train,0.7297418637452651,-0.6432076695637045,-0.013341641798505624,0.5963509755621424,0.6733512889544271,0.6911942675630497,0,0,0,0,0.33901484741044574,Normal
Chhatrapati Sambhajinagar,2009-11-01,2009,11,train,-0.7905612605614836,-1.283297422109731,-0.3121745316596866,-0.8780223691599078,0.6733512889544271,0.5509542579064411,0,1,0,0,-0.3399583394383236,Normal
Chhatrapati Sambhajinagar,2009-12-01,2009,12,train,-1.4851337917458667,-1.3082002947009004,-1.0106022332138007,-1.0015621815570963,0.6733512889544271,0.802543478184214,0,2,0,0,-0.5549339556798372,Wet
Chhatrapati Sambhajinagar,2010-01-01,2010,1,train,-2.6815787132045372,-1.096133262467706,-1.7007786255883697,-0.947525017652674,-1.0729765325270877,0.744982643607468,0,0,0,0,-1.1256682513054845,Wet
Chhatrapati Sambhajinagar,2010-02-01,2010,2,train,0.5542233088615697,-0.8776181909097527,-1.0478187298993427,-1.1626304387868247,-1.0729765325270877,0.5643072027803359,0,1,0,0,-0.5070855634135171,Wet
Chhatrapati Sambhajinagar,2010-03-01,2010,3,train,-0.4327412997212355,-0.6629820838549028,-0.4908357541964411,-0.07800832714413097,-1.1160926962910918,0.21547815637494508,0,0,0,0,-0.4275303341388095,Normal
Chhatrapati Sambhajinagar,2010-04-01,2010,4,train,-1.290949180715394,-0.5435432948086929,-0.2615868364361222,0.5611309291015536,-1.1160926962910918,0.3341320414347815,0,1,0,0,-0.3861515062858277,Normal
Chhatrapati Sambhajinagar,2010-05-01,2010,5,train,-0.23665327585295073,-0.4665819689170077,0.0327065145587457,0.24817285249970958,-0.37695846033672714,0.02536832269501979,0,0,0,0,-0.12899100255886845,Normal
Chhatrapati Sambhajinagar,2010-06-01,2010,6,train,-0.3743534655066055,-0.5694406214747115,-0.028726880238529432,-0.8445386607498175,-0.37695846033672714,0.009853194187276895,0,1,0,0,-0.3640274823531857,Normal
Chhatrapati Sambhajinagar,2010-07-01,2010,7,train,-0.808241755546081,-1.334223082705635,-1.2412495790898703,-0.4948759531351873,-0.37695846033672714,0.09115259742872493,0,2,0,0,-0.6940660388974625,Wet
Chhatrapati Sambhajinagar,2010-08-01,2010,8,train,-1.5682044800860686,-1.2796147386656196,-2.1170113125654364,-0.02865259551725187,-0.37695846033672714,-0.009155191963137752,0,3,0,0,-0.8965994631890402,Wet
Chhatrapati Sambhajinagar,2010-09-01,2010,9,train,-1.0598920963414993,-1.4415941039558458,-0.06413756071705724,-0.5404824981748579,-1.2442092971898495,-0.23738568664701856,0,0,0,0,-0.7646168738376881,Wet
Chhatrapati Sambhajinagar,2010-10-01,2010,10,train,-0.9779114240067373,-1.3191184860895793,-0.31564107735904356,-1.1323976548461083,-1.0266574537406146,-0.594428433643453,0,0,0,0,-0.8943590882809228,Wet
Chhatrapati Sambhajinagar,2010-11-01,2010,11,train,-0.6582452605874844,-2.0247338601668274,-2.051284852316079,-1.625726692354509,-1.0266574537406146,-1.05115563781298,0,1,0,0,-1.4063006261630824,Wet
Chhatrapati Sambhajinagar,2010-12-01,2010,12,train,-1.3013921785597917,-1.8318449483057428,-1.668143576896978,-1.529891734469954,-1.0266574537406146,-1.1910482696185067,0,2,0,0,-1.424829693598598,Wet
Chhatrapati Sambhajinagar,2011-01-01,2011,1,train,-1.6355403895437948,-1.486054019370463,-1.563770460854731,-0.8938983087989646,-1.959937615672327,-1.4099450136307494,0,0,0,0,-1.4915243013118384,Wet
Chhatrapati Sambhajinagar,2011-02-01,2011,2,train,0.9601739912486983,-1.214038287569825,-1.398011578842201,-1.6387432544284433,-1.959937615672327,-1.1418699547753848,0,1,0,0,-1.0654044500065802,Wet
Chhatrapati Sambhajinagar,2011-03-01,2011,3,train,1.1323288355987546,-0.9978534885629445,-0.9837575307651651,-0.8438561380968882,-1.1900061198865282,-0.8530496205141874,0,0,0,0,-0.6226990103711598,Wet
Chhatrapati Sambhajinagar,2011-04-01,2011,4,train,1.1483194477439604,-0.8681811957971739,-0.5698720287130062,-1.641543182149433,-1.1900061198865282,-0.48545243058436477,0,1,0,0,-0.6011225848977576,Wet
Chhatrapati Sambhajinagar,2011-05-01,2011,5,train,0.46851642100659635,-0.7619674723513499,-0.6307937426221191,-0.888326066639764,-1.042179272695657,0.13591239586694268,0,0,0,0,-0.4531396229058919,Normal
Chhatrapati Sambhajinagar,2011-06-01,2011,6,train,1.2021277475883891,-0.5544729630348846,-0.1607772099020608,-0.2405033190625219,-1.042179272695657,0.2081994541120529,0,1,0,0,-0.09793426049911369,Normal
Chhatrapati Sambhajinagar,2011-07-01,2011,7,train,-0.07258799729748015,-0.09760496649247304,-2.0944798666578786,-1.1589375119024992,-1.042179272695657,-0.30773132475242904,0,2,0,0,-0.7955868232997362,Wet
Chhatrapati Sambhajinagar,2011-08-01,2011,8,train,-0.339715894439602,-0.13372787968011085,0.22846015663341052,-0.26585501713950604,-1.042179272695657,-0.312883555123174,0,3,0,0,-0.3109835770741065,Normal
Chhatrapati Sambhajinagar,2011-09-01,2011,9,train,-0.4901177464421866,-0.751883911564428,-0.017582756810341594,-0.249041084902699,-1.2442092971898495,-0.5967756690297459,0,0,0,0,-0.5582684109898751,Wet
Chhatrapati Sambhajinagar,2011-10-01,2011,10,train,0.21823747777475444,0.1625533039714997,-0.6360074746297067,-0.4379008124900229,-0.6570903357634316,-0.7461221728199013,0,0,0,0,-0.34938833565946803,Normal
Chhatrapati Sambhajinagar,2011-11-01,2011,11,train,0.6796995263851356,0.25752959027170097,0.34385175784566946,0.4483516641761828,-0.6570903357634316,-0.6206668242271667,0,1,0,0,0.07527922978134845,Normal
Chhatrapati Sambhajinagar,2011-12-01,2011,12,train,0.4661430664789365,0.1968607007582756,0.5934233198520605,0.14861126079294593,-0.6570903357634316,-0.3249573703398077,0,2,0,0,0.07049844029649656,Normal
Chhatrapati Sambhajinagar,2012-01-01,2012,1,train,1.291126405372815,0.04203807537608893,0.14797413433305112,-0.41874610765732184,-0.2599288729772847,-0.32325294630411694,0,0,0,0,0.07986844802387198,Normal
Chhatrapati Sambhajinagar,2012-02-01,2012,2,train,0.9754937986333688,-0.026463237663842804,-0.3351986715988321,-0.3964621542436529,-0.2599288729772847,-0.1250105750824688,0,1,0,0,-0.027928285488785412,Normal
Chhatrapati Sambhajinagar,2012-03-01,2012,3,train,1.176210996876001,0.007060963011994538,0.015925764548948312,-0.24506481224821952,-0.8943524255047829,0.5165768367370586,0,0,0,0,0.0960595539035,Normal
Chhatrapati Sambhajinagar,2012-04-01,2012,4,train,-0.4604275865587924,-0.03571710130749618,-0.32469915244904257,-0.3729534412591193,-0.8943524255047829,0.7947161137079293,0,1,0,0,-0.21557226556188402,Normal
Chhatrapati Sambhajinagar,2012-05-01,2012,5,train,-0.369852380172394,-0.060828124379131224,-0.27857615045334694,-0.4685042185264756,0.10347879303361096,0.5489673864591228,0,0,0,0,-0.08755244900643568,Normal
Chhatrapati Sambhajinagar,2012-06-01,2012,6,train,0.7736770834663089,0.22328308547463166,0.42975139510753924,0.08351672631188721,0.10347879303361096,0.68436683185437,0,1,0,0,0.38301231920805806,Normal
Chhatrapati Sambhajinagar,2012-07-01,2012,7,train,0.659261089025354,0.7714683756956026,-0.5920010210669514,1.6503476634086522,0.10347879303361096,0.7197928796209496,0,2,0,0,0.5520579632862029,Moderate Stress
Chhatrapati Sambhajinagar,2012-08-01,2012,8,train,0.8571279309509732,1.3941145202283807,1.3246219729054776,0.4935443541749525,0.10347879303361096,1.2565500969405832,0,3,0,0,0.9049062780389964,Moderate Stress
Chhatrapati Sambhajinagar,2012-09-01,2012,9,train,0.34101872616911016,1.3794789154447056,0.06310244842380347,-0.2256970274866885,3.061247627244333,1.7545016371200104,0,0,0,0,1.0622753878192124,Moderate Stress
Chhatrapati Sambhajinagar,2012-10-01,2012,10,train,0.25889589891494064,1.4075332024041758,0.9890407509624044,0.3430219966719332,3.149450979401553,2.3502319260745326,0,0,0,0,1.41636245907159,Moderate Stress
Chhatrapati Sambhajinagar,2012-11-01,2012,11,train,0.03629599742212394,1.4527296300441823,1.0980035869589144,0.7467608789334663,3.149450979401553,2.4635615150990704,0,1,0,0,1.4911337646432183,Moderate Stress
Chhatrapati Sambhajinagar,2012-12-01,2012,12,train,-0.08697772837740408,1.3858060218316142,1.4552467175418768,1.164741061566735,3.149450979401553,2.2621148266903237,0,2,0,0,1.5550636464424497,Severe Stress
Chhatrapati Sambhajinagar,2013-01-01,2013,1,train,0.7949790201232518,1.202150939250446,1.5460816318133288,0.916998159855635,2.105300682076686,1.894300119788327,0,0,0,0,1.4099684254846123,Moderate Stress
Chhatrapati Sambhajinagar,2013-02-01,2013,2,train,0.8302014450659467,1.0529680447313392,1.230374085746912,0.7080704856534282,2.105300682076686,1.421048118777533,0,1,0,0,1.224660477008641,Moderate Stress
Chhatrapati Sambhajinagar,2013-03-01,2013,3,train,0.7696518699243132,0.9995007276803205,0.8457255473844694,1.5562874274539977,1.5817472649423443,0.538588255712261,0,0,0,0,1.0485835155162844,Moderate Stress
Chhatrapati Sambhajinagar,2013-04-01,2013,4,train,0.43612869035327106,0.8621287390517827,0.6272455511153033,0.919683757042531,1.5817472649423443,0.08440957129133649,0,1,0,0,0.7518905956327616,Moderate Stress
Chhatrapati Sambhajinagar,2013-05-01,2013,5,train,1.1517088210227877,0.7782211411183289,0.49700075640448976,0.6350095140080516,1.175223435167441,-0.1404477870628643,0,0,0,0,0.6827859801097057,Moderate Stress
Chhatrapati Sambhajinagar,2013-06-01,2013,6,train,-2.0435833908312286,-0.7223907119936871,-1.6728015680951975,-0.26465022337020183,1.175223435167441,0.20118696665092622,0,1,0,0,-0.5545025820786579,Wet
Chhatrapati Sambhajinagar,2013-07-01,2013,7,train,-2.2478531357198306,-2.5984364958347204,-2.882911142011807,-5.290649681662272,1.175223435167441,1.150622578013902,0,2,0,0,-1.7823340736745479,Very Wet
Chhatrapati Sambhajinagar,2013-08-01,2013,8,train,-1.5430111101769974,-3.131568273565189,-1.0823042196801835,0.779115295036384,1.175223435167441,1.1544794461175212,0,3,0,0,-0.44134423785017063,Normal
Chhatrapati Sambhajinagar,2013-09-01,2013,9,train,-0.17514795415765191,-2.284527098200583,-1.864014955408266,-0.7331785830227171,0.049275615730290864,1.1409089842714524,0,0,0,0,-0.6444473317979126,Wet
Chhatrapati Sambhajinagar,2013-10-01,2013,10,train,0.1331110181320764,-2.4457690399996888,-1.2080145961374136,-0.7063937304516436,-1.0266574537406146,0.9070717461406425,0,0,0,0,-0.7244420093427735,Wet
Chhatrapati Sambhajinagar,2013-11-01,2013,11,train,-0.4789010177257907,-1.8709353625628091,-0.7678970156395498,-0.8915853192147827,-1.0266574537406146,0.8313076628627232,0,1,0,0,-0.7007780843368039,Wet
Chhatrapati Sambhajinagar,2013-12-01,2013,12,train,-0.23273301976185745,-1.6138268966242557,-1.7768327182352734,-0.8779750619507456,-1.0266574537406146,0.7256009074301883,0,2,0,0,-0.8004040404804265,Wet
Chhatrapati Sambhajinagar,2014-01-01,2014,1,train,-0.13101644357774817,-1.4949135187936913,-1.0686103382577437,-1.3306903289687608,-0.6294959909544676,0.8624418085813352,0,0,0,0,-0.632047468661846,Wet
Chhatrapati Sambhajinagar,2014-02-01,2014,2,train,-0.2436880895904478,-1.376530680716913,-1.4385722759727675,-1.8470657918532416,-0.6294959909544676,0.7621177865796098,0,1,0,0,-0.7955391737513713,Wet
Chhatrapati Sambhajinagar,2014-03-01,2014,3,train,-2.2048018811659227,-1.6265895726575201,-1.7650811694977597,-2.325605732281806,0.06652208123589347,0.8631592899373121,0,0,0,0,-1.1653994974049673,Wet
Chhatrapati Sambhajinagar,2014-04-01,2014,4,train,-2.012985259508553,-1.2300081336147466,-1.4076007082922544,-1.0595956608967088,0.06652208123589347,0.9217200532816625,0,1,0,0,-0.7869912712991178,Wet
Chhatrapati Sambhajinagar,2014-05-01,2014,5,train,-0.3493955938038218,-1.0346714067637879,-0.563612994298132,-0.2908189645394601,-0.11826147775269936,0.8097929617493508,0,0,0,0,-0.2578279125680918,Normal
Chhatrapati Sambhajinagar,2014-06-01,2014,6,train,2.107462119558869,-0.3501978282798894,0.4257466296184244,-0.07613401140673623,-0.11826147775269936,-0.1043919140335735,0,1,0,0,0.31403725295073254,Normal
Chhatrapati Sambhajinagar,2014-07-01,2014,7,train,1.229643394385547,0.7683799965090256,1.8142946809098186,1.5481507995259896,0.004927561573029188,0.33288862351922033,0,0,0,0,0.9497141760704384,Moderate Stress
Chhatrapati Sambhajinagar,2014-08-01,2014,8,train,0.33783346311812756,0.7761612335976883,0.18396432838818794,0.03725962229821674,0.004927561573029188,0.891803353302829,0,1,0,0,0.3719915937130131,Normal
Chhatrapati Sambhajinagar,2014-09-01,2014,9,train,-0.15119134431283923,-0.3213292024005091,0.5716158613519277,1.1248801792140648,0.049275615730290864,0.7940343440936528,0,0,0,0,0.34454757561276467,Normal
Chhatrapati Sambhajinagar,2014-10-01,2014,10,train,0.5872578856479853,0.6490138370603388,0.7308553240730666,0.29983308293351235,0.08204390019093442,0.775831095392478,0,0,0,0,0.5208058542163859,Moderate Stress
Chhatrapati Sambhajinagar,2014-11-01,2014,11,train,0.7028391686432739,0.36490831619843217,0.3647146790703373,0.2038387908876342,0.08204390019093442,0.9550488478538488,0,1,0,0,0.44556561714074344,Normal
Chhatrapati Sambhajinagar,2014-12-01,2014,12,train,0.2555321313919217,0.12066984672149611,-0.4527506744560965,-0.9563664509530337,0.08204390019093442,1.161202993123073,0,2,0,0,0.03505529100304914,Normal
Chhatrapati Sambhajinagar,2015-01-01,2015,1,train,-1.4665964865643721,-0.07416321859528562,-1.429094933204382,-0.7364668612768066,-0.16753709348298895,1.0737903890069487,0,0,0,0,-0.466678034019481,Normal
Chhatrapati Sambhajinagar,2015-02-01,2015,2,train,-0.35390332835658195,-0.06736850900104145,-0.23710153699627548,-0.3929521889957765,-0.16753709348298895,1.1199007405858288,0,1,0,0,-0.016493652707805933,Normal
Chhatrapati Sambhajinagar,2015-03-01,2015,3,train,-2.9447046132438133,-0.22368425309636417,-1.064002767355538,-1.1621208630084747,-0.7465255783139089,1.4603407742136507,0,0,0,0,-0.7801162168007413,Wet
Chhatrapati Sambhajinagar,2015-04-01,2015,4,train,-2.6720295630890396,-0.1906249427703148,-0.5553545244228534,-1.1982712007123335,-0.7465255783139089,1.1543008874090208,0,1,0,0,-0.7014174869832382,Wet
Chhatrapati Sambhajinagar,2015-05-01,2015,5,train,-0.8535230925492968,-0.15586514389724862,-0.166346097763756,0.4181347465100855,-0.0443480541572617,0.07601406546982091,0,0,0,0,-0.1209889293979428,Normal
Chhatrapati Sambhajinagar,2015-06-01,2015,6,train,-1.0809777752184724,-0.29705413949626003,-0.8745233342854131,0.5484006823350042,-0.0443480541572617,0.16734197508507342,0,1,0,0,-0.2635267742895549,Normal
Chhatrapati Sambhajinagar,2015-07-01,2015,7,train,0.05910924292916698,1.1693825794111872,1.84626567788424,3.0613375695121237,-0.0443480541572617,0.8896022114053083,0,2,0,0,1.1635582044974606,Moderate Stress
Chhatrapati Sambhajinagar,2015-08-01,2015,8,train,0.5194217007188755,2.354042654808157,-0.2582146415663297,0.5712927321083854,-0.0443480541572617,0.9609055734926784,0,3,0,0,0.6838499942340842,Moderate Stress
Chhatrapati Sambhajinagar,2015-09-01,2015,9,train,0.7060862673025906,2.7458476231469464,0.5127340451932608,0.6310861083748788,0.45579944550519275,1.454182122031355,0,0,0,0,1.0842892685923708,Moderate Stress
Chhatrapati Sambhajinagar,2015-10-01,2015,10,train,0.1991005585651814,2.585112885312443,0.475873717746901,1.1123910996243358,0.5994378653589908,1.9663956332370454,0,0,0,0,1.1563852933074827,Moderate Stress
Chhatrapati Sambhajinagar,2015-11-01,2015,11,train,-0.44244413082386197,2.303335700015788,0.9993853926294658,0.8730041618952296,0.5994378653589908,1.6874642049048258,0,1,0,0,1.0033638656634063,Moderate Stress
Chhatrapati Sambhajinagar,2015-12-01,2015,12,train,0.4003865582619285,1.9839256476035778,0.31643325667837807,1.033035936454851,0.5994378653589908,1.5355919070198756,0,2,0,0,0.9781351952296004,Moderate Stress
Chhatrapati Sambhajinagar,2016-01-01,2016,1,train,-0.2214744370346014,1.7770379809882484,1.0720377949588862,0.8933745920649624,0.36833522758392484,1.4470592528231556,0,0,0,0,0.889395068564096,Moderate Stress
Chhatrapati Sambhajinagar,2016-02-01,2016,2,train,0.4273223925412458,1.6078317832080073,0.7590472765177896,0.7430121989392924,0.36833522758392484,1.4296189367855767,0,1,0,0,0.889194635929306,Moderate Stress
Chhatrapati Sambhajinagar,2016-03-01,2016,3,train,-0.5253632738918564,1.4650382371905661,0.47249968561596295,0.9415094317394244,1.4339204177514717,1.3389370850429003,0,0,0,0,0.8544235972414116,Moderate Stress
Chhatrapati Sambhajinagar,2016-04-01,2016,4,train,-0.5334948171175445,1.2837335489550235,0.5187632822515902,1.20788279765805,1.4339204177514717,0.8629417729651381,0,1,0,0,0.7956245004106215,Moderate Stress
Chhatrapati Sambhajinagar,2016-05-01,2016,5,train,0.8400951911444808,1.144569735629233,0.37296071523940727,-0.03557014898220787,0.842613028987977,0.5992235465971945,0,0,0,0,0.6273153447693475,Moderate Stress
Chhatrapati Sambhajinagar,2016-06-01,2016,6,train,0.2202685655161923,1.2531321273492166,1.029561693979938,0.25304505619892176,0.842613028987977,0.5424126585961524,0,1,0,0,0.6901721884380664,Moderate Stress
Chhatrapati Sambhajinagar,2016-07-01,2016,7,train,-1.2771256508797284,-0.0977754082679475,-2.9742021880490155,-1.1999921565910048,0.842613028987977,1.1587551155556244,0,2,0,0,-0.5912878765406825,Wet
Chhatrapati Sambhajinagar,2016-08-01,2016,8,train,-0.649294547002207,-0.3152525899929879,-0.3000356685258287,-1.7077869101318173,0.842613028987977,0.967966758783396,0,3,0,0,-0.19363165464691126,Normal
Chhatrapati Sambhajinagar,2016-09-01,2016,9,train,-0.5982845209357099,0.3441099262105802,-1.0017974151368094,-1.6686232990037093,-0.8007287556172297,0.17605888658188978,0,0,0,0,-0.5915441963168314,Wet
Chhatrapati Sambhajinagar,2016-10-01,2016,10,train,0.4679678329167578,-0.5194574697208129,-1.1423321618951867,-0.9989989736625693,-1.0266574537406146,-0.06162548008662134,0,0,0,0,-0.5468506176981746,Wet
Chhatrapati Sambhajinagar,2016-11-01,2016,11,train,-0.005623573600956909,-0.16495322148726885,-0.8275462653110957,-0.4300326726115026,-1.0266574537406146,-0.2901059569624038,0,1,0,0,-0.457486523952307,Normal
Chhatrapati Sambhajinagar,2016-12-01,2016,12,train,0.045450501426825905,-0.0620458804546052,-0.8196956187204563,-0.12090185335069907,-1.0266574537406146,-0.5330918940124064,0,2,0,0,-0.41949036647532595,Normal
Chhatrapati Sambhajinagar,2017-01-01,2017,1,train,1.275839507264524,-0.12316894064808798,-0.5953513575551803,-0.6476248172476581,0.07268153320217949,-0.5619210091303698,0,0,0,0,-0.0965908473524321,Normal
Chhatrapati Sambhajinagar,2017-02-01,2017,2,train,0.972354715315496,-0.11794558325290527,-0.36482429588718984,-0.09390226210185741,0.07268153320217949,-0.14229830458732884,0,1,0,0,0.05434430044806569,Normal
Chhatrapati Sambhajinagar,2017-03-01,2017,3,train,1.161328996581375,-0.060680223604177665,-0.12658547716346924,-0.5926542222039914,-0.15521818955041689,0.1687282399674356,0,0,0,0,0.06581985400445921,Normal
Chhatrapati Sambhajinagar,2017-04-01,2017,4,train,1.4354459974148417,-0.06971683691994054,0.01914075075054621,0.07001083660343575,-0.15521818955041689,0.556924611814317,0,1,0,0,0.3094311950187972,Normal
Chhatrapati Sambhajinagar,2017-05-01,2017,5,train,0.9186871419470044,-0.06097821347712217,-0.2650073923684399,0.2827140666233574,-0.15521818955041689,0.5824714932178371,0,0,0,0,0.2171114843987033,Normal
Chhatrapati Sambhajinagar,2017-06-01,2017,6,train,-0.18666939327373255,-0.4570970720124068,-2.3573228825501786,-2.1366476111514463,-0.15521818955041689,0.5078858974160237,0,1,0,0,-0.7975115418536928,Wet
Chhatrapati Sambhajinagar,2017-07-01,2017,7,train,0.7703327966261939,0.272043058298659,-3.8394449637340005,-0.6206908304443062,-0.15521818955041689,0.8984165185613076,0,2,0,0,-0.4457602683737605,Normal
Chhatrapati Sambhajinagar,2017-08-01,2017,8,train,0.40809482120312995,1.3921304323747834,-0.5380892167364733,-0.8931099035260616,-0.15521818955041689,0.4099383294983456,0,3,0,0,0.10395771221055121,Normal
Chhatrapati Sambhajinagar,2017-09-01,2017,9,train,-0.22110981364566837,0.7933385955449513,-1.1464244436908702,-0.29051591200292176,-0.209421366853737,-0.024137890867349146,0,0,0,0,-0.18304513858593252,Normal
Chhatrapati Sambhajinagar,2017-10-01,2017,10,train,-1.201429315220313,0.2555313306942958,-1.2555991303912561,-0.724273882852976,0.8211781361453004,-0.19004165671849835,0,0,0,0,-0.3824390863905745,Normal
Chhatrapati Sambhajinagar,2017-11-01,2017,11,train,-1.0810660980278786,0.2317157830541235,-1.2881992539593774,-0.6758249234238438,0.8211781361453004,-0.09804171705488718,0,1,0,0,-0.3483730122110938,Normal
Chhatrapati Sambhajinagar,2017-12-01,2017,12,train,-0.7066868351467239,0.30920157905027024,-0.5505348940227731,-0.6355120716607744,0.8211781361453004,-0.17594201179087252,0,2,0,0,-0.15638268290426222,Normal
Chhatrapati Sambhajinagar,2018-01-01,2018,1,validation,0.24484494076094182,0.290828335774897,-0.2285780495416061,0.13366336381651375,1.8835604112903757,-0.5606061677314084,0,0,0,0,0.29395213906161893,Normal
Chhatrapati Sambhajinagar,2018-02-01,2018,2,validation,-1.7337389790271345,0.289359164287437,-0.22247211424126298,-0.3527166800745302,1.8835604112903757,-0.3450273691753088,0,1,0,0,-0.08017259449007061,Normal
Chhatrapati Sambhajinagar,2018-03-01,2018,3,validation,-1.0903241609649041,0.3019314898470726,-0.1902515457937532,-0.46790650774647485,1.8404442475263723,-0.3743012578035385,0,0,0,0,0.0032653775107956973,Normal
Chhatrapati Sambhajinagar,2018-04-01,2018,4,validation,-1.2621394063936564,0.24627410468679822,-0.10390883588835914,0.07888802351477857,1.8404442475263723,-0.424336654447464,0,1,0,0,0.0625369131664116,Normal
Chhatrapati Sambhajinagar,2018-05-01,2018,5,validation,1.230690584392291,0.24463901487648118,0.013567862099236704,-0.28002874572080727,1.3969637059537514,0.43929987421984046,0,0,0,0,0.5075220493034657,Moderate Stress
Chhatrapati Sambhajinagar,2018-06-01,2018,6,validation,-0.3383878407363815,0.24217130672130305,-1.6437074327756922,-1.3769180997865906,1.3969637059537514,0.9844915556246611,0,1,0,0,-0.12256446749982484,Normal
Chhatrapati Sambhajinagar,2018-07-01,2018,7,validation,-0.16143869574252676,-0.596039383833092,0.8369946575458367,-0.8858948709776875,1.3969637059537514,0.8135848994135151,0,2,1,0,0.23402838539329948,Normal
Chhatrapati Sambhajinagar,2018-08-01,2018,8,validation,-0.12233365809416172,-0.1264517173437245,-0.9621392540881248,-2.875591977584326,1.3969637059537514,1.048074688460846,0,3,0,0,-0.27357970211595656,Normal
Chhatrapati Sambhajinagar,2018-09-01,2018,9,validation,1.1158955863549112,0.7165642836021943,1.8822780666003696,1.3230742554527073,1.4166739522458678,0.8611399532702644,0,0,0,0,1.2192710162543856,Moderate Stress
Chhatrapati Sambhajinagar,2018-10-01,2018,10,validation,2.0458311615088998,1.863825440235733,2.45774399443243,2.546203503082101,1.6342257956951034,1.2472747836644542,0,0,0,0,1.9658507797697868,Severe Stress
Chhatrapati Sambhajinagar,2018-11-01,2018,11,validation,2.4306981950131847,1.53517794748125,1.8374966058249986,1.6020525385769926,1.6342257956951034,1.4397383457746187,0,1,0,0,1.7465649047276912,Severe Stress
Chhatrapati Sambhajinagar,2018-12-01,2018,12,validation,1.4006229833147683,1.2583784466749557,1.9105869499575567,0.7269973620289994,1.6342257956951034,1.6201800370197128,0,2,0,0,1.425165262448516,Moderate Stress
Chhatrapati Sambhajinagar,2019-01-01,2019,1,validation,-0.2056366206183598,0.9603322388042584,2.08259196590514,0.8008517765535511,2.6966080708401794,1.3542411896224136,0,0,0,0,1.2814981035178639,Moderate Stress
Chhatrapati Sambhajinagar,2019-02-01,2019,2,validation,-0.48157251999631157,0.7744570343703244,1.636587285913934,0.30869939403545466,2.6966080708401794,1.1252088040112642,0,1,0,0,1.009998011529141,Moderate Stress
Chhatrapati Sambhajinagar,2019-03-01,2019,3,validation,1.1076181570873964,0.6873866491287351,1.0913948875881725,1.476193367904669,1.8034875357286546,1.4384754487272213,0,0,0,0,1.2674260076941415,Moderate Stress
Chhatrapati Sambhajinagar,2019-04-01,2019,4,validation,-0.24057732234975177,0.5586539659845422,0.596331664358892,1.4728061419808613,1.8034875357286546,0.44969199105459273,0,1,0,0,0.7733989961262986,Moderate Stress
Chhatrapati Sambhajinagar,2019-05-01,2019,5,validation,0.8562070312595335,0.5003945414882183,0.4197409589462462,1.4004409072962818,1.2860935705605976,0.7684972022560516,0,0,0,0,0.8718957019678216,Moderate Stress
Chhatrapati Sambhajinagar,2019-06-01,2019,6,validation,0.39718158828917655,0.8696952933227639,1.0308353646990123,1.0997856623370912,1.2860935705605976,0.7934499701385582,0,1,0,0,0.9128402415578666,Moderate Stress
Chhatrapati Sambhajinagar,2019-07-01,2019,7,validation,0.0428673104254823,-0.006754093670732377,-1.2047147461911172,1.5289716760627379,1.2860935705605976,0.7817852166904905,0,2,0,0,0.40470815564624313,Normal
Chhatrapati Sambhajinagar,2019-08-01,2019,8,validation,-0.23886182563599978,-0.8199222345696694,0.4604546041576306,-1.0015970278348405,1.2860935705605976,0.6707639047885742,0,3,0,0,0.05948849857771545,Normal
Chhatrapati Sambhajinagar,2019-09-01,2019,9,validation,-1.1234769431404013,-1.2043861589685032,-1.7721574217980631,-1.3069119138400223,-0.17246465505601882,-0.3504620469576819,0,0,0,0,-0.9883098566267817,Wet
Chhatrapati Sambhajinagar,2019-10-01,2019,10,validation,-1.405642335084691,-2.465327126654246,-2.5278268859608133,-1.7023880292811024,-0.17246465505601882,-0.2501347784339843,0,1,0,0,-1.420630635078476,Wet
Chhatrapati Sambhajinagar,2019-11-01,2019,11,validation,-1.3461995596514753,-3.564648714197644,-2.9884773600560286,-1.6735050773291134,-0.17246465505601882,-0.5816111648950598,0,2,0,0,-1.7211510885308898,Very Wet
Chhatrapati Sambhajinagar,2019-12-01,2019,12,validation,-0.827857101399969,-2.6509306829044443,-1.587352805120761,-1.5533762836337284,-0.17246465505601882,-0.4546396905410547,0,3,0,0,-1.2077702031093294,Wet
Chhatrapati Sambhajinagar,2020-01-01,2020,1,validation,0.18721600094731394,-2.330261701359246,-1.9697500806945352,-1.4789796707126768,-1.590370497695144,-1.139525965911064,0,0,0,0,-1.3869453192375587,Wet
Chhatrapati Sambhajinagar,2020-02-01,2020,2,validation,0.8463682918038267,-1.9898646472536885,-1.7028828119743602,-1.9556096564301995,-1.590370497695144,-1.1154757311369783,0,1,0,0,-1.2513058421144239,Wet
Chhatrapati Sambhajinagar,2020-03-01,2020,3,validation,-0.5247898170798504,-1.6793578539062952,-1.6090929103227556,-2.265608999930818,-1.590370497695144,-0.8676589693915339,0,2,0,0,-1.4228131747210664,Wet
Chhatrapati Sambhajinagar,2020-04-01,2020,4,validation,-0.5649462165462064,-1.4626086204656255,-0.8282422398210667,-0.5689865020580247,-1.590370497695144,-0.8099747669798244,0,3,0,0,-0.9708548072609818,Wet
Chhatrapati Sambhajinagar,2020-05-01,2020,5,validation,-0.3940670943727173,-1.2239773083577605,-0.5435707882001509,0.12339100194078986,-1.263919543481966,-1.0067821754895194,0,0,0,0,-0.718154317993554,Wet
Chhatrapati Sambhajinagar,2020-06-01,2020,6,validation,-1.6857763824538368,-1.872423125175169,-1.4640713364042932,-3.938292735392328,-1.263919543481966,-0.3929265543611698,0,1,0,0,-1.769568279544794,Very Wet
Chhatrapati Sambhajinagar,2020-07-01,2020,7,validation,-2.527878542649928,-1.9796141635144364,-3.9832643090638573,-0.9927546643803692,-1.263919543481966,-0.6347372504570377,0,2,0,0,-1.8970280789245992,Very Wet
Chhatrapati Sambhajinagar,2020-08-01,2020,8,validation,-2.7733204544344865,-2.326611263826053,-2.7394069650372423,-1.7132701867085638,-1.263919543481966,-0.8814307155999134,0,3,0,0,-1.9496598548480375,Very Wet
Chhatrapati Sambhajinagar,2020-09-01,2020,9,validation,-2.2176462253442137,-2.399784777440284,-1.1030377457439875,-0.5759566426436739,-1.263919543481966,-1.3168217773645705,1,4,0,0,-1.4795277853364492,Wet
Chhatrapati Sambhajinagar,2020-10-01,2020,10,validation,-2.394670563426781,-2.3280949670624227,-1.5469527954836717,-0.9884642324232102,-3.022319890817402,-1.4340277136245627,0,0,0,0,-1.9524216938063417,Very Wet
Chhatrapati Sambhajinagar,2020-11-01,2020,11,validation,-1.731138347568944,-2.026030307579543,-0.8234989563067631,-1.3063450315168774,-3.022319890817402,-1.5646255530221225,0,1,0,0,-1.7456596811352751,Very Wet
Chhatrapati Sambhajinagar,2020-12-01,2020,12,validation,-1.4585517964043677,-1.642677267357458,-0.823585948007605,-0.7131530693411209,-3.022319890817402,-1.9156719739348989,0,2,0,0,-1.5959933243104754,Very Wet
Chhatrapati Sambhajinagar,2021-01-01,2021,1,test,1.1065560676810675,-1.5532302990171285,-0.8650156559740313,-0.6039509393847592,-0.6294959909544683,-1.7908107388631767,0,0,0,0,-0.7226579260854161,Wet
Chhatrapati Sambhajinagar,2021-02-01,2021,2,test,0.8051615215413711,-1.3872804404139871,-1.1797214610553464,-1.3857331174107694,-0.6294959909544683,-1.6312344443369056,0,1,0,0,-0.9013839887716841,Wet
Chhatrapati Sambhajinagar,2021-03-01,2021,3,test,1.0146197058995214,-1.1595626556945595,-0.8504064609080876,-1.422606354414285,-1.1160926962910918,-1.7000509705931532,0,0,0,0,-0.8723499053336093,Wet
Chhatrapati Sambhajinagar,2021-04-01,2021,4,test,-1.0418894140929178,-1.0313755991373321,-0.8830951068058709,-1.8043053283283392,-1.1160926962910918,-1.3989263180552578,0,1,0,0,-1.2126140771184681,Wet
Chhatrapati Sambhajinagar,2021-05-01,2021,5,test,-1.9369612077864247,-0.9643563632246493,-1.7015286674147347,-1.8266541554694014,-1.9660970676386142,-1.2205169495651007,0,0,0,0,-1.6026857351831543,Very Wet
Chhatrapati Sambhajinagar,2021-06-01,2021,6,test,-0.8547399936379513,-0.8594432829595021,-3.320031487581421,-2.270169542641394,-1.9660970676386142,-0.3847453189898561,0,1,0,0,-1.609204448908123,Very Wet
Chhatrapati Sambhajinagar,2021-07-01,2021,7,test,-0.5994358665205164,-0.003911870849332387,-5.536901236755659,2.9988847360697015,-1.9660970676386142,-0.5036913910272384,0,2,0,0,-0.9351921161202764,Wet
Chhatrapati Sambhajinagar,2021-08-01,2021,8,test,0.14956779174546542,0.9162592098271121,-0.1450279135732959,-0.20319543525907724,-1.9660970676386142,-0.5734169434358555,0,3,0,0,-0.3036517263890442,Normal
Chhatrapati Sambhajinagar,2021-09-01,2021,9,test,-0.890336619846543,-0.521012301673183,-1.2166934247015302,-1.6465042149509834,-2.352910651121398,-0.6338347173486155,0,0,0,0,-1.2102153216070424,Wet
Chhatrapati Sambhajinagar,2021-10-01,2021,10,test,-1.200338233844176,-1.7173656896176765,-1.6709416823744758,-1.8699677017101746,-2.352910651121398,-1.722805843100114,0,1,0,0,-1.7557216336280026,Very Wet
Chhatrapati Sambhajinagar,2021-11-01,2021,11,test,-1.3421905947798352,-1.4514348061639983,-1.115226613867875,-1.5638669700347982,-2.352910651121398,-1.6847144007939123,0,2,0,0,-1.5850573394603031,Very Wet
Chhatrapati Sambhajinagar,2021-12-01,2021,12,test,-0.5242261060766833,-1.5748242826053933,-0.6895659398964126,-1.4498571390311736,-2.352910651121398,-1.8172049625015831,0,3,0,0,-1.401431513538774,Wet
Chhatrapati Sambhajinagar,2022-01-01,2022,1,test,-0.07377153694346629,-1.4089738032708672,-1.3919155589421088,-1.803426417374984,-0.33384229657272235,-2.1120216228464375,0,0,0,0,-1.1873252059917645,Wet
Chhatrapati Sambhajinagar,2022-02-01,2022,2,test,-1.4234509238968038,-1.2141986467615127,-1.3106127165698656,-2.1586703288883964,-0.33384229657272235,-2.0837346768979215,0,1,0,0,-1.420751598264537,Wet
Chhatrapati Sambhajinagar,2022-03-01,2022,3,test,1.0634535424313245,-0.9919436152100013,-1.581246478092781,-1.3489114960352235,-0.15521818955041689,-1.7881453443235535,0,0,0,0,-0.8003352634634421,Wet
Chhatrapati Sambhajinagar,2022-04-01,2022,4,test,1.3622557285364039,-0.8256934096614349,-0.9901752728866992,-1.81570757529085,-0.15521818955041689,-1.611638437709424,0,1,0,0,-0.6726961927604034,Wet
Chhatrapati Sambhajinagar,2022-05-01,2022,5,test,1.4850550306551409,-0.7127427285332406,-0.5960561231129035,-2.259350864774938,-0.1921749013481344,-0.498376834557857,0,0,0,0,-0.46227440361198874,Normal
Chhatrapati Sambhajinagar,2022-06-01,2022,6,test,-0.08910256464423892,-0.5461780605556806,-0.8935045017517963,-0.8439574026016652,-0.1921749013481344,-0.39969555267434037,0,1,0,0,-0.49410216392930933,Normal
Chhatrapati Sambhajinagar,2022-07-01,2022,7,test,-0.5139379587714347,-2.668737704244942,-3.927766137728076,-4.053028922623383,-0.1921749013481344,-1.3177243104729925,0,2,0,0,-2.112228322531494,Very Wet
Chhatrapati Sambhajinagar,2022-08-01,2022,8,test,-0.4559072255534723,-2.9153816819479563,-2.2297320663810383,-0.5863203194337351,-0.1921749013481344,-1.7006256049823296,0,3,0,0,-1.3466902999411108,Wet
Chhatrapati Sambhajinagar,2022-09-01,2022,9,test,-0.7683946632982618,-2.4881029268486325,-1.5277958473077176,-1.097065236624197,-2.057256956739652,-1.645045148808957,0,0,0,0,-1.5972767966045698,Very Wet
Chhatrapati Sambhajinagar,2022-10-01,2022,10,test,-1.1823230334304042,-2.2664319533254695,-1.854941694102964,-2.1109908573063265,-2.057256956739652,-2.1698032209173292,0,1,0,0,-1.9402912859703576,Very Wet
Chhatrapati Sambhajinagar,2022-11-01,2022,11,test,-1.1912981819939932,-2.028050811280453,-1.1465498777514038,-1.4070414013388557,-2.057256956739652,-1.5399844512489982,0,2,0,0,-1.5616969467255595,Very Wet
Chhatrapati Sambhajinagar,2022-12-01,2022,12,test,-1.1160614027198008,-1.660885757291206,-1.2049473623803215,-1.0540651287478942,-2.057256956739652,-1.5732288362498943,0,3,0,0,-1.4444075740214615,Wet
Chhatrapati Sambhajinagar,2023-01-01,2023,1,test,0.7245337749682641,-1.5370329687304745,-1.6138362472311683,-1.4645442317283346,-0.18601544938184836,-2.0378061305495168,0,0,0,0,-1.0191168754421798,Wet
Chhatrapati Sambhajinagar,2023-02-01,2023,2,test,-0.16791761636024455,-1.3514957387595499,-1.9462039666238327,-1.383340791184115,-0.18601544938184836,-1.4782745615910862,0,1,0,0,-1.0855413539834462,Wet
Chhatrapati Sambhajinagar,2023-03-01,2023,3,test,-1.1890219993002467,-1.2013256059513397,-2.0473270986254573,-3.471768757466397,-0.1921749013481357,-1.2961998697937014,0,0,0,0,-1.5663030387475463,Very Wet
Chhatrapati Sambhajinagar,2023-04-01,2023,4,test,-2.982248468697177,-1.152276723957324,-1.9809767280215627,-3.0728401834659973,-0.1921749013481357,-1.0273618782747422,0,1,0,0,-1.7346464806274897,Very Wet
Chhatrapati Sambhajinagar,2023-05-01,2023,5,test,-0.8997156672585959,-1.0474862830848441,-1.5559648576240743,-1.6834146773752534,-0.8204390019093465,-0.44368917192698987,0,0,0,0,-1.0751182765298508,Wet
Chhatrapati Sambhajinagar,2023-06-01,2023,6,test,1.7463730191738025,-0.4412654342863017,-0.24391697225326786,-0.5869290178206297,-0.8204390019093465,-0.16195274861031952,0,1,0,0,-0.08468835928434382,Normal
Chhatrapati Sambhajinagar,2023-07-01,2023,7,test,-0.01578137081718225,-1.4332467009687777,-2.413588132247761,2.7642347505781752,-0.8204390019093465,0.33210945824576155,0,2,0,0,-0.26445183285318846,Normal
Chhatrapati Sambhajinagar,2023-08-01,2023,8,test,1.310509834651961,-1.0456976813808192,-0.22388599581379157,-0.4415820452608472,-0.8204390019093465,0.6428113506032508,0,3,0,0,-0.09638058985159875,Normal
Chhatrapati Sambhajinagar,2023-09-01,2023,9,test,-0.6992731378478668,-0.6490804251001319,-0.902918402161158,-1.4990391525473503,0.4188427337074739,0.934381488975362,0,0,0,0,-0.3995144824956119,Normal
Chhatrapati Sambhajinagar,2023-10-01,2023,10,test,0.9523502209800986,-0.9678604794934712,-1.2165890101203793,-0.7550136238369514,0.4188427337074739,0.6578362542931087,0,1,0,0,-0.15173898407835348,Normal
Chhatrapati Sambhajinagar,2023-11-01,2023,11,test,-0.8701192162585094,-0.6775500301910851,-0.8790746645168075,-1.1141852257602878,0.4188427337074739,0.7773991655053143,0,2,0,0,-0.3907812062523169,Normal
Chhatrapati Sambhajinagar,2023-12-01,2023,12,test,0.25739528793978755,-1.0763640391372538,-1.5792546100257792,-2.3791847015833043,0.4188427337074739,0.7231173181210393,0,3,0,0,-0.6059080018296727,Wet
Chhatrapati Sambhajinagar,2024-01-01,2024,1,test,-1.5635107832696409,-0.9142852605013846,-2.6697254214397357,-2.11050429475125,-0.03818860219097567,0.58194231013628,0,0,0,0,-1.1190453420027846,Wet
Chhatrapati Sambhajinagar,2024-02-01,2024,2,test,-0.37324341258857435,-0.7965144765095226,-1.7898918510814066,-2.7280552227168315,-0.03818860219097567,0.35719533352915206,0,1,0,0,-0.8947830385930265,Wet
Chhatrapati Sambhajinagar,2024-03-01,2024,3,test,-0.17489665135132884,-0.6600523733655325,-1.909762250678981,-2.3401779770682865,-0.2660883249435707,0.8288760179051384,0,0,0,0,-0.7536835932504268,Wet
Chhatrapati Sambhajinagar,2024-04-01,2024,4,test,-0.5873082810094045,-0.6082409215465903,-0.5058801938110541,-2.271633110804361,-0.2660883249435707,0.9204539097122926,0,1,0,0,-0.5531161537337814,Wet
Chhatrapati Sambhajinagar,2024-05-01,2024,5,test,0.33395220969080797,-0.5534514440655198,-1.1762654911962942,-2.894574044017848,0.6578294699993855,0.31351338038588566,0,0,0,0,-0.5531659865339305,Wet
Chhatrapati Sambhajinagar,2024-06-01,2024,6,test,-1.1741123452724758,-0.8843099522095387,-1.7252856744005525,-2.9518853814825277,0.6578294699993855,0.7998780836445915,0,1,0,0,-0.879647633286853,Wet
Chhatrapati Sambhajinagar,2024-07-01,2024,7,test,-1.0456378329396891,-2.3224368831284457,0.8369946575458367,-0.8409405170874933,0.6578294699993855,1.0616516433508603,0,2,1,0,-0.27542324370992416,Normal
Chhatrapati Sambhajinagar,2024-08-01,2024,8,test,-0.9922794092387798,-3.5097585617016933,-2.448152645245923,-3.5721129900260795,0.6578294699993855,0.9835987620821561,0,3,0,0,-1.480145895688489,Wet
Chhatrapati Sambhajinagar,2024-09-01,2024,9,test,-0.37078057834599,-2.6094370249878547,-1.5498206549867855,-1.8952127732146296,-1.7616032623579057,0.18068518039304984,0,0,0,0,-1.3343615189166858,Wet
Chhatrapati Sambhajinagar,2024-10-01,2024,10,test,-0.6742089450252942,-2.1570004044515194,-1.3602117432458698,-2.0060561884189014,-1.7616032623579057,-0.6216505203849084,0,1,0,0,-1.430121843980733,Wet
Chhatrapati Sambhajinagar,2024-11-01,2024,11,test,-0.5761481898222032,-1.809097999734201,-0.5600230789685156,-2.8809639101883007,-1.7616032623579057,-0.42066483809629135,0,2,0,0,-1.3347502131945694,Wet
Chhatrapati Sambhajinagar,2024-12-01,2024,12,test,-0.5245187894327962,-1.5291260037109289,-1.5214913946671544,-2.8548941372588073,-1.7616032623579057,-0.8312687045990501,0,3,0,0,-1.503817048671107,Very Wet
Dharashiv,2003-01-01,2003,1,train,0.7096425317044398,0.6707662264209875,0.669193541777445,0.606964425358993,1.3509236128455968,1.5449833272619715,0,0,0,0,0.9254122775615724,Moderate Stress
Dharashiv,2003-02-01,2003,2,train,-0.3009489034240502,0.5437522691819514,0.6340223991324694,1.2908670115740526,1.3509236128455968,0.7182817223235487,0,1,0,0,0.7061496852722614,Moderate Stress
Dharashiv,2003-03-01,2003,3,train,-0.4387796247920815,0.5177807035531908,0.4987735749269713,0.3589282557458101,0.6965608869493181,0.005913878357978004,0,0,0,0,0.2731962791235311,Normal
Dharashiv,2003-04-01,2003,4,train,-0.3261787455716155,0.3941928117816801,0.32333588931732926,0.5826871116296577,0.6965608869493181,-1.0562882497744412,0,1,0,0,0.10238495072198806,Normal
Dharashiv,2003-05-01,2003,5,train,0.32890835160409737,0.4020830243734382,0.7341843047975356,1.377512578606662,0.08286987744162239,-1.064710491398807,0,0,0,0,0.3101412742374247,Normal
Dharashiv,2003-06-01,2003,6,train,1.2265818381777944,0.6514596687974287,1.2287278840392089,1.8545842746633947,0.08286987744162239,-1.0956787076671806,0,1,0,0,0.6580908059087114,Moderate Stress
Dharashiv,2003-07-01,2003,7,train,0.9409420417473175,0.10590853569426285,2.201887304473198,1.036905357787763,0.08286987744162239,0.6891700610567192,0,2,0,0,0.8429471963668137,Moderate Stress
Dharashiv,2003-08-01,2003,8,train,0.9818709097066487,0.17815938723893468,2.0888796632886337,0.44192178011375205,0.08286987744162239,1.0563578248139474,0,3,0,0,0.8050099071005898,Moderate Stress
Dharashiv,2003-09-01,2003,9,train,0.923770039936947,1.1687761935314747,1.4744898756953555,1.9577921156375468,2.5430568109908878,1.1360615253339208,0,0,0,0,1.5339910935210221,Severe Stress
Dharashiv,2003-10-01,2003,10,train,1.8060782083746236,1.6276575295940419,1.3413939491005558,1.9801370044606779,2.5990933980151545,1.6219882486179635,0,0,0,0,1.8293913896938363,Severe Stress
Dharashiv,2003-11-01,2003,11,train,2.1042519592910187,1.5697725764554855,1.2298956732247144,1.8365882266452667,2.5990933980151545,1.870290579080996,0,1,0,0,1.8683154021187727,Severe Stress
Dharashiv,2003-12-01,2003,12,train,1.9932550690696267,1.330589568268245,1.4427670160498873,1.580682211193216,2.5990933980151545,1.9492289541664065,0,2,0,0,1.8159360361270893,Severe Stress
Dharashiv,2004-01-01,2004,1,train,1.0829703244382511,0.9979524534279424,1.6557102340541396,0.9621064368694241,1.7034118215466296,0.8169171572774212,0,0,0,0,1.2031780712689681,Moderate Stress
Dharashiv,2004-02-01,2004,2,train,0.8931962865323132,0.8446252687722273,1.1247904129996567,1.723526336555073,1.7034118215466296,-0.8734120893559912,0,1,0,0,0.9026896728416515,Moderate Stress
Dharashiv,2004-03-01,2004,3,train,0.7619841702913587,0.8473714953488727,0.9319961076786082,2.0406548869326557,1.6184531250904848,-1.0950012664930473,0,0,0,0,0.8509097531414889,Moderate Stress
Dharashiv,2004-04-01,2004,4,train,-0.20771697748543264,0.7507470597238459,0.7979790272378812,1.4901393898145772,1.6184531250904848,-1.3075273792734479,0,1,0,0,0.5236790408513182,Moderate Stress
Dharashiv,2004-05-01,2004,5,train,-1.4707617926870247,0.4976130857630686,0.34142169213173446,-1.1534752746902779,0.12354159383020281,-1.422893780306333,0,0,0,0,-0.5140924126597716,Wet
Dharashiv,2004-06-01,2004,6,train,-0.37336993512318556,0.7078056549939773,-0.05259170008255335,-2.0470268160957823,0.12354159383020281,-0.6396143237077898,0,1,0,0,-0.38020925436418845,Normal
Dharashiv,2004-07-01,2004,7,train,0.009457689718013043,1.8540109178965654,1.0065532677325102,1.0183738180441733,0.12354159383020281,0.33878650026219354,0,2,0,0,0.7251206312472763,Moderate Stress
Dharashiv,2004-08-01,2004,8,train,1.7788862615621468,1.3103007679436605,1.2294903113272138,-0.7440668125694043,0.12354159383020281,0.6794442029026693,0,3,0,0,0.7295993874994148,Moderate Stress
Dharashiv,2004-09-01,2004,9,train,1.0294614315730888,1.7817992990283678,0.03822717186263822,-0.6422025666513029,1.2008901701677213,0.6608273870686372,0,0,0,0,0.6781671488415251,Moderate Stress
Dharashiv,2004-10-01,2004,10,train,1.6300238875397877,0.9984082885650217,0.03977930900356695,-0.5499630035616667,0.44349242942037154,0.8487166121756782,0,0,0,0,0.5684095871904599,Moderate Stress
Dharashiv,2004-11-01,2004,11,train,0.5820872714934009,0.9660112183668013,-0.019784217912025375,0.1640087017866742,0.44349242942037154,0.6363406350068408,0,1,0,0,0.4620260063603439,Normal
Dharashiv,2004-12-01,2004,12,train,1.5266604572592013,0.9617734139311568,0.10174055989019297,0.4338713116621236,0.44349242942037154,0.6295918561747953,0,2,0,0,0.6828550047229736,Moderate Stress
Dharashiv,2005-01-01,2005,1,train,0.714464327615404,0.7753475816808028,0.04482701170172157,0.034753170849792105,0.5103748074815934,0.5975360721836228,0,0,0,0,0.4462171619188228,Normal
Dharashiv,2005-02-01,2005,2,train,0.6184820428714326,0.6891943200921263,0.07753645197438051,0.697528899309387,0.5103748074815934,0.7726601084634729,0,1,0,0,0.5609627716987321,Moderate Stress
Dharashiv,2005-03-01,2005,3,train,-0.09696696404180086,0.6898975924893752,0.25441523273166355,0.7431577928605068,0.5067595438026088,0.673394836309865,0,0,0,0,0.46177633902536974,Normal
Dharashiv,2005-04-01,2005,4,train,-1.874304820320807,0.5865252092000537,0.09676888150196036,-0.5789874928071844,0.5067595438026088,0.3805644805632308,0,1,0,0,-0.14711236634335628,Normal
Dharashiv,2005-05-01,2005,5,train,-1.1308913260840883,0.5636166285617432,0.3277044041263719,1.5081241179319835,-0.2696183312594115,-0.05827092650805613,0,0,0,0,0.15677742779475715,Normal
Dharashiv,2005-06-01,2005,6,train,0.4432068780165604,1.087917987800943,0.8879802538680197,0.5295917762147122,-0.2696183312594115,-0.6302216933745297,0,1,0,0,0.3414761452110489,Normal
Dharashiv,2005-07-01,2005,7,train,-0.9370171750554873,0.7811682627134436,1.5985991485023632,-0.42200890014892734,-0.2696183312594115,-0.7252721828717715,0,2,0,0,0.004308470313368192,Normal
Dharashiv,2005-08-01,2005,8,train,-0.7418492170417053,-0.12826062711869615,1.0414567276360307,0.7642226407265313,-0.2696183312594115,-0.781851337366585,0,3,0,0,-0.019316690737305964,Normal
Dharashiv,2005-09-01,2005,9,train,-1.3330164978426675,0.08534957956881893,0.5559506584035223,0.6888314694983023,-0.6971232612993835,-0.8912086520926942,0,0,0,0,-0.26520278396068364,Normal
Dharashiv,2005-10-01,2005,10,train,-1.1863800520252625,-0.004363834794735706,-0.47959545113138197,-0.5053480264241283,-0.6275294354789229,-1.210411609656146,0,0,0,0,-0.6689380682517628,Wet
Dharashiv,2005-11-01,2005,11,train,-1.3468540846600976,0.0063916397049658255,-0.08005130160415956,0.07378179855573505,-0.6275294354789229,-1.0559257272001752,0,1,0,0,-0.5050311851137758,Wet
Dharashiv,2005-12-01,2005,12,train,-1.4956967945043067,0.08150339853510885,0.19984952613533358,-0.18059985663530162,-0.6275294354789229,-0.9634202194111672,0,2,0,0,-0.49764889689320935,Normal
Dharashiv,2006-01-01,2006,1,train,1.0851844486694024,-0.03494608141147197,-0.23331758847361833,0.21061389798169852,-0.6555477289910566,-1.0494698959028903,0,0,0,0,-0.11291382468798937,Normal
Dharashiv,2006-02-01,2006,2,train,0.5408129818310734,-0.011712846443339156,-0.2502112086571301,0.37334269092111283,-0.6555477289910566,-0.5405504529843291,0,1,0,0,-0.09064442738727813,Normal
Dharashiv,2006-03-01,2006,3,train,0.24147897800587387,-0.049714430231361316,-0.22603738518602273,-0.7117782641540619,-0.8082926194281711,-0.09108837408960527,0,0,0,0,-0.27423868251389144,Normal
Dharashiv,2006-04-01,2006,4,train,0.20454047107490522,-0.006790046613233215,-0.06807339880058211,0.06588064533233814,-0.8082926194281711,0.06775144110174372,0,1,0,0,-0.0908305845554999,Normal
Dharashiv,2006-05-01,2006,5,train,-1.2232621297993094,-0.07711084963452934,-0.3290915390926037,-0.20054779771298006,-0.8661368382919299,0.4162491521412487,0,0,0,0,-0.37998333373168397,Normal
Dharashiv,2006-06-01,2006,6,train,-0.84273868075471,-0.21218098366277832,-1.629398463169592,-0.3717087183933343,-0.8661368382919299,1.243251028302802,0,1,0,0,-0.4464854426615905,Normal
Dharashiv,2006-07-01,2006,7,train,-0.5319993511540939,-0.5135139191375828,0.15876460752701016,-0.18229164611464338,-0.8661368382919299,-0.13897431049039988,0,2,1,0,-0.3456919096102733,Normal
Dharashiv,2006-08-01,2006,8,train,-0.4210005007476441,-1.1805248589299349,1.2603384425081774,0.47350524352896484,-0.8661368382919299,-1.224403516285146,0,3,0,0,-0.3263703380362521,Normal
Dharashiv,2006-09-01,2006,9,train,-0.7271690237686501,-0.5588865870870676,-0.6116990968826853,-0.8904722028976795,-0.6157798285222219,-0.5432419084599419,0,0,0,0,-0.657874774603041,Wet
Dharashiv,2006-10-01,2006,10,train,-0.592835484554959,-1.1661826334448282,-0.9565820056606665,-0.4679229673181193,-0.47839980872079335,-0.22995282925446872,0,0,0,0,-0.6486459548256391,Wet
Dharashiv,2006-11-01,2006,11,train,-0.7431016597455719,-1.100410845964171,-1.5140308050957383,-1.1866021732286227,-0.47839980872079335,0.01362572221054917,0,1,0,0,-0.8348199284240579,Wet
Dharashiv,2006-12-01,2006,12,train,-0.04720127299841792,-0.8523807688102559,-0.27813540855915575,-0.6583390899940589,-0.47839980872079335,-0.0496985492721257,0,2,0,0,-0.3940258163924679,Normal
Dharashiv,2007-01-01,2007,1,train,-1.5127508988563085,-0.8252343299385292,-0.17238532174680557,-0.04483170330503965,-0.7640056393606056,-0.5619319611776645,0,0,0,0,-0.6468566423974923,Wet
Dharashiv,2007-02-01,2007,2,train,1.150369025263418,-0.7211363847793418,-0.06981298527597761,-0.5637100296344345,-0.7640056393606056,0.06431296941249169,0,1,0,0,-0.150663840729075,Normal
Dharashiv,2007-03-01,2007,3,train,0.9041860122613653,-0.5792512939419446,0.04302082793174888,-0.42248384636037056,-0.08975896322991046,0.36393238427720154,0,0,0,0,0.03660752015634835,Normal
Dharashiv,2007-04-01,2007,4,train,1.4677645605409586,-0.5066803535011555,-0.11337222087292492,0.089072267998655,-0.08975896322991046,0.7799435165464577,0,1,0,0,0.27116146791368007,Normal
Dharashiv,2007-05-01,2007,5,train,1.833020103502968,-0.45185921974530363,-0.3197213031200279,0.3460984441246231,-0.3780762416289599,1.2796570831851675,0,0,0,0,0.38485314438641116,Normal
Dharashiv,2007-06-01,2007,6,train,-0.8343357429524684,-0.8240776631925181,-0.10750043854581906,-1.1435263437494694,-0.3780762416289599,0.583240232487309,0,1,0,0,-0.4507126995969877,Normal
Dharashiv,2007-07-01,2007,7,train,-0.8683139088516952,-1.302337395156851,-0.5890467209071293,-0.05843959304943696,-0.3780762416289599,-0.08909999269741738,0,2,0,0,-0.5475523087152483,Wet
Dharashiv,2007-08-01,2007,8,train,-1.0764835701244744,-0.6320021592134497,0.45863872234824304,-0.04417356643192354,-0.3780762416289599,-0.5574169072981682,0,3,0,0,-0.37158562039145543,Normal
Dharashiv,2007-09-01,2007,9,train,-1.017114331639183,-0.874034795324443,-0.026355945806672297,-0.5364448376210832,-0.642894306114609,-0.5789998169216504,0,0,0,0,-0.6126406722379402,Wet
Dharashiv,2007-10-01,2007,10,train,-0.6083432134150977,-0.14004724203646365,0.39450434819313757,0.2662697147404399,-0.3970563759436318,-0.6959591201747952,0,0,0,0,-0.1967719814394018,Normal
Dharashiv,2007-11-01,2007,11,train,-0.41783377540282823,0.0017047651650382654,0.3960849202268644,0.14140372141944113,-0.3970563759436318,-0.7459689262026031,0,1,0,0,-0.1702776117896199,Normal
Dharashiv,2007-12-01,2007,12,train,1.4684936190385087,-0.062060434547453594,0.3827065022669359,0.11268089814013156,-0.3970563759436318,-0.6345133747587723,0,2,0,0,0.14504180569928637,Normal
Dharashiv,2008-01-01,2008,1,train,0.2077726922096539,-0.20850254608902472,0.20413938141741558,-0.12284886900781583,-0.5470898186215077,-0.7140815870439187,0,0,0,0,-0.19676845785586625,Normal
Dharashiv,2008-02-01,2008,2,train,-0.38258581919898776,-0.24239042143656883,-0.049135898310347315,-0.8391471499842547,-0.5470898186215077,-0.16671278018803723,0,1,0,0,-0.3711769812899506,Normal
Dharashiv,2008-03-01,2008,3,train,-2.850326098955021,-0.3815071513472588,-0.22120165117265134,-1.2711412202090262,-0.9980939625748813,0.32773505451335205,0,0,0,0,-0.8990891716242477,Wet
Dharashiv,2008-04-01,2008,4,train,-1.8262853086422266,-0.5155694926594532,-0.11924443299531465,-0.6728430782549786,-0.9980939625748813,0.6760753062529246,0,1,0,0,-0.5759934948123216,Wet
Dharashiv,2008-05-01,2008,5,train,-0.5538554235513975,-0.29475434748447704,-0.025897204155758823,-0.2403586325983225,-0.5678775847756702,0.8131015156371648,0,0,0,0,-0.14494027948807686,Normal
Dharashiv,2008-06-01,2008,6,train,2.3996759582529434,0.17379157110959653,1.4209166623206697,2.1786728217861833,-0.5678775847756702,1.050784497965129,0,1,0,0,1.1093273211098087,Moderate Stress
Dharashiv,2008-07-01,2008,7,train,2.426534834947164,1.611877806688365,3.742208550406361,2.0451534674266956,-0.5678775847756702,-0.02813028702538057,0,2,0,0,1.5382944646112557,Severe Stress
Dharashiv,2008-08-01,2008,8,train,1.1036128706131692,0.8316527183435263,1.532657045415654,0.17994659881277006,-0.5678775847756702,-0.3467693205844182,0,3,0,0,0.4555370546375052,Normal
Dharashiv,2008-09-01,2008,9,train,-0.3940964151266017,0.08140270353285892,0.7452595236787058,0.502146572918199,-0.8598101268537066,-0.6535366552972847,0,0,0,0,-0.09643906619130488,Normal
Dharashiv,2008-10-01,2008,10,train,-0.6068716826925065,0.3565021135740259,0.9856193705919544,0.5451135649285342,-0.3428274207588576,-1.493179217583755,0,0,0,0,-0.09260721199010073,Normal
Dharashiv,2008-11-01,2008,11,train,-0.5357548871560059,0.44445053120413547,0.6828799611771856,0.06415772153173432,-0.3428274207588576,-1.716101306003971,0,1,0,0,-0.23386590000096316,Normal
Dharashiv,2008-12-01,2008,12,train,0.42466807024954545,0.06909331157210925,-0.3352521525809743,0.1659489278571423,-0.3428274207588576,-1.7974418508744188,0,2,0,0,-0.3026351857559089,Normal
Dharashiv,2009-01-01,2009,1,train,-0.7262891932741743,0.06745573392783247,-0.4758012730599649,0.2700763275028545,-0.7097766841758308,-1.7301334929190006,0,0,0,0,-0.5507447636663806,Wet
Dharashiv,2009-02-01,2009,2,train,-0.16594259289061883,0.08671925978019764,0.04124315400465747,0.5664982591707538,-0.7097766841758308,-1.365014671126019,0,1,0,0,-0.2577122125394766,Normal
Dharashiv,2009-03-01,2009,3,train,0.09901240614117979,0.14762976099625458,-0.033717022062229325,-0.08158675322870226,-0.9574222461863009,-1.2796680687177209,0,0,0,0,-0.35095865384291985,Normal
Dharashiv,2009-04-01,2009,4,train,0.2326289003164021,0.11800358516126327,0.10343419329237731,-0.05822368500885216,-0.9574222461863009,-0.553370569474287,0,1,0,0,-0.18582497031656622,Normal
Dharashiv,2009-05-01,2009,5,train,-0.25385149646315425,-0.00912714187890312,-0.13322104055904244,-0.3426437303660779,-0.24250385366702487,-0.190097317150298,0,0,0,0,-0.19524076334741677,Normal
Dharashiv,2009-06-01,2009,6,train,0.4495129208261349,0.5549307069995357,0.30445932140365084,0.053985608078129556,-0.24250385366702487,0.2493349705230639,0,1,0,0,0.2282866123605817,Normal
Dharashiv,2009-07-01,2009,7,train,1.095675273652449,-0.04146044146516027,0.3203575212050017,-1.9620272757800377,-0.24250385366702487,-0.08877042672081177,0,2,0,0,-0.1531215337959306,Normal
Dharashiv,2009-08-01,2009,8,train,0.7783041809917267,0.7646082100356277,-0.5657112678742093,0.5314196337833986,-0.24250385366702487,-0.09926527215360834,0,3,0,0,0.1944752718526518,Normal
Dharashiv,2009-09-01,2009,9,train,-0.07754594957334461,0.12250667553119171,-0.14834133268805946,-0.16201001757534744,-0.23617714222880093,-0.17341395504568538,0,0,0,0,-0.11249695359667435,Normal
Dharashiv,2009-10-01,2009,10,train,-0.6159843812151418,-0.7700238755416042,-0.4276396330291907,0.013974251951345731,-0.20725503279692128,-0.24511286417832676,0,0,0,0,-0.3753402558016399,Normal
Dharashiv,2009-11-01,2009,11,train,-0.8327825129085059,-0.8779087741431576,-0.5877726569966178,-0.5235832748244239,-0.20725503279692128,-0.685932990797616,0,1,0,0,-0.6192058737445404,Wet
Dharashiv,2009-12-01,2009,12,train,-0.42952764878507027,-0.7360972642786817,-0.5499680860361359,-0.7816260070752148,-0.20725503279692128,-0.5267453004087399,0,2,0,0,-0.5385365565634607,Wet
Dharashiv,2010-01-01,2010,1,train,-1.01098198858594,-0.8776992806842613,-1.0628303333684972,-1.128192471131192,-0.8589063109339602,-0.6854642747419987,0,0,0,0,-0.9373457765743082,Wet
Dharashiv,2010-02-01,2010,2,train,-0.08325372484805485,-0.6650520275799892,-0.4908441878055312,-0.8513598523143119,-0.8589063109339602,-0.41883075229132605,0,1,0,0,-0.5613744759621956,Wet
Dharashiv,2010-03-01,2010,3,train,-1.61244458469732,-0.4677503861224871,0.05227934945975072,0.012677281867275568,-0.8760788134091391,-0.46921040458177005,0,0,0,0,-0.5600879262472818,Wet
Dharashiv,2010-04-01,2010,4,train,-1.1589139345959305,-0.37855257421036204,-0.12727817798391225,0.3869520030096655,-0.8760788134091391,0.08269176537453164,0,1,0,0,-0.3451966219691911,Normal
Dharashiv,2010-05-01,2010,5,train,-0.6413934309399509,-0.33208346149128065,0.004728727390734276,-0.25541498755032527,-0.5407631071832836,-0.04008987013198009,0,0,0,0,-0.30083602165101436,Normal
Dharashiv,2010-06-01,2010,6,train,-0.33494442031324734,-0.33473256493764014,-1.2685574874194954,-0.07467640344328333,-0.5407631071832836,-0.12032819990289104,0,1,0,0,-0.4456670305333068,Normal
Dharashiv,2010-07-01,2010,7,train,-0.8677884292821513,-1.2139930557775047,-1.9206147589320088,-2.750209337863727,-0.5407631071832836,-0.7525163036045016,0,2,0,0,-1.3409808321071963,Wet
Dharashiv,2010-08-01,2010,8,train,-1.4484369133546868,-1.7215033432919074,0.31628232601152434,-2.132241318996552,-0.5407631071832836,-1.217482630776428,0,3,0,0,-1.1240241645985556,Wet
Dharashiv,2010-09-01,2010,9,train,-1.382972200692152,-2.106158992728862,-0.4173807140854058,-1.2809744865615675,-1.4020996787014506,-1.6250422266678424,0,0,0,0,-1.36910471657288,Wet
Dharashiv,2010-10-01,2010,10,train,-1.0109497001900565,-1.8878076407044924,-0.616536646003657,-1.4514267765104747,-1.5358644348238943,-1.4914215323751914,0,0,0,0,-1.3323344551012946,Wet
Dharashiv,2010-11-01,2010,11,train,-0.5471850996854679,-2.2616012978860276,-1.1888804797588295,-1.5432406213597345,-1.5358644348238943,-1.3502281443089812,0,1,0,0,-1.4045000129704892,Wet
Dharashiv,2010-12-01,2010,12,train,-0.5050830480009272,-1.8328380018910242,-0.3394762952923544,-1.363729397682718,-1.5358644348238943,-1.4516172860896037,0,2,0,0,-1.1714347439634203,Wet
Dharashiv,2011-01-01,2011,1,train,-1.2480113884596342,-1.5122105784546982,-0.6523201471979201,-0.3690540481398311,-2.255301906941902,-1.809394110292649,0,0,0,0,-1.3077153632477723,Wet
Dharashiv,2011-02-01,2011,2,train,-0.951275500510983,-1.2520882652895975,-0.7242511748167726,-1.4257471082690156,-2.255301906941902,-1.3014633653039047,0,1,0,0,-1.3183545535220291,Wet
Dharashiv,2011-03-01,2011,3,train,0.9345866235965503,-1.0224182575076182,-0.6641005527683633,-0.27893718977159,-2.042001349881789,-0.6227881496799822,0,0,0,0,-0.615943146002132,Wet
Dharashiv,2011-04-01,2011,4,train,-1.5343144760575478,-0.8725467518931199,-0.5973658607683247,-2.2234522924103644,-2.042001349881789,-0.12295740402736673,0,1,0,0,-1.232106355839752,Wet
Dharashiv,2011-05-01,2011,5,train,-0.4357458616882891,-0.774529026600587,-0.7012766307243791,-1.391242614962455,-1.055938181438641,0.8765978937965119,0,0,0,0,-0.5803557369363066,Wet
Dharashiv,2011-06-01,2011,6,train,1.437182845097834,-0.892271737641705,-0.6470080623724573,-1.6949543452924696,-1.055938181438641,0.7473091611741336,0,1,0,0,-0.3509467200788843,Normal
Dharashiv,2011-07-01,2011,7,train,0.2266325249533541,-0.46671461829515987,0.3324747572234828,-1.766431461416653,-1.055938181438641,-0.7722353345380701,0,2,0,0,-0.5837020522519478,Wet
Dharashiv,2011-08-01,2011,8,train,-0.10367903727886112,-0.8007605484966723,-2.6747574034205432,-1.192825448847994,-1.055938181438641,-0.983655570374751,0,3,0,0,-1.1352693649762438,Wet
Dharashiv,2011-09-01,2011,9,train,-0.17275853043784312,-1.1140728924494003,-0.5785752706355813,0.12652490490557705,-0.15483370945163935,-1.048411622933568,0,0,0,0,-0.49035452016707587,Normal
Dharashiv,2011-10-01,2011,10,train,0.6580383850262653,-0.021309138299022225,-0.4261879097064347,-0.25594077506899277,-0.3157129431664702,-0.6996392735802245,0,0,0,0,-0.17679194246581317,Normal
Dharashiv,2011-11-01,2011,11,train,1.282047572073446,0.05434882111805174,0.09527495755351491,0.20219778181972722,-0.3157129431664702,-0.3136332925588167,0,1,0,0,0.1674204828065755,Normal
Dharashiv,2011-12-01,2011,12,train,0.21120763083946612,-0.03820618976262204,0.164884532302897,-0.13958891950512675,-0.3157129431664702,-0.16246504093400976,0,2,0,0,-0.04664682170431094,Normal
Dharashiv,2012-01-01,2012,1,train,1.4627954477061362,-0.21271750990417232,-0.23951434838784053,-0.35273064469203363,-0.8995780273225417,-0.25224979849393053,0,0,0,0,-0.08233248018239707,Normal
Dharashiv,2012-02-01,2012,2,train,1.0478383326996323,-0.23359680851157796,-0.27887332663001685,-0.32322823612742574,-0.8995780273225417,0.13725690556786593,0,1,0,0,-0.09169686005401066,Normal
Dharashiv,2012-03-01,2012,3,train,0.7862318961560081,-0.13797065748960266,0.07654837255358744,-0.27525529504930607,-0.604934037485267,0.6285189358287351,0,0,0,0,0.07885653575235915,Normal
Dharashiv,2012-04-01,2012,4,train,-0.6545254742996448,-0.1339387251775906,-0.15529198612015452,-0.6108412624312788,-0.604934037485267,0.9885587797378056,0,1,0,0,-0.19516211762935498,Normal
Dharashiv,2012-05-01,2012,5,train,0.04775077517191167,-0.12909851755756135,-0.1296209838077986,-0.27084223109506467,0.9505331603980137,0.6868777465972178,0,0,0,0,0.19259999161778643,Normal
Dharashiv,2012-06-01,2012,6,train,0.826595394325408,0.31209105953062316,0.9480270421281012,0.6654064466505939,0.9505331603980137,0.44652527985875057,0,1,0,0,0.691529730481915,Moderate Stress
Dharashiv,2012-07-01,2012,7,train,0.9580297146546418,1.3760231925675286,-0.6267050094919798,-1.86008322272106,0.9505331603980137,0.9811655163292857,0,2,0,0,0.2964938919560717,Normal
Dharashiv,2012-08-01,2012,8,train,1.343420552396707,2.853288043170387,-1.8703784204593072,-0.11266436491238482,0.9505331603980137,1.580862076581768,0,3,0,0,0.7908435078625305,Moderate Stress
Dharashiv,2012-09-01,2012,9,train,1.239748231435311,2.918777952660523,-0.2945934774276511,-0.23567738256641926,1.5262639012763677,1.6505689424780388,0,0,0,0,1.1341813613093616,Moderate Stress
Dharashiv,2012-10-01,2012,10,train,1.1025418288605013,2.2166274770087204,0.07638299229201624,0.04634442241950583,2.504192726441799,2.095574557000218,0,0,0,0,1.3402773340037937,Moderate Stress
Dharashiv,2012-11-01,2012,11,train,0.32893388484192415,1.84711340965809,0.2967886352549313,-0.0959279481207634,2.504192726441799,2.153332825322443,0,1,0,0,1.1724055888997373,Moderate Stress
Dharashiv,2012-12-01,2012,12,train,-0.5273645536237631,1.7812716598665406,0.33436142533670227,0.6256162841094616,2.504192726441799,2.2930761230915886,0,2,0,0,1.168525610870388,Moderate Stress
Dharashiv,2013-01-01,2013,1,train,-0.37833593201060794,1.5290947624702542,0.7156222906517077,0.9002504187165081,2.218586895801987,1.7966069504003517,0,0,0,0,1.1303042310050333,Moderate Stress
Dharashiv,2013-02-01,2013,2,train,1.0689725002836505,1.389534864760707,0.8840668273704464,0.5332778608849603,2.218586895801987,1.3560468147181621,0,1,0,0,1.241747627303319,Moderate Stress
Dharashiv,2013-03-01,2013,3,train,0.6604519791217829,1.3345706672984299,0.5924636924894466,0.8537786372207117,2.269200587307777,0.846252191039505,0,0,0,0,1.0927862924129423,Moderate Stress
Dharashiv,2013-04-01,2013,4,train,-0.8021257461495217,1.2060142055576895,0.5120441936523547,0.8932084231150789,2.269200587307777,-0.7056849783288446,0,1,0,0,0.5621094475257556,Moderate Stress
Dharashiv,2013-05-01,2013,5,train,0.32132844140873984,1.1127847068701429,0.5662821649161819,0.3793266981320961,1.357250324283821,-0.9070680992557926,0,0,0,0,0.4716507060591981,Normal
Dharashiv,2013-06-01,2013,6,train,-1.2452581294996432,-0.472189415385363,-0.15062122840710376,-0.29316705513469316,1.357250324283821,-0.943748792451996,0,1,0,0,-0.2912890494324964,Normal
Dharashiv,2013-07-01,2013,7,train,-1.4985268911589165,-1.990605406707717,0.15876460752701016,-0.18229164611464338,1.357250324283821,0.1315993563028026,0,2,1,1,-0.3373016093112739,Normal
Dharashiv,2013-08-01,2013,8,train,-1.1075464184581065,-2.553125339813799,0.02615355119816193,-0.6463558173428398,1.357250324283821,0.014654700426395608,0,3,0,0,-0.4848281666177278,Normal
Dharashiv,2013-09-01,2013,9,train,-0.3857873997132692,-1.3509626777813215,-0.6458472896426929,-0.15229846307711356,-0.059933037878283975,0.04069407442242333,0,0,0,0,-0.4256891322783764,Normal
Dharashiv,2013-10-01,2013,10,train,0.3321585606079078,-1.0609703561971247,-0.7905746069505463,-0.23775751515694984,-0.3157129431664702,0.2707128168722134,0,0,0,0,-0.3003573406651616,Normal
Dharashiv,2013-11-01,2013,11,train,0.028654098490797447,-0.8676748828168337,-0.6685481047327299,-0.6764858225149875,-0.3157129431664702,0.6097556462273225,0,1,0,0,-0.31500200141881685,Normal
Dharashiv,2013-12-01,2013,12,train,0.5316447712661749,-0.8043652124053386,-1.0911729504408796,-0.5453121499028345,-0.3157129431664702,0.3647855939721912,0,2,0,0,-0.3100221484461928,Normal
Dharashiv,2014-01-01,2014,1,train,1.0108978924708507,-0.8271478154226881,-0.6335106784029844,-1.0508499356456558,-0.2759450426976357,0.7081603849975715,0,0,0,0,-0.17806586578342362,Normal
Dharashiv,2014-02-01,2014,2,train,0.18595003876707328,-0.7858052261056855,-0.5868190831844322,-1.5180087256251584,-0.2759450426976357,1.0164290758260863,0,1,0,0,-0.3273664938366254,Normal
Dharashiv,2014-03-01,2014,3,train,-1.6682554569853703,-1.168846520780235,-1.1859399922997906,-1.8443664272069493,-0.5913767986890732,1.259472998040166,0,0,0,0,-0.8665520329868756,Wet
Dharashiv,2014-04-01,2014,4,train,-1.7759420698638195,-0.7777110509274403,-0.8511938774234075,-0.9369884713072019,-0.5913767986890732,0.9866363115409394,0,1,0,0,-0.6577626594450005,Wet
Dharashiv,2014-05-01,2014,5,train,-0.8868751007944261,-0.7239151877921719,-0.7771426480604621,-0.3623388749749544,-0.025588032927926056,0.6811652696693878,0,0,0,0,-0.3491157624800922,Normal
Dharashiv,2014-06-01,2014,6,train,0.811896583525995,0.0698126586954332,0.12206591575375651,-0.3405045875995451,-0.025588032927926056,-0.03793670575148963,0,1,0,0,0.0999576386160373,Normal
Dharashiv,2014-07-01,2014,7,train,0.9158090814927405,0.13004228175522295,-0.5173624908735619,1.0881338581474767,-0.00028118717503219085,-0.23064857964952543,0,0,0,0,0.2309488272828868,Normal
Dharashiv,2014-08-01,2014,8,train,0.20601379394048633,-0.41782044518812345,-1.792232692097767,1.1807288755527328,-0.00028118717503219085,0.870867107647759,0,1,0,0,0.007879242113342547,Normal
Dharashiv,2014-09-01,2014,9,train,0.2612188703238329,-0.9676520892721876,-0.23321144695453377,1.3090430761103211,-0.15483370945163935,1.0330721576446689,0,0,0,0,0.20793947640007704,Normal
Dharashiv,2014-10-01,2014,10,train,0.6684441859241287,0.46951284146644884,0.5493026417966523,0.6877026509182506,-0.13946883881595326,1.2753397688916346,0,0,0,0,0.5851388750301937,Moderate Stress
Dharashiv,2014-11-01,2014,11,train,1.1563759397538718,0.08353420216508937,0.3628073066246093,0.10323647120945185,-0.13946883881595326,0.9803525869203258,0,1,0,0,0.42447294464289914,Normal
Dharashiv,2014-12-01,2014,12,train,-0.005169809514290433,-0.039193774110432573,-0.23915478251026057,-0.05215909904064232,-0.13946883881595326,0.9875005067684829,0,2,0,0,0.08539236712948395,Normal
Dharashiv,2015-01-01,2015,1,train,-1.3206035451448324,-0.22057345835940717,-0.4594361826873129,-0.46190131821485514,-0.004800266773763617,1.135168035352901,0,0,0,0,-0.22202445597121165,Normal
Dharashiv,2015-02-01,2015,2,train,-0.7352386970588751,-0.23334479431902605,-0.5057511854048367,0.07541095656795734,-0.004800266773763617,1.2649767498494804,0,1,0,0,-0.023124539523177317,Normal
Dharashiv,2015-03-01,2015,3,train,-0.2806019769811171,-0.30399853033919183,-0.32817510560426233,0.0752683714784852,0.28984372306351097,1.1773012145398356,0,0,0,0,0.10493961602621009,Normal
Dharashiv,2015-04-01,2015,4,train,-0.004197830698015524,-0.44319986352773333,-0.2127817383358661,-0.4786777288897597,0.28984372306351097,0.844318737310086,0,1,0,0,-0.0007824501796296346,Normal
Dharashiv,2015-05-01,2015,5,train,-0.4275668359774303,-0.31908097456829526,0.015375312607652373,0.1607904850363337,0.38112913095788203,-0.22591015327477393,0,0,0,0,-0.06921050586977189,Normal
Dharashiv,2015-06-01,2015,6,train,-0.11683569874975547,-0.2800586218355641,-0.07483552924626784,1.1137793132358633,0.38112913095788203,-0.27857479633634874,0,1,0,0,0.12410063300430152,Normal
Dharashiv,2015-07-01,2015,7,train,1.780005598537949,1.1505236045950327,2.923701900650882,2.6672585766026193,0.38112913095788203,0.6707692940295734,0,2,0,0,1.5955646842289901,Severe Stress
Dharashiv,2015-08-01,2015,8,train,2.4621186828361643,2.6409212180528465,1.6160992561277348,3.0835260503492545,0.38112913095788203,1.190546104955196,0,3,0,0,1.8957234072131797,Severe Stress
Dharashiv,2015-09-01,2015,9,train,1.5334892548994064,2.1522699651787347,0.9233791955841203,1.369229194062811,0.8755164390590744,1.4880379883487072,0,0,0,0,1.3903203395221422,Moderate Stress
Dharashiv,2015-10-01,2015,10,train,0.4200205130645619,1.8335126960189314,0.6926555309826441,1.7562506890091676,0.5790648173823075,2.2456918593440722,0,0,0,0,1.2545326843002809,Moderate Stress
Dharashiv,2015-11-01,2015,11,train,-0.3853036556012687,1.7638276295668587,0.8871185270737091,1.5048252796713188,0.5790648173823075,2.2943321356468744,0,1,0,0,1.1073107889566334,Moderate Stress
Dharashiv,2015-12-01,2015,12,train,0.2891654834653337,1.5080056781264486,1.1033216105738912,1.6585720330575386,0.5790648173823075,2.4241884541178518,0,2,0,0,1.2603863461205618,Moderate Stress
Dharashiv,2016-01-01,2016,1,train,-0.026205243050326028,1.2385030577751557,1.6169238404393806,1.2465630765224576,1.676297343954243,1.9276094261010794,0,0,0,0,1.279948583623665,Moderate Stress
Dharashiv,2016-02-01,2016,2,train,0.5266896010958084,1.114541169222206,1.2446534816412198,0.6216698522600047,1.676297343954243,0.5257602643231072,0,1,0,0,0.9516019520827649,Moderate Stress
Dharashiv,2016-03-01,2016,3,train,-0.7069863064937134,1.019353185257011,0.7531172843189136,1.5459368099842419,1.3744228267589993,-0.8889126757890087,0,0,0,0,0.5161551873394072,Moderate Stress
Dharashiv,2016-04-01,2016,4,train,-0.41579724905430504,0.9364112263915235,0.6697179320375396,1.7779172879531762,1.3744228267589993,-1.23282575790951,0,1,0,0,0.5183077110295705,Moderate Stress
Dharashiv,2016-05-01,2016,5,train,-0.06449633332092754,0.8513924183968572,0.6909353516440007,0.3291910160822874,1.0996627871561426,-1.0472984223014783,0,0,0,0,0.30989780294281366,Normal
Dharashiv,2016-06-01,2016,6,train,-0.12324281069589996,0.9961994710760754,1.052467451845621,-0.7582444979102352,1.0996627871561426,-1.1189680366806434,0,1,0,0,0.19131239413184342,Normal
Dharashiv,2016-07-01,2016,7,train,-1.5457978259436367,-0.052930361185832,-2.9483482332947877,1.6322868615902812,1.0996627871561426,0.23442394100375133,0,2,0,0,-0.26345047177901343,Normal
Dharashiv,2016-08-01,2016,8,train,-0.6325411930543824,-0.6842515969942726,-0.8176630066272821,-0.5775067619038607,1.0996627871561426,0.2725950047830499,0,3,0,0,-0.22328412777343412,Normal
Dharashiv,2016-09-01,2016,9,train,-1.1691427358963893,-0.12016634296734938,-0.21821150316665922,-1.5985606410339,-0.507321918152673,0.0763421275585962,0,0,0,0,-0.5895101689430625,Wet
Dharashiv,2016-10-01,2016,10,train,0.22692548081928615,-1.0526753821882269,0.5674419244444135,-0.3596045068645282,-0.8037735398294399,-1.3391071235206347,0,0,0,0,-0.460132191189855,Normal
Dharashiv,2016-11-01,2016,11,train,-0.5940577677050317,-0.517073351388941,0.49030250127373753,0.34580945875057273,-0.8037735398294399,-1.5850439026404752,0,1,0,0,-0.44397276692326293,Normal
Dharashiv,2016-12-01,2016,12,train,0.8126332996389892,-0.4660519846822246,-0.20898235406016652,-0.17686445113547544,-0.8037735398294399,-1.8501174794685482,0,2,0,0,-0.4488594182561442,Normal
Dharashiv,2017-01-01,2017,1,train,0.17278634012098562,-0.5600882154386823,-0.9773004267168652,-0.7009187636653175,-0.4928608634367335,-1.7242562330028677,0,0,0,0,-0.7137730270232469,Wet
Dharashiv,2017-02-01,2017,2,train,-0.8505772471520339,-0.523240377344288,-1.0506136770377774,-0.3609207652886614,-0.4928608634367335,-1.1897404992346046,0,1,0,0,-0.7446589049156831,Wet
Dharashiv,2017-03-01,2017,3,train,0.9101307461350251,-0.44514617718342264,-0.5434427329973643,-0.7448530401096877,0.20850029028634917,-0.835852553555506,0,0,0,0,-0.24177724457076774,Normal
Dharashiv,2017-04-01,2017,4,train,1.4785433734768951,-0.35690523930596807,-0.2586784237389535,0.27415688225645374,0.20850029028634917,0.17211400036018545,0,1,0,0,0.2529551472224937,Normal
Dharashiv,2017-05-01,2017,5,train,1.2893724321970537,-0.3159311372121268,-0.2646606080941407,0.11582080403648627,-0.05270251052031365,0.2026903993008157,0,0,0,0,0.1624315632846291,Normal
Dharashiv,2017-06-01,2017,6,train,-0.8918255559503017,-1.5384977923480265,-2.034131622115736,0.3277885269899461,-0.05270251052031365,0.5446260855616861,0,1,0,0,-0.6074571447304578,Wet
Dharashiv,2017-07-01,2017,7,train,0.1679153729362344,-1.4279994041846151,-5.841234451748343,-0.30432885638985496,-0.05270251052031365,-0.22026725138644895,0,2,0,0,-1.2797695168822236,Wet
Dharashiv,2017-08-01,2017,8,train,-0.2992958160324029,-0.46068142573813087,-1.849253255382252,-1.2054367318624366,-0.05270251052031365,-0.45448246727168395,0,3,0,0,-0.7203087011345367,Wet
Dharashiv,2017-09-01,2017,9,train,0.3108861225762808,-1.2189479914213341,-0.5630903479343773,-0.4549267351483403,-0.8191384104651259,-0.5717493654363269,0,0,0,0,-0.5528277879715373,Wet
Dharashiv,2017-10-01,2017,10,train,-1.0991008419351536,-1.3988408430206887,-0.949963813923073,-1.4678287275230943,-0.9664604053837631,-0.9532402925782383,0,0,0,0,-1.1392391540606683,Wet
Dharashiv,2017-11-01,2017,11,train,-0.9061009752480838,-1.1124856412053887,-0.382084916309166,-0.41016932134141154,-0.9664604053837631,-1.1051958407027136,0,1,0,0,-0.8137495166984211,Wet
Dharashiv,2017-12-01,2017,12,train,-1.0752337066333326,-0.9010433998115277,-0.6874891430759269,-0.6791526950482286,-0.9664604053837631,-1.2123523870739341,0,2,0,0,-0.9202886228377855,Wet
Dharashiv,2018-01-01,2018,1,validation,1.2538994957056577,-0.8766967713798793,-1.0654840983063485,-0.6295888153879775,-2.2281874293495147,-1.2944472718463906,0,0,0,0,-0.8067508150940755,Wet
Dharashiv,2018-02-01,2018,2,validation,-0.8940307939225864,-0.8047872250599757,-1.25480727564963,-1.0606602700919414,-2.2281874293495147,-1.2044061851935544,0,1,0,0,-1.241146529877867,Wet
Dharashiv,2018-03-01,2018,3,validation,-1.0879632928923166,-0.6539784295552991,-0.6058812547685138,-0.7887002773364811,-1.7166276187731422,-1.133340775104832,0,0,0,0,-0.9977486080717641,Wet
Dharashiv,2018-04-01,2018,4,validation,-0.7340525204162577,-0.6055481057353503,-0.567326924940767,-1.0549495163752016,-1.7166276187731422,-0.267966433733833,0,1,0,0,-0.824411853329092,Wet
Dharashiv,2018-05-01,2018,5,validation,-0.13030738677456283,-0.5112782583942287,-0.6641933892856908,-1.2056123087139403,-0.1611604208898621,0.6172843978706676,0,0,0,0,-0.34254456103126957,Normal
Dharashiv,2018-06-01,2018,6,validation,-1.0197655443460933,-1.1591140069353247,-2.822011182534808,-1.0717918553248653,-0.1611604208898621,0.6604135986757886,0,1,0,0,-0.9289049018925274,Wet
Dharashiv,2018-07-01,2018,7,validation,-0.45096546739297627,-2.2957612528849998,0.2779049321347034,-2.7942762100867227,-0.1611604208898621,0.882570361661442,0,2,0,0,-0.7569480095764026,Wet
Dharashiv,2018-08-01,2018,8,validation,-0.360620415172362,-1.6061083051503025,-0.8846288874413731,-0.9634443804341685,-0.1611604208898621,0.7473347940834244,0,3,0,0,-0.538104602500774,Wet
Dharashiv,2018-09-01,2018,9,validation,1.1438634269162276,-0.26429625051485184,0.495738337741271,1.228561219966523,1.7431797220154654,0.8003985781611114,0,0,0,0,0.8579075057142912,Moderate Stress
Dharashiv,2018-10-01,2018,10,validation,1.5335687765757908,1.0258903532811823,1.3269691234854188,1.6412459792717702,1.6365294434854087,1.1992649559585067,0,0,0,0,1.3939114386763463,Moderate Stress
Dharashiv,2018-11-01,2018,11,validation,2.3815565426417753,0.7301546022177885,0.8253830266042962,1.0763349966044458,1.6365294434854087,1.0918557423385553,0,1,0,0,1.2903023923153782,Moderate Stress
Dharashiv,2018-12-01,2018,12,validation,1.205406140000174,0.3940570877717916,1.0396018100505693,-0.19371669798306132,1.6365294434854087,1.3368404419704245,0,2,0,0,0.9031197042158845,Moderate Stress
Dharashiv,2019-01-01,2019,1,validation,0.43699592148950755,0.1101487009419136,0.9698746644311821,0.45867864654804424,2.0559000302476647,0.8663520537682622,0,0,0,0,0.816325002904429,Moderate Stress
Dharashiv,2019-02-01,2019,2,validation,0.4897268243347763,0.008831336265020523,0.7257078716244552,0.383021476729873,2.0559000302476647,0.9556241531423522,0,1,0,0,0.7698019487240236,Moderate Stress
Dharashiv,2019-03-01,2019,3,validation,0.06245337167842202,0.04013795093899017,0.48741536558659143,0.8638164600768873,1.0897208120389335,1.0161434519796946,0,0,0,0,0.5932812353832532,Moderate Stress
Dharashiv,2019-04-01,2019,4,validation,-0.4248151984588092,0.023399466619260522,0.29821558578077484,1.2553188528399903,1.0897208120389335,-0.10164547087353763,0,1,0,0,0.3566990079911021,Normal
Dharashiv,2019-05-01,2019,5,validation,0.6551766140594768,0.04063894850450645,0.4596905211763463,1.236533557677437,0.7607318172513026,-0.49681338604458203,0,0,0,0,0.4426596787707478,Normal
Dharashiv,2019-06-01,2019,6,validation,0.48157394373762397,0.4252390588507785,0.7794608096702599,0.8993074108082448,0.7607318172513026,-0.9171088760097093,0,1,0,0,0.40486736071808344,Normal
Dharashiv,2019-07-01,2019,7,validation,0.8905303993079189,-0.6233627637892345,1.6274076588421962,2.288419995784856,0.7607318172513026,-0.013958950031339372,0,2,0,0,0.8216280262276167,Moderate Stress
Dharashiv,2019-08-01,2019,8,validation,0.9456601205273889,-1.700697095677617,-1.4760269058804847,0.1343582182173652,0.7607318172513026,0.9593006447035959,0,3,0,0,-0.06277886680974158,Normal
Dharashiv,2019-09-01,2019,9,validation,-0.11811940478054006,-1.7390736961493387,-1.1914815781782244,-0.04926168476384461,2.2312403186784353,1.0434534859077453,0,0,0,0,0.029459573452372118,Normal
Dharashiv,2019-10-01,2019,10,validation,-1.2227582660977563,-2.42392857327192,-1.6078676809561225,-1.5986298070007625,2.2312403186784353,1.2246415361571386,0,1,0,0,-0.5662170787484979,Wet
Dharashiv,2019-11-01,2019,11,validation,-1.7909331062207205,-2.9170886344109426,-1.6239811499186938,-0.962832705796598,2.2312403186784353,0.6588609767415573,0,2,0,0,-0.734122383487827,Wet
Dharashiv,2019-12-01,2019,12,validation,-1.3896861501419777,-1.984748070577057,-0.648948837417876,-1.1183105416461943,2.2312403186784353,0.6842448806285575,0,3,0,0,-0.3710347334126854,Normal
Dharashiv,2020-01-01,2020,1,validation,0.4059627692700478,-1.8158755210308348,-1.7682839362831193,-1.1927346713315534,-0.4386319082519588,0.4246237897912157,0,0,0,0,-0.7308232463060338,Wet
Dharashiv,2020-02-01,2020,2,validation,0.3925056914345901,-1.5330300033159483,-1.810799635908164,-1.8422235894484857,-0.4386319082519588,0.7710122785804449,0,1,0,0,-0.7435278611515869,Wet
Dharashiv,2020-03-01,2020,3,validation,0.5426765354489639,-1.2724646592456683,-1.0675837754396926,-1.1616240432885256,-0.4386319082519588,1.3023715026616622,0,2,0,0,-0.34920939135253654,Normal
Dharashiv,2020-04-01,2020,4,validation,-0.1669392211418128,-1.1010540135598499,-0.6181865139799911,-0.2088030477944177,-0.4386319082519588,0.4962421383517983,0,3,0,0,-0.33956209439603874,Normal
Dharashiv,2020-05-01,2020,5,validation,-0.20096372435702015,-0.9742257264262754,-0.5109440479641444,-0.5095265266209086,0.8149607724360768,0.10486423191171909,0,0,0,0,-0.21263917017009212,Normal
Dharashiv,2020-06-01,2020,6,validation,-1.263369924327014,-1.6147886453183222,-0.9739779370094365,-0.5356665816581171,0.8149607724360768,0.8549673801986309,0,1,0,0,-0.45297915594636357,Normal
Dharashiv,2020-07-01,2020,7,validation,-1.0255315579465487,-2.5006930965506253,-1.7464552456346607,-2.2821496005838986,0.8149607724360768,0.7364627786996238,0,2,0,0,-1.0005676582633385,Wet
Dharashiv,2020-08-01,2020,8,validation,-0.45755576426503963,-3.002917141985887,-2.777652838661524,-2.3884109615214983,0.8149607724360768,0.41238590652659346,0,3,0,0,-1.2331983379118798,Wet
Dharashiv,2020-09-01,2020,9,validation,-0.8288410754801464,-2.2958311309092316,-0.26504692081877534,0.08844976948082445,0.8149607724360768,0.26869880257073425,1,4,0,0,-0.3696016304534196,Normal
Dharashiv,2020-10-01,2020,10,validation,-1.6966467430423746,-2.1118420963376034,-0.17740088139688082,-1.2530235432226156,-0.9122314501989887,-0.632297959027146,0,0,0,0,-1.130573778870935,Wet
Dharashiv,2020-11-01,2020,11,validation,-2.2378815519560464,-1.6883478160660088,-0.24855584574589157,-0.8058989754830571,-0.9122314501989887,-1.3091971802215834,0,1,0,0,-1.2003521366119292,Wet
Dharashiv,2020-12-01,2020,12,validation,-1.3738083951511806,-1.276034062394931,-0.46919459445643347,-0.8286547309392032,-0.9122314501989887,-1.3252836617241217,0,2,0,0,-1.0308678158108098,Wet
Dharashiv,2021-01-01,2021,1,test,1.4044522662045587,-1.209644875759117,-1.8084689983156672,-0.9822168616623079,-0.9266925049149287,-1.1497128804537615,0,0,0,0,-0.7787139758168706,Wet
Dharashiv,2021-02-01,2021,2,test,1.0958795960639238,-1.080444106839463,-2.0630633562537066,-1.6672856774118383,-0.9266925049149287,-0.9105981170496567,0,1,0,0,-0.9253673610676115,Wet
Dharashiv,2021-03-01,2021,3,test,0.8538415678629144,-0.8771688228728268,-0.6440347051485651,-1.207510117932316,-0.469361649523331,-0.5555566904524388,0,0,0,0,-0.4832984030110939,Normal
Dharashiv,2021-04-01,2021,4,test,-0.13064230155415454,-0.8085922036262316,-1.3790056905594856,-2.1501668093902198,-0.469361649523331,0.2162209135625691,0,1,0,0,-0.7869246235151421,Wet
Dharashiv,2021-05-01,2021,5,test,-1.0291474101436007,-0.8114625066789217,-2.680449185775141,-2.9851535918791976,0.13709883262639755,1.141459083661883,0,0,0,0,-1.03794246303143,Wet
Dharashiv,2021-06-01,2021,6,test,-1.1360578284517484,-0.9502309727359103,-3.869229456607581,-2.4337030428315423,0.13709883262639755,1.5799026734054284,0,1,0,0,-1.1120366324324926,Wet
Dharashiv,2021-07-01,2021,7,test,-1.4294896298444997,-2.1158788659272427,-4.395830333338768,1.2241137364808523,0.13709883262639755,0.42815380758508026,0,2,0,0,-1.0253054087363636,Wet
Dharashiv,2021-08-01,2021,8,test,-0.614188471619152,-1.7180079816471667,-1.0224715389735888,-1.509054259629038,0.13709883262639755,-0.019070884512911133,0,3,0,0,-0.7909490506259099,Wet
Dharashiv,2021-09-01,2021,9,test,-0.8006047324546459,-2.1366452535247484,-0.2864784012696634,-1.003785443646217,-1.564786544255774,-0.25640965348753003,0,0,0,0,-1.0081183381064298,Wet
Dharashiv,2021-10-01,2021,10,test,-0.43233084459167487,-1.596943183066996,-0.7139259748416351,-1.2702701456214016,-1.564786544255774,-1.0644138820198623,0,1,0,0,-1.1071117623995572,Wet
Dharashiv,2021-11-01,2021,11,test,-1.035466020285079,-1.0113103724391381,-0.7973750288135099,-1.5906148436819645,-1.564786544255774,-1.0213762273193547,0,2,0,0,-1.1701548394658035,Wet
Dharashiv,2021-12-01,2021,12,test,-0.32523854978663636,-1.0922226225397407,-2.326582006653913,-1.9114480021424467,-1.564786544255774,-0.842634288985213,0,3,0,0,-1.3438186690606206,Wet
Dharashiv,2022-01-01,2022,1,test,-0.5366069831758579,-1.057066606641413,-2.2852287145072028,-2.0517080207378373,-1.0893793704692518,-0.8704606429432792,0,0,0,0,-1.3150750564124738,Wet
Dharashiv,2022-02-01,2022,2,test,0.041927654688157075,-0.9474401935780044,-1.0653565401343927,-1.9859961565551691,-1.0893793704692518,-1.3097574423818126,0,1,0,0,-1.0593336747384121,Wet
Dharashiv,2022-03-01,2022,3,test,0.9699015887761694,-0.781251507444888,-0.8342858711829428,-1.1121577393798119,-1.2285670221101728,-1.0861579127874634,0,0,0,0,-0.6787530773548515,Wet
Dharashiv,2022-04-01,2022,4,test,-0.7624699124220649,-0.673201568540037,-1.164462751238113,-2.054584253630533,-1.2285670221101728,-0.18288348410681873,0,1,0,0,-1.0110281653412898,Wet
Dharashiv,2022-05-01,2022,5,test,-1.0377676920245722,-0.6230112206656685,-0.9458500685484672,-2.7492493934568154,-0.1611604208898621,0.32809025339924935,0,0,0,0,-0.8648247570310227,Wet
Dharashiv,2022-06-01,2022,6,test,-0.6338568577241958,-0.25442144191528837,-2.0538520034256917,-1.3599207403027775,-0.1611604208898621,0.41785303989406297,0,1,0,0,-0.6742264040606254,Wet
Dharashiv,2022-07-01,2022,7,test,-1.3069728004920154,-2.5869559253221937,-2.9656146792265208,-1.7922513297408862,-0.1611604208898621,-1.4988184576278958,0,2,0,0,-1.7186289355498958,Very Wet
Dharashiv,2022-08-01,2022,8,test,-0.75147351237558,-3.0147377372813007,-3.7727318899944198,-1.600582183549417,-0.1611604208898621,-2.103630614206134,0,3,0,0,-1.9007193930494521,Very Wet
Dharashiv,2022-09-01,2022,9,test,-1.1429139991147037,-2.0100750906585025,-1.178925709981224,-0.8998694331008086,-0.642894306114609,-2.0856106789741755,0,0,0,0,-1.3267148696573374,Wet
Dharashiv,2022-10-01,2022,10,test,-1.2106437337868365,-2.1391530894883886,-0.4034447816618719,-1.5605863863455152,-0.642894306114609,-2.188014151593906,0,1,0,0,-1.3574560748318547,Wet
Dharashiv,2022-11-01,2022,11,test,-1.4910708516166316,-1.6899208247201123,-0.12279794437663906,-1.0375502523515616,-0.642894306114609,-1.3636304940242756,0,2,0,0,-1.0579774455339714,Wet
Dharashiv,2022-12-01,2022,12,test,-1.2236251070265771,-1.3336005280892276,-0.7217196804058911,-0.8011472522962826,-0.642894306114609,-1.134190322955638,0,3,0,0,-0.9761961994813708,Wet
Dharashiv,2023-01-01,2023,1,test,0.7955012356044004,-1.2338718173089422,-1.9039048886379362,-1.6877157594181125,-1.360524146393124,-1.550355252680643,0,0,0,0,-1.156811771472393,Wet
Dharashiv,2023-02-01,2023,2,test,-0.09231232254857523,-1.066613766282543,-1.463594431021371,-1.6820394304466668,-1.360524146393124,-0.7145612886320895,0,1,0,0,-1.063274230887395,Wet
Dharashiv,2023-03-01,2023,3,test,-0.5555742221985339,-0.9359078885061441,-1.1617810658196808,-2.4671858518705587,-1.282795977294947,-0.5578636522886776,0,0,0,0,-1.160184776329757,Wet
Dharashiv,2023-04-01,2023,4,test,-1.5823294966603714,-0.8884821693897554,-1.5620600514638474,-2.550982189253544,-1.282795977294947,0.6961788308258658,0,1,0,0,-1.1950785088727667,Wet
Dharashiv,2023-05-01,2023,5,test,-0.4702019487917141,-0.9050266527714882,-1.6419281626999571,-2.1380288394788325,-0.4051907192213466,1.4898103209340083,0,0,0,0,-0.6784276670048883,Wet
Dharashiv,2023-06-01,2023,6,test,1.0144221055553844,-0.13695193962788849,-0.5225360442387654,-0.4935797837068706,-0.4051907192213466,0.7272605642639589,0,1,0,0,0.03057069717074538,Normal
Dharashiv,2023-07-01,2023,7,test,-0.7212361172872382,-1.2246751846550494,-1.4237596362652476,-2.1859569030838206,-0.4051907192213466,1.1871442517077897,0,2,0,0,-0.7956123848008189,Wet
Dharashiv,2023-08-01,2023,8,test,0.29350727625981704,-1.3777300618302828,-1.9390825513507117,-0.8214876261698287,-0.4051907192213466,1.5424676403072146,0,3,0,0,-0.45125267366752303,Normal
Dharashiv,2023-09-01,2023,9,test,-0.5116548281950415,-0.39523744599523547,-0.9422690567835965,-1.2224006388959425,0.7670585286895255,1.558620035005074,0,0,0,0,-0.12431390102920274,Normal
Dharashiv,2023-10-01,2023,10,test,1.5795620381343591,-0.64400322082509,-0.22103179741703252,-0.11222313963535857,0.7670585286895255,1.5370700819792527,0,1,0,0,0.48440541515427604,Normal
Dharashiv,2023-11-01,2023,11,test,0.07616444728642162,-0.37703388401116533,-0.32669855932983227,-1.4909712767480987,0.7670585286895255,1.5853258646426818,0,2,0,0,0.03897418675492207,Normal
Dharashiv,2023-12-01,2023,12,test,0.5708054283218168,-0.6074616721142071,-1.4139083343036447,-1.9388145421398724,0.7670585286895255,1.7608819985363038,0,3,0,0,-0.143573098835013,Normal
Dharashiv,2024-01-01,2024,1,test,-1.0260463253606422,-0.6322252779397244,-1.909734167076382,-1.8057347881481487,0.29345898674249554,1.3481775115656573,0,0,0,0,-0.6220173433694574,Wet
Dharashiv,2024-02-01,2024,2,test,-0.9316801576518245,-0.5698604849512167,-0.7615976380889646,-1.9849717783304357,0.29345898674249554,0.8325312608801578,0,1,0,0,-0.5203533018999648,Wet
Dharashiv,2024-03-01,2024,3,test,0.7404904210518761,-0.43585866226494896,-0.448659942474975,-1.8979267647077591,0.7507898421340933,0.8682232561465448,0,0,0,0,-0.07049030835252812,Normal
Dharashiv,2024-04-01,2024,4,test,-1.1788718803125842,-0.41111958053204894,-0.4916724172151749,-2.2758419289030094,0.7507898421340933,1.011188976798057,0,1,0,0,-0.4325878313384444,Normal
Dharashiv,2024-05-01,2024,5,test,-0.49561817995457874,-0.4027334692448337,-0.9479998550329825,-3.17619742219938,0.2184422654035584,1.2747135935360834,0,0,0,0,-0.5882321779153554,Wet
Dharashiv,2024-06-01,2024,6,test,-1.3871157669324925,-2.7441342785901246,-1.4496573521858336,-2.5891879005108107,0.2184422654035584,0.32810123893180315,0,1,0,0,-1.2705919656473168,Wet
Dharashiv,2024-07-01,2024,7,test,-1.0626994173332924,-4.294202057930546,-4.13252289937495,-3.6846462204306154,0.2184422654035584,0.40623767014080747,0,2,0,0,-2.0915651099208397,Very Wet
Dharashiv,2024-08-01,2024,8,test,-1.0272387753566712,-3.392668721938231,-2.835586442803675,-2.972843235942415,0.2184422654035584,0.07738209130699597,0,3,0,0,-1.6554188032217396,Very Wet
Dharashiv,2024-09-01,2024,9,test,-0.40051723121176713,-1.960702057867019,-0.7759064491167024,-1.083181441064977,-0.642894306114609,-0.1359532890381814,0,0,0,0,-0.8331924624022093,Wet
Dharashiv,2024-10-01,2024,10,test,-0.4036948630752535,-1.4740149111972496,-0.6836088898163297,-1.9539971196731574,-0.642894306114609,-0.20073131266210548,0,1,0,0,-0.8931569004231174,Wet
Dharashiv,2024-11-01,2024,11,test,-0.24446426008976868,-1.3930495975951906,-0.16887845932854306,-2.8314234942733316,-0.642894306114609,0.13045686091723696,0,2,0,0,-0.8583755427473677,Wet
Dharashiv,2024-12-01,2024,12,test,0.03869276351585651,-1.1625892259272486,-1.306475192023859,-2.6193110387986405,-0.642894306114609,-0.6916930716998448,0,3,0,0,-1.0640450118413909,Wet
Hingoli,2003-01-01,2003,1,train,0.5123652412037305,0.16055262742619933,0.06498513387370507,0.058009466062738865,-0.4803428297905747,-1.4506629343000053,0,0,0,0,-0.18918221592070103,Normal
Hingoli,2003-02-01,2003,2,train,-0.43146672697110666,0.07640351597882215,-0.0013170559089304994,0.22495702281488736,-0.4803428297905747,-1.3482996593388707,0,1,0,0,-0.32667762220262886,Normal
Hingoli,2003-03-01,2003,3,train,-0.1880259340071436,0.09907601111130179,-0.032002172241906796,-0.4156435317237113,-1.158576774945692,-1.071659809522297,0,0,0,0,-0.4611387018882415,Normal
Hingoli,2003-04-01,2003,4,train,-0.12849392238759613,0.007864744420661943,-0.29067180628875733,0.32480961868111513,-1.158576774945692,-0.631634978985425,0,1,0,0,-0.3127838532509489,Normal
Hingoli,2003-05-01,2003,5,train,0.15387107834133318,0.013906083254813835,0.07936300252278916,-0.23232946406136398,-1.2920589875560062,-0.38680655350257936,0,0,0,0,-0.2773424735001689,Normal
Hingoli,2003-06-01,2003,6,train,-0.005872797656399411,-0.22813781442543593,0.4627177671585759,-0.23479550850591024,-1.2920589875560062,-0.12725123168152092,0,1,0,0,-0.2375664287777828,Normal
Hingoli,2003-07-01,2003,7,train,-0.42951146850668614,-1.1041645542752556,1.1332651018860098,-1.7654786786317,-1.2920589875560062,-0.3961429962393569,0,2,0,0,-0.6423485972204992,Wet
Hingoli,2003-08-01,2003,8,train,-0.28471231088629556,-0.9713894442192125,0.892026156286529,-1.8102317919807789,-1.2920589875560062,-0.6468599665188425,0,3,0,0,-0.6855377241457677,Wet
Hingoli,2003-09-01,2003,9,train,0.23477014907119104,-0.18630609412618157,0.47786293400846036,0.4413054943014325,0.6599953845732268,-0.7031996150430838,0,0,0,0,0.15407137546417424,Normal
Hingoli,2003-10-01,2003,10,train,1.2926478985913297,0.0460802323286167,-0.3482429405686506,-0.058440976022468484,0.7577292896294276,-0.7286244033849656,0,0,0,0,0.16019151676221488,Normal
Hingoli,2003-11-01,2003,11,train,1.6006546263970165,0.17820190479110068,0.4082882232859752,0.8478554181841493,0.7577292896294276,-0.8043287307094353,0,1,0,0,0.4980667885963723,Normal
Hingoli,2003-12-01,2003,12,train,1.2808745521993885,0.15923297005127088,0.6902125389821978,0.3492102509043474,0.7577292896294276,-0.7198856700824351,0,2,0,0,0.41956232194736615,Normal
Hingoli,2004-01-01,2004,1,train,0.6582942085903992,0.11603855651685076,0.6186229499957709,-0.10543786721603991,0.7987250551731366,-0.5663020172144364,0,0,0,0,0.2533234809742802,Normal
Hingoli,2004-02-01,2004,2,train,0.58458172678281,0.05533015324864607,0.17782145248950013,0.714258728925162,0.7987250551731366,-0.6273956694795744,0,1,0,0,0.28388690785661336,Normal
Hingoli,2004-03-01,2004,3,train,0.8035625021892265,0.19808741464688556,0.3490817617836622,0.9214698221746691,-0.26322925547109544,-0.41193802147395175,0,0,0,0,0.266172370641566,Normal
Hingoli,2004-04-01,2004,4,train,0.17205685480910102,0.15091964780717307,0.22923780027994442,0.804164017159034,-0.26322925547109544,0.2693289779402935,0,1,0,0,0.2270796737540751,Normal
Hingoli,2004-05-01,2004,5,train,-0.6043655098049904,0.06030749956354911,-0.4107080369757772,-1.2616629712815288,-0.28356315518077185,-0.5099180939172894,0,0,0,0,-0.5016517112661347,Wet
Hingoli,2004-06-01,2004,6,train,0.379245348192987,0.20985386144422474,-0.062441760763340216,-1.4650327750259284,-0.28356315518077185,-0.2855612165573476,0,1,0,0,-0.2512499496483627,Normal
Hingoli,2004-07-01,2004,7,train,0.9713603050333516,1.0916581953885176,0.7620990591271228,1.374238672302429,-0.28356315518077185,0.40096894648622633,0,2,0,0,0.7194603371928127,Moderate Stress
Hingoli,2004-08-01,2004,8,train,2.0679125171094555,0.0966789196970809,1.3660799272470319,-0.24392962985064942,-0.28356315518077185,1.2858168860737749,0,3,0,0,0.714832577515987,Moderate Stress
Hingoli,2004-09-01,2004,9,train,1.6326606018972094,1.1166310472060013,-0.456827209017611,0.18681930077534384,2.258830240777866,1.419914104516049,0,0,0,0,1.0263380143591432,Moderate Stress
Hingoli,2004-10-01,2004,10,train,1.9009793868369216,0.9875134982360152,0.4879243563586352,0.45816259635028167,2.558263312309114,1.6495950233180663,0,0,0,0,1.3404063622348392,Moderate Stress
Hingoli,2004-11-01,2004,11,train,0.5009192508655053,1.0143044001548391,0.23140490796295857,0.3042715808785135,2.558263312309114,1.4975997279281092,0,1,0,0,1.01779386334984,Moderate Stress
Hingoli,2004-12-01,2004,12,train,0.5266154698298801,0.989266558610139,0.6573191138904588,0.8156700045168612,2.558263312309114,1.4389245851330201,0,2,0,0,1.1643431740482455,Moderate Stress
Hingoli,2005-01-01,2005,1,train,-0.5360172241934975,0.9257630143824643,1.0993396895058059,0.4226851511918041,1.979403102831948,1.765013821940173,0,0,0,0,0.9426979259431163,Moderate Stress
Hingoli,2005-02-01,2005,2,train,0.35220124366768907,0.5055466910913892,0.7920820776589306,1.1706916370131366,1.979403102831948,0.5884449380145825,0,1,0,0,0.8980616150462793,Moderate Stress
Hingoli,2005-03-01,2005,3,train,-1.1634082392304699,0.5120354216291655,0.6859303841556006,1.186556013083582,0.7698640362303646,0.6137977798504917,0,0,0,0,0.43412923261978903,Normal
Hingoli,2005-04-01,2005,4,train,-1.5721884208637538,0.5632770360428512,0.7368036790579355,-0.16114604109532046,0.7698640362303646,-0.3194148147914117,0,1,0,0,0.0028659124301108896,Normal
Hingoli,2005-05-01,2005,5,train,-0.9609010528066454,0.5024275083950015,0.6206268712383606,1.8922941362061678,0.20838603134373257,-0.26386104348627126,0,0,0,0,0.33316207514839097,Normal
Hingoli,2005-06-01,2005,6,train,0.5184530664694137,0.8848837325392014,1.4518176689747573,2.122810097832826,0.20838603134373257,-0.40153344984079226,0,1,0,0,0.7974695245531901,Moderate Stress
Hingoli,2005-07-01,2005,7,train,-1.5037240289201188,0.9958026653795381,2.8188213619097455,1.8196925157591197,0.20838603134373257,0.069738301675242,0,2,0,0,0.73478614119121,Moderate Stress
Hingoli,2005-08-01,2005,8,train,-1.3100023263042746,0.2220114968718992,0.9946916031682755,1.246847376234653,0.20838603134373257,0.1597157089156266,0,3,0,0,0.25360831503831865,Normal
Hingoli,2005-09-01,2005,9,train,-1.9503326319603784,1.1167165828050871,0.3448418555667783,0.5032055737841925,-0.7174623376953859,-0.019901510421726533,0,0,0,0,-0.12048874465357216,Normal
Hingoli,2005-10-01,2005,10,train,-1.4168191861152788,0.3972688744085794,-0.4861546950804711,-0.4003348050658887,-0.2950419695330112,-0.48115609456753533,0,0,0,0,-0.44703964599226764,Normal
Hingoli,2005-11-01,2005,11,train,-1.488127803543829,-0.1444512328461204,-0.0069847744108839606,0.05734536337335706,-0.2950419695330112,-0.454419666078282,0,1,0,0,-0.3886133471731283,Normal
Hingoli,2005-12-01,2005,12,train,-1.473602763710565,0.060260182306526446,0.3641859253850642,-0.17917700136023618,-0.2950419695330112,-0.4427809351503377,0,2,0,0,-0.3276927603437598,Normal
Hingoli,2006-01-01,2006,1,train,1.317112414001701,0.2122193340531546,-0.09458319757346338,0.3541254712348403,-0.1851733178758722,-0.1732250489988943,0,0,0,0,0.2384126091402443,Normal
Hingoli,2006-02-01,2006,2,train,1.076044569212696,0.30991283322589164,-0.13688288717776417,0.33551569287654887,-0.1851733178758722,0.11824684974154534,0,1,0,0,0.25294395666717423,Normal
Hingoli,2006-03-01,2006,3,train,-2.041819885928297,0.003620064011927155,-0.4214426780152836,-0.943761025110831,-0.26322925547109544,0.403188219478194,0,0,0,0,-0.5439074268392311,Wet
Hingoli,2006-04-01,2006,4,train,-1.6963646864922381,0.16137735697990946,-0.24089332336010433,-0.08754165738399855,-0.26322925547109544,0.5034318396864031,0,1,0,0,-0.270536621006854,Normal
Hingoli,2006-05-01,2006,5,train,-2.071966095850836,0.07882567459430577,-0.3528521663200892,-0.3692106390404831,-0.529537748443024,0.4310591890231907,0,0,0,0,-0.46894696433948924,Normal
Hingoli,2006-06-01,2006,6,train,-0.19771036118063634,0.22920678917063914,0.34369031023385155,1.6528033536260773,-0.529537748443024,0.10942510123981217,0,1,0,0,0.26797957410778667,Normal
Hingoli,2006-07-01,2006,7,train,-0.22877876782308343,0.5622752057286532,0.3395552832782747,-3.6827874269451812,-0.529537748443024,-1.2698779678272305,0,2,0,0,-0.8015252370052651,Wet
Hingoli,2006-08-01,2006,8,train,-0.6659486734630181,-0.9408277193291752,0.788662442836563,-0.17988730933623556,-0.529537748443024,-2.097052481356711,0,3,0,0,-0.6040985815152669,Wet
Hingoli,2006-09-01,2006,9,train,-1.460944482579544,-0.26696987718433157,0.9672642420172718,0.03250820593688243,-0.9634369309576382,-2.119521928607047,0,0,0,0,-0.6351834618957345,Wet
Hingoli,2006-10-01,2006,10,train,-1.415841118298149,-0.5135800411925047,-0.0837546931988955,0.15971975786599654,-0.1966521322281107,-1.7452285327973267,0,0,0,0,-0.6325561266414983,Wet
Hingoli,2006-11-01,2006,11,train,-0.753822488922891,-0.4328981686782499,0.254248163276523,-0.32703150304171874,-0.1966521322281107,-1.5400094260264654,0,1,0,0,-0.4993609259368188,Normal
Hingoli,2006-12-01,2006,12,train,1.1340278819529113,-0.36144013119943846,1.289806945835398,-0.04079663062891229,-0.1966521322281107,-1.5707914618901024,0,2,0,0,0.04235907864029087,Normal
Hingoli,2007-01-01,2007,1,train,0.28925617767266715,-0.23405525730710477,0.033676216116181996,0.0905712923363927,-0.4311479111381244,-1.499724917027648,0,0,0,0,-0.29190406655793927,Normal
Hingoli,2007-02-01,2007,2,train,1.4086824030961205,-0.17068070249677778,0.3082729946671507,-0.29055874937764364,-0.4311479111381244,-1.177454379383731,0,1,0,0,-0.05881439077216762,Normal
Hingoli,2007-03-01,2007,3,train,1.031445697133829,-0.07439605522347321,0.21031402202144375,-0.37692488392152945,-0.36161909277599424,-1.0787161014543605,0,0,0,0,-0.10831606903668078,Normal
Hingoli,2007-04-01,2007,4,train,1.3169605658136598,-0.09073635347858364,-0.1607193845457784,-0.4525059567512379,-0.36161909277599424,-0.9368818664465766,0,1,0,0,-0.11425034803075183,Normal
Hingoli,2007-05-01,2007,5,train,1.324804981579832,-0.09002525435910141,-0.36669795835250135,0.26765932077489707,-0.08678348057096903,-0.820062878131284,0,0,0,0,0.03814912182347885,Normal
Hingoli,2007-06-01,2007,6,train,-0.1798996778386818,-0.11787881217226052,0.21424249225925504,-0.7344438495554094,-0.08678348057096903,-0.25692097283308885,0,1,0,0,-0.19361405011852575,Normal
Hingoli,2007-07-01,2007,7,train,-0.33760090436918994,-0.004370354680742259,-3.876720683650718,-0.9201845512148911,-0.08678348057096903,-0.4198023280115699,0,2,0,0,-0.9409103837496801,Wet
Hingoli,2007-08-01,2007,8,train,-0.36230931933026994,0.7439043067797012,-0.2552398176144793,-1.653076635618357,-0.08678348057096903,-0.6346567322363323,0,3,0,0,-0.37469361309845106,Normal
Hingoli,2007-09-01,2007,9,train,-0.653026327695917,0.5254813796326022,0.3534087999210504,-0.8287955186970309,0.1680461980487224,-0.5471310405456776,0,0,0,0,-0.16366941822270842,Normal
Hingoli,2007-10-01,2007,10,train,-0.26895523607379496,0.6568787577448597,0.43581688796493645,0.19624375817527231,0.541271647558646,-0.5259843021359399,0,0,0,0,0.17254525220566327,Normal
Hingoli,2007-11-01,2007,11,train,-0.26815568742186413,0.7507940491998942,0.47873110352505155,0.08863602717242476,0.541271647558646,-0.5734634617321555,0,1,0,0,0.16963561305033284,Normal
Hingoli,2007-12-01,2007,12,train,1.241523278261219,0.6485641573305299,0.30835541045948506,0.13673488618768356,0.541271647558646,-0.46926278369537594,0,2,0,0,0.4011977660170312,Normal
Hingoli,2008-01-01,2008,1,train,0.3751724616849445,0.6390473277798197,0.25745407251563707,-0.12021619585355119,0.10999619403883117,-0.021888340855930184,0,0,0,0,0.20659425321829183,Normal
Hingoli,2008-02-01,2008,2,train,-0.0735679709982591,0.5591240269155318,0.17118557480482527,-0.6843094242650136,0.10999619403883117,0.1766895499788714,0,1,0,0,0.043186325079131144,Normal
Hingoli,2008-03-01,2008,3,train,-1.7010992472372708,0.5259375424099332,0.009760455901917148,-0.7639862736666144,0.0319402564436079,0.5839123081382225,0,0,0,0,-0.21892249300170072,Normal
Hingoli,2008-04-01,2008,4,train,-1.5725643022293807,0.3804582008040163,-0.007823253100294941,-0.5329583822043313,0.0319402564436079,0.43527636114258933,0,1,0,0,-0.21094518652396554,Normal
Hingoli,2008-05-01,2008,5,train,-0.8399786226538886,0.3462329540085266,0.20977684796991278,-0.004365390689976976,0.060801275386380894,0.7423661860259965,0,0,0,0,0.08580554167449188,Normal
Hingoli,2008-06-01,2008,6,train,0.9995112073968659,0.5938469285666508,1.2378632263944787,1.3637390401525846,0.060801275386380894,1.407616786341111,0,1,0,0,0.9438964107063453,Moderate Stress
Hingoli,2008-07-01,2008,7,train,1.4339906163728617,1.8844862521515344,3.509883550035905,1.8199649791926018,0.060801275386380894,1.1618862623602844,0,2,0,0,1.645168822583261,Severe Stress
Hingoli,2008-08-01,2008,8,train,1.2063719585206285,0.3406940905832677,0.08907330828567814,1.9244835725077933,0.060801275386380894,1.0207493550257858,0,3,0,0,0.7736955933849224,Moderate Stress
Hingoli,2008-09-01,2008,9,train,0.08217774078034733,-0.37834334925309965,-0.32857496837778066,-0.3759743494036621,0.6599953845732268,1.0275012578941125,0,0,0,0,0.11446361936885739,Normal
Hingoli,2008-10-01,2008,10,train,-0.013274794336238106,-0.13469299922590552,0.7845849954157116,0.9925154752346093,2.489390426195683,0.6147275500815401,0,0,0,0,0.7888751088942335,Moderate Stress
Hingoli,2008-11-01,2008,11,train,-0.47334588539655564,0.05188825422715875,0.7398882837838074,0.4675965033425118,2.489390426195683,0.5811949439510502,0,1,0,0,0.6427687543506092,Moderate Stress
Hingoli,2008-12-01,2008,12,train,0.6535096200318453,-0.2074160185746349,0.21629132909012524,0.9721174236424819,2.489390426195683,0.7048211786008045,0,2,0,0,0.8047856598310509,Moderate Stress
Hingoli,2009-01-01,2009,1,train,-0.8001184699173681,-0.07809741747049845,0.516060638627725,1.3395483836962574,0.20838603134373168,1.187975172295773,0,0,0,0,0.39562572309593674,Normal
Hingoli,2009-02-01,2009,2,train,0.6373231540094324,-0.01684523357471095,0.7561243542411282,1.2684249520611455,0.20838603134373168,1.202591381701717,0,1,0,0,0.676000773297074,Moderate Stress
Hingoli,2009-03-01,2009,3,train,0.34464614514556097,0.08399575641213544,0.462356192241333,0.920260124273526,0.20412247172718515,0.8381878632901135,0,0,0,0,0.475594758848309,Normal
Hingoli,2009-04-01,2009,4,train,0.5141684748920552,0.026278522637798316,0.6901025262413693,1.2618726365028847,0.20412247172718515,-0.055675526930634774,0,1,0,0,0.4401448508451096,Normal
Hingoli,2009-05-01,2009,5,train,-0.3526702156465914,0.0036849697352047115,0.43858949852775314,-0.5421540771209474,0.10999619403883204,0.3018045238676256,0,0,0,0,-0.006791517766353894,Normal
Hingoli,2009-06-01,2009,6,train,0.9884850251072645,0.4568978416124572,1.356644530835697,0.8262272405967988,0.10999619403883204,-0.0601749507273164,0,1,0,0,0.6130126469106222,Moderate Stress
Hingoli,2009-07-01,2009,7,train,1.2765231230128908,-0.22403255780604367,0.49051961704386404,-1.841246548359141,0.10999619403883204,0.2206599338222015,0,2,0,0,0.005403293625433968,Normal
Hingoli,2009-08-01,2009,8,train,1.6498984175686842,0.7628448752387987,-1.0455380420259521,2.836867802718706,0.10999619403883204,1.0880746815775921,0,3,0,0,0.9003573215194435,Moderate Stress
Hingoli,2009-09-01,2009,9,train,1.1037470153120803,-0.4444480089336659,-0.37031820073789184,0.18064479075815046,1.299529327055082,1.3836364624653221,0,0,0,0,0.5254652309865129,Moderate Stress
Hingoli,2009-10-01,2009,10,train,0.9830288449347167,-1.077697349402429,0.23984304696236866,0.9498349367402511,0.39368689160129516,1.5600216233804585,0,0,0,0,0.5081196657027768,Moderate Stress
Hingoli,2009-11-01,2009,11,train,0.011900942313578387,-1.0633519650135934,-0.2690047713650098,-0.020870645839120433,0.39368689160129516,1.2612554558035793,0,1,0,0,0.05226931791678824,Normal
Hingoli,2009-12-01,2009,12,train,-0.5890975122055354,-0.9544412637693034,-0.8134389257393368,-0.2874484234153289,0.39368689160129516,1.4598444153316084,0,2,0,0,-0.13181580303276685,Normal
Hingoli,2010-01-01,2010,1,train,-1.7766862494374385,-0.8328974210657943,-0.3765800607388142,0.12014782198668304,0.4543606246059839,1.300294736814385,0,0,0,0,-0.1852267579724992,Normal
Hingoli,2010-02-01,2010,2,train,-0.10400737147643105,-0.6545739118202957,0.510825382804596,0.6120581263279632,0.4543606246059839,1.064620120630074,0,1,0,0,0.3138804951786484,Normal
Hingoli,2010-03-01,2010,3,train,-0.35675930446021425,-0.43606845688548673,0.7214541655520647,1.056861044165113,0.3271097683583113,0.4400469679233257,0,0,0,0,0.29210736410885224,Normal
Hingoli,2010-04-01,2010,4,train,-0.24682707409692878,-0.3655393971411081,0.7120452860795857,1.3598466269004834,0.3271097683583113,0.3373184260857064,0,1,0,0,0.35399227269767497,Normal
Hingoli,2010-05-01,2010,5,train,-0.14907977461372546,-0.3114487614530528,0.6214912897256244,0.8365783058084536,0.257580949996182,-0.10322663303282398,0,0,0,0,0.19198256273844294,Normal
Hingoli,2010-06-01,2010,6,train,0.3582267309228854,-0.07406271976903381,-0.16257122341359231,-1.8923057449299368,0.257580949996182,-0.24480075374977955,0,1,0,0,-0.2929887934905458,Normal
Hingoli,2010-07-01,2010,7,train,-0.5009726155260729,-2.115874673780752,-0.9702982702876484,0.572824779299114,0.257580949996182,-1.273862697388866,0,2,0,1,-0.6717670879480071,Wet
Hingoli,2010-08-01,2010,8,train,-1.3028091167265168,-2.6267078107931425,0.3173669691157892,0.2014434314342569,0.257580949996182,-1.6111645204347318,0,3,0,0,-0.7940483495680271,Wet
Hingoli,2010-09-01,2010,9,train,-1.659597038887805,-2.1191047212301077,0.8020096374847481,-0.45605677603424377,-1.627568332765719,-1.8150221779387028,0,0,0,0,-1.1458899015619717,Wet
Hingoli,2010-10-01,2010,10,train,-1.5230176083946672,-1.1439194542568147,0.9703293856875955,-1.2540347701856656,-2.016864122368777,-1.6748316438750923,0,0,0,0,-1.1070563688989037,Wet
Hingoli,2010-11-01,2010,11,train,-0.8863645233965219,-1.5507361129557187,-1.5931898635545776,-1.1425871293490961,-2.016864122368777,-1.3672547964897088,0,1,0,0,-1.4261660913524,Wet
Hingoli,2010-12-01,2010,12,train,-0.8354206993260688,-1.397704921691084,-0.7993365440410921,-1.031103567993461,-2.016864122368777,-1.5086130776887428,0,2,0,0,-1.2648404888515374,Wet
Hingoli,2011-01-01,2011,1,train,-1.126507119208606,-1.1103434535159873,-1.0293913372315848,-0.3869132038357306,-1.169071690924881,-1.4398709584039082,0,0,0,0,-1.0436829605201163,Wet
Hingoli,2011-02-01,2011,2,train,0.18994583581584826,-0.9209750844920472,-0.9613143768601943,-1.132470708103239,-1.169071690924881,-1.2161394622112796,0,1,0,0,-0.8683375811292988,Wet
Hingoli,2011-03-01,2011,3,train,0.8680608275683626,-0.7319419415030718,-0.5107814070647734,-0.03017186786586171,-1.0995428725627518,-1.029156027531514,0,0,0,0,-0.42225554815993505,Normal
Hingoli,2011-04-01,2011,4,train,-1.268566143868195,-0.6690551447662698,-0.7978277765759629,-2.179938967730684,-1.0995428725627518,-0.9423608695938253,0,1,0,0,-1.1595486291829482,Wet
Hingoli,2011-05-01,2011,5,train,-0.9770761660249485,-0.600793803437577,-0.48365913555931134,-1.2094803758030406,0.011606356733931495,-0.4403513569870624,0,0,0,0,-0.6166257468463346,Wet
Hingoli,2011-06-01,2011,6,train,0.3077581037211658,-0.16177472100747825,0.3877065473068803,-0.8598224634236927,0.011606356733931495,-0.11488196700060882,0,1,0,0,-0.07156802394496703,Normal
Hingoli,2011-07-01,2011,7,train,-0.0574981588290816,-0.2107888457974465,-2.0347260943953738,-0.8645559769331403,0.011606356733931495,-1.1326538435483935,0,2,0,0,-0.7147694271282506,Wet
Hingoli,2011-08-01,2011,8,train,-0.1343950284399618,0.2115664367174697,-1.4965048814230824,-2.302478604746807,0.011606356733931495,-1.4535186571525116,0,3,0,0,-0.8606207297184936,Wet
Hingoli,2011-09-01,2011,9,train,-0.5972244686168604,-1.339297018968409,-0.6479895765907301,-0.014495490501225792,-1.061826768262539,-1.396044467572527,0,0,0,0,-0.8428129650853821,Wet
Hingoli,2011-10-01,2011,10,train,0.03173034827826987,-0.13326586222203493,-0.33421629280765525,-0.024974439822936453,-1.2297454239295698,-1.2792642196835278,0,0,0,0,-0.49495598169790905,Normal
Hingoli,2011-11-01,2011,11,train,0.2759347297950094,0.010440073284360304,0.26267789652981755,0.38372659556691163,-1.2297454239295698,-1.139461089882856,0,1,0,0,-0.23940453643938783,Normal
Hingoli,2011-12-01,2011,12,train,1.1031949780264159,-0.12316582499584505,0.3705084528850015,-0.10604809897505968,-1.2297454239295698,-1.0302794998940317,0,2,0,0,-0.16925590281384814,Normal
Hingoli,2012-01-01,2012,1,train,1.4006948340438632,-0.14815913706061878,-0.10144256891196576,-0.43232419118050985,1.1430894857402902,-0.7480222882648734,0,0,0,0,0.18563935572769763,Normal
Hingoli,2012-02-01,2012,2,train,1.066782911618672,-0.1729441848935421,-0.03539752362065561,-0.3781937662256803,1.1430894857402902,-0.6270636086827716,0,1,0,0,0.16604555232271875,Normal
Hingoli,2012-03-01,2012,3,train,0.8355842953815289,-0.05925055287133127,0.023061661864268133,-0.20990631235755847,0.5238894429681124,-0.18879316602234106,0,0,0,0,0.1540975614937798,Normal
Hingoli,2012-04-01,2012,4,train,1.158916614099357,-0.07991603279534665,-0.1752926262123614,-0.22117447239248672,0.5238894429681124,0.28418869859722795,0,1,0,0,0.24843527071075044,Normal
Hingoli,2012-05-01,2012,5,train,1.3896800361138146,-0.0976425612161808,-0.12759582183368154,-0.3299890901472626,0.20838603134373257,0.4957280292005737,0,0,0,0,0.2564277705768327,Normal
Hingoli,2012-06-01,2012,6,train,0.6941028276700311,0.25675696347624993,0.6182205964855731,0.022019077867464463,0.20838603134373257,0.6788263525577435,0,1,0,0,0.41305197490013246,Normal
Hingoli,2012-07-01,2012,7,train,-0.18173059596473795,1.4073900575702343,0.6617536170647755,0.572824779299114,0.20838603134373257,0.6475240881124481,0,2,0,0,0.5526913295709278,Moderate Stress
Hingoli,2012-08-01,2012,8,train,0.2607083213304006,1.9978534663410263,-1.9180612047703127,-1.4679077970974919,0.20838603134373257,0.8698277228788258,0,3,0,0,-0.00819890999563653,Normal
Hingoli,2012-09-01,2012,9,train,-0.41475061322507417,1.7068871857250387,-1.4981828763153668,-1.099638232140515,0.30579197027558336,0.8568220083373751,0,0,0,0,-0.023845092890493136,Normal
Hingoli,2012-10-01,2012,10,train,0.1854336403085411,1.3754540624096168,-0.5379646296966717,-0.5387861775409525,-0.5902114814477141,0.9785001529792187,0,0,0,0,0.14540426116867305,Normal
Hingoli,2012-11-01,2012,11,train,-0.5030921737392607,1.1636396033521113,-0.48325520536721206,-0.6301638893040924,-0.5902114814477141,0.965223255453711,0,1,0,0,-0.012976648508742842,Normal
Hingoli,2012-12-01,2012,12,train,0.2352760627390729,1.1916649787663096,-0.8444078193700923,-0.42579208403839564,-0.5902114814477141,0.9183362709451283,0,2,0,0,0.08081098793238478,Normal
Hingoli,2013-01-01,2013,1,train,-0.03294167172621161,1.194502446869225,-0.7810960130123746,-0.4266124691941338,-0.5295377484430249,1.2065705769167403,0,0,0,0,0.1051475202350367,Normal
Hingoli,2013-02-01,2013,2,train,0.5415740845196247,1.070825391495006,-0.18694883580104543,-0.5058309877512105,-0.5295377484430249,1.0238596578225063,0,1,0,0,0.2356569269736427,Normal
Hingoli,2013-03-01,2013,3,train,-0.13736330540090622,1.078166798796087,0.33133452986792544,0.3781356859364648,0.17952501240095955,0.5122701912279769,0,0,0,0,0.3903448188047512,Normal
Hingoli,2013-04-01,2013,4,train,-0.6420778012660208,0.9325731787030237,0.2535275281820553,0.35839431025302654,0.17952501240095955,0.14920598469681148,0,1,0,0,0.20519136882830927,Normal
Hingoli,2013-05-01,2013,5,train,-0.06589530609395335,0.8390465885618257,0.27716291653644287,0.9818958600502043,0.10999619403883204,0.16806703795522027,0,0,0,0,0.38504554850809525,Normal
Hingoli,2013-06-01,2013,6,train,-1.9311423534359589,-1.0322151582986707,-3.5257079463082803,0.8207491032757595,0.10999619403883204,-0.5411650148964507,0,1,0,0,-1.0165808626041282,Wet
Hingoli,2013-07-01,2013,7,train,-2.402301077558572,-3.4182074208130055,-2.3533350346024684,0.572824779299114,0.10999619403883204,-1.0371863644675339,0,2,0,1,-1.4213681540172722,Wet
Hingoli,2013-08-01,2013,8,train,-1.8699026272503259,-3.4296181780464408,-0.19173683035472494,0.3189428818048609,0.10999619403883204,-1.4329308877507259,0,3,0,0,-1.0825415745930875,Wet
Hingoli,2013-09-01,2013,9,train,-0.57575262495361,-2.1604838874344425,-0.2891612541164731,-0.5307135618795725,-1.6521657920919444,-1.626494660553804,0,0,0,0,-1.1391286301716412,Wet
Hingoli,2013-10-01,2013,10,train,-0.07624806296040942,-2.455349623879925,-0.9208096542442072,-0.764909829721407,-2.36122855293593,-1.7060453587745736,0,0,0,0,-1.3807651804194088,Wet
Hingoli,2013-11-01,2013,11,train,-0.4007331341554013,-2.0399335255298547,-0.31893690535782904,-0.7272095153817751,-2.36122855293593,-1.363934188521679,0,1,0,0,-1.2019959703137448,Wet
Hingoli,2013-12-01,2013,12,train,-0.7294060651116832,-1.7654299489248426,-0.844607160372013,-0.5138484584973141,-2.36122855293593,-1.5764364954357537,0,2,0,0,-1.298492780212923,Wet
Hingoli,2014-01-01,2014,1,train,1.1399734004359996,-1.4606058666212693,-0.9628761075060367,-1.090871601173205,-3.4074404896113757,-1.3238987251204635,0,0,0,0,-1.184286564932725,Wet
Hingoli,2014-02-01,2014,2,train,0.2735011336719274,-1.2798666524383577,-1.3757057478364156,-2.0466036848940434,-3.4074404896113757,-1.1467387556794544,0,1,0,0,-1.4971423661312866,Wet
Hingoli,2014-03-01,2014,3,train,-1.9034256195573318,-1.6742423306417993,-1.8136903864060776,-2.555288262041068,-0.9519581166054001,-1.1027905092225772,0,0,0,0,-1.6668992040790422,Very Wet
Hingoli,2014-04-01,2014,4,train,-2.057825467256551,-1.1748202879669385,-1.212584643425307,-1.3507784517958736,-0.9519581166054001,-0.5074442409811066,0,1,0,0,-1.2092352013385295,Wet
Hingoli,2014-05-01,2014,5,train,-1.184658046719819,-0.9714477428345201,-1.0676489514836125,-0.634079197424418,0.011606356733931495,-0.6210754456470909,0,0,0,0,-0.7445505045625881,Wet
Hingoli,2014-06-01,2014,6,train,1.9733924935189375,-0.3190480477061095,0.39459812335519867,-1.0709711689413832,0.011606356733931495,-0.7378280218030232,0,1,0,0,0.041958289192925304,Normal
Hingoli,2014-07-01,2014,7,train,1.6101499478638497,0.7946555073179918,0.7072713400281256,1.7937230990267596,0.00012754238169126442,-1.0725508393270524,0,0,0,0,0.6388960995485611,Moderate Stress
Hingoli,2014-08-01,2014,8,train,1.564135867732109,0.9961627906343733,0.6179299249129078,2.6848185270549663,0.00012754238169126442,-0.7351051232692376,0,1,0,0,0.8546782549078018,Moderate Stress
Hingoli,2014-09-01,2014,9,train,0.7351182755308069,-0.5062399254894726,0.1265139923811092,1.1199644534631574,-0.12712331386598097,-0.5521949676969226,0,0,0,0,0.13267308572044953,Normal
Hingoli,2014-10-01,2014,10,train,1.349472192484054,0.6454987308390335,1.5402012071602995,0.8178459072809547,-0.0982622949232097,-0.6069241213566687,0,0,0,0,0.6079719369140771,Moderate Stress
Hingoli,2014-11-01,2014,11,train,0.9664052087092866,0.23709055598594664,1.0561815950671645,0.646056187545882,-0.0982622949232097,-0.7656436478818869,0,1,0,0,0.34030460075053054,Normal
Hingoli,2014-12-01,2014,12,train,1.4279928415136394,0.05043017405889031,0.2768674090045409,0.00014805700173565396,-0.0982622949232097,-0.6299802093480241,0,2,0,0,0.17119932955126207,Normal
Hingoli,2015-01-01,2015,1,train,-0.3254334927889243,-0.107932028093286,-0.6509426314866804,-0.43657729009022117,0.30677586864863227,-0.22917729326019792,0,0,0,0,-0.24054781117844626,Normal
Hingoli,2015-02-01,2015,2,train,-0.09468668299565107,-0.04623020973938712,-0.8262384210037739,-0.23725562297544958,0.30677586864863227,0.13468385918329298,0,1,0,0,-0.12715853481372275,Normal
Hingoli,2015-03-01,2015,3,train,-0.22983661043461867,-0.24661671003826238,-0.8268377312850556,-0.310197974559891,-0.06644958086129088,0.2934421261348045,0,0,0,0,-0.23108274684071897,Normal
Hingoli,2015-04-01,2015,4,train,-0.8958618398676651,-0.4736820910212863,-0.7634888290181199,-1.8618537252752376,-0.06644958086129088,0.4505511577955267,0,1,0,0,-0.6017974847080122,Wet
Hingoli,2015-05-01,2015,5,train,-0.4107416279926133,-0.31050856124252607,-0.13108184478413556,-0.11693524302269931,-0.08678348057096903,0.05475129104619994,0,0,0,0,-0.16688324442779054,Normal
Hingoli,2015-06-01,2015,6,train,-0.6894711463868224,-0.58860243848398,-1.327822993993302,0.3585912188604109,-0.08678348057096903,0.06285357448819265,0,1,0,0,-0.3785392110144117,Normal
Hingoli,2015-07-01,2015,7,train,1.4051938662466368,1.2954933146671836,1.0527011270251372,1.2166559050405932,-0.08678348057096903,1.5446693458749334,0,2,0,0,1.0713216797139191,Moderate Stress
Hingoli,2015-08-01,2015,8,train,1.0809503996122993,2.0015058976509676,-0.06922532312022127,0.28786711991746794,-0.08678348057096903,1.4999130848125042,0,3,0,0,0.7857046163836748,Moderate Stress
Hingoli,2015-09-01,2015,9,train,0.8056646803318074,2.067591268461183,0.42263815908328506,0.641633107672689,1.889868350884488,1.4083749918271453,0,0,0,0,1.2059617597100996,Moderate Stress
Hingoli,2015-10-01,2015,10,train,-0.15998849766296155,2.1246026288664654,0.59147110596502,0.9424712343666494,1.5743649392601051,1.4174015111535734,0,0,0,0,1.0817204869914754,Moderate Stress
Hingoli,2015-11-01,2015,11,train,-0.33310137651453314,1.9878254885226294,0.7147675040789039,0.7394735730781062,1.5743649392601051,1.2126915642711418,0,1,0,0,0.9826702821160588,Moderate Stress
Hingoli,2015-12-01,2015,12,train,1.0212225954452048,1.6936800907817209,1.184727277020632,1.059151147198563,1.5743649392601051,1.2777090682851666,0,2,0,0,1.3018091863318986,Moderate Stress
Hingoli,2016-01-01,2016,1,train,0.241478148067383,1.5465462438311974,1.600841671227298,1.1921475762252114,0.7987250551731366,1.3905322583455988,0,0,0,0,1.1283784921449709,Moderate Stress
Hingoli,2016-02-01,2016,2,train,-0.7077962789751303,1.3930312491912427,1.4215372504620605,0.7496182278947983,0.7987250551731366,1.216122859171439,0,1,0,0,0.8118730604862577,Moderate Stress
Hingoli,2016-03-01,2016,3,train,-0.8231728008123635,1.2731471890629824,0.910884903163092,1.1712705617342913,1.3602030600597712,0.26098318324731207,0,0,0,0,0.692219349409181,Moderate Stress
Hingoli,2016-04-01,2016,4,train,-0.6405506988724265,1.10184535868683,0.8574791730103344,1.9853416716265289,1.3602030600597712,-0.3366819762251677,0,1,0,0,0.7212727647143118,Moderate Stress
Hingoli,2016-05-01,2016,5,train,0.0355012295904934,0.9480915448417963,0.7450371185879269,0.5510544941319769,1.0938945670878408,-0.08222378763503521,0,0,0,0,0.5485591944341665,Moderate Stress
Hingoli,2016-06-01,2016,6,train,-0.8512677725345672,0.9134526551517694,1.6578132266573673,0.5640130723618756,1.0938945670878408,-0.22520916673840297,0,1,0,0,0.5254494303309805,Moderate Stress
Hingoli,2016-07-01,2016,7,train,-1.8286494069695005,-1.1685343214887183,1.9417552347625568,0.8103199029413952,1.0938945670878408,0.8231842496212318,0,2,0,0,0.278661704325801,Normal
Hingoli,2016-08-01,2016,8,train,-0.7680945348240371,-1.3507608911660358,0.9982875804894392,-0.7912522113510018,1.0938945670878408,1.0019879200064166,0,3,0,0,0.030677071707103654,Normal
Hingoli,2016-09-01,2016,9,train,-0.6011867353730956,-0.47178442871316695,-0.13484964146101855,-0.8896476757329034,-1.061826768262539,0.9278830188532156,0,0,0,0,-0.37190203844825137,Normal
Hingoli,2016-10-01,2016,10,train,0.4654700284717275,-1.8134886854918086,-0.9361864695760356,-0.9400984812907971,-1.4265250985393718,0.7828333284630552,0,0,0,0,-0.6446658963272052,Wet
Hingoli,2016-11-01,2016,11,train,-0.6031329122567581,-1.1339610680694103,-0.5891736017776746,-0.26668128006720343,-1.4265250985393718,0.6820584109799593,0,1,0,0,-0.5562359249550765,Wet
Hingoli,2016-12-01,2016,12,train,-0.029886447915977395,-0.9720169503151953,-0.9383496000538839,-0.3953477140210034,-1.4265250985393718,0.4483042130704929,0,2,0,0,-0.5523035996291564,Wet
Hingoli,2017-01-01,2017,1,train,0.9433253714413639,-0.8225789697243329,-0.19406845540120082,-0.5782823441905346,0.4051657059535337,0.6023859571336955,0,0,0,0,0.059324544202087465,Normal
Hingoli,2017-02-01,2017,2,train,1.0393001353002016,-0.7080578816914131,-0.6140442389194117,0.19969855567867395,0.4051657059535337,0.6178323185316479,0,1,0,0,0.15664909914220537,Normal
Hingoli,2017-03-01,2017,3,train,1.0404377254189394,-0.5515501509169954,-0.09942370153822319,-0.028673120120591443,0.7698640362303646,0.9372249959366067,0,0,0,0,0.34464663083501673,Normal
Hingoli,2017-04-01,2017,4,train,1.3754454464382497,-0.47084473891272255,0.17010564967546732,0.7534687735061084,0.7698640362303646,1.3007928280095886,0,1,0,0,0.649805332491176,Moderate Stress
Hingoli,2017-05-01,2017,5,train,1.4556167704924248,-0.41065613841207577,-0.0518036297997028,0.17072433161998535,0.20838603134373257,1.0337495352206219,0,0,0,0,0.4010028167441643,Normal
Hingoli,2017-06-01,2017,6,train,-0.356941847385418,-1.0231790600982387,-3.0467705651831127,-1.47358069419154,0.20838603134373257,0.736604931201464,0,1,0,0,-0.8259135340521854,Wet
Hingoli,2017-07-01,2017,7,train,0.7224620990251431,0.2142115304382961,-4.18254520922529,-1.4788162300761942,0.20838603134373257,1.7334459088574343,0,2,0,0,-0.4638093116061463,Normal
Hingoli,2017-08-01,2017,8,train,0.603276202123487,1.9460817630394005,-1.087811813033441,-1.0525067316913772,0.20838603134373257,1.6852030094285735,0,3,0,0,0.38377141020172917,Normal
Hingoli,2017-09-01,2017,9,train,0.9520522068267095,1.3396698475029865,0.23136410615417946,1.0892406776972643,-0.02873347656107954,1.7553785244862725,0,0,0,0,0.8898286476843887,Moderate Stress
Hingoli,2017-10-01,2017,10,train,0.04802384902076578,1.0386972308382312,-1.402841610341981,-0.5352141863638922,-0.0982622949232097,1.7449794871997257,0,0,0,0,0.13256374590494,Normal
Hingoli,2017-11-01,2017,11,train,-0.04280053598244271,0.9711477435748964,-0.8856425556770189,-0.420417286158818,-0.0982622949232097,1.8084916489349103,0,1,0,0,0.22208611996138625,Normal
Hingoli,2017-12-01,2017,12,train,-0.25241670514274284,0.9885159475649716,-1.1181343529764887,-0.3534697905219633,-0.0982622949232097,1.7000904018185736,0,2,0,0,0.1443872009698568,Normal
Hingoli,2018-01-01,2018,1,validation,1.443364388716117,1.027240221496296,0.14516575775795898,0.2316552603398561,0.6019453805633356,1.917512742871947,0,0,0,0,0.8944806252909184,Moderate Stress
Hingoli,2018-02-01,2018,2,validation,-2.281514403171364,0.8729986838814782,0.17630795049147763,-0.0343667656153356,0.6019453805633356,1.5221998986245973,0,1,0,0,0.1429284574623648,Normal
Hingoli,2018-03-01,2018,3,validation,-1.2020682306298305,0.891403284279924,0.6542264078963035,0.4935927027991073,1.4585928973646718,0.8440819424333668,0,0,0,0,0.5233048340239238,Moderate Stress
Hingoli,2018-04-01,2018,4,validation,-1.2363965227729634,0.7471936436274403,0.6535975368593521,0.38129386215927863,1.4585928973646718,0.047346335277493046,0,1,0,0,0.34193795875254535,Normal
Hingoli,2018-05-01,2018,5,validation,-0.4959332894935776,0.6801595804839693,0.6787836875560491,-0.010194028635897981,0.6511402992157876,0.285284499226677,0,0,0,0,0.2982067913921679,Normal
Hingoli,2018-06-01,2018,6,validation,-1.3443404806311055,0.42624673954685555,-1.9933876375641753,-1.6209339616600862,0.6511402992157876,0.08119993351155802,0,1,0,0,-0.6333458512635276,Wet
Hingoli,2018-07-01,2018,7,validation,-1.1449019065097346,-1.5084226677171035,0.6617536170647755,-6.18548466836731,0.6511402992157876,0.784914242789687,0,2,1,0,-1.1235001805873162,Wet
Hingoli,2018-08-01,2018,8,validation,-0.9546642206495642,-0.8665646122033451,-0.6528270204281451,-2.686767482530676,0.6511402992157876,0.8385309927801441,0,3,0,0,-0.6118586739692998,Wet
Hingoli,2018-09-01,2018,9,validation,0.3602954550538984,0.10888317272507385,2.3368849270232985,0.984306587344275,0.020461442091370727,0.666717202167662,0,0,0,0,0.7462581310675964,Moderate Stress
Hingoli,2018-10-01,2018,10,validation,1.1853981878548017,1.4838850081519435,1.9489650779935173,1.696465843306872,1.2791954273454027,0.709696937967196,0,0,0,0,1.3839344137699554,Moderate Stress
Hingoli,2018-11-01,2018,11,validation,2.1433092071768254,1.1885342840017377,0.9533549723493838,1.0926466780113433,1.2791954273454027,0.8446851862142253,0,1,0,0,1.2502876258498197,Moderate Stress
Hingoli,2018-12-01,2018,12,validation,2.7495729844951615,0.7989513546871382,0.44646287815763175,-0.3859588481611135,1.2791954273454027,1.1070298187284289,0,2,0,0,0.9992089358754416,Moderate Stress
Hingoli,2019-01-01,2019,1,validation,1.4403153924866121,0.6166599599317429,0.7484449228115558,-0.14043027489294158,2.0777929401368485,1.4058070549985355,0,0,0,0,1.0247649992453922,Moderate Stress
Hingoli,2019-02-01,2019,2,validation,1.2002151553982712,0.45856297362842774,0.6190347822943956,-0.25585450653344066,2.0777929401368485,1.5562361302969037,0,1,0,0,0.9426645792035678,Moderate Stress
Hingoli,2019-03-01,2019,3,validation,0.9175004748683229,0.4410154534423917,0.7359348523894622,0.7957690287614831,1.655372571974473,1.7814065566090136,0,0,0,0,1.0544998230075244,Moderate Stress
Hingoli,2019-04-01,2019,4,validation,-0.5492982619227283,0.33408522037162436,0.5831056231782126,1.1592551753181588,1.655372571974473,0.576402199783861,0,1,0,0,0.6264870881172669,Moderate Stress
Hingoli,2019-05-01,2019,5,validation,0.026428946568049075,0.2974182025647501,0.4961902339247816,1.3184338671114622,1.684233590917246,0.09675698184177835,0,0,0,0,0.6532436371546778,Moderate Stress
Hingoli,2019-06-01,2019,6,validation,0.05261272465214693,0.6603732671091312,1.2109360196331862,1.1304013798148898,1.684233590917246,-0.11778749897263498,0,1,0,0,0.7701282471923275,Moderate Stress
Hingoli,2019-07-01,2019,7,validation,0.22675751156624827,0.7957197806055729,-0.3404497695134914,2.2803510556249487,1.684233590917246,0.9225534430645269,0,2,0,0,0.9281942687108419,Moderate Stress
Hingoli,2019-08-01,2019,8,validation,0.6403311430804264,-1.0616462904396589,-1.1552075539162767,0.5523883960682723,1.684233590917246,1.838366051953954,0,3,0,0,0.4164108896106605,Normal
Hingoli,2019-09-01,2019,9,validation,-0.22915918141909428,-1.8841210941748188,-0.28664040629052684,-0.6073697895561212,-1.16021660556744,1.7323833143076646,0,0,0,0,-0.4058539604500561,Normal
Hingoli,2019-10-01,2019,10,validation,-0.6932897792320124,-2.1023894231697176,-1.8091142523470487,-1.0788556305575399,-1.16021660556744,1.5772887848142145,0,1,0,0,-0.8777628176765905,Wet
Hingoli,2019-11-01,2019,11,validation,-1.393355867573317,-3.6195744850056606,-2.769501822218066,-1.376805171949803,-1.16021660556744,-0.447944480540624,0,2,0,0,-1.7945664054758181,Very Wet
Hingoli,2019-12-01,2019,12,validation,-1.0404044261706067,-2.7711518397874277,-1.710963520411338,-1.3058251634739861,-1.16021660556744,-0.8682338310541713,0,3,0,0,-1.4761325644108283,Wet
Hingoli,2020-01-01,2020,1,validation,0.12687796547963712,-2.4532002659095777,-2.174886436746928,-1.3823836291196776,-2.2513599012787906,-1.016908518476097,0,0,0,0,-1.5253101310085724,Very Wet
Hingoli,2020-02-01,2020,2,validation,1.0931947128102084,-2.0217751458737045,-1.5440099207533577,-1.617530905272953,-2.2513599012787906,-1.0112579505838333,0,1,0,0,-1.225456518492072,Wet
Hingoli,2020-03-01,2020,3,validation,-0.36177889680405534,-1.615449470762635,-1.0228547576419451,-1.8657962763409524,-2.2513599012787906,-0.8671103586916535,0,2,0,0,-1.3307249435866721,Wet
Hingoli,2020-04-01,2020,4,validation,-0.1937647578252679,-1.3817205384350415,-0.8044602436583134,-0.12660677213636443,-2.2513599012787906,-0.6756330345618221,0,3,0,0,-0.9055908746492668,Wet
Hingoli,2020-05-01,2020,5,validation,0.06653053661703233,-1.1705281647960404,-0.18498334581381126,-0.1166516792385603,-0.3819529924856724,-0.8733586360181642,0,0,0,0,-0.44349071362253606,Normal
Hingoli,2020-06-01,2020,6,validation,-0.7652600831012689,-1.4284050616292023,-1.0916991362890012,-1.6692335296640237,-0.3819529924856724,-0.4022805866335988,0,1,0,0,-0.9564718983004612,Wet
Hingoli,2020-07-01,2020,7,validation,-0.6552825848140247,-1.3902688572364628,-3.6911767478982553,-2.083114027267795,-0.3819529924856724,-0.9053582281367454,0,2,0,0,-1.5178589063064925,Very Wet
Hingoli,2020-08-01,2020,8,validation,-0.6924427002314691,-1.5152342318794956,-0.7272751927129387,-1.9540730650433293,-0.3819529924856724,-1.1738404510451907,0,3,0,0,-1.0741364388996826,Wet
Hingoli,2020-09-01,2020,9,validation,-0.6325161167712698,-2.0152083093092834,-0.08569238015476204,-0.2807662891259465,-0.3819529924856724,-1.1053252399715072,1,4,0,0,-0.7502435546364069,Wet
Hingoli,2020-10-01,2020,10,validation,-1.52044647962616,-2.2699760902795467,-1.139526565158794,-1.269090447906847,-1.574109854496723,-1.3080704938061876,0,0,0,0,-1.5135366552123763,Very Wet
Hingoli,2020-11-01,2020,11,validation,-1.501951891701017,-1.9083993112545532,-1.0747294729225967,-1.1488317987858423,-1.574109854496723,-1.2146728603587333,0,1,0,0,-1.4037825315865777,Wet
Hingoli,2020-12-01,2020,12,validation,-1.6510048717168384,-1.575106289915021,-1.1933352274954785,-0.6187793186339344,-1.574109854496723,-1.353208624784942,0,2,0,0,-1.3275906978404894,Wet
Hingoli,2021-01-01,2021,1,test,1.4425381257001975,-1.3350146528525035,-0.07822834221557774,-0.6471431503727588,-1.2674615282297816,-1.0562577228972512,0,0,0,0,-0.49026121181127924,Normal
Hingoli,2021-02-01,2021,2,test,1.3006123991120184,-1.151540525278432,-0.5089334590962741,-0.8003553755980751,-1.2674615282297816,-1.1054802016766827,0,1,0,0,-0.5888597817945378,Wet
Hingoli,2021-03-01,2021,3,test,0.9466904407478488,-0.9128039793654201,-0.3223299075908005,-0.6763378584711478,-1.2963225471725537,-1.1887112403953517,0,0,0,0,-0.5749691820412375,Wet
Hingoli,2021-04-01,2021,4,test,0.6467101980665557,-0.8274692323872694,-0.37071785081374736,-1.1685736251539158,-1.2963225471725537,-0.8216567699559376,0,1,0,0,-0.6396716379028115,Wet
Hingoli,2021-05-01,2021,5,test,-0.40377542616574974,-0.8057396650068991,-1.1199134039048997,-1.5031769913016828,-0.9722920163150773,-0.37883709437930746,0,0,0,0,-0.8639557661789361,Wet
Hingoli,2021-06-01,2021,6,test,-0.960419748412982,-0.6016391737668586,-3.6081988027947545,-3.24683690515047,-0.9722920163150773,-0.2927835388878121,0,1,0,0,-1.6136950308879925,Very Wet
Hingoli,2021-07-01,2021,7,test,-1.1745513093820326,-0.7862820291847267,-3.330156760396186,1.7425707802024843,-0.9722920163150773,-1.0330356045074964,0,2,0,0,-0.9256244899305058,Wet
Hingoli,2021-08-01,2021,8,test,-0.7882995478955054,-0.5090026397827941,-1.3015658877001417,-0.25232361588530516,-0.9722920163150773,-1.4175730758985874,0,3,0,0,-0.8735094639129019,Wet
Hingoli,2021-09-01,2021,9,test,-1.2099976087320556,-1.652971272379813,0.5032408662085587,0.04965175463326684,-1.2586064428723407,-1.4736636788252269,0,0,0,0,-0.8403910636612683,Wet
Hingoli,2021-10-01,2021,10,test,-1.1578143048024798,-2.6634054073984434,-1.3635423241860525,-1.2573225061934425,-1.2586064428723407,-1.6114080316857216,0,1,0,0,-1.5520165028564137,Very Wet
Hingoli,2021-11-01,2021,11,test,-1.3833127011683932,-2.22941922286468,-0.9475549196915786,-1.105963488846758,-1.2586064428723407,-1.149007837790942,0,2,0,0,-1.345644102205782,Wet
Hingoli,2021-12-01,2021,12,test,-0.3535904202555678,-1.891995362615508,-0.6927098766559695,-1.1298418610074823,-1.2586064428723407,-1.3359414633511861,0,3,0,0,-1.1104475711263424,Wet
Hingoli,2022-01-01,2022,1,test,-0.10571770072731457,-1.6703788682584388,-1.7314913416569087,-1.4733731600840174,-0.5787326670954752,-1.1569551595277592,0,0,0,0,-1.1194414828916524,Wet
Hingoli,2022-02-01,2022,2,test,-0.4961503497846957,-1.4384372179674179,-0.5386969346825398,-1.4150142988749899,-0.5787326670954752,-1.2160564470120796,0,1,0,0,-0.9471813192361997,Wet
Hingoli,2022-03-01,2022,3,test,0.7988324512304645,-1.1355077043608903,-0.44873051033374534,-0.17311995212734163,-0.5092038487333459,-1.0796292686455689,0,0,0,0,-0.4245598054950713,Normal
Hingoli,2022-04-01,2022,4,test,0.9453047148769388,-0.9402291882922176,-0.17431896928115087,-1.263349860607856,-0.5092038487333459,-0.7613877353361947,0,1,0,0,-0.45053081456230437,Normal
Hingoli,2022-05-01,2022,5,test,0.4651803879749224,-0.809524454178604,-0.11402442409251148,-2.095948525308672,-0.4803428297905729,-0.36796210328400936,0,0,0,0,-0.5671036581132413,Wet
Hingoli,2022-06-01,2022,6,test,-0.7727400355818023,-0.6173528002655838,0.660345188044893,0.13867853962682591,-0.4803428297905729,-0.6612880081399327,0,1,0,0,-0.28878332435102877,Normal
Hingoli,2022-07-01,2022,7,test,-2.400630899468918,-3.004525298036235,0.08907070502496293,-4.791578279811682,-0.4803428297905729,-1.8489919974516489,0,2,0,0,-2.0728330999223488,Very Wet
Hingoli,2022-08-01,2022,8,test,-2.0964215828454273,-3.56061720864566,-1.3086397742276363,0.3144558254113703,-0.4803428297905729,-2.2785237068095463,0,3,0,0,-1.568348212817912,Very Wet
Hingoli,2022-09-01,2022,9,test,-1.8776912742021779,-2.488315097781389,0.06884589168926761,-0.17156726587262539,-1.16021660556744,-2.173979899282738,0,0,0,0,-1.300487375169517,Wet
Hingoli,2022-10-01,2022,10,test,-1.112755161141744,-2.645027239799657,-0.23379067420133778,-1.2658597387727375,-1.16021660556744,-2.098292174998109,0,1,0,0,-1.4193235990801707,Wet
Hingoli,2022-11-01,2022,11,test,-1.1116825662416527,-2.2861269909064466,-0.11153387153019381,-1.0831913413824035,-1.16021660556744,-1.4120830040581125,0,2,0,0,-1.1941390632810416,Wet
Hingoli,2022-12-01,2022,12,test,-1.2261979292652367,-1.8539891586836046,-1.2618695355711171,-0.7480826070444894,-1.16021660556744,-1.2977544717188423,0,3,0,0,-1.2580183846417883,Wet
Hingoli,2023-01-01,2023,1,test,0.3946341418994776,-1.5409435446449087,-2.4472728227648024,-1.179163176048832,-1.6610208774493855,-1.3082918676707225,0,0,0,0,-1.290343024446529,Wet
Hingoli,2023-02-01,2023,2,test,-0.5777985406593359,-1.2804625917046313,-1.0226895573258832,-0.9928052781817913,-1.6610208774493855,-0.9418572440520082,0,1,0,0,-1.079439014895506,Wet
Hingoli,2023-03-01,2023,3,test,-0.6753261398485367,-1.1119119611815254,-0.4851310814041382,-1.9445193796295892,-1.0995428725627518,-1.05422661769014,0,0,0,0,-1.0617763420527802,Wet
Hingoli,2023-04-01,2023,4,test,-2.1100737932517903,-1.1121168395540595,-0.8370789606343999,-2.094967231377054,-1.0995428725627518,-0.6130395743644578,0,1,0,0,-1.3111365452907522,Wet
Hingoli,2023-05-01,2023,5,test,-1.4516605146807293,-1.4782073966636673,-1.4515384959432067,-2.0879161926909675,-1.0706818536199778,-0.09558923470635484,0,0,0,0,-1.272598948050817,Wet
Hingoli,2023-06-01,2023,6,test,1.3863210139838604,-0.5483182233207239,0.21090023405726138,-0.640358796832459,-1.0706818536199778,-0.37413843410454556,0,1,0,0,-0.17271267663943077,Normal
Hingoli,2023-07-01,2023,7,test,-0.7616547131315248,-1.590518255758528,0.7971227134555313,-5.902208891864098,-1.0706818536199778,-0.4629702315959586,0,2,0,0,-1.498485205419093,Wet
Hingoli,2023-08-01,2023,8,test,0.5441473693218497,-1.69219423128512,0.2047492208350265,-1.0638553061110232,-1.0706818536199778,-0.32625526720555353,0,3,0,0,-0.5673483446774664,Wet
Hingoli,2023-09-01,2023,9,test,-0.9961245036831088,-1.0954480579411754,-0.4119082283055861,-1.7536139938886137,-0.3730979071282327,-0.3119489812099577,0,0,0,0,-0.8236902786927791,Wet
Hingoli,2023-10-01,2023,10,test,1.1514988589261959,-1.2581493779856312,-0.47461832602480825,-0.41382901508891823,-0.3730979071282327,-0.772207382965359,0,1,0,0,-0.3567338583777922,Normal
Hingoli,2023-11-01,2023,11,test,-0.6955137462098824,-0.8647057768329282,-0.1600165914081367,-1.1475733102285628,-0.3730979071282327,-0.7096083884213823,0,2,0,0,-0.6584192867048541,Wet
Hingoli,2023-12-01,2023,12,test,0.3474252074791155,-1.21583958700616,-1.81552833574768,-2.3682217081605823,-0.3730979071282327,-0.620682507037541,0,3,0,0,-1.0076574729335135,Wet
Hingoli,2024-01-01,2024,1,test,-1.6991494435131003,-0.9505047372886687,-3.112220043282969,-2.0154658911031254,-0.6771225044003766,-0.34490048094604064,0,0,0,0,-1.4665605167557134,Wet
Hingoli,2024-02-01,2024,2,test,-1.0798995958285524,-0.8090763040188866,-0.7339200024435915,-2.375214627268369,-0.6771225044003766,-0.7299194404924985,0,1,0,0,-1.0675254124087123,Wet
Hingoli,2024-03-01,2024,3,test,0.43820152005626506,-0.6119485400114721,-1.063914766874412,-2.370172878382925,-0.41081401142844537,-0.5527317993184205,0,0,0,0,-0.761896745993235,Wet
Hingoli,2024-04-01,2024,4,test,-1.4626331388848128,-0.5849649627650555,-0.7280669953390023,-3.2906348724327645,-0.41081401142844537,0.33864666927291853,0,1,0,0,-1.0230778852628604,Wet
Hingoli,2024-05-01,2024,5,test,-0.8309945943381585,-0.5430789795711262,-1.1816814008621388,-3.4479525928777166,-1.7594107147542852,0.29665758151717975,0,0,0,0,-1.2444101168143742,Wet
Hingoli,2024-06-01,2024,6,test,-0.7687038511252876,-0.7546081190238975,-1.2909302264933904,-2.03906450637979,-1.7594107147542852,-0.12517585170150222,0,1,0,0,-1.1229822115796921,Wet
Hingoli,2024-07-01,2024,7,test,-0.7138650824123548,-2.038394757069399,-3.279023973631262,0.572824779299114,-1.7594107147542852,-0.6230235356550012,0,2,0,1,-1.3068155473705312,Wet
Hingoli,2024-08-01,2024,8,test,-0.5264211092723151,-3.2373667512411095,-1.4700330033622018,-2.2712492157033903,-1.7594107147542852,-0.8480057941822552,0,3,0,0,-1.6854144314192594,Very Wet
Hingoli,2024-09-01,2024,9,test,-0.43295423057888327,-2.324773997553514,-0.45911641111945034,-1.0021615938427142,-1.3569962801772415,-0.9739121796367234,0,0,0,0,-1.0916524488180877,Wet
Hingoli,2024-10-01,2024,10,test,0.04968646624743254,-1.7647188346426614,-1.0857924863273427,-1.3159289937454175,-1.3569962801772415,-1.1374742594486507,0,1,0,0,-1.1018707313489802,Wet
Hingoli,2024-11-01,2024,11,test,-0.027719561327238993,-1.52033632909343,-0.7173114666742488,-2.5542684253291963,-1.3569962801772415,-0.7016389292981103,0,2,0,0,-1.1463784986499108,Wet
Hingoli,2024-12-01,2024,12,test,0.6547519342996061,-1.4068873840451808,-1.95114785835896,-2.3619014194365637,-1.3569962801772415,-0.8947986947984113,0,3,0,0,-1.2194966170861252,Wet
Jalna,2003-01-01,2003,1,train,0.7425414736061848,0.35116945655158,0.26172879770191665,0.2102369975095945,0.06815040372898118,0.727722706219082,0,0,0,0,0.3935916392195565,Normal
Jalna,2003-02-01,2003,2,train,-0.18239429213027716,0.22523704606732284,0.2716665391888798,0.6703343610872784,0.06815040372898118,0.555583720219647,0,1,0,0,0.26809629636030535,Normal
Jalna,2003-03-01,2003,3,train,-0.15542850685037174,0.2707130867909963,0.4293525391950562,0.3300178350308059,-0.5175622108765712,0.804379383846052,0,0,0,0,0.1935786878559946,Normal
Jalna,2003-04-01,2003,4,train,0.015030807988795813,0.1700524294580339,0.1753843974351468,0.5605305737501982,-0.5175622108765712,0.3512389031101517,0,1,0,0,0.12577915014429256,Normal
Jalna,2003-05-01,2003,5,train,0.47710345221302636,0.1540677653337212,0.25075538422001425,0.3725493983856934,-0.033411586586859686,0.48127808555079216,0,0,0,0,0.28372374985273124,Normal
Jalna,2003-06-01,2003,6,train,0.09878419579147736,0.099415027534829,0.4588260513253547,1.01303492191456,-0.033411586586859686,1.422484712143022,0,1,0,0,0.5098555536870638,Moderate Stress
Jalna,2003-07-01,2003,7,train,0.13548504485853363,-0.18155526455913276,0.6643525769034476,0.16256434253692198,-0.033411586586859686,2.12008179928116,0,2,0,0,0.47791948540567847,Normal
Jalna,2003-08-01,2003,8,train,0.2988932971744548,0.28870572095950786,1.9442462504415683,0.002376382808636966,-0.033411586586859686,1.878955837069585,0,3,0,0,0.7299609836444821,Moderate Stress
Jalna,2003-09-01,2003,9,train,0.9053130411403334,1.0015035560189072,1.0323991727228958,0.32201590716863254,0.766389087150379,1.4885559340982828,0,0,0,0,0.9193627830499053,Moderate Stress
Jalna,2003-10-01,2003,10,train,1.8207300484687656,1.049229793539042,0.33549635678058604,1.0332899567673186,0.8717019464267468,1.2606661132464885,0,0,0,0,1.0618523692048245,Moderate Stress
Jalna,2003-11-01,2003,11,train,2.013886007989723,1.1572289263595867,0.7849709898546781,1.3518463114632608,0.8717019464267468,1.3807825114374384,0,1,0,0,1.2600694489219055,Moderate Stress
Jalna,2003-12-01,2003,12,train,1.8912159110618119,1.0814555187114698,1.079123240139911,0.8652212407424764,0.8717019464267468,1.2911028997777712,0,2,0,0,1.1799701261433644,Moderate Stress
Jalna,2004-01-01,2004,1,train,1.029306663008161,0.9141442814834987,1.2112798896678203,0.3344198013816938,0.3278259471501622,1.0228996070265344,0,0,0,0,0.806646031619645,Moderate Stress
Jalna,2004-02-01,2004,2,train,0.48586315468610497,0.8141348282874051,0.7876987849748688,1.507633955589497,0.3278259471501622,0.3298144479183094,0,1,0,0,0.7088285197677245,Moderate Stress
Jalna,2004-03-01,2004,3,train,1.0554486740624773,0.8317863390953589,0.7877181120027515,1.8732502406530462,0.8240947634661988,-0.6313990932586641,0,0,0,0,0.7901498393368613,Moderate Stress
Jalna,2004-04-01,2004,4,train,0.4282040561541613,0.712600291007012,0.5965600032001657,0.9005836519497227,0.8240947634661988,-0.35251814707265483,0,1,0,0,0.5182541031174343,Moderate Stress
Jalna,2004-05-01,2004,5,train,-1.0405530949800974,0.5809699677786619,0.09800928553690183,-0.9869175403059456,0.6590565292029574,-0.6248357650005923,0,0,0,0,-0.21904510296135238,Normal
Jalna,2004-06-01,2004,6,train,0.2550783056690346,0.644567300533059,0.018169801438879512,-1.63324935610483,0.6590565292029574,-0.7052091649510535,0,1,0,0,-0.12693109736865882,Normal
Jalna,2004-07-01,2004,7,train,0.9201017486408062,1.5172726894075403,0.24125571957645578,1.7143179722070139,0.6590565292029574,-0.440739881603882,0,2,0,0,0.7685441295718154,Moderate Stress
Jalna,2004-08-01,2004,8,train,2.2425725858908687,0.43975385407536854,0.9013833745254625,-0.07202765235609593,0.6590565292029574,1.405635570943198,0,3,0,0,0.9293957103802931,Moderate Stress
Jalna,2004-09-01,2004,9,train,1.2284746902961008,1.1647170802841789,0.09591251230537604,-0.10421984618783971,0.7231098299135157,1.3684107241063772,0,0,0,0,0.7460674984529514,Moderate Stress
Jalna,2004-10-01,2004,10,train,1.2803126984989783,0.7419511174924457,-0.3467387790287988,-0.2618126442138532,0.7851434319530202,1.381243500252754,0,0,0,0,0.5966832208257578,Moderate Stress
Jalna,2004-11-01,2004,11,train,0.052633427875686055,0.692725155773661,-0.6680062888030525,-0.23163388156346731,0.7851434319530202,1.3437017236054043,0,1,0,0,0.3290939281402086,Normal
Jalna,2004-12-01,2004,12,train,0.5388280277926357,0.768319547178244,-0.002721070996402751,0.36737656247966327,0.7851434319530202,1.4178172003879401,0,2,0,0,0.6457939497991835,Moderate Stress
Jalna,2005-01-01,2005,1,train,-0.252649000599855,0.7266019530291595,0.3068773092674329,0.09770566265976108,0.847177033992525,1.1988820872736718,0,0,0,0,0.4874325076037825,Normal
Jalna,2005-02-01,2005,2,train,0.6877727830878194,0.6287283054824621,0.3538605586343434,0.677197505545075,0.847177033992525,0.8751354046369687,0,1,0,0,0.6783119318965323,Moderate Stress
Jalna,2005-03-01,2005,3,train,-0.5399318663672409,0.6633146031737197,0.4749531394683744,1.3053103571150342,0.6076984772818811,0.45284660036613744,0,0,0,0,0.4940318851729843,Normal
Jalna,2005-04-01,2005,4,train,-1.3203608196252756,0.5779050986875301,0.3285790914720084,0.12995066429366814,0.6076984772818811,-0.517350460349321,0,1,0,0,-0.03226299137325147,Normal
Jalna,2005-05-01,2005,5,train,-0.31430446409286134,0.5057857943018309,0.18496804544475226,1.6730261788194023,0.18298469959745794,-0.500455220267965,0,0,0,0,0.28866750563376953,Normal
Jalna,2005-06-01,2005,6,train,2.104776324884539,0.8523288063414702,0.5695612588235087,0.795766406490576,0.18298469959745794,-0.91429640449812,0,1,0,0,0.5985201819399052,Moderate Stress
Jalna,2005-07-01,2005,7,train,-0.5456648565891317,1.3657688560749854,1.5499795655518662,0.7134600163192838,0.18298469959745794,0.20968652500697732,0,2,0,0,0.5793691343269065,Moderate Stress
Jalna,2005-08-01,2005,8,train,-0.5622680893199455,0.6639371366079132,1.388418324610897,1.7115175699945826,0.18298469959745794,0.6549440970009632,0,3,0,0,0.6732556230819782,Moderate Stress
Jalna,2005-09-01,2005,9,train,-1.7354452226248525,1.4256346768763026,1.089426904102689,1.092186483497884,-0.8349434306135711,0.4494295207726011,0,0,0,0,0.24771482200184217,Normal
Jalna,2005-10-01,2005,10,train,-1.1890837661834104,1.4242649977496522,-0.22770874036089808,-0.22583737285338762,-0.5132342851528857,0.5446352358558755,0,0,0,0,-0.031160655157509026,Normal
Jalna,2005-11-01,2005,11,train,-1.17423233732533,1.2768042305826413,0.17718972962376991,0.37817671776469186,-0.5132342851528857,0.5510890792703101,0,1,0,0,0.11596552246053289,Normal
Jalna,2005-12-01,2005,12,train,-1.0430828605888234,1.2605194209385813,0.7001573709533615,0.07003488911620466,-0.5132342851528857,0.612844293442168,0,2,0,0,0.1812064714514344,Normal
Jalna,2006-01-01,2006,1,train,1.154467284398897,1.1749250603751773,0.14481105548491008,0.6959403943160734,0.06815040372898118,0.45864929707893515,0,0,0,0,0.6161572492304958,Moderate Stress
Jalna,2006-02-01,2006,2,train,0.8725410815413452,1.1083915995667655,0.06182290004401561,0.7249281044284164,0.06815040372898118,0.618681564316115,0,1,0,0,0.5757526089376065,Moderate Stress
Jalna,2006-03-01,2006,3,train,-1.4487034641720935,0.7679073014913826,-0.090296462651409,-1.43692764487664,-0.21460741021852528,1.1629998703614621,0,0,0,0,-0.2099379683443038,Normal
Jalna,2006-04-01,2006,4,train,-1.1762405326640437,0.810079136209865,-0.026955346464879196,-0.04148717666121375,-0.21460741021852528,1.5245994970958547,0,1,0,0,0.14589802788284298,Normal
Jalna,2006-05-01,2006,5,train,-1.9938157252476105,0.7226774562465802,-0.1955867108558289,-0.5038585451594374,-0.033411586586859686,1.0043851437313789,0,0,0,0,-0.16660166131196288,Normal
Jalna,2006-06-01,2006,6,train,-0.7439027670793704,0.6541537252563389,-0.3608436014891116,0.26978037491115286,-0.033411586586859686,0.18300103496033385,0,1,0,0,-0.0052038033379193565,Normal
Jalna,2006-07-01,2006,7,train,-0.5000123556156615,0.3179690951894116,0.3433694521492214,-1.9115837557305317,-0.033411586586859686,-2.143171576568332,0,2,1,0,-0.6544734545271252,Wet
Jalna,2006-08-01,2006,8,train,-0.8501882324670462,-0.956642238707111,1.0575464046647387,0.7576984050058458,-0.033411586586859686,-2.5031462177287356,0,3,0,0,-0.4213572443031946,Normal
Jalna,2006-09-01,2006,9,train,-1.3718621548376626,-0.4472777787413782,0.0346240778610835,0.02716312292677357,-1.3542945174559338,-0.739316574924296,0,0,0,0,-0.6418273041952357,Wet
Jalna,2006-10-01,2006,10,train,-1.393661132291119,-0.5958919027401316,-0.32334077856578836,-0.5008716635943203,-1.4653779443638835,0.3070243133610917,0,0,0,0,-0.6620198513656917,Wet
Jalna,2006-11-01,2006,11,train,-0.5160910440485394,-0.5231748544113919,-0.15751965376039553,-0.799179279702608,-1.4653779443638835,0.35159616944202277,0,1,0,0,-0.5182911011407992,Wet
Jalna,2006-12-01,2006,12,train,0.802203007094073,-0.4138554934838727,0.23910402233235412,-0.12201916887104,-1.4653779443638835,0.21377203838272102,0,2,0,0,-0.12436225648494133,Normal
Jalna,2007-01-01,2007,1,train,0.27604509117931936,-0.34328526442819113,-0.08680747499034135,0.08381867593018866,-1.533182114034969,-0.19255502815777192,0,0,0,0,-0.2993276857502943,Normal
Jalna,2007-02-01,2007,2,train,1.048392895059293,-0.2918336836757843,0.03648698056844497,-0.47486824520327664,-1.533182114034969,0.06653221077057853,0,1,0,0,-0.1914119927526189,Normal
Jalna,2007-03-01,2007,3,train,1.1952303947014153,-0.1981353677306475,0.15080141261729826,-0.17497049712340845,-0.8637962687714797,0.7085225220611426,0,0,0,0,0.13627536595905343,Normal
Jalna,2007-04-01,2007,4,train,1.511847171640149,-0.2033015611198134,-0.014413404050701153,-0.16066662225465417,-0.8637962687714797,0.9729687559675488,0,1,0,0,0.20710634523517488,Normal
Jalna,2007-05-01,2007,5,train,1.1389299310801075,-0.19889522323861544,-0.4006022832381384,0.3070155766958552,-0.5441068219818491,0.8662613699421233,0,0,0,0,0.1947670915432472,Normal
Jalna,2007-06-01,2007,6,train,-0.22961391716624266,-0.2789578124183392,-0.30704260697881725,-0.5019380253347647,-0.5441068219818491,1.3846260056851407,0,1,0,0,-0.07950552969914537,Normal
Jalna,2007-07-01,2007,7,train,-0.7281000250784525,-0.6664241056865802,-1.3191146630393753,0.5821042220342136,-0.5441068219818491,1.0866601225450212,0,2,0,0,-0.264830211867837,Normal
Jalna,2007-08-01,2007,8,train,-1.0331664248080092,-0.2842269928996128,-0.696957137988028,-1.0715157402195137,-0.5441068219818491,0.49607582652245613,0,3,0,0,-0.5223162152290928,Wet
Jalna,2007-09-01,2007,9,train,-1.055459606235132,-0.3651222952167999,-0.39917335901314005,-0.2111560908192488,-0.31559234377120876,0.9487668431634243,0,0,0,0,-0.23295614198201756,Normal
Jalna,2007-10-01,2007,10,train,-0.30405836721342744,0.09362984007568112,0.411637681800234,0.58033761508028,0.9582604609004743,1.2850408968563574,0,0,0,0,0.5041413545832666,Moderate Stress
Jalna,2007-11-01,2007,11,train,0.1162451329456758,0.16854079534491,0.4296388432912679,0.3049322773816513,0.9582604609004743,1.3766336120995883,0,1,0,0,0.5590418536605947,Moderate Stress
Jalna,2007-12-01,2007,12,train,1.350359416061722,0.13259088748761144,0.8874306638694535,0.5401310546799205,0.9582604609004743,1.4730494228230684,0,2,0,0,0.8903036509703751,Moderate Stress
Jalna,2008-01-01,2008,1,train,0.3086373814563808,0.08716461188693787,0.948691756973561,0.2168876031597849,0.8038977767556624,1.3885213611745664,0,0,0,0,0.6256334152344821,Moderate Stress
Jalna,2008-02-01,2008,2,train,-0.17820140218625696,0.035549073236891174,0.5689783386939945,-0.24341488431163658,0.8038977767556624,1.4792324353085038,0,1,0,0,0.41100688958285975,Normal
Jalna,2008-03-01,2008,3,train,-1.4667401960583824,0.026485538190841117,0.2645695740228603,-0.057172709164601196,0.3047436766238352,2.032885764864012,0,0,0,0,0.1841286080797608,Normal
Jalna,2008-04-01,2008,4,train,-1.4521620845418792,-0.04276948284772537,0.26730993339755926,-0.21813020366437721,0.3047436766238352,0.9148841652376484,0,1,0,0,-0.037687332632489856,Normal
Jalna,2008-05-01,2008,5,train,-0.3562647111623021,-0.033359221089898305,0.12770025506543264,0.0044420789238165575,0.2262639568343221,1.2117436752210078,0,0,0,0,0.19675433896539643,Normal
Jalna,2008-06-01,2008,6,train,1.2862358897315527,0.27930469025352905,0.9649095636152656,0.25346266337603796,0.2262639568343221,0.8450097855560245,0,1,0,0,0.642531091561122,Moderate Stress
Jalna,2008-07-01,2008,7,train,1.7950746267462254,1.5326493617632904,4.0587318147278415,2.0109456505997803,0.2262639568343221,1.2380085129736744,0,2,0,0,1.810278987274189,Severe Stress
Jalna,2008-08-01,2008,8,train,1.0902519745825876,0.6497041334898319,1.0263663532459186,0.9433027874544232,0.2262639568343221,1.268116844974044,0,3,0,0,0.8673343417635211,Moderate Stress
Jalna,2008-09-01,2008,9,train,-0.46553107837230423,-0.7038598978864613,0.4558117890189033,0.6166378817712779,0.33359651478174374,1.1894894401615956,0,0,0,0,0.23769077491245916,Normal
Jalna,2008-10-01,2008,10,train,-0.5558987354722501,-0.7963432576760959,0.8178329779016467,0.6685931763723902,0.7851434319530202,1.0287599273412473,0,0,0,0,0.3246812534033264,Normal
Jalna,2008-11-01,2008,11,train,-0.5190215520968897,-0.5369155163668415,0.7518811743065622,0.6229446202870911,0.7851434319530202,1.0886308497305002,0,1,0,0,0.3654438346355737,Normal
Jalna,2008-12-01,2008,12,train,0.9972974616952135,-0.7506765060537867,0.603394596270873,1.1199288870394393,0.7851434319530202,1.1240232660264373,0,2,0,0,0.6465185228218662,Moderate Stress
Jalna,2009-01-01,2009,1,train,-0.06518912370467027,-0.6104472401251274,0.49585131130050614,1.3821459473317388,1.1934110918874334,1.1305981190048915,0,0,0,0,0.5877283509491287,Moderate Stress
Jalna,2009-02-01,2009,2,train,-0.014110461568433217,-0.5162500219280615,0.5108442381646642,1.3607332974787323,1.1934110918874334,1.0901866869821946,0,1,0,0,0.6041358051694217,Moderate Stress
Jalna,2009-03-01,2009,3,train,-0.9224276681155322,-0.381392118617977,0.312378714111285,0.45935623656051094,0.6509777345187453,0.04253774293334538,0,0,0,0,0.02690510689839623,Normal
Jalna,2009-04-01,2009,4,train,-0.7610392127764702,-0.38373216671863936,0.2441496657460125,1.0322354981958866,0.6509777345187453,-1.0839345261744615,0,1,0,0,-0.05022383453482112,Normal
Jalna,2009-05-01,2009,5,train,-1.0484253956391376,-0.35213123086152404,0.22837866843514024,-0.6844668898852209,0.2262639568343221,-0.4930217756209837,0,0,0,0,-0.353900444456234,Normal
Jalna,2009-06-01,2009,6,train,0.8349744588158823,0.039426378196618296,0.7414850139185104,1.3295175330349658,0.2262639568343221,-0.0591045284837887,0,1,0,0,0.5187604687194184,Moderate Stress
Jalna,2009-07-01,2009,7,train,0.810531896989179,-1.3761136209597302,-1.0460624882165528,-3.7120284621097004,0.2262639568343221,0.08444162624563022,0,2,0,0,-0.8354945152028086,Wet
Jalna,2009-08-01,2009,8,train,1.1720195099653308,-0.5472409086006711,-2.374932929591275,1.2644578841201315,0.2262639568343221,0.4897660421128095,0,3,0,0,0.038388925806774644,Normal
Jalna,2009-09-01,2009,9,train,0.3113085845075405,-1.2327611986321905,-0.09437739907457442,0.13727185535304154,0.7231098299135157,0.4364642103418207,0,0,0,0,0.04683598040152559,Normal
Jalna,2009-10-01,2009,10,train,0.29948107490985526,-1.284788952728204,-0.15192920026990234,0.8360800319997627,0.5687471457687024,0.47194306204062897,0,0,0,0,0.12325552695347385,Normal
Jalna,2009-11-01,2009,11,train,-0.6797338164003941,-1.5775750846658587,-0.5151093081026309,-0.8173904392444489,0.5687471457687024,0.3859974597850279,0,1,0,0,-0.43917734047660034,Normal
Jalna,2009-12-01,2009,12,train,-1.0444875875413877,-1.4651816408045826,-1.33850935401379,-0.9492164452419838,0.5687471457687024,0.7391264170379781,0,2,0,0,-0.5815869107991772,Wet
Jalna,2010-01-01,2010,1,train,-1.9972267514377022,-1.2390694441196473,-1.2866735167015537,-0.6340048460063088,0.06815040372898118,0.4322000638001411,0,0,0,0,-0.7761040151226816,Wet
Jalna,2010-02-01,2010,2,train,0.40352947028439407,-1.0274475008446093,-0.2077956446664655,-0.6583038390343425,0.06815040372898118,0.5245534105886445,0,1,0,0,-0.14955228332389958,Normal
Jalna,2010-03-01,2010,3,train,-0.6210637525064701,-0.7963410249412165,0.229482570405639,0.37158764793911997,-0.17132815298166268,0.355088159718046,0,0,0,0,-0.1054290920610907,Normal
Jalna,2010-04-01,2010,4,train,-1.0782257970353515,-0.6810189626946677,0.05957584369588607,0.783139461263239,-0.17132815298166268,1.1549152790128459,0,1,0,0,0.01117627854338151,Normal
Jalna,2010-05-01,2010,5,train,-0.6008203747874395,-0.5976261920437456,0.06557686328085444,0.2393997867014001,-0.0766908438237223,0.12533709652441075,0,0,0,0,-0.14080394402470703,Normal
Jalna,2010-06-01,2010,6,train,-0.12731076704086053,-0.6954443614423156,-0.018838500173422014,0.1985510149738626,-0.0766908438237223,-0.19428949857540076,0,1,0,0,-0.15233715934697642,Normal
Jalna,2010-07-01,2010,7,train,-0.6995971589218044,-2.169425685535138,-1.7298754488538635,-0.04109254576638736,-0.0766908438237223,-0.26562175538546334,0,2,0,1,-0.8303839063810631,Wet
Jalna,2010-08-01,2010,8,train,-1.3936718131465367,-2.213741912255087,-1.4364847811995844,0.14654093775905153,-0.0766908438237223,-0.7848104086358599,0,3,0,0,-0.9598098035502898,Wet
Jalna,2010-09-01,2010,9,train,-1.2348183452320303,-2.07324781008729,-0.15380086083648245,-0.8536813738648642,-1.2677360029822065,-1.052904216543458,0,0,0,0,-1.1060314349243885,Wet
Jalna,2010-10-01,2010,10,train,-1.0929368889383122,-1.608015365506687,-0.3383105541329871,-1.3403657742270036,-1.725053487785065,-1.1858879650419345,0,0,0,0,-1.215095005938665,Wet
Jalna,2010-11-01,2010,11,train,-0.858460333808668,-2.032246426852734,-1.9574166087871026,-1.3390511984404923,-1.725053487785065,-1.502961834576929,0,1,0,0,-1.5691983150418318,Very Wet
Jalna,2010-12-01,2010,12,train,-1.3745460314291431,-1.7907417950027993,-0.9584969995946805,-1.3010465623499254,-1.725053487785065,-1.5496830510092734,0,2,0,0,-1.4499279878618143,Wet
Jalna,2011-01-01,2011,1,train,-1.8887275189282078,-1.4811460176830207,-1.1472497927787422,-0.6788084906417726,-1.7495784002192865,-1.7769159627992415,0,0,0,0,-1.4537376971750453,Wet
Jalna,2011-02-01,2011,2,train,0.5246701662479343,-1.2539201701500267,-1.177438154467759,-1.5482924407547713,-1.7495784002192865,-1.5413391534520422,0,1,0,0,-1.1243163587993252,Wet
Jalna,2011-03-01,2011,3,train,1.1203662880885539,-1.0340552347613834,-0.7826148982664655,-0.5665080597431033,-1.2100303266663883,-1.0608101747261394,0,0,0,0,-0.5889420676791542,Wet
Jalna,2011-04-01,2011,4,train,0.11090560845227226,-0.921818456235851,-0.5762395335244324,-1.687694422392266,-1.2100303266663883,-0.4639333813745022,0,1,0,0,-0.7914684186235279,Wet
Jalna,2011-05-01,2011,5,train,0.4937100384607903,-0.8212318509858048,-0.4485102730991512,-0.8561939409580592,-0.4229249017186308,0.6036706160173665,0,0,0,0,-0.2419133853805815,Normal
Jalna,2011-06-01,2011,6,train,1.5412405923287467,-0.5191549362812743,0.10329166511951411,-0.3845439695996413,-0.4229249017186308,0.08308170924044549,0,1,0,0,0.06683169318152667,Normal
Jalna,2011-07-01,2011,7,train,-0.09101904706219921,-0.18776619719164478,0.8790129570490348,-0.7826790551780348,-0.4229249017186308,-0.7648726423734139,0,2,0,0,-0.22837481441248145,Normal
Jalna,2011-08-01,2011,8,train,-0.14760312844890372,0.04434765643855969,0.17434860913168881,0.8345636491831011,-0.4229249017186308,-1.1714359656817566,0,3,0,0,-0.11478401351599025,Normal
Jalna,2011-09-01,2011,9,train,-0.5648668566631145,-0.7967570353606455,-0.7730362723483993,-0.2952622434036524,-0.661826401666117,-1.210130214367399,0,0,0,0,-0.7169798373015546,Wet
Jalna,2011-10-01,2011,10,train,0.5508510545718937,0.18496365422001915,-0.47843372602288026,-0.43734800092588166,-0.7296305713372033,-0.8365160666338161,0,0,0,0,-0.29101894268797807,Normal
Jalna,2011-11-01,2011,11,train,0.7355076646276195,0.22445115072210273,0.318639208215983,0.5758697081247729,-0.7296305713372033,-1.18124926508781,0,1,0,0,-0.009402017455755862,Normal
Jalna,2011-12-01,2011,12,train,0.7394795715921891,0.10402851173767697,0.7089067489618243,0.18167802905521352,-0.7296305713372033,-1.1714417280419476,0,2,0,0,-0.027829906338707817,Normal
Jalna,2012-01-01,2012,1,train,1.419434788595104,0.0005565111412029569,0.008330732592613778,-0.3283205138475529,-0.8839932554820162,-1.2478448618204945,0,0,0,0,-0.17197276647019047,Normal
Jalna,2012-02-01,2012,2,train,0.9755248885668516,-0.05660579515687084,-0.31041828557487167,-0.17587127268663277,-0.8839932554820162,-1.0031058997688755,0,1,0,0,-0.24241160335040257,Normal
Jalna,2012-03-01,2012,3,train,1.08407162947596,0.008544626828027986,0.052902357877391865,-0.027920558384651892,0.21818516215011,-0.4654431197446644,0,0,0,0,0.14505668303369565,Normal
Jalna,2012-04-01,2012,4,train,-0.16669617294186173,-0.03651238582752346,-0.13055257868138867,-0.3032391059654706,0.21818516215011,0.24129307065712685,0,1,0,0,-0.029587001768167948,Normal
Jalna,2012-05-01,2012,5,train,-0.056037935957497106,-0.057753126735946195,-0.1472510011676773,-0.3286899823571299,0.09642618512373274,-0.15929468513267442,0,0,0,0,-0.10876675770453204,Normal
Jalna,2012-06-01,2012,6,train,0.467945140475433,0.20275663726984194,0.3629511639134269,-0.44565696409162403,0.09642618512373274,0.2391840468270524,0,1,0,0,0.15393436825297718,Normal
Jalna,2012-07-01,2012,7,train,0.4400590021542707,1.0953095026343689,1.1510096396750986,0.14323632022503344,0.09642618512373274,0.37097498676589696,0,2,0,0,0.5495026060964002,Moderate Stress
Jalna,2012-08-01,2012,8,train,0.7043583159201215,1.693752995903154,0.6420665533277125,-0.6213340796853397,0.09642618512373274,1.01157656925032,0,3,0,0,0.5878077566399502,Moderate Stress
Jalna,2012-09-01,2012,9,train,0.1614872758251359,1.6916220869359564,0.20892223233084906,0.13828777109303414,3.666099322020235,0.9279359110713014,0,0,0,0,1.132392433212752,Moderate Stress
Jalna,2012-10-01,2012,10,train,0.14561284966719026,1.436868834050209,0.9526760595600194,0.5792064378937691,3.2087818372173778,1.2017171684878691,0,0,0,0,1.2541438644794056,Moderate Stress
Jalna,2012-11-01,2012,11,train,-0.235111207120728,1.3835970506225705,1.9443890695328532,0.6641724561633496,3.2087818372173778,1.591771329847685,0,1,0,0,1.4262667560438513,Moderate Stress
Jalna,2012-12-01,2012,12,train,-0.0925247675381976,1.3269108356258463,1.3296633402620344,1.2496674883065086,3.2087818372173778,1.6134205170869944,0,2,0,0,1.439319875160094,Moderate Stress
Jalna,2013-01-01,2013,1,train,0.5517141716809504,1.2131659042241187,1.3937962442540683,1.1411900155655432,2.621626580703929,1.2554108407518791,0,0,0,0,1.362817292863415,Moderate Stress
Jalna,2013-02-01,2013,2,train,0.7724993727073396,1.0825373501206683,1.4675288708047283,0.9699413065458415,2.621626580703929,0.8004552165556686,0,1,0,0,1.2857647829063625,Moderate Stress
Jalna,2013-03-01,2013,3,train,0.7243696173998027,1.0568703101408732,0.9137258963419753,1.9092069133300813,1.6464006509666052,-0.3313818098903851,0,0,0,0,0.9865319297148254,Moderate Stress
Jalna,2013-04-01,2013,4,train,0.9577543445231547,0.909904921000727,0.7921879012740043,1.1525255412417652,1.6464006509666052,-1.2487668394511269,0,1,0,0,0.7016677532591881,Moderate Stress
Jalna,2013-05-01,2013,5,train,1.3475172446761003,0.8175769442854767,0.6658882100787765,0.9968161284038044,0.6590565292029574,-0.9503514922160746,0,0,0,0,0.5894172607385068,Moderate Stress
Jalna,2013-06-01,2013,6,train,-1.8051504633954834,-0.42746944036026296,-1.580567968955602,0.6558021311969572,0.6590565292029574,-0.6160942645901504,0,1,0,0,-0.5190705794835974,Wet
Jalna,2013-07-01,2013,7,train,-2.3219791888952175,-2.197718681409641,-3.013398633817101,-0.04109254576638736,0.6590565292029574,-0.022219660898263494,0,2,0,1,-1.1562253635972755,Wet
Jalna,2013-08-01,2013,8,train,-1.6115697081551408,-3.0675746755096975,-0.6713336385972464,-0.5903088844008599,0.6590565292029574,-0.7449636879119256,0,3,0,0,-1.0044490108953188,Wet
Jalna,2013-09-01,2013,9,train,-0.09001919939196341,-2.211199751422672,-0.9301470459988805,-0.5984703745804405,-0.31559234377120876,-1.0168606535458862,0,0,0,0,-0.8603815614518419,Wet
Jalna,2013-10-01,2013,10,train,0.44528126343340585,-2.2542812607505955,-1.0025729747845413,-0.9369987086781773,-0.5132342851528857,-1.4290307533205182,0,0,0,0,-0.9484727865422187,Wet
Jalna,2013-11-01,2013,11,train,-0.2958574006084544,-1.8048774774671439,-0.6574370022238158,-1.0112548661981686,-0.5132342851528857,-1.2853174901455477,0,1,0,0,-0.927996420299336,Wet
Jalna,2013-12-01,2013,12,train,-0.3754062068780557,-1.574550526734744,-1.8948635064536337,-1.2335738870616544,-0.5132342851528857,-1.5470035535202444,0,2,0,0,-1.1897719943002032,Wet
Jalna,2014-01-01,2014,1,train,-0.04448514939519567,-1.411198369897847,-1.0134094710378856,-1.704532640465052,-1.5764613712718332,-1.2647862007833817,0,0,0,0,-1.1691455338085326,Wet
Jalna,2014-02-01,2014,2,train,-0.011962583591485512,-1.2888186150147158,-1.7429146413747187,-2.396287426005837,-1.5764613712718332,-1.3056298098204382,0,1,0,0,-1.3870124078465047,Wet
Jalna,2014-03-01,2014,3,train,-2.4137975193679195,-1.665996061558532,-1.9506250162368457,-3.3048847166550135,-2.1621739858773856,-0.9399734815112584,0,0,0,0,-2.0729084635344925,Very Wet
Jalna,2014-04-01,2014,4,train,-2.2730503610363084,-1.2329309593608568,-1.6042875023680137,-1.9662202612878217,-2.1621739858773856,-0.012567707577570765,0,1,0,0,-1.541871796251326,Very Wet
Jalna,2014-05-01,2014,5,train,-0.9143639692455179,-1.0194116670049223,-0.5875200571183314,-0.6548899220453331,-1.9376989050088542,-0.043211939075745616,0,0,0,0,-0.8595160765831173,Wet
Jalna,2014-06-01,2014,6,train,1.9925584592057743,-0.41395663435938906,0.17696979363660273,-0.41351299204191294,-1.9376989050088542,-0.8467039194523139,0,1,0,0,-0.2403906996700155,Normal
Jalna,2014-07-01,2014,7,train,1.3236429185798855,0.5193490836214443,0.44548318472198595,-0.6762799627052393,-0.021293394560536926,-1.1074161439546546,0,0,0,0,0.08058094761714747,Normal
Jalna,2014-08-01,2014,8,train,0.739636848044004,0.6211409197810475,0.20032131443092133,-0.6078327321053701,-0.021293394560536926,-0.3918750671803162,0,1,0,0,0.09001631473495825,Normal
Jalna,2014-09-01,2014,9,train,0.09976809953627229,-0.41436368480812386,0.9049792076255733,1.3034473996653542,-0.31559234377120876,-0.46047596525962653,0,0,0,0,0.18629378549804013,Normal
Jalna,2014-10-01,2014,10,train,0.9123240385757851,0.5474211597164803,1.5004383019287544,0.7140243054872538,-0.491594656534454,-0.4806615130103054,0,0,0,0,0.4503252726939191,Normal
Jalna,2014-11-01,2014,11,train,0.6113092680271291,0.22928365190021194,0.8140733314612537,0.5761446907230788,-0.491594656534454,-0.6198513234349814,0,1,0,0,0.18656082702370635,Normal
Jalna,2014-12-01,2014,12,train,0.22141621452770377,0.04274983362424878,0.05207073782875672,-0.45827949040747157,-0.491594656534454,-0.42913448817828587,0,2,0,0,-0.17712864152325036,Normal
Jalna,2015-01-01,2015,1,train,-1.5635674366172085,-0.09218141437307865,-1.2443077224446495,-0.8378832954428612,-0.3646421686396541,-0.42791863017788767,0,0,0,0,-0.7550834446158899,Wet
Jalna,2015-02-01,2015,2,train,0.1321396994603837,-0.08913322843978638,-0.6129316380760607,-0.550940650710267,-0.3646421686396541,-0.19778725121161614,0,1,0,0,-0.28054920626950014,Normal
Jalna,2015-03-01,2015,3,train,-1.8944215806313562,-0.2125068141111698,-0.854342379118378,-0.8378469409769924,-0.17132815298166268,-0.24019245986055743,0,0,0,0,-0.7017730546133527,Wet
Jalna,2015-04-01,2015,4,train,-1.7087576351342992,-0.2308027418079634,-0.3367203387848489,-1.3114924725564372,-0.17132815298166268,-0.41440589552891677,0,1,0,0,-0.6955845394656882,Wet
Jalna,2015-05-01,2015,5,train,-0.6575021466608086,-0.18955092750478356,0.09225670482972279,0.34300237330119576,-0.20652861553431318,-1.0983289019327251,0,0,0,0,-0.2861085855836187,Normal
Jalna,2015-06-01,2015,6,train,-0.875367336415246,-0.35038069030014507,-0.8221949314452491,0.2800996927992088,-0.20652861553431318,-0.6084015137345546,0,1,0,0,-0.43046223243838316,Normal
Jalna,2015-07-01,2015,7,train,0.6618832899254847,1.2498107813220964,2.0099298976584357,3.2050289842680715,-0.20652861553431318,0.0835772722169113,0,2,0,0,1.1672836016427812,Moderate Stress
Jalna,2015-08-01,2015,8,train,0.9398901124592973,2.1230708905553666,-0.41442714863687974,0.28569456185402337,-0.20652861553431318,-0.28322576577036934,0,3,0,0,0.4074123391545208,Normal
Jalna,2015-09-01,2015,9,train,1.0079010275993927,2.1625676849164543,0.4805256582401781,0.7639184610453257,0.8096683443872431,-0.4703296011870207,0,0,0,0,0.7923752625002622,Moderate Stress
Jalna,2015-10-01,2015,10,train,0.22027344950591193,1.9202258414569207,1.0872462237676066,1.3420271002609054,0.7851434319530202,-0.6694364328824808,0,0,0,0,0.7809132690103139,Moderate Stress
Jalna,2015-11-01,2015,11,train,-0.42067248263024065,1.7512224614820628,0.9337902399511803,1.050734348322765,0.7851434319530202,-0.570842450006628,0,1,0,0,0.5882292581786933,Moderate Stress
Jalna,2015-12-01,2015,12,train,0.49490798234372574,1.5134918971953188,0.6683573616399002,1.102961826112193,0.7851434319530202,-0.4538550133996421,0,2,0,0,0.6851679143074193,Moderate Stress
Jalna,2016-01-01,2016,1,train,-0.24552593849475315,1.3453988290395995,1.1780860287302284,1.1149214262527294,0.6740600050450699,-0.5752045566715627,0,0,0,0,0.5819559656502186,Moderate Stress
Jalna,2016-02-01,2016,2,train,0.25635118900466836,1.2032800770315109,0.8048825832506377,0.7771778598644971,0.6740600050450699,-0.5175118064346812,0,1,0,0,0.5330399846269505,Moderate Stress
Jalna,2016-03-01,2016,3,train,-0.735154668372226,1.1032894201153327,0.5864307005672819,1.2856595652089993,0.6076984772818811,-0.6071107450516673,0,0,0,0,0.3734687916249337,Normal
Jalna,2016-04-01,2016,4,train,-0.5812470328927334,0.9536557788080979,0.5418678008324821,1.3994512989345929,0.6076984772818811,-0.8155526002572898,0,1,0,0,0.35097895378450517,Normal
Jalna,2016-05-01,2016,5,train,0.2492334317915622,0.8427196959432045,0.4279709537960708,0.028634688883024447,1.0918491015715925,-0.5391782807545651,0,0,0,0,0.35020493187181484,Normal
Jalna,2016-06-01,2016,6,train,-0.32262725198877823,0.8233472461098966,0.7834891538417235,0.3992391844857166,1.0918491015715925,-0.8272559538061424,0,1,0,0,0.3246735800356681,Normal
Jalna,2016-07-01,2016,7,train,-1.6652142389649314,-0.7388621429208979,1.1235363019004008,-0.24181532310511533,1.0918491015715925,-0.4227613178065315,0,2,0,0,-0.1422112698875805,Normal
Jalna,2016-08-01,2016,8,train,-0.8520618565915209,-0.7902549881302864,-0.5920884324286831,-2.013483015838746,1.0918491015715925,-0.8561196160051568,0,3,0,0,-0.6686931345704666,Wet
Jalna,2016-09-01,2016,9,train,-0.6629291607751833,-0.0887001851149706,-0.7451687168536407,-2.1985171147905325,-1.3542945174559338,-1.094306774519087,0,0,0,0,-1.023986078251558,Wet
Jalna,2016-10-01,2016,10,train,0.7169580840287841,-1.22358807658842,-1.2328759116197154,-1.0590106882973644,-1.725053487785065,-1.6897199283820934,0,0,0,0,-1.035548334773979,Wet
Jalna,2016-11-01,2016,11,train,-0.030980656514323066,-0.8054731322962151,-0.8455206399626986,-0.44893023715492936,-1.725053487785065,-1.8680649763077295,0,1,0,0,-0.9540038550034934,Wet
Jalna,2016-12-01,2016,12,train,0.4398652545047686,-0.682632823596929,-1.0137920468766772,-0.5528823955379667,-1.725053487785065,-2.197084218519617,0,2,0,0,-0.9552632863019145,Wet
Jalna,2017-01-01,2017,1,train,1.2214504848844954,-0.6357988571043627,-1.1710051480199,-1.0937167377035448,-0.8839932554820162,-2.129658841919363,0,0,0,0,-0.7821203925574487,Wet
Jalna,2017-02-01,2017,2,train,0.9876175144148663,-0.5738492645831619,-0.8122714301646954,-0.6399676318325893,-0.8839932554820162,-1.7748011766089764,0,1,0,0,-0.6162108740427622,Wet
Jalna,2017-03-01,2017,3,train,1.1487214920983033,-0.4404846041056192,-0.5244362603368063,-1.1281576689131945,0.1316266476763817,-1.2829491601068583,0,0,0,0,-0.3492799256146322,Normal
Jalna,2017-04-01,2017,4,train,1.5119389625906594,-0.40131093855822014,-0.31644593317899744,-0.2694864248468622,0.1316266476763817,-0.2508701132953294,0,1,0,0,0.06757536673127197,Normal
Jalna,2017-05-01,2017,5,train,1.7543694602545739,-0.3538381844242372,-0.36203404520854526,0.050130610596937825,-0.20652861553431318,0.11600207301424718,0,0,0,0,0.16635021644977724,Normal
Jalna,2017-06-01,2017,6,train,-0.3042315160419376,-0.9099359363338458,-1.0901658565905825,-1.8163526160102537,-0.20652861553431318,0.6139679536795033,0,1,0,0,-0.6188744311385715,Wet
Jalna,2017-07-01,2017,7,train,0.565233070623141,-0.08026367175036295,-5.358209875986882,-1.1250858578288898,-0.20652861553431318,-0.02662786644472887,0,2,0,0,-1.038580469487006,Wet
Jalna,2017-08-01,2017,8,train,0.15784430436220798,1.335268408291737,-1.1484731159371941,-0.9696500735738425,-0.20652861553431318,-0.4694940589592587,0,3,0,0,-0.2168388585584439,Normal
Jalna,2017-09-01,2017,9,train,0.08949586963542844,0.8872445522387327,-1.2068979000824094,-0.1396218388747286,-0.9215019450872984,-0.7647285833686278,0,0,0,0,-0.3426683075898172,Normal
Jalna,2017-10-01,2017,10,train,-0.8586431077686106,0.36435357768969123,-1.0034169369533343,-0.9913137710717408,-1.1191438864689753,-1.1897775581711691,0,0,0,0,-0.799656947124023,Wet
Jalna,2017-11-01,2017,11,train,-0.6794484181017554,0.39640906927240094,-1.353563084597863,-0.8773812279265168,-1.1191438864689753,-1.0419153956583478,0,1,0,0,-0.7791738239135096,Wet
Jalna,2017-12-01,2017,12,train,-0.48828475634179175,0.4475723331776984,-1.0598251043232971,-0.8799820280615566,-1.1191438864689753,-1.1369540022960705,0,2,0,0,-0.7061029073856654,Wet
Jalna,2018-01-01,2018,1,validation,0.889583952839538,0.45192990642298564,-0.7068685711600287,-0.3199663647604508,-1.013831027192607,-1.454511910087148,0,0,0,0,-0.3589440023229518,Normal
Jalna,2018-02-01,2018,2,validation,-1.3285931826064543,0.41274101034502564,-1.0091441954712026,-0.8394044308045829,-1.013831027192607,-1.1941281401157193,0,1,0,0,-0.8287266609742567,Wet
Jalna,2018-03-01,2018,3,validation,-0.9427562077149274,0.43092774163252723,-0.44408622085179716,-0.7074198682569177,0.47786070557128874,-0.8022818847363611,0,0,0,0,-0.3312926223926979,Normal
Jalna,2018-04-01,2018,4,validation,-1.0593588149890005,0.33779229956063334,-0.15170859546032364,-0.3451435835230679,0.47786070557128874,-0.5909069881932864,0,1,0,0,-0.2219108295056261,Normal
Jalna,2018-05-01,2018,5,validation,0.5773224611511322,0.3172168849474894,0.06637398501991476,-0.6567614105651393,0.0531469278868686,0.501590405225682,0,0,0,0,0.1431482089443246,Normal
Jalna,2018-06-01,2018,6,validation,-0.8832583733998947,0.14056953423496907,-1.9664157028823601,-1.5230777839071923,0.0531469278868686,1.3839345224621655,0,1,0,0,-0.46585014593424057,Normal
Jalna,2018-07-01,2018,7,validation,-0.7120614175242446,-0.7777897229690566,-2.807362650717503,-1.5966171020575106,0.0531469278868686,0.9869136676308782,0,2,0,0,-0.8089617162917615,Wet
Jalna,2018-08-01,2018,8,validation,-0.48676501774717656,-0.23631930127108958,-0.4180141886123518,-0.05570735739433043,0.0531469278868686,0.6456090734908011,0,3,0,0,-0.08300831060787979,Normal
Jalna,2018-09-01,2018,9,validation,1.1407295275359481,0.6220322924915263,1.566733114266636,1.3590222609980962,1.458857202940196,0.4062982547395356,0,0,0,0,1.0922787754953232,Moderate Stress
Jalna,2018-10-01,2018,10,validation,2.2155522136495347,1.7087689651146711,2.1716802637999444,2.2773086217936402,2.1700796635326527,0.35318081849467264,0,0,0,0,1.816095091064186,Severe Stress
Jalna,2018-11-01,2018,11,validation,2.7355995478700343,1.3612817883990862,1.450235489743352,1.4581332665232964,2.1700796635326527,0.49473319659784776,0,1,0,0,1.6116771587777114,Severe Stress
Jalna,2018-12-01,2018,12,validation,2.0417367779908564,1.04772807877728,1.495333504583527,0.49925934841857417,2.1700796635326527,0.6759421375386371,0,2,0,0,1.3216799184735881,Moderate Stress
Jalna,2019-01-01,2019,1,validation,0.5149253553409693,0.8121103111945076,1.5559769960356222,0.7145419240186158,1.7127621787297955,0.33020628841132804,0,0,0,0,0.9400871756218065,Moderate Stress
Jalna,2019-02-01,2019,2,validation,0.22403105317314406,0.645347652583858,1.1080977636148734,0.23407698908579425,1.7127621787297955,0.3782182735265588,0,1,0,0,0.717088985119004,Moderate Stress
Jalna,2019-03-01,2019,3,validation,1.0429976299237624,0.601900730473781,0.8361647806196092,1.2532844287314018,1.862796937150923,0.7647055339278626,0,0,0,0,1.06030834013789,Moderate Stress
Jalna,2019-04-01,2019,4,validation,-0.0745750933237115,0.4822424868511835,0.3980079845412819,1.354138820335524,1.862796937150923,-0.5452690954769357,0,1,0,0,0.5795570066797108,Moderate Stress
Jalna,2019-05-01,2019,5,validation,0.6713527018077219,0.4285158433472897,0.2687232510919439,1.3418070285031256,1.6112001884139546,-0.20553762566912653,0,0,0,0,0.6860102312491515,Moderate Stress
Jalna,2019-06-01,2019,6,validation,0.31259063673302745,0.73501162245705,0.5297558440328924,2.039833872592687,1.6112001884139546,0.20391840245532794,0,1,0,0,0.9053850944474898,Moderate Stress
Jalna,2019-07-01,2019,7,validation,0.037895045666228526,0.2503865727248168,-0.7113128302001499,1.7749309462504783,1.6112001884139546,0.4989858184191435,0,2,0,0,0.5770142902124119,Moderate Stress
Jalna,2019-08-01,2019,8,validation,0.13597415787065825,-0.7185609453303242,-0.7243189100776539,0.9302848788447589,1.6112001884139546,1.5582804924149292,0,3,0,0,0.4654766436893871,Normal
Jalna,2019-09-01,2019,9,validation,-0.7301501919067707,-1.3806915420629855,-1.1288191724143513,-1.7245931755472512,1.5886949746507861,1.4035034976723582,0,0,0,0,-0.32867593493470243,Normal
Jalna,2019-10-01,2019,10,validation,-1.095303892370625,-2.3089588899654143,-2.6268286074989597,-1.6357104233408515,1.5886949746507861,1.3480523055499547,0,1,0,0,-0.7883424221625184,Wet
Jalna,2019-11-01,2019,11,validation,-1.3581431926517524,-3.5099959666412905,-2.8846282273747286,-1.8705328015927045,1.5886949746507861,0.2142503142786123,0,2,0,0,-1.3033924832218464,Wet
Jalna,2019-12-01,2019,12,validation,-0.9282607206798237,-2.5860523919984373,-1.716925914295062,-1.6306003222286785,1.5886949746507861,0.2759190930475997,0,3,0,0,-0.8328708802506025,Wet
Jalna,2020-01-01,2020,1,validation,0.41075019207972197,-2.245964026790107,-1.9399911438709057,-1.576832470248645,-1.836136914693014,-0.22358533778877476,0,0,0,0,-1.235293283551954,Wet
Jalna,2020-02-01,2020,2,validation,0.9206421792713839,-1.916254764749961,-2.2925039989335634,-2.325707794534108,-1.836136914693014,-0.0787657014570434,0,1,0,0,-1.2547878325160509,Wet
Jalna,2020-03-01,2020,3,validation,-0.3109754199055674,-1.585974950677844,-1.8411467600639468,-2.6208970587918583,-1.836136914693014,0.5148207842252709,0,2,0,0,-1.2800517199844934,Wet
Jalna,2020-04-01,2020,4,validation,-0.26495803137179835,-1.3873323417542023,-0.9446158396502342,-0.35659256736908035,-1.836136914693014,0.7384695079761521,0,3,0,0,-0.6751943644770294,Wet
Jalna,2020-05-01,2020,5,validation,-0.2823335582790747,-1.1821595623550247,-0.5772921784636014,-0.4183242525682525,-0.033411586586859686,0.685092765522673,0,0,0,0,-0.3014047287883567,Normal
Jalna,2020-06-01,2020,6,validation,-1.3017069258653104,-1.7132466043402457,-2.106531450902493,-2.800259306430286,-0.033411586586859686,1.7173158713389873,0,1,0,0,-1.0396400004643678,Wet
Jalna,2020-07-01,2020,7,validation,-1.8965326728993277,-1.8673056862641948,-4.373817260526944,-1.5849119123665671,-0.033411586586859686,0.9327186700302124,0,2,0,0,-1.4705434081022803,Wet
Jalna,2020-08-01,2020,8,validation,-1.9944487749699604,-2.261502798170383,-2.573375317404246,-0.4463385160655557,-0.033411586586859686,-0.028673504312697332,0,3,0,0,-1.2229584162516172,Wet
Jalna,2020-09-01,2020,9,validation,-1.6134323580659333,-2.315570125402155,-0.8328204508542364,-0.8462733975402323,-1.6139700608771146,-0.8196150641922683,0,0,0,0,-1.34028024282199,Wet
Jalna,2020-10-01,2020,10,validation,-2.0461850979289293,-2.3420129205221234,-1.8686435551292335,-1.335917289888429,-1.6139700608771146,-1.364204201166612,0,1,0,0,-1.761822187585407,Very Wet
Jalna,2020-11-01,2020,11,validation,-1.644509351744089,-2.0236351188130564,-1.3236974598720586,-1.3236283793538706,-1.6139700608771146,-1.674708980083345,0,2,0,0,-1.6006915584572556,Very Wet
Jalna,2020-12-01,2020,12,validation,-1.421763236235735,-1.650911275753551,-1.0222105840252518,-0.8758858317802805,-1.6139700608771146,-1.9524720283922112,0,3,0,0,-1.4228688361773572,Wet
Jalna,2021-01-01,2021,1,test,1.3041322251889806,-1.4998474024628072,-1.5014399850818936,-0.858711877581971,-1.403344342324379,-1.6202085773925323,0,0,0,0,-0.9299033266091005,Wet
Jalna,2021-02-01,2021,2,test,0.8873628413366443,-1.3290635878208705,-1.5189953189028254,-1.5302268735820952,-1.403344342324379,-1.6153278583103667,0,1,0,0,-1.0849325232673153,Wet
Jalna,2021-03-01,2021,3,test,1.1103232107376746,-1.0905807239648961,-0.7382806038923181,-1.6882935096898528,-0.8637962687714797,-1.4022300160700452,0,0,0,0,-0.7788096519418195,Wet
Jalna,2021-04-01,2021,4,test,-0.08896723926152436,-0.9846593345127745,-0.4135027723949105,-1.914411198286978,-0.8637962687714797,-1.08799699010944,0,1,0,0,-0.8922223005561846,Wet
Jalna,2021-05-01,2021,5,test,-1.2085427842295093,-0.9277274772062799,-1.8563883845221494,-2.0934866864919663,-1.0288345030347197,-0.7631324095955933,0,0,0,0,-1.3130187075133695,Wet
Jalna,2021-06-01,2021,6,test,-1.0420369816189214,-0.7327425474503125,-2.8240048983334924,-2.6629586831146166,-1.0288345030347197,0.35881064440172766,0,1,0,0,-1.321961161525056,Wet
Jalna,2021-07-01,2021,7,test,-0.9853009414690087,-0.5225918848075642,-4.312568550731509,1.721683960846404,-1.0288345030347197,-0.6170681034625064,0,2,0,0,-0.9574466704431507,Wet
Jalna,2021-08-01,2021,8,test,-0.248604047137776,0.16505104201655577,-0.614770365488667,-0.4399400716205063,-1.0288345030347197,-1.335836101944062,0,3,0,0,-0.5838223412015292,Wet
Jalna,2021-09-01,2021,9,test,-0.9465414230337162,-1.0248034379313913,-0.33334448992516813,-1.630646312281643,-2.652672234561839,-1.7410164588064554,0,0,0,0,-1.3881707260900356,Wet
Jalna,2021-10-01,2021,10,test,-1.1178500716324253,-1.98931365958758,-1.3514767586575112,-2.0114253510715843,-2.652672234561839,-2.2353866267122413,0,1,0,0,-1.8930207837038635,Very Wet
Jalna,2021-11-01,2021,11,test,-1.3571758792128685,-1.6507808193106892,-0.6789550963220856,-1.5472966210149948,-2.652672234561839,-2.0728304457112015,0,2,0,0,-1.6599518493556131,Very Wet
Jalna,2021-12-01,2021,12,test,-0.22650526850915362,-1.5639602479687513,-0.5314633151889819,-1.4218228501608314,-2.652672234561839,-2.0969920219939855,0,3,0,0,-1.4155693230639237,Wet
Jalna,2022-01-01,2022,1,test,0.4962618309375551,-1.4031185223101366,-1.8477283537369684,-2.010158758773509,-2.182370972587922,-2.3595770135585514,0,0,0,0,-1.5511152983382555,Very Wet
Jalna,2022-02-01,2022,2,test,-0.2505399190736281,-1.2224976550396465,-1.6669245277822429,-2.525343218888191,-2.182370972587922,-2.277336608906057,0,1,0,0,-1.6875021503796148,Very Wet
Jalna,2022-03-01,2022,3,test,1.0330557692973443,-0.9821909031202661,-1.2844001931631002,-1.3558596466078408,-1.8159399279824768,-1.747107273528826,0,0,0,0,-1.0254070291841944,Wet
Jalna,2022-04-01,2022,4,test,1.0418829209242608,-0.8286576862619359,-0.8497703150113424,-1.9461927340718386,-1.8159399279824768,-0.7180534658178152,0,1,0,0,-0.8527885347035246,Wet
Jalna,2022-05-01,2022,5,test,1.1047659630001925,-0.7233361261523897,-0.4946646269301475,-2.515562596029306,-0.6393211879029485,0.4170565812169888,0,0,0,0,-0.47517699879960174,Normal
Jalna,2022-06-01,2022,6,test,-0.4135967388534494,-0.5410887894717361,-0.9163813486095151,-0.8992212195728282,-0.6393211879029485,0.07893280990259616,0,1,0,0,-0.5551127457513135,Wet
Jalna,2022-07-01,2022,7,test,-1.3663265762943273,-2.6213916539082245,-4.554352478197946,-0.04109254576638736,-0.6393211879029485,-1.6560216459824448,0,2,0,1,-1.8130843480087133,Very Wet
Jalna,2022-08-01,2022,8,test,-1.157222422520176,-3.0209084049177117,-2.3634349283775884,-0.6567014754107572,-0.6393211879029485,-2.289132160217973,0,3,0,0,-1.6877867632245256,Very Wet
Jalna,2022-09-01,2022,9,test,-1.154459591497288,-2.4347303093872257,-1.2597753727913263,-1.3855820272411214,-1.570690803640251,-2.3584245415202596,0,0,0,0,-1.6939437743462455,Very Wet
Jalna,2022-10-01,2022,10,test,-1.1565853738204315,-2.27165033976706,-1.459529668868745,-2.128657212524397,-1.570690803640251,-2.656932086518376,0,1,0,0,-1.8740075808565433,Very Wet
Jalna,2022-11-01,2022,11,test,-1.225981582468898,-2.038227197582834,-0.75315341442151,-1.4719569903072356,-1.570690803640251,-1.8743747607173764,0,2,0,0,-1.489064124856351,Wet
Jalna,2022-12-01,2022,12,test,-1.204559072675268,-1.6560630807505403,-0.9257932914102678,-1.1521680627574562,-1.570690803640251,-1.7206522778898428,0,3,0,0,-1.3716544315206045,Wet
Jalna,2023-01-01,2023,1,test,0.5663017536164905,-1.4725668291847351,-2.765445470477933,-1.7036141732893963,-1.8794161719298774,-2.089379944181069,0,0,0,0,-1.5573534725744203,Very Wet
Jalna,2023-02-01,2023,2,test,-0.43841641107731505,-1.2858192387959395,-2.3199091045473335,-1.8159542904013148,-1.8794161719298774,-1.4545580089686785,0,1,0,0,-1.5323455376200765,Very Wet
Jalna,2023-03-01,2023,3,test,-0.9537656545040529,-1.123046523877338,-1.7051900980407289,-3.400383971887165,-1.1234718121926608,-1.1519995247559678,0,0,0,0,-1.5763095975429857,Very Wet
Jalna,2023-04-01,2023,4,test,-2.47836370213334,-1.1020093137237608,-1.4838937805227572,-3.35044475262959,-1.1234718121926608,-0.6343839958378387,0,1,0,0,-1.695427892839991,Very Wet
Jalna,2023-05-01,2023,5,test,-1.1252676316506887,-1.0812495172239591,-1.2991350168652167,-2.0303537032377643,-1.2885100464559014,0.3044312512749357,0,0,0,0,-1.0866807773597655,Wet
Jalna,2023-06-01,2023,6,test,1.4319580526656752,-0.48616573642052885,-0.4807123777660183,-0.2696661619635343,-1.2885100464559014,0.11869309522365823,0,1,0,0,-0.16240052911944156,Normal
Jalna,2023-07-01,2023,7,test,-0.10561101975063335,-1.4237789356817303,-0.9698060184210188,-0.04109254576638736,-1.2885100464559014,0.8010775514563464,0,2,0,1,-0.5046201691032208,Wet
Jalna,2023-08-01,2023,8,test,1.0589988077260208,-1.1414772280087373,-1.166893517852697,-1.1168588195342073,-1.2885100464559014,0.8580672937498689,0,3,0,0,-0.4661122517292755,Normal
Jalna,2023-09-01,2023,9,test,-0.5522971710432573,-0.8509536619490341,-0.5981464428212592,-1.7656305886310888,1.7618120035982405,0.6431312586084739,0,0,0,0,-0.22701410037298742,Normal
Jalna,2023-10-01,2023,10,test,1.4145847605178283,-1.0740471765308468,-1.0130428364437116,-0.35007405603994235,1.7618120035982405,0.2632879995079226,0,1,0,0,0.16708678243491507,Normal
Jalna,2023-11-01,2023,11,test,-0.4028073365920799,-0.8106157119830225,-0.24962993254863292,-0.7593791790267818,1.7618120035982405,0.3449406434208875,0,2,0,0,-0.019279918855231466,Normal
Jalna,2023-12-01,2023,12,test,0.4500664598544491,-1.2827553194413337,-1.9516371736762173,-2.763285024879219,1.7618120035982405,0.452333750309096,0,3,0,0,-0.5555775507058307,Wet
Jalna,2024-01-01,2024,1,test,-1.3783389542951276,-1.030223282182731,-3.3993512903238656,-2.4440119868093304,-0.7974347410082894,0.39131611824174406,0,0,0,0,-1.4430073560629335,Wet
Jalna,2024-02-01,2024,2,test,-0.46316117667839446,-0.8723521919698338,-1.772426614025097,-3.0199711597438132,-0.7974347410082894,0.25582574305998446,0,1,0,0,-1.1115866900609073,Wet
Jalna,2024-03-01,2024,3,test,-0.016520436623084063,-0.6861314472509921,-1.7287028492934167,-2.5809823474225424,-0.12804889574480008,0.7742998636466404,0,0,0,0,-0.7276810187813657,Wet
Jalna,2024-04-01,2024,4,test,-1.0324449603463952,-0.6454660042320587,-0.6727373953593123,-3.3244235247188474,-0.12804889574480008,1.2659847717032044,0,1,0,0,-0.7561893347830347,Wet
Jalna,2024-05-01,2024,5,test,-0.02248720105074407,-0.5920468391109924,-1.1889353605103687,-3.122263892040503,0.7888943009135467,0.8995390000477953,0,0,0,0,-0.539549998625211,Wet
Jalna,2024-06-01,2024,6,test,-1.1592183016487239,-1.0117019894249513,-1.5259718871867582,-2.2021519565526715,0.7888943009135467,1.3765010778151843,0,1,0,0,-0.6222747926807289,Wet
Jalna,2024-07-01,2024,7,test,-1.3191141873329622,-2.611532436426937,0.3433694521492214,-0.04109254576638736,0.7888943009135467,1.0812146921640935,0,2,1,1,-0.29304345404990423,Normal
Jalna,2024-08-01,2024,8,test,-1.1741207268350522,-3.5235297914906796,-3.382900006501521,-4.042078805407502,0.7888943009135467,0.45294456048939064,0,3,0,0,-1.813465078138636,Very Wet
Jalna,2024-09-01,2024,9,test,-0.38174601411273984,-2.407125273595087,-1.6213888096856164,-1.8069141166613454,-1.1378982312716157,-0.09018669935651402,0,0,0,0,-1.2408765241138198,Wet
Jalna,2024-10-01,2024,10,test,-0.24195091505796162,-2.069299988371049,-0.9432303694341555,-1.9909205146457527,-1.1378982312716157,-0.9146536708299907,0,1,0,0,-1.2163256149350876,Wet
Jalna,2024-11-01,2024,11,test,-0.29823196655965056,-1.6941936003807643,-1.0511696262033936,-3.0795103320472736,-1.1378982312716157,-0.7298835912908785,0,2,0,0,-1.3318145579589296,Wet
Jalna,2024-12-01,2024,12,test,-0.3243681548957903,-1.4706676778728947,-1.6991112791225051,-2.847231942316106,-1.1378982312716157,-1.3118992577087454,0,3,0,0,-1.4651960905312762,Wet
Latur,2003-01-01,2003,1,train,0.690368841556517,0.26628949938102536,0.7535290520034548,0.5192031678450211,1.8150600482932067,1.3803746573231257,0,0,0,0,0.9041375444003917,Moderate Stress
Latur,2003-02-01,2003,2,train,-0.3414584244550562,0.17090144435906024,0.5340367585186845,1.01183949612021,1.8150600482932067,1.0228659073246384,0,1,0,0,0.702207538360124,Moderate Stress
Latur,2003-03-01,2003,3,train,-0.6550759231226984,0.1702814096583773,0.3991889152999906,-0.07984578832765886,0.9753163900115954,0.6032071210057254,0,0,0,0,0.23551202075422192,Normal
Latur,2003-04-01,2003,4,train,-0.43098934404558364,0.0997928315716721,0.2899851269924419,0.7985079881652564,0.9753163900115954,-0.792114531157846,0,1,0,0,0.15674974358958932,Normal
Latur,2003-05-01,2003,5,train,0.18709667814748676,0.11302819107440659,0.6408775387713169,0.9012314764798747,0.8323562989328702,-0.6606965395636653,0,0,0,0,0.3356489406403817,Normal
Latur,2003-06-01,2003,6,train,1.0419230865431235,0.2769923932415526,0.8226799023668631,1.433993146463375,0.8323562989328702,-0.5647094023491315,0,1,0,0,0.6405392375331088,Moderate Stress
Latur,2003-07-01,2003,7,train,0.8707597490628614,-0.3252820778761884,1.336365329716626,-1.535378999651786,0.8323562989328702,0.9329744009711178,0,2,0,0,0.35196578352591684,Normal
Latur,2003-08-01,2003,8,train,0.7725650706565933,-0.8094184969379434,0.3519665027596628,-0.02970947566339744,0.8323562989328702,0.7482386881895032,0,3,0,0,0.3109997646562148,Normal
Latur,2003-09-01,2003,9,train,0.8209643333847811,-0.11746099274552665,0.6723028196853011,0.9255869236438403,0.42991385075919675,0.574646550575681,0,0,0,0,0.5509922475505457,Moderate Stress
Latur,2003-10-01,2003,10,train,1.4316219049978096,0.3619478432143033,0.30224048333377046,0.275751523684317,0.32710008662723655,0.5398760562059788,0,0,0,0,0.5397563163439026,Moderate Stress
Latur,2003-11-01,2003,11,train,1.9246592108999858,0.4102579692203189,0.16252138687328868,0.809156322113098,0.32710008662723655,0.599111619020982,0,1,0,0,0.705467765792485,Moderate Stress
Latur,2003-12-01,2003,12,train,1.9059162692248504,0.37036408732913156,0.5242217231388294,0.5362122838998988,0.32710008662723655,1.074316841560887,0,2,0,0,0.789688548630139,Moderate Stress
Latur,2004-01-01,2004,1,train,1.0315540790810798,0.1596732914799763,0.7393970563265634,0.03879606387984674,0.9044238516958447,0.3011622622269875,0,0,0,0,0.5291677674483831,Moderate Stress
Latur,2004-02-01,2004,2,train,0.8877871198730563,0.07941399926356077,0.3765527637499561,1.0003150371941303,0.9044238516958447,-1.0800314954930867,0,1,0,0,0.3614102127139103,Normal
Latur,2004-03-01,2004,3,train,0.4724764499027283,0.18178367083021066,0.49662124214695946,1.1021974684170883,0.769688861747676,-0.7504991513004637,0,0,0,0,0.37871142362403315,Normal
Latur,2004-04-01,2004,4,train,-0.808724360714528,0.14047528939813067,0.39769950659913894,0.9434393589307268,0.769688861747676,-0.7326821302629566,0,1,0,0,0.11831608761636464,Normal
Latur,2004-05-01,2004,5,train,-1.1628605720268748,-0.05566189512377987,-0.10648815995923003,-0.7044397945146899,0.08328458882858782,-0.5171634816332201,0,0,0,0,-0.41055488573820115,Normal
Latur,2004-06-01,2004,6,train,0.13396665900528607,0.224085734663017,-0.0850263967887985,-1.324280421158935,0.08328458882858782,-0.5197541247491517,0,1,0,0,-0.2479539933666657,Normal
Latur,2004-07-01,2004,7,train,0.5084704256372099,1.1152157987188083,2.4070077502522054,1.5693903501641453,0.08328458882858782,-0.23395793198430354,0,2,0,0,0.9082351636027756,Moderate Stress
Latur,2004-08-01,2004,8,train,2.0205917722589257,0.2884141986576614,1.1971165195253541,-0.866736593114638,0.08328458882858782,1.1938864506689695,0,3,0,0,0.6527594894708101,Moderate Stress
Latur,2004-09-01,2004,9,train,1.311100890126448,1.197777074055081,-0.7980919423427723,-0.523688965059962,1.0321087549606787,1.175923388475419,0,0,0,0,0.5658548667024821,Moderate Stress
Latur,2004-10-01,2004,10,train,1.912126963801674,0.7980682377883558,-0.196343968052047,-0.3351225759145049,2.530252175169243,1.3550714396344357,0,0,0,0,1.0106753787378595,Moderate Stress
Latur,2004-11-01,2004,11,train,0.8043262037296952,0.8507759903773846,-0.635292109505604,-0.0725592187899808,2.530252175169243,1.413449804359608,0,1,0,0,0.8151588075567243,Moderate Stress
Latur,2004-12-01,2004,12,train,1.3108977008955753,0.9210395113665554,-0.17572846540425094,0.25935820576364377,2.530252175169243,1.4700566263657984,0,2,0,0,1.0526459590260941,Moderate Stress
Latur,2005-01-01,2005,1,train,0.854479640510223,0.7873067764758899,0.04903380994275514,-0.20534993167043195,0.9044238516958447,1.4459979333112325,0,0,0,0,0.6393153467109188,Moderate Stress
Latur,2005-02-01,2005,2,train,0.8316076113069,0.5812114492197703,0.04634630161937913,0.7903082284019314,0.9044238516958447,0.9323838867314569,0,1,0,0,0.681046888162547,Moderate Stress
Latur,2005-03-01,2005,3,train,-0.2948638410290329,0.6451800772143649,0.24789704544503444,0.8459932620244073,0.38780916640039365,0.7124522553429647,0,0,0,0,0.424077994233022,Normal
Latur,2005-04-01,2005,4,train,-1.6321959540295468,0.5966021006140232,0.03745021665055175,-0.7564992505583504,0.38780916640039365,0.2871931081704959,0,1,0,0,-0.17994010212540545,Normal
Latur,2005-05-01,2005,5,train,-0.9845272861433841,0.5581954890631188,0.22574316379148562,1.1675140954976595,0.024533866467467854,-0.005797198933443684,0,0,0,0,0.16427702162381733,Normal
Latur,2005-06-01,2005,6,train,0.5018945268562526,0.9058346568001334,0.69188636791707,0.46603719376038455,0.024533866467467854,-0.3584103953966797,0,1,0,0,0.3719627027341048,Normal
Latur,2005-07-01,2005,7,train,-1.0347966418678662,0.42056473555059126,2.713096175937623,0.6996457899496294,0.024533866467467854,0.02434442575117631,0,2,0,0,0.4745647252981036,Normal
Latur,2005-08-01,2005,8,train,-0.6907421878547394,-0.6212800740269854,-0.3791366495261992,-0.13904081080317635,0.024533866467467854,0.41202654851168397,0,3,0,0,-0.23227321787199143,Normal
Latur,2005-09-01,2005,9,train,-1.2827674276706913,-0.39623799484689526,-0.024007723091116342,0.11832655544787908,-1.0388542082688073,0.2184331221351593,0,0,0,0,-0.40085127938241194,Normal
Latur,2005-10-01,2005,10,train,-1.0805055688359533,-0.4665000491864464,-0.6215856497464046,-0.9813779444465986,-1.5235476677480488,-0.5904824915833575,0,0,0,0,-0.8773332285911349,Wet
Latur,2005-11-01,2005,11,train,-1.3886896462468041,-0.4892201099739548,-0.3594768924617973,-0.4783200066992782,-1.5235476677480488,-0.907842622900394,0,1,0,0,-0.8578494910050463,Wet
Latur,2005-12-01,2005,12,train,-1.482573294403776,-0.33502370661223635,-0.11753360635483331,-0.42382197873987437,-1.5235476677480488,-0.796851344306092,0,2,0,0,-0.7798919330274768,Wet
Latur,2006-01-01,2006,1,train,1.4207507383034075,-0.3662942338562949,-0.4834364503991042,-0.08739157400306488,-0.65247029087384,-0.7648111845928862,0,0,0,0,-0.15560883257029712,Normal
Latur,2006-02-01,2006,2,train,1.0517875346451375,-0.2961382002162023,-0.2961932660932022,0.19386063709205353,-0.65247029087384,-0.1032066500155472,0,1,0,0,-0.017060039243600094,Normal
Latur,2006-03-01,2006,3,train,-0.7295928476525503,-0.4486017874081685,-0.6074373806038176,-1.2347022442219906,-1.1690849761692905,0.32528445143635415,0,0,0,0,-0.6440224641032439,Wet
Latur,2006-04-01,2006,4,train,-0.8988955529078043,-0.2993533164753591,-0.42514118386517824,-0.47911360578681744,-1.1690849761692905,0.5161602423873448,0,1,0,0,-0.4592380654695174,Normal
Latur,2006-05-01,2006,5,train,-1.73714098191405,-0.3275980325270164,-0.3857380771516797,-0.5333684771150126,-1.1504805807549354,1.1505630242474063,0,0,0,0,-0.497293854202548,Normal
Latur,2006-06-01,2006,6,train,-0.8142739009850495,-0.34162665764346994,-0.9857594172109821,-0.5037722421700517,-1.1504805807549354,1.339413287860206,0,1,0,0,-0.4094165851507137,Normal
Latur,2006-07-01,2006,7,train,-0.590530940927452,-0.7810453098779229,-3.463050805737017,-0.7357630772049515,-1.1504805807549354,-0.7998991597365985,0,2,0,0,-1.2534616457064793,Wet
Latur,2006-08-01,2006,8,train,-0.3301911789145317,-1.3233594780438442,1.4472245703790292,1.2860493924573613,-1.1504805807549354,-2.495494127959926,0,3,0,0,-0.42770856713947447,Normal
Latur,2006-09-01,2006,9,train,-0.9167759135789963,-0.7240192166283599,0.07781198016619362,-0.6165011879699098,-0.09884265049088475,-1.5512047122030512,0,0,0,0,-0.6382552834508347,Wet
Latur,2006-10-01,2006,10,train,-0.6935602067100693,-1.4159359845001125,-0.6320641672895041,-0.10123738470414645,-0.3779085817062056,-0.5990544724816588,0,0,0,0,-0.6366267995652829,Wet
Latur,2006-11-01,2006,11,train,-0.7737613284044751,-1.3694727838081937,-0.8443977972357792,-0.49271309583113637,-0.3779085817062056,-0.18884391399731817,0,1,0,0,-0.6745162501638515,Wet
Latur,2006-12-01,2006,12,train,0.28536189128562744,-1.1532840412203336,-0.15003042472577713,-0.4007231327061394,-0.3779085817062056,-0.2091944316114343,0,2,0,0,-0.3342964534473771,Normal
Latur,2007-01-01,2007,1,train,-1.0217607047873252,-1.0698966746963678,-0.06949732829751784,0.09021691805587685,-0.4762181237904796,-0.5997529301844838,0,0,0,0,-0.5244848072833829,Wet
Latur,2007-02-01,2007,2,train,1.2826807218472756,-0.9360043718124027,0.019231534390020937,-0.40770774878694177,-0.4762181237904796,0.2516733591741271,0,1,0,0,-0.044390771496400076,Normal
Latur,2007-03-01,2007,3,train,0.9321230664227224,-0.7656142959387222,0.08489946613222411,-0.3286132458479608,-0.6990791972803293,0.857604465220868,0,0,0,0,0.013553376451467017,Normal
Latur,2007-04-01,2007,4,train,1.3885070657282794,-0.6823178947485711,-0.11719322405627434,-0.10974145155421249,-0.6990791972803293,1.0781964566193019,0,1,0,0,0.14306195911803235,Normal
Latur,2007-05-01,2007,5,train,1.2305080671877513,-0.6054054559742689,-0.3244153601089652,0.3650843209078433,-0.269219745338133,1.821653884352199,0,0,0,0,0.3697009518377377,Normal
Latur,2007-06-01,2007,6,train,-0.9433338215955865,-1.1199147636027926,-0.07881138893635616,-0.5801091374253127,-0.269219745338133,0.8845268348570141,0,1,0,0,-0.35114367034019445,Normal
Latur,2007-07-01,2007,7,train,-0.7697842433881308,-1.221748827436708,-2.279234287065381,-0.7557301335306248,-0.269219745338133,0.7509626732305204,0,2,0,0,-0.7574590939214095,Wet
Latur,2007-08-01,2007,8,train,-0.9310207069287671,-0.27005901708694324,-0.8294937224561306,-1.5084801116297941,-0.269219745338133,0.26363603473886765,0,3,0,0,-0.5907728781168168,Wet
Latur,2007-09-01,2007,9,train,-0.8587623335721699,-0.4120399308330999,0.29737962461402245,-0.6093415720946673,-0.040091928129764524,0.31377259857071077,0,0,0,0,-0.21818059024082806,Normal
Latur,2007-10-01,2007,10,train,-0.6269385640935341,0.08693030868373394,0.0503550719192696,0.1739547072118253,-0.2016564146228452,0.22623679956035284,0,0,0,0,-0.04851968189019962,Normal
Latur,2007-11-01,2007,11,train,-0.419339258470498,0.2527757275073325,0.19895389920568035,0.09056234413537347,-0.2016564146228452,0.1328911023855914,0,1,0,0,0.009031233356772419,Normal
Latur,2007-12-01,2007,12,train,1.6637874347053199,0.19906937570155891,0.28394187947695615,0.01591712687032363,-0.2016564146228452,0.39970194486457183,0,2,0,0,0.39346022449931417,Normal
Latur,2008-01-01,2008,1,train,0.6543608371689035,0.07239604066267709,0.3045963121665035,0.06342003871574295,-0.18246451198487879,0.46736344742182934,0,0,0,0,0.22994536069179627,Normal
Latur,2008-02-01,2008,2,train,0.01817038873500963,0.014076605460700964,0.19429288314765966,-0.7169743878506115,-0.18246451198487879,1.0880129621517285,0,1,0,0,0.06918565660993474,Normal
Latur,2008-03-01,2008,3,train,-3.4418303783146786,-0.09093422002174674,-0.04255277345256566,-1.1878734115386653,-0.37595022429416797,1.978057612861056,0,0,0,0,-0.5268472324601281,Wet
Latur,2008-04-01,2008,4,train,-2.162985499646758,-0.23702032562155134,0.04189438309609897,-0.13215200898121487,-0.37595022429416797,1.4702217163682834,0,1,0,0,-0.23266532651321836,Normal
Latur,2008-05-01,2008,5,train,-1.070453892375641,-0.07483159733122124,0.24913791911140146,-0.30052585617941713,-0.4454719124214939,0.8204465154306017,0,0,0,0,-0.1369498039609617,Normal
Latur,2008-06-01,2008,6,train,2.0906238813619606,0.24817240764775655,0.6237808042838553,1.831607737150835,-0.4454719124214939,1.4210375948584744,0,1,0,0,0.9616250854802314,Moderate Stress
Latur,2008-07-01,2008,7,train,1.9772077250748707,1.3720305678499454,4.713854925000273,1.8607115305550603,-0.4454719124214939,1.120415049947307,0,2,0,0,1.7664579810009935,Severe Stress
Latur,2008-08-01,2008,8,train,1.134618664267276,0.517692173060934,0.9155671120486172,0.8514051098424107,-0.4454719124214939,0.941393991097894,0,3,0,0,0.652534189649273,Moderate Stress
Latur,2008-09-01,2008,9,train,-0.13699525686766154,0.3652149025537912,-0.7621576117009394,-0.6199493084711546,-0.5100977070187258,0.7794216498128792,0,0,0,0,-0.14742722194863514,Normal
Latur,2008-10-01,2008,10,train,-0.3329940399822951,0.7874945076888012,0.39697164452070954,0.22020175524660018,-0.26040713698396517,-0.1129279113157699,0,0,0,0,0.11638980319568015,Normal
Latur,2008-11-01,2008,11,train,-0.42036684162004273,0.9380724097098867,1.094207114283841,-0.10911420775140895,-0.26040713698396517,-0.5539150560327515,0,1,0,0,0.1147460469342599,Normal
Latur,2008-12-01,2008,12,train,0.43750827898675515,0.524828277868073,0.35566831820347977,0.883054433203502,-0.26040713698396517,-0.8778089416789387,0,2,0,0,0.17714053826648432,Normal
Latur,2009-01-01,2009,1,train,-0.7246329372651894,0.5375663603390736,0.00473492862824067,0.8705739139287891,-0.36752928742240754,-0.34059337435917336,0,0,0,0,-0.003313399358444491,Normal
Latur,2009-02-01,2009,2,train,-0.4272063207596155,0.5344658948898185,0.04369730946506794,0.7425813874525083,-0.36752928742240754,0.09633001645046696,0,1,0,0,0.10372316667930644,Normal
Latur,2009-03-01,2009,3,train,0.6602012378277177,0.5582678461886803,0.05889872038571405,0.247426689340941,-0.22907341839136858,-0.0018794861821470213,0,0,0,0,0.2156402648615896,Normal
Latur,2009-04-01,2009,4,train,1.0138099422169888,0.48113585616355564,0.4261376875575441,0.4959578501439817,-0.22907341839136858,-0.06454384135646832,0,1,0,0,0.3539040127223722,Normal
Latur,2009-05-01,2009,5,train,0.13766209043292998,0.37396248208011407,0.17401378985563623,-0.11351384892964454,0.024533866467467854,-0.40639443958072563,0,0,0,0,0.03171065672096298,Normal
Latur,2009-06-01,2009,6,train,0.4888497453867808,0.7594053969408343,0.518547353668367,0.19283264521586574,0.024533866467467854,-0.09010739327984725,0,1,0,0,0.3156769357332448,Normal
Latur,2009-07-01,2009,7,train,1.3142515571000972,0.6647800925392768,1.3446622806351252,-1.165919628526692,0.024533866467467854,0.6429557139119232,0,2,0,0,0.47087731368786634,Normal
Latur,2009-08-01,2009,8,train,0.9190920367885853,1.840347114634698,1.0294470172086951,2.270109490674619,0.024533866467467854,1.2169355548621805,0,3,0,0,1.2167441801060408,Moderate Stress
Latur,2009-09-01,2009,9,train,0.578853323168946,1.1577747541979795,0.2565210388736239,0.17781890033900932,1.63430365916216,1.280120578505882,0,0,0,0,0.8475653757079334,Moderate Stress
Latur,2009-10-01,2009,10,train,-0.01718731812106077,0.4571431394169285,0.17703201031882532,0.9894055234460676,1.2964870055857194,1.5308922922818176,0,0,0,0,0.7389621088213829,Moderate Stress
Latur,2009-11-01,2009,11,train,-0.039526034034602996,0.376689540220452,-0.032563101521205395,0.1906156024045912,1.2964870055857194,1.2994424584122002,0,1,0,0,0.5151909118445257,Moderate Stress
Latur,2009-12-01,2009,12,train,-0.12251839352663335,0.37932475815369227,-0.17503298134172146,0.02799976836596816,1.2964870055857194,1.582730553062359,0,2,0,0,0.4981651183832307,Normal
Latur,2010-01-01,2010,1,train,-0.6516069127236779,0.10882655309146365,-0.27700187569642465,-0.17982533969439674,1.3891173111750856,0.9070108232724848,0,0,0,0,0.21608675990408913,Normal
Latur,2010-02-01,2010,2,train,-0.23100673725111234,0.23586190914407454,0.12261580053191841,0.008096339020753414,1.3891173111750856,0.46473470661301797,0,1,0,0,0.3315698882056229,Normal
Latur,2010-03-01,2010,3,train,-1.2038598932943085,0.35335421580401644,0.6075015295631931,1.196965450571073,0.8284395841087949,-0.4861964069361723,0,0,0,0,0.21603407996943277,Normal
Latur,2010-04-01,2010,4,train,-0.7068434312411769,0.3416436063247538,0.4678060063369783,1.265933238999818,0.8284395841087949,-0.32151277984110216,0,1,0,0,0.3125777041146776,Normal
Latur,2010-05-01,2010,5,train,-0.5547094165775605,0.3141477040246462,0.492590902075515,0.496052334344974,0.5239150065369901,-0.9987183196533489,0,0,0,0,0.04554636845853599,Normal
Latur,2010-06-01,2010,6,train,-0.0485187933310462,0.45279199448502694,-0.46166779657558743,-0.5355572535592098,0.5239150065369901,-0.8733007146879795,0,1,0,0,-0.15705625952196767,Normal
Latur,2010-07-01,2010,7,train,-0.7892330172820943,-0.38181581169720574,-2.618001599657562,-2.502149217499344,0.5239150065369901,-1.0594396924907228,0,2,0,0,-1.1377873886816563,Wet
Latur,2010-08-01,2010,8,train,-1.2993694019665702,-1.1900889343847678,-0.43656458487807637,-0.6508881373163616,0.5239150065369901,-1.3884704170604096,0,3,0,0,-0.7402444115115325,Wet
Latur,2010-09-01,2010,9,train,-1.3775717850139286,-2.09386886083503,0.17297964937305912,-0.6495321746371147,-1.185731014171608,-1.8575101629690183,0,0,0,0,-1.16520572470894,Wet
Latur,2010-10-01,2010,10,train,-1.0185731730947818,-1.9778982204914783,-0.539307036269314,-1.4712512437228016,-0.9947911664979672,-1.7316988818438763,0,0,0,0,-1.2889199536533698,Wet
Latur,2010-11-01,2010,11,train,-0.543113630321226,-2.4677037979693495,-1.402666971967421,-1.5261105030474627,-0.9947911664979672,-1.2183388198833096,0,1,0,0,-1.3587874816144556,Wet
Latur,2010-12-01,2010,12,train,-0.3915048260448456,-2.1800572632931208,-0.5621900726628868,-1.394591825106832,-0.9947911664979672,-1.2883115824753686,0,2,0,0,-1.1352411226801702,Wet
Latur,2011-01-01,2011,1,train,-0.9641192267983549,-1.8124652902192542,-0.9972898465021642,-0.4887537589724908,-1.2987282368461621,-1.8734540474398584,0,0,0,0,-1.2391350677963808,Wet
Latur,2011-02-01,2011,2,train,-1.108729119267976,-1.4967550766162199,-0.8012681159218318,-1.3736638844532008,-1.2987282368461621,-1.1125097786744296,0,1,0,0,-1.1986090352966368,Wet
Latur,2011-03-01,2011,3,train,0.8775465272262581,-1.225630529580295,-0.6759662076541825,-0.1170992601505089,-0.7872052808220091,-0.4902919089209164,0,0,0,0,-0.4031077766502756,Normal
Latur,2011-04-01,2011,4,train,-1.5679034978516992,-1.076708315732721,-0.4735534117738187,-2.147515243216354,-0.7872052808220091,0.06289294133161032,0,1,0,0,-0.9983321346774986,Wet
Latur,2011-05-01,2011,5,train,-0.8044673690466492,-0.9597983290442259,-0.5828971548301951,-1.2280406190476707,-0.5042226347826139,0.49242537972227063,0,0,0,0,-0.5978334545048473,Wet
Latur,2011-06-01,2011,6,train,1.0201934997004056,-0.7505256551164251,-0.1520981254756537,-0.8615763002996518,-0.5042226347826139,0.5054547906876886,0,1,0,0,-0.1237957375477084,Normal
Latur,2011-07-01,2011,7,train,0.20648076228890844,-0.48354238338484856,2.4721118919860214,-1.137527046206413,-0.5042226347826139,-1.3371718735956863,0,2,0,0,-0.13064521394910536,Normal
Latur,2011-08-01,2011,8,train,-0.05895677362624394,-0.24800371174799865,-1.2452226608511376,-0.8841872172458743,-0.5042226347826139,-1.4904769897501962,0,3,0,0,-0.7385116646673442,Wet
Latur,2011-09-01,2011,9,train,-0.16553719408281026,-0.5290441047346943,-0.44318294855337476,0.6953203482383653,-0.891977402366007,-1.495486836364093,0,0,0,0,-0.4716513563104357,Normal
Latur,2011-10-01,2011,10,train,0.6459900252502532,0.6043904691148096,0.1963631397331291,0.33748930797146126,-0.8185389994146068,-1.2902418655813566,0,0,0,0,-0.054091320487718364,Normal
Latur,2011-11-01,2011,11,train,1.3529366936881966,0.6852460340411413,0.9687490190864043,0.7463313307990416,-0.8185389994146068,-1.1612875247935028,0,1,0,0,0.2955727589011124,Normal
Latur,2011-12-01,2011,12,train,0.7697468912685361,0.5031373564933757,0.9148844271888575,0.22004722626481685,-0.8185389994146068,-0.9721959757924569,0,2,0,0,0.10284682100142038,Normal
Latur,2012-01-01,2012,1,train,1.4205329298120382,0.28133716971436157,-0.0007407116339811056,-0.3073037206632168,-1.2987282368461621,-0.814814406499643,0,0,0,0,-0.11995282935276719,Normal
Latur,2012-02-01,2012,2,train,1.197403909785427,0.20204207160655943,-0.11158763136366447,-0.29122605475498786,-1.2987282368461621,-0.3343644015730743,0,1,0,0,-0.10607672385765039,Normal
Latur,2012-03-01,2012,3,train,0.8479872474650598,0.2454889939283066,0.14699547310440714,-0.198987605398582,-0.258448779571928,0.3153790512872069,0,0,0,0,0.18306906346907845,Normal
Latur,2012-04-01,2012,4,train,-0.1597314749852522,0.1884880508383826,-0.03394437693345586,-0.7478244492086333,-0.258448779571928,0.8102744314312841,0,1,0,0,-0.03353109973826712,Normal
Latur,2012-05-01,2012,5,train,0.6038319371316937,0.15701356335807337,-0.040166449208820815,-0.2528505869698503,-0.06359221707421157,0.5749068848103702,0,0,0,0,0.16319052200787576,Normal
Latur,2012-06-01,2012,6,train,0.8776438830606538,0.4183445161923586,0.8046565156766358,0.8005728052095493,-0.06359221707421157,0.1874342993607094,0,1,0,0,0.5041766337376158,Moderate Stress
Latur,2012-07-01,2012,7,train,0.487195342168081,1.1797541662603634,-2.4415988985632118,-2.251070076667432,-0.06359221707421157,0.5830470918560169,0,2,0,0,-0.41771076533673224,Normal
Latur,2012-08-01,2012,8,train,0.6508164315061663,2.587593742747685,-1.6737755375942545,-1.6079200973554084,-0.06359221707421157,0.8351014279589569,0,3,0,0,0.12137062503148897,Normal
Latur,2012-09-01,2012,9,train,0.4143206453560259,2.658421378809802,-0.47597798483158316,-1.4110893845046495,0.07740951659247591,0.6631284422925912,0,0,0,0,0.32103543561911035,Normal
Latur,2012-10-01,2012,10,train,0.4723825264886975,1.935107005659445,-0.2351104071142994,-0.4474602256563056,-0.14290569226172473,0.6093091014822197,0,0,0,0,0.3652203847663387,Normal
Latur,2012-11-01,2012,11,train,-0.13591376286338466,1.649746482410255,-0.47591728473826816,-0.7036722104981544,-0.14290569226172473,0.6073026229904691,0,1,0,0,0.13310669250653204,Normal
Latur,2012-12-01,2012,12,train,-0.5702147460459417,1.7009894328245856,-0.5909366147849142,-0.1853049432102842,-0.14290569226172473,0.5944763997204178,0,2,0,0,0.13435063937368974,Normal
Latur,2013-01-01,2013,1,train,-0.5853839952355027,1.5426930194489177,-0.4314087223594285,0.015494720326707463,-0.21183987316543876,0.3417363051456143,0,0,0,0,0.11188190902681161,Normal
Latur,2013-02-01,2013,2,train,0.9424190871054208,1.4250361628633446,0.16137274903193816,-0.33683034730253125,-0.21183987316543876,0.18147836004025936,0,1,0,0,0.36027268976216553,Normal
Latur,2013-03-01,2013,3,train,0.4626188785673201,1.393377512475187,0.3076260316757471,0.2757574521266273,0.38780916640039365,-0.4098105327090873,0,0,0,0,0.40289641808936466,Normal
Latur,2013-04-01,2013,4,train,-1.4287819378366586,1.2467159951770552,0.17836873956146082,0.3504047896227258,0.38780916640039365,-0.9202180234713492,0,1,0,0,-0.03095021175772872,Normal
Latur,2013-05-01,2013,5,train,-0.43133904137638057,1.142628753521051,0.0981372736433208,0.05517627636900395,0.25953675591194875,-0.4044895549366597,0,0,0,0,0.11994174385538071,Normal
Latur,2013-06-01,2013,6,train,-1.6386073825661782,0.07802603181789872,-0.44483090899428906,-0.4688122562200479,0.25953675591194875,-0.3207889236763575,0,1,0,0,-0.42257944728783753,Normal
Latur,2013-07-01,2013,7,train,-1.7624550498475726,-1.2961367423994286,-2.4569826563993344,-0.5060685578891218,0.25953675591194875,0.06387078211556596,0,2,0,1,-0.9497059114179903,Wet
Latur,2013-08-01,2013,8,train,-1.4249728512681763,-2.4672234448753216,-0.45860642168430177,-1.2584813600747107,0.25953675591194875,-0.45193388180488664,0,3,0,0,-0.9669468672992413,Wet
Latur,2013-09-01,2013,9,train,-0.560421753124088,-1.473602007135571,-0.38987883033228266,-0.2981801205083099,-0.040091928129764524,-0.7227703804983285,0,0,0,0,-0.5808241699547241,Wet
Latur,2013-10-01,2013,10,train,0.046870449168798775,-1.5008627031994317,-1.2473916466354644,-0.6839652530901936,-0.23103177580340517,-0.5786722067901429,0,0,0,0,-0.6991755227249733,Wet
Latur,2013-11-01,2013,11,train,-0.12390363766220269,-1.4828043377155653,-1.298343625160912,-1.1104538698716298,-0.23103177580340517,0.0760302957601924,0,1,0,0,-0.6950844917422537,Wet
Latur,2013-12-01,2013,12,train,0.024429967980425456,-1.3387700208612299,-1.753563745875552,-1.343892599266888,-0.23103177580340517,-0.734085395284086,0,2,0,0,-0.896152261518456,Wet
Latur,2014-01-01,2014,1,train,1.088465701190462,-1.2163634928040024,-1.231258198781411,-1.4074245739642586,-0.4762181237904796,-0.35554671881509914,0,0,0,0,-0.5997242344941315,Wet
Latur,2014-02-01,2014,2,train,0.5575150128282973,-1.1005629999652946,-0.9358028946597146,-1.9805611127720228,-0.4762181237904796,-0.13301809469519574,0,1,0,0,-0.6781080355090684,Wet
Latur,2014-03-01,2014,3,train,-1.5757517131066572,-1.5086646014802418,-1.5721268646573674,-2.2031528871619575,-0.9634574479053696,0.2259447172482628,0,0,0,0,-1.2662014661772218,Wet
Latur,2014-04-01,2014,4,train,-1.652977304608282,-1.040087131927417,-1.4531976718023687,-1.1122725349665972,-0.9634574479053696,1.0342888655735598,0,1,0,0,-0.8646172042727458,Wet
Latur,2014-05-01,2014,5,train,-0.9380981158855233,-0.9420807120892395,-0.9080084933384766,-0.7125491301383394,-0.8861023301298951,0.6151951950323867,0,0,0,0,-0.6286072644248479,Wet
Latur,2014-06-01,2014,6,train,0.7527840837826751,-0.34748516806361224,-0.23441571894849228,-0.6047625855001231,-0.8861023301298951,0.2894408720504943,0,1,0,0,-0.17175680780149225,Normal
Latur,2014-07-01,2014,7,train,0.9885394601393978,0.1632291976898391,-0.24703589028211456,2.8641601389684146,-0.00973738824318572,0.16235331821382817,0,0,0,0,0.6535848060810298,Moderate Stress
Latur,2014-08-01,2014,8,train,0.7480117455156076,0.07295089885499641,0.2670102089569004,1.6622458453847928,-0.00973738824318572,1.057877687082589,0,1,0,0,0.6330598329252833,Moderate Stress
Latur,2014-09-01,2014,9,train,0.6142249937433292,-0.7883079218833695,0.44330556016449923,1.7195075999793008,1.0174210743703984,1.037057297922936,0,0,0,0,0.6738681007161823,Moderate Stress
Latur,2014-10-01,2014,10,train,0.8315359939996714,0.5853853007420387,1.24853083222574,1.2644229041695119,1.178985560863479,1.186012927473493,0,0,0,0,1.049145586578989,Moderate Stress
Latur,2014-11-01,2014,11,train,0.8495366567294443,0.29088451383818725,0.9566341223121002,0.6683570688666406,1.178985560863479,0.9004643697123749,0,1,0,0,0.807477048720371,Moderate Stress
Latur,2014-12-01,2014,12,train,-0.07650432687662427,0.13004622898157503,0.5567741970529558,0.4501992107457103,1.178985560863479,1.0354571948219204,0,2,0,0,0.545826344264836,Moderate Stress
Latur,2015-01-01,2015,1,train,-1.1704816840347296,-0.07873564880431284,0.2539646686614221,0.1963285404552934,0.9337992128764047,0.8163383142148986,0,0,0,0,0.1585355672281627,Normal
Latur,2015-02-01,2015,2,train,-1.4062107717907484,-0.09687682156381464,0.11195467660226424,0.7439587544336818,0.9337992128764047,0.9336220617501002,0,1,0,0,0.20337451871798132,Normal
Latur,2015-03-01,2015,3,train,0.4254853709170156,-0.1953997628691747,0.19185582160873232,0.8093136479297858,0.6815627782059945,0.25423225421265616,0,0,0,0,0.36117501833416826,Normal
Latur,2015-04-01,2015,4,train,-0.25147059466003274,-0.4032191238464981,0.03236287958331635,-0.8267571383655533,0.6815627782059945,-0.19236160097336297,0,1,0,0,-0.15998046667602267,Normal
Latur,2015-05-01,2015,5,train,-0.1579513744781731,-0.25872002985385234,0.020454672648386678,0.05856702785308596,1.0820468689676315,-0.7323202021805839,0,0,0,0,0.00201282715941579,Normal
Latur,2015-06-01,2015,6,train,-0.01382167568554497,-0.4636273808045398,-0.2878207459348394,1.4279418034277331,1.0820468689676315,-0.8623476279845955,0,1,0,0,0.14706187366430748,Normal
Latur,2015-07-01,2015,7,train,2.0054606081474153,0.8557697403651172,2.874597619746602,2.381743885954811,1.0820468689676315,0.21635679787312603,0,2,0,0,1.5693292535091174,Severe Stress
Latur,2015-08-01,2015,8,train,2.2867682967543153,2.269840803920862,1.8793741824767738,2.938194773805691,1.0820468689676315,0.8771993785928374,0,3,0,0,1.8889040507530188,Severe Stress
Latur,2015-09-01,2015,9,train,1.4402887393166832,2.149352383120054,0.834007626326369,1.5366378955628675,1.6049282979816,1.502420616468496,0,0,0,0,1.511272593129345,Severe Stress
Latur,2015-10-01,2015,10,train,0.513666269460355,2.3286216314353463,0.9882356893614634,2.0078796572142608,1.8252435068358006,2.1522656631764603,0,0,0,0,1.635985402913948,Severe Stress
Latur,2015-11-01,2015,11,train,-0.13991371286275353,2.3213669751032198,1.4581887488646377,1.9061832046420724,1.8252435068358006,1.8921473154136363,0,1,0,0,1.5438693396661023,Severe Stress
Latur,2015-12-01,2015,12,train,0.7409736047183929,2.0061474012201885,1.6046792518858854,1.9709475978207627,1.8252435068358006,1.743312328557204,0,2,0,0,1.648550615173039,Severe Stress
Latur,2016-01-01,2016,1,train,0.20179507190882603,1.6882954274026623,2.0063207329792783,1.6393694501651792,1.4038049917653659,0.9813013243910971,0,0,0,0,1.3201478331020682,Moderate Stress
Latur,2016-02-01,2016,2,train,-0.08656850005886792,1.5089013390851538,1.4799191118708923,0.7522639517700123,1.4038049917653659,-0.7081980129712158,0,1,0,0,0.7250204802435568,Moderate Stress
Latur,2016-03-01,2016,3,train,-0.7599650530141017,1.3790424510193855,0.8552156079564538,1.5375590631118405,1.7390757807061579,-2.0462016861948125,0,0,0,0,0.45078769393082063,Normal
Latur,2016-04-01,2016,4,train,-0.8723907019470819,1.237094814226099,0.7561376739013826,2.1177948785613028,1.7390757807061579,-2.1897283945097774,0,1,0,0,0.4646640084896805,Normal
Latur,2016-05-01,2016,5,train,-0.540441418726988,1.0971238470016942,0.728693362566011,0.8290161275434081,1.7870555373010728,-2.015450498424091,0,0,0,0,0.31433282621018455,Normal
Latur,2016-06-01,2016,6,train,-0.7124571965568121,1.1391460560088782,1.0056250148785295,-0.7406328110212299,1.7870555373010728,-1.81202786728418,0,1,0,0,0.11111812222104304,Normal
Latur,2016-07-01,2016,7,train,-1.6143206001506687,-0.047631376817317536,-2.3528006391580902,1.1651240711326816,1.7870555373010728,-1.2088778928177764,0,2,0,0,-0.37857515008501635,Normal
Latur,2016-08-01,2016,8,train,-0.40898498014420315,-0.4654414612464905,-0.6080814533956448,-0.7158714344886998,1.7870555373010728,-1.3318953431316207,0,3,0,0,-0.2905365225175977,Normal
Latur,2016-09-01,2016,9,train,-0.947157786163468,-0.08132175686911247,0.46241088654731133,-0.873396084175645,-1.0976049306299276,-1.404814327306505,0,0,0,0,-0.6569806664328911,Wet
Latur,2016-10-01,2016,10,train,0.09446982370104297,-1.3966080873347695,0.8497688460891458,-0.3736006545068158,-1.3472955006646885,-1.9225683231793855,0,0,0,0,-0.682638982649245,Wet
Latur,2016-11-01,2016,11,train,-0.9504895294262132,-0.9334729532659009,0.5820231305439353,0.2904788602689393,-1.3472955006646885,-1.907716572571143,0,1,0,0,-0.7110787608525119,Wet
Latur,2016-12-01,2016,12,train,0.3539461736305914,-0.8655758072063648,-0.00776763099625567,-0.22854886920140208,-1.3472955006646885,-2.08741069066146,0,2,0,0,-0.6971087208499299,Wet
Latur,2017-01-01,2017,1,train,-0.10271384409402283,-0.9006287976158208,-0.6209434270381832,-0.7573539144045698,-2.5324934064296856,-1.8923124054161213,0,0,0,0,-1.134407632499734,Wet
Latur,2017-02-01,2017,2,train,-1.5547975621151056,-0.8255734057180996,-0.9451679808893707,-0.13626029556497782,-2.5324934064296856,-1.499772826813243,0,1,0,0,-1.249010912921747,Wet
Latur,2017-03-01,2017,3,train,0.3965908448630063,-0.6919309798202039,-0.49861662695051595,-0.6649385908744538,-1.4334632267943315,-1.0872827563715022,0,0,0,0,-0.6632735559913335,Wet
Latur,2017-04-01,2017,4,train,0.8756054455341188,-0.5932424359615509,-0.12481235184782176,0.3398375782139032,-1.4334632267943315,-0.04606646030901984,0,1,0,0,-0.16369024186078365,Normal
Latur,2017-05-01,2017,5,train,1.3833004318334725,-0.5320039781794929,-0.281934927865703,-0.027353346101236024,-1.4442341925605364,0.26583935131050523,0,0,0,0,-0.10606444359383176,Normal
Latur,2017-06-01,2017,6,train,-0.5957267735754334,-1.4796195625666202,-1.7367454599263172,-0.5334823238731808,-1.4442341925605364,0.7741387697333341,0,1,0,0,-0.8359449237947923,Wet
Latur,2017-07-01,2017,7,train,0.5130313396770272,-1.2341417694842955,-2.002991196411774,0.04883097045161377,-1.4442341925605364,0.14206629675451385,0,2,0,0,-0.662906425262242,Wet
Latur,2017-08-01,2017,8,train,0.3195213835306385,-0.18196431352653647,-1.4568250829692841,-1.3466893744728137,-1.4442341925605364,-0.38802500199644047,0,3,0,0,-0.7497027636658288,Wet
Latur,2017-09-01,2017,9,train,0.9684846117139426,-0.9126377062250386,-0.32342214489830556,0.4284805742101507,-1.0388542082688073,-0.5131378254187587,0,0,0,0,-0.23184778314780283,Normal
Latur,2017-10-01,2017,10,train,-0.20540436166176257,-1.187283399031543,-0.7376948423950028,-0.8750900969026881,-1.4060462230258086,-0.7740181270392099,0,0,0,0,-0.8642561750093359,Wet
Latur,2017-11-01,2017,11,train,-0.20696684841652524,-1.0331416596952232,-0.3726196385788967,-0.20874162074071614,-1.4060462230258086,-0.982895077876633,0,1,0,0,-0.7017351780556339,Wet
Latur,2017-12-01,2017,12,train,-0.7071745832960701,-0.8622355907454485,-0.7073862548007823,-0.38685250470320215,-1.4060462230258086,-0.9341935271433208,0,2,0,0,-0.8339814472857721,Wet
Latur,2018-01-01,2018,1,validation,1.340028786499344,-0.8182766738656249,-0.8612165573236559,-0.4783623051872512,-0.3587166790682392,-0.6299453517929446,0,0,0,0,-0.30108146345639525,Normal
Latur,2018-02-01,2018,2,validation,-1.6352073722298424,-0.7938418857137023,-0.9942002065534353,-0.7752010287107058,-0.3587166790682392,-0.6657190854085226,0,1,0,0,-0.8704810429474078,Wet
Latur,2018-03-01,2018,3,validation,-1.3964769397982042,-0.616575244405052,-0.31478249087319154,-0.20755246006141276,-0.9634574479053696,-0.888984264924131,0,0,0,0,-0.7313048079945602,Wet
Latur,2018-04-01,2018,4,validation,-1.290357922567113,-0.5830155122968884,-0.23501806454889243,-0.886512394872324,-0.9634574479053696,-0.3978986540681879,0,1,0,0,-0.7260433327097959,Wet
Latur,2018-05-01,2018,5,validation,-0.26191371033179756,-0.4946890692345594,-0.4182441136453628,-1.1268027013542044,-1.0917298583938155,0.09525693143430825,0,0,0,0,-0.5496870869209052,Wet
Latur,2018-06-01,2018,6,validation,-1.0366949921482451,-0.9642895668606035,-1.937122990745511,-0.8004829030608005,-1.0917298583938155,0.14362195254716878,0,1,0,0,-0.9477830597769678,Wet
Latur,2018-07-01,2018,7,validation,-0.1838888585799947,-1.787473852085588,-1.7567530095509412,-5.052350885558886,-1.0917298583938155,0.38674872928491616,0,2,0,0,-1.5809079558140515,Very Wet
Latur,2018-08-01,2018,8,validation,-0.3938374241971842,-1.1493249372880505,-1.2822060188479059,-2.818217691893759,-1.0917298583938155,0.3062102065337646,0,3,0,0,-1.0715176206811583,Wet
Latur,2018-09-01,2018,9,validation,0.8622765873221525,-0.15572033067442062,0.8702953530840264,1.4600230605718714,0.7236674625647976,0.27900845381648826,0,0,0,0,0.6732584311141526,Moderate Stress
Latur,2018-10-01,2018,10,validation,0.92312867791861,1.2395711829485418,1.9464660147717883,2.1828821791355306,1.3552377279468395,0.696743306644894,0,0,0,0,1.3906715148943674,Moderate Stress
Latur,2018-11-01,2018,11,validation,1.9377493642817993,1.02380873568972,1.3673881427207386,1.5057130588239827,1.3552377279468395,0.6299707502548663,0,1,0,0,1.3033112966196576,Moderate Stress
Latur,2018-12-01,2018,12,validation,0.9346980192530949,0.6333070663965106,1.2493601461186519,-0.13409922732581228,1.3552377279468395,1.1064141478134148,0,2,0,0,0.8574863133671166,Moderate Stress
Latur,2019-01-01,2019,1,validation,0.3545467667371659,0.3284335339047488,1.1126256169433428,0.6189063845868997,1.168802102320885,0.358499290013403,0,0,0,0,0.6569689490844076,Moderate Stress
Latur,2019-02-01,2019,2,validation,0.21159495692429814,0.19363319643777913,0.837980997245129,0.3491512405256546,1.168802102320885,0.631983578362097,0,1,0,0,0.5655243453026405,Moderate Stress
Latur,2019-03-01,2019,3,validation,0.646088992709218,0.19966836512169217,0.630783178805148,0.9425215452701394,0.5640613334837545,0.7416922346293926,0,0,0,0,0.6208026083365574,Moderate Stress
Latur,2019-04-01,2019,4,validation,-0.4073880052489001,0.15283636095086683,0.46642171346262523,1.2891976222138755,0.5640613334837545,-0.8339267490951162,0,1,0,0,0.20520037929451762,Normal
Latur,2019-05-01,2019,5,validation,0.28352385376824896,0.14866606459767157,0.5880913704500682,0.9545781461487711,0.20078603355082877,-1.4450327917582388,0,0,0,0,0.12176877945955826,Normal
Latur,2019-06-01,2019,6,validation,0.2385349624374692,0.4658010452765522,0.7762774510449345,0.8028213045372963,0.20078603355082877,-1.4178119901945212,0,1,0,0,0.17773480110875994,Normal
Latur,2019-07-01,2019,7,validation,0.9171346241241506,-0.004469842031303188,3.449816204907175,2.7292129528724534,0.20078603355082877,-0.7814217786891501,0,2,0,0,1.0851763657890257,Moderate Stress
Latur,2019-08-01,2019,8,validation,0.9901168396507055,-0.9920788516742448,-0.517427274120896,0.66465659108888,0.20078603355082877,1.1329301420588276,0,3,0,0,0.24649724675901685,Normal
Latur,2019-09-01,2019,9,validation,0.021710295095241833,-1.1253069726220166,-0.2748454581298873,-0.007314178766779345,1.0174210743703984,1.205449100458456,0,0,0,0,0.1395189767342355,Normal
Latur,2019-10-01,2019,10,validation,-0.9798401221185349,-2.138293670149818,-1.8214337610934481,-0.6326802901962657,1.0174210743703984,1.270018340276847,0,1,0,0,-0.5474680714851369,Wet
Latur,2019-11-01,2019,11,validation,-1.4791637851889579,-3.3475677108529682,-1.1932507138751782,-0.8235243317929017,1.0174210743703984,0.7476926212582045,0,2,0,0,-0.8463988076802339,Wet
Latur,2019-12-01,2019,12,validation,-1.1237667966411273,-2.669846085886752,-1.2165260665414386,-1.159470192422271,1.0174210743703984,0.868589300001654,0,3,0,0,-0.7139331278532562,Wet
Latur,2020-01-01,2020,1,validation,0.533370878763884,-2.5049024501932093,-1.5361665178502568,-1.1839925687673527,0.8750484905152842,0.5598455968912811,0,0,0,0,-0.5427994284400618,Wet
Latur,2020-02-01,2020,2,validation,0.46327600902336075,-2.1246336179679224,-1.2289841144299993,-1.2419058274200234,0.8750484905152842,0.7686590515739017,0,1,0,0,-0.4147566681175665,Normal
Latur,2020-03-01,2020,3,validation,-0.22176752778312445,-1.770008989036745,-0.6351763019209521,-0.8922003594580326,0.8750484905152842,1.3616369420409868,0,2,0,0,-0.21374462427376387,Normal
Latur,2020-04-01,2020,4,validation,-0.24540436990626605,-1.521135918121216,-0.3052155927849808,0.2788533436724358,0.8750484905152842,0.24700004218068256,0,3,0,0,-0.11180900074067672,Normal
Latur,2020-05-01,2020,5,validation,0.015295293976426823,-1.3197489391124464,-0.23334643060058613,-0.31039541926467407,0.08328458882858782,-0.4019179606671693,0,0,0,0,-0.3611381444733102,Normal
Latur,2020-06-01,2020,6,validation,-1.0194125561551948,-1.7391704265609544,-1.5315885838674663,-0.21406245871048715,0.08328458882858782,0.5961272997452758,0,1,0,0,-0.63747035612004,Wet
Latur,2020-07-01,2020,7,validation,-0.6908072079017736,-2.223059331022202,-4.923643388106873,-4.247491034113904,0.08328458882858782,0.53675839500519,0,2,0,0,-1.9108263295518293,Very Wet
Latur,2020-08-01,2020,8,validation,-0.13501879491210964,-2.316331943441852,-1.0839890682716158,-2.0615327057358956,0.08328458882858782,-0.158200669689762,0,3,0,0,-0.9452980988704414,Wet
Latur,2020-09-01,2020,9,validation,-0.372054329783351,-2.500742988876463,0.45360725040596883,0.5290565330652226,0.08328458882858782,-0.1887359705341545,1,4,0,0,-0.3325974861490316,Normal
Latur,2020-10-01,2020,10,validation,-1.0101298026860557,-2.9304309316978068,0.08622049808365366,-0.5806170813029314,0.09209719718275591,-0.5096201384427147,0,0,0,0,-0.8087467098105164,Wet
Latur,2020-11-01,2020,11,validation,-1.580426409714777,-2.461173165203478,-0.23348670719353343,-0.631191512738057,0.09209719718275591,-1.2177673544900889,0,1,0,0,-1.005324658692863,Wet
Latur,2020-12-01,2020,12,validation,-0.9615676488320727,-2.0311184852821125,-0.5394372235522424,-0.6225707528180686,0.09209719718275591,-0.9291455828365422,0,2,0,0,-0.8319570826897138,Wet
Latur,2021-01-01,2021,1,test,1.432771403841182,-1.8724691996541403,-1.697241454256455,-0.9122279107523663,0.40504271162632294,-0.37126201712865103,0,0,0,0,-0.502564411054018,Wet
Latur,2021-02-01,2021,2,test,1.1262772950803919,-1.687198887317909,-1.599444045532141,-0.7829003357574846,0.40504271162632294,-0.30026696644427475,0,1,0,0,-0.4730817047241824,Normal
Latur,2021-03-01,2021,3,test,0.8442127215996786,-1.4072056799962958,-0.20489691933632367,-0.6994571687633925,-0.8753313643636896,0.011168973629712847,0,0,0,0,-0.38858490620505165,Normal
Latur,2021-04-01,2021,4,test,0.04569950195566631,-1.269891381842198,-0.9026615605956283,-1.721849855391442,-0.8753313643636896,0.3721509632958822,0,1,0,0,-0.7253139494902348,Wet
Latur,2021-05-01,2021,5,test,-0.822975510754392,-1.1971041353276963,-1.6525776122735338,-2.139542805971539,-0.12234293943533257,0.9565505232491861,0,0,0,0,-0.8296654134188847,Wet
Latur,2021-06-01,2021,6,test,-1.0700619970881249,-1.1239013327587772,-4.251062854690531,-2.8100880674997897,-0.12234293943533257,1.4151324524618674,0,1,0,0,-1.327054123168448,Wet
Latur,2021-07-01,2021,7,test,-1.3336659164863593,-2.212461168624277,-2.7705079582143393,0.531698099306653,-0.12234293943533257,0.25502595614768503,0,2,0,0,-0.9420423212176616,Wet
Latur,2021-08-01,2021,8,test,-0.6293414173480474,-1.9560942877919676,-2.5276634077178737,-1.6697748280731526,-0.12234293943533257,-0.5494639755811159,0,3,0,0,-1.2424468093245815,Wet
Latur,2021-09-01,2021,9,test,-0.8121788995920204,-2.5127137613119315,0.01796663815070179,-0.3249488113440293,-1.9788657660467301,-0.8338251552474315,0,0,0,0,-1.0740942925652401,Wet
Latur,2021-10-01,2021,10,test,-0.40264787096253,-2.272678912372494,-0.6608951480297515,-0.8781990148399267,-1.9788657660467301,-1.4118687501050329,0,1,0,0,-1.2675259103927443,Wet
Latur,2021-11-01,2021,11,test,-0.9160203685813072,-1.7318543873797796,-0.8053596527588139,-1.4413947774873526,-1.9788657660467301,-1.2778664650104012,0,2,0,0,-1.3585602362107307,Wet
Latur,2021-12-01,2021,12,test,-0.01156430560527157,-1.6816438842481962,-1.5663683629454401,-1.4576672498683536,-1.9788657660467301,-0.9672432757178822,0,3,0,0,-1.2772254740719788,Wet
Latur,2022-01-01,2022,1,test,-0.20781430821132815,-1.676755510961861,-2.0411532113152857,-1.8914122130279738,-2.356241239346325,-0.8765326689674137,0,0,0,0,-1.508318191971698,Very Wet
Latur,2022-02-01,2022,2,test,1.0465403901177113,-1.5252805972457117,-0.8076267136394596,-1.611435650607842,-2.356241239346325,-1.2630909097879222,0,1,0,0,-1.086189120084925,Wet
Latur,2022-03-01,2022,3,test,0.9148463996074083,-1.2873763129303741,-0.5432100265729775,-0.7926091778360341,-2.373474784572254,-0.7620237033970684,0,0,0,0,-0.80730793428355,Wet
Latur,2022-04-01,2022,4,test,-0.43267563159551614,-1.1269955074580362,-0.8988664144887485,-1.9294872198790556,-2.373474784572254,0.45006074523822087,0,1,0,0,-1.051906468792565,Wet
Latur,2022-05-01,2022,5,test,-1.0942087252718613,-1.0141681824913469,-0.6514699119662417,-2.969906539382309,-1.6792370820050173,0.7937781304136643,0,0,0,0,-1.1025353851171855,Wet
Latur,2022-06-01,2022,6,test,-1.0439146115136588,-0.7378923686431933,-1.412835283180317,-1.3839194333459386,-1.6792370820050173,0.2012447130301946,0,1,0,0,-1.009425677609655,Wet
Latur,2022-07-01,2022,7,test,-1.966514972943162,-3.036795443379022,-0.2590216239655848,-1.8648444162585187,-1.6792370820050173,-1.96197403684965,0,2,0,0,-1.7947312625668257,Very Wet
Latur,2022-08-01,2022,8,test,-1.1582077079640747,-3.8805275699873394,-1.0272768412126474,-0.7837647025874777,-1.6792370820050173,-2.8662799239275616,0,3,0,0,-1.8992156379473528,Very Wet
Latur,2022-09-01,2022,9,test,-1.1392430282444443,-3.1088968011205584,-0.7232229142596189,-0.5159758184294705,-1.215106375352168,-2.8879575111770426,0,0,0,0,-1.598400408097217,Very Wet
Latur,2022-10-01,2022,10,test,-0.8267789867057395,-3.011778502323116,0.11898064987104476,-0.921618338644384,-1.215106375352168,-2.956444463746731,0,1,0,0,-1.4687910028168492,Wet
Latur,2022-11-01,2022,11,test,-1.2252053765020334,-2.5874301500264014,0.14193841671902357,-0.58033786059009,-1.215106375352168,-1.7376103738559643,0,2,0,0,-1.2006252866012723,Wet
Latur,2022-12-01,2022,12,test,-1.2139869853903535,-2.1943251639457793,-0.6325136907943982,-0.4343628849439893,-1.215106375352168,-1.7310067737565316,0,3,0,0,-1.2368836456972032,Wet
Latur,2023-01-01,2023,1,test,0.8071651723876418,-1.9920741566383833,-1.8301322025983828,-1.5262130744030988,-1.651232571012883,-1.8964079074008662,0,0,0,0,-1.348149123277662,Wet
Latur,2023-02-01,2023,2,test,-0.04918924613319192,-1.7392120717960808,-1.1465471228363104,-1.3047864650935173,-1.651232571012883,-0.5548547991238257,0,1,0,0,-1.0743037126659682,Wet
Latur,2023-03-01,2023,3,test,-0.45847708358930966,-1.5895949870127837,-0.6833884545436892,-2.2159249928560287,-2.020970450405533,-0.6655412961750774,0,0,0,0,-1.272316210763737,Wet
Latur,2023-04-01,2023,4,test,-1.8333704772060382,-1.4691601573904314,-1.3932941434881678,-2.343811217128962,-0.9281812466280133,0.6741704236126996,0,0,0,0,-1.215607803038152,Wet
Latur,2023-05-01,2023,5,test,-0.9403406692390464,-1.5783869003904405,-1.619060225775292,-2.126895265990852,-1.2092313031160555,2.6310393696162513,0,0,0,0,-0.8071458324825725,Wet
Latur,2023-06-01,2023,6,test,1.2539565845502048,-0.8396850747017301,-0.9755392106990354,-1.2904990531803169,-1.2092313031160555,1.2328349920246588,0,1,0,0,-0.3046938441870457,Normal
Latur,2023-07-01,2023,7,test,-1.3267606911623095,-1.5867300319400448,0.20773050427049397,-3.052082865029534,-1.2092313031160555,1.425101348765819,0,2,0,0,-0.923662173035272,Wet
Latur,2023-08-01,2023,8,test,-0.08629185288010541,-1.778943800634735,-1.5901284666251827,-0.8532497177645799,-1.2092313031160555,1.5769587525908364,0,3,0,0,-0.6568143980716371,Wet
Latur,2023-09-01,2023,9,test,-1.0611468356921394,-1.191969573305725,0.07969031429089886,-1.0105796926504247,0.37116312839807675,1.4838479911888434,0,0,0,0,-0.2214991112950783,Normal
Latur,2023-10-01,2023,10,test,1.333539571405489,-1.3114142159166493,0.5556329176025926,0.37190769055102224,0.37116312839807675,1.075910595046423,0,1,0,0,0.3994566145144924,Normal
Latur,2023-11-01,2023,11,test,-0.17873799365453763,-0.9533218354907411,-0.058930079804027535,-1.1539583943527336,0.37116312839807675,1.1760059334766615,0,2,0,0,-0.1329632069045503,Normal
Latur,2023-12-01,2023,12,test,0.5469055670485997,-1.1544657667487892,-0.8852913204325485,-1.5200892858404433,0.37116312839807675,1.3323334665997566,0,3,0,0,-0.2182407018292247,Normal
Latur,2024-01-01,2024,1,test,-0.9513956488293029,-1.122703631794771,-1.4990631080806995,-1.6359633373228946,0.2875412669040825,1.1717897887977935,0,0,0,0,-0.6249657783876318,Wet
Latur,2024-02-01,2024,2,test,-1.7366842110158975,-1.0199832814167062,-0.21538083039622413,-1.8374534790711772,0.2875412669040825,0.32348751025545225,0,1,0,0,-0.6997455041234116,Wet
Latur,2024-03-01,2024,3,test,0.63535605717299,-0.8445872338225124,-0.3173069626752687,-1.8673076935745658,-0.08219661248856712,0.14422516601778998,0,0,0,0,-0.3886362132283557,Normal
Latur,2024-04-01,2024,4,test,-1.4626755452183962,-0.7819469372692829,-0.39401538449559925,-2.609190474360083,-0.08219661248856712,0.3095755027382831,0,1,0,0,-0.8367415751822742,Wet
Latur,2024-05-01,2024,5,test,-0.7162963317081708,-0.7227093321682493,-0.74610167389891,-2.8599250917909913,0.9057947018842705,0.8353998598865275,0,0,0,0,-0.5506396446325873,Wet
Latur,2024-06-01,2024,6,test,-1.4570259423274825,-1.9805524951584381,-1.3824671810608367,-2.9385542979493104,0.9057947018842705,0.26801091980474234,0,1,0,0,-1.0974657158011758,Wet
Latur,2024-07-01,2024,7,test,-0.8433596441988268,-3.3452139116713986,-3.71535486513732,-5.097335061358371,0.9057947018842705,0.40789294883405963,0,2,0,0,-1.947929305274598,Very Wet
Latur,2024-08-01,2024,8,test,-0.8161383702541244,-4.075339603267735,-1.9073544543468697,-2.6130350589122813,0.9057947018842705,0.03247828318134206,0,3,0,0,-1.4122657502858997,Wet
Latur,2024-09-01,2024,9,test,-0.3735827637316076,-2.953472206454209,-0.266393835073063,-0.8621038803258112,-1.3913585424355284,-0.2061656650273677,0,0,0,0,-1.0088461488412643,Wet
Latur,2024-10-01,2024,10,test,-0.21932229019126206,-2.4581275601959924,-0.6860486853738037,-1.6569493981475627,-1.3913585424355284,-0.12930991925474591,0,1,0,0,-1.0901860659331495,Wet
Latur,2024-11-01,2024,11,test,-0.05706862206519448,-2.311305428405478,-0.5617195073460972,-2.500876312353176,-1.3913585424355284,0.22099201717368877,0,2,0,0,-1.1002227325719642,Wet
Latur,2024-12-01,2024,12,test,0.8450226413391473,-2.0474317721993884,-0.8580133351945018,-2.3192608502165077,-1.3913585424355284,-0.7020833332637608,0,3,0,0,-1.0788541986617566,Wet
Nanded,2003-01-01,2003,1,train,0.17576486986204212,0.36292518270032037,0.49539651795854883,0.23671223580835404,-0.09492453224528621,-0.1852863053368485,0,0,0,0,0.1650979947911884,Normal
Nanded,2003-02-01,2003,2,train,-0.890933034628692,0.29073358330297433,0.38355833289538604,0.49830650995348574,-0.09492453224528621,-0.3091623385786274,0,1,0,0,-0.020403579883459907,Normal
Nanded,2003-03-01,2003,3,train,-0.4317400433664881,0.2726382761709607,0.4463174765245171,-0.16116289623423005,-0.3430580832840593,0.0016392064817054265,0,0,0,0,-0.0358943439512657,Normal
Nanded,2003-04-01,2003,4,train,0.1953403638331859,0.17700644801474866,0.20286131416594289,0.8716974482120824,-0.3430580832840593,-0.27699391089132497,0,1,0,0,0.13780893000842925,Normal
Nanded,2003-05-01,2003,5,train,0.4159581322797599,0.16379764767250835,0.627429069406783,0.11938644044856668,-0.2114262604769065,0.7814137278930715,0,0,0,0,0.31609312620396385,Normal
Nanded,2003-06-01,2003,6,train,0.5918730964034782,0.13845157417804652,0.6752496980596981,0.787620448072863,-0.2114262604769065,0.6286956567024781,0,1,0,0,0.43507736882327624,Normal
Nanded,2003-07-01,2003,7,train,0.3134110436259282,-0.7197741295198614,-0.32132630577319016,-2.728888605668641,-0.2114262604769065,0.6208754423653688,0,2,0,0,-0.5078548025745504,Wet
Nanded,2003-08-01,2003,8,train,0.15852432321791585,-0.9503858781294693,0.77933461494613,-1.5929565400140249,-0.2114262604769065,-0.11602383438795418,0,3,0,0,-0.32215559580738484,Normal
Nanded,2003-09-01,2003,9,train,0.364227774209256,-0.26164807971506543,0.3540093670835029,0.1498426280850506,-0.2114262604769065,-0.4719875170515371,1,4,0,0,-0.012830347977616582,Normal
Nanded,2003-10-01,2003,10,train,0.9285796104781114,-0.10717108464227493,-0.4586861414027654,-0.22141282975007537,-1.206986483547105,-0.6451516905529536,0,0,0,0,-0.2851381032361771,Normal
Nanded,2003-11-01,2003,11,train,1.373525177928072,-0.1055570252965147,-0.5182203698798501,0.2273562076072507,-1.206986483547105,-0.6209314152696218,0,1,0,0,-0.14180231807629481,Normal
Nanded,2003-12-01,2003,12,train,1.0886564740187687,-0.02640351450076374,-0.020776431106984638,0.021181415227120342,-1.206986483547105,-0.5565945598950218,0,2,0,0,-0.11682051663399767,Normal
Nanded,2004-01-01,2004,1,train,0.5383042407977761,-0.1180211774089289,0.06703170597330899,-0.42413794974670743,-0.5488273695113343,-0.7238256055455848,0,0,0,0,-0.20157935924024506,Normal
Nanded,2004-02-01,2004,2,train,0.7643689048822957,-0.1840510878582515,-0.16653042064824858,0.4429816471595671,-0.5488273695113343,-1.188576625690086,0,1,0,0,-0.14677249194434291,Normal
Nanded,2004-03-01,2004,3,train,0.36726474438948165,0.05133261669266456,0.35000048587068666,0.7726790668842003,-0.6607900693702934,-0.4541401567239077,0,0,0,0,0.071057781290472,Normal
Nanded,2004-04-01,2004,4,train,-0.8663167441635329,0.034882981106387045,0.2856544103685295,0.7477227105976396,-0.6607900693702934,-0.47129984994213925,0,1,0,0,-0.15502442690056822,Normal
Nanded,2004-05-01,2004,5,train,-0.864679625646906,-0.11924935563124912,-0.4650246350556858,-0.7114729225949149,-0.1206456930236956,0.10542096709654088,0,0,0,0,-0.3626085441426518,Normal
Nanded,2004-06-01,2004,6,train,0.3595898620251774,0.09851955704162724,-0.15650585930258118,-0.7793526065765225,-0.1206456930236956,0.05465354293877813,0,1,0,0,-0.09062353281620274,Normal
Nanded,2004-07-01,2004,7,train,0.5609388745198562,1.0600645042523014,1.6734216265140418,2.1339824425688216,-0.1206456930236956,0.3721158636052545,0,2,0,0,0.9466462697394299,Moderate Stress
Nanded,2004-08-01,2004,8,train,1.471540792374556,0.32919958291682333,0.6233576569987164,-0.3015010117533468,-0.1206456930236956,1.2929341076058107,0,3,0,0,0.5491475725198107,Moderate Stress
Nanded,2004-09-01,2004,9,train,1.1567915538768578,1.5716527489817962,-0.6083395409258928,0.08040729216491414,-0.1206456930236956,1.0269268782064953,1,4,0,0,0.5177988732134126,Moderate Stress
Nanded,2004-10-01,2004,10,train,1.8345578486576455,1.4605564396582265,0.3833101155968837,0.0032648331348223247,0.926356851603321,0.8549621240819352,0,0,0,0,0.9105013687888057,Moderate Stress
Nanded,2004-11-01,2004,11,train,0.7695618341840652,1.46683281484807,-0.20413490421398986,-0.08915001433649793,0.926356851603321,0.8238891660921637,0,1,0,0,0.6155592913628554,Moderate Stress
Nanded,2004-12-01,2004,12,train,0.6816600707672166,1.3952445918238525,0.18721868113777404,0.23577348826253125,0.926356851603321,0.7673245482795926,0,2,0,0,0.6989297053123812,Moderate Stress
Nanded,2005-01-01,2005,1,train,-0.5141589238877297,1.1963107752538287,0.2822785904415702,-0.29180138192620714,-0.00414396479207693,0.8925119467067342,0,0,0,0,0.26016617363268657,Normal
Nanded,2005-02-01,2005,2,train,-0.5920880802879175,0.414063940468022,-0.4094922710704849,0.29677646822511683,-0.00414396479207693,0.1855981543748319,0,1,0,0,-0.0182142921804181,Normal
Nanded,2005-03-01,2005,3,train,-1.5206047725449237,0.5627838263786092,-0.5011990106232906,0.20108115360854537,-0.43383865073726935,0.8629422610026234,0,0,0,0,-0.13813919881928427,Normal
Nanded,2005-04-01,2005,4,train,-1.2941936087828063,0.7042452310882169,-0.10870053618893212,-0.8701945368859252,-0.43383865073726935,0.8281511029445952,0,1,0,0,-0.19575516642702015,Normal
Nanded,2005-05-01,2005,5,train,-0.8230580868621161,0.6755087856899368,0.2185987885379434,1.4441678715525978,-0.029865125570486307,-0.1099947529869534,0,0,0,0,0.22922624672682038,Normal
Nanded,2005-06-01,2005,6,train,0.3157105791419025,1.080167223977056,0.9695666362052264,1.2738028778506796,-0.029865125570486307,0.14413022845230208,0,1,0,0,0.62558540334278,Moderate Stress
Nanded,2005-07-01,2005,7,train,-1.3928814866475223,0.8906369915469581,2.397837305809563,0.9471735939541464,-0.029865125570486307,-0.020094272626943476,0,2,0,0,0.46546783441095246,Normal
Nanded,2005-08-01,2005,8,train,-1.02209451770403,0.09384865254434616,0.7237042355146163,0.8763735933612978,-0.029865125570486307,-0.09491405335527414,0,3,0,0,0.09117546413174499,Normal
Nanded,2005-09-01,2005,9,train,-1.4557485215360029,0.8044678097970692,0.3732472309702211,0.23402888311573766,-0.029865125570486307,-0.5420336086599779,1,4,0,0,-0.1026505553139065,Normal
Nanded,2005-10-01,2005,10,train,-1.1653467431915168,0.461492838879861,-0.6364945000099704,-0.520766480505505,-1.206986483547105,-1.1835710488240012,0,0,0,0,-0.7086120695330397,Wet
Nanded,2005-11-01,2005,11,train,-1.452051635753587,0.15238113240748058,-0.24121583719157597,-0.2185982429127057,-1.206986483547105,-1.2423505944191675,0,1,0,0,-0.7014702769027767,Wet
Nanded,2005-12-01,2005,12,train,-1.4337696749450657,0.3028909755071607,0.3514923671455089,-0.2322506251134393,-1.206986483547105,-1.1333953382254889,0,2,0,0,-0.5586697965297381,Wet
Nanded,2006-01-01,2006,1,train,1.47460277036102,0.35702859821629934,-0.10278303527820018,0.3020224905024507,-0.8211690718709629,-0.8292545687713031,0,0,0,0,0.06340786385988399,Normal
Nanded,2006-02-01,2006,2,train,1.208134858817723,0.4419826964965639,-0.026495951489720133,0.43806668928008996,-0.8211690718709629,-0.19689668490482312,0,1,0,0,0.17393708938814514,Normal
Nanded,2006-03-01,2006,3,train,-1.8652900667698786,0.13845840881116533,-0.722421799418204,-1.101105033281126,-0.8423512042767127,0.34671216120342635,0,0,0,0,-0.6743329222885549,Wet
Nanded,2006-04-01,2006,4,train,-1.7743013811723856,0.2316316179251826,-0.5912834289866052,-0.4798360258071376,-0.8423512042767127,0.7904893345112889,0,1,0,0,-0.44427518130106153,Normal
Nanded,2006-05-01,2006,5,train,-2.2625568802634395,0.12984435475607084,-0.5725584783132128,-0.7262615157937832,-0.5745485302897444,1.1196499921667091,0,0,0,0,-0.48107184295623334,Normal
Nanded,2006-06-01,2006,6,train,-0.20347628836021336,0.30628207771825977,-0.36740479931054076,0.91174723946966,-0.5745485302897444,0.8325969507681463,0,1,0,0,0.1508661083325946,Normal
Nanded,2006-07-01,2006,7,train,-0.130165217104888,0.2365833090843425,1.2213316654148414,-0.3517096529090397,-0.5745485302897444,-2.136469763090891,0,2,0,0,-0.28916303148256317,Normal
Nanded,2006-08-01,2006,8,train,-0.2636623239716299,-0.7331146179815645,1.5985749315546005,0.7336165222621606,-0.5745485302897444,-4.017135357614928,0,3,0,0,-0.5427115626735176,Wet
Nanded,2006-09-01,2006,9,train,-1.1626552374039352,0.1380459575667116,0.839954983061002,-0.2572225531477446,-0.5745485302897444,-2.397895210470614,1,4,0,0,-0.5690534317807208,Wet
Nanded,2006-10-01,2006,10,train,-0.9604417321780393,-0.03499053306456409,0.00777480578423412,0.3375142823583034,-0.7530836462810567,-1.0233286200759237,0,0,0,0,-0.40442590724284105,Normal
Nanded,2006-11-01,2006,11,train,-0.5442926337823607,-0.10712253962925881,0.3548802463969591,0.16228396872203324,-0.7530836462810567,-0.6762246485427249,0,1,0,0,-0.2605932088527348,Normal
Nanded,2006-12-01,2006,12,train,1.6039359374868587,-0.04716882601911455,0.7192931868068813,-0.023367470155204496,-0.7530836462810567,-0.49638370717680663,0,2,0,0,0.16720424577692627,Normal
Nanded,2007-01-01,2007,1,train,0.5936954608347642,-0.0009008523483997885,0.2181188306030503,0.15648149934067393,-0.9119496393241732,-0.48813969799320933,0,0,0,0,-0.07211573314788232,Normal
Nanded,2007-02-01,2007,2,train,1.4444007579193179,0.06213867753377889,0.4538683357787704,-0.10997051756641206,-0.9119496393241732,0.16844645728577906,0,1,0,0,0.1844890119378435,Normal
Nanded,2007-03-01,2007,3,train,1.014061867886,0.1446917863029924,0.5288890253271104,-0.055857924519318876,-0.25227751583084995,0.07540349815840185,0,0,0,0,0.2424851228873893,Normal
Nanded,2007-04-01,2007,4,train,1.301392788515228,0.10128157345537112,0.13597010788179337,-0.23786069790526104,-0.25227751583084995,0.046129669233914344,0,1,0,0,0.18243932089169934,Normal
Nanded,2007-05-01,2007,5,train,1.4461466518085366,0.0760716990235405,-0.15659709462566151,0.28077333355270695,-0.029865125570486307,1.017699345133875,0,0,0,0,0.43903813488708526,Normal
Nanded,2007-06-01,2007,6,train,-0.5388779346098348,-0.13640348404013322,-0.3115188458051162,-1.143927601452925,-0.029865125570486307,0.946301907694176,0,1,0,0,-0.20238184729738662,Normal
Nanded,2007-07-01,2007,7,train,-0.3254492927849302,-0.06966115689325765,-3.466270790540644,-1.32777445839839,-0.029865125570486307,0.6431846427749074,0,2,0,0,-0.7626393635688,Wet
Nanded,2007-08-01,2007,8,train,-0.31087277940712504,0.6912152483941598,-0.8507114460746356,-0.24224761475389095,-0.029865125570486307,0.10826758908427873,0,3,0,0,-0.10570235472128321,Normal
Nanded,2007-09-01,2007,9,train,-0.5559700549272995,0.44320956209334833,0.7448356687906927,-0.14510154731469174,-0.6854108596341177,-0.026043392736152342,0,0,0,0,-0.037413437288036706,Normal
Nanded,2007-10-01,2007,10,train,-0.40995139517490037,0.42530186246794305,0.6067099281360682,0.5362200415607795,0.2681977375675517,0.20487682182551062,0,0,0,0,0.2718924993971588,Normal
Nanded,2007-11-01,2007,11,train,-0.4817720328060867,0.5832029084307565,0.719994281215497,0.32276369673006455,0.2681977375675517,0.10771585617092723,0,1,0,0,0.2533504078847851,Normal
Nanded,2007-12-01,2007,12,train,1.0592895068062713,0.5463208915787758,0.800991297400792,0.3338747997249224,0.2681977375675517,0.3723557474806268,0,2,0,0,0.5635049967598234,Moderate Stress
Nanded,2008-01-01,2008,1,train,0.20234359936336266,0.5119040032673501,0.6515065441951055,0.2821056601061974,0.08663660266113317,0.691129433332467,0,0,0,0,0.40427097382093596,Normal
Nanded,2008-02-01,2008,2,train,-0.33824747460626264,0.46661668148089935,0.5682883987895111,-0.33206339809093055,0.08663660266113317,1.1986277600681463,0,1,0,0,0.27497642838374947,Normal
Nanded,2008-03-01,2008,3,train,-2.432790664262366,0.3628032242085436,0.3681319557040191,-0.6661140979134581,-0.11610666465103521,1.0995877040564839,0,0,0,0,-0.2307480904763021,Normal
Nanded,2008-04-01,2008,4,train,-1.8381246267993812,0.15105306898023466,0.33749329021697216,-0.005165091844402282,-0.11610666465103521,0.273419641148293,0,1,0,0,-0.19957173049155316,Normal
Nanded,2008-05-01,2008,5,train,-1.2139351756709347,0.23038304261896658,0.48035515692096065,0.06799796097180745,-0.029865125570486307,0.05084738544955327,0,0,0,0,-0.06903612588002218,Normal
Nanded,2008-06-01,2008,6,train,1.270234938053153,0.4155713141363063,0.6663533493198635,2.5181351493787405,-0.029865125570486307,1.4570146783598317,0,1,0,0,1.0495740506129014,Moderate Stress
Nanded,2008-07-01,2008,7,train,1.6338617068514554,1.5946627750650526,1.9727155598871124,0.8149843470770023,-0.029865125570486307,1.3243349068919246,0,2,0,0,1.2184490283670102,Moderate Stress
Nanded,2008-08-01,2008,8,train,1.1976870722694943,-0.48626543584935267,0.8492611718022104,1.0568338302475924,-0.029865125570486307,1.119737949587679,0,3,0,0,0.6178982437478562,Moderate Stress
Nanded,2008-09-01,2008,9,train,0.29169767853310613,-0.7364960756166561,-0.20092214219029397,-0.48434435761150024,0.4039559498043973,0.9493244445238558,0,0,0,0,0.037202582907151484,Normal
Nanded,2008-10-01,2008,10,train,0.03128249743579826,-0.14511180931772144,0.6546233779311702,0.7038747228923523,0.6086248655170878,0.48674037538687653,0,0,0,0,0.39000567164092725,Normal
Nanded,2008-11-01,2008,11,train,-0.22084308944467906,0.07378573207663201,0.9539726805247645,0.3887559131657329,0.6086248655170878,0.2618412460970339,0,1,0,0,0.3443562246560954,Normal
Nanded,2008-12-01,2008,12,train,0.4607285555515247,-0.2757931070563109,0.42145937394531025,1.0436878011233812,0.6086248655170878,0.2758024876436479,0,2,0,0,0.4224183294541068,Normal
Nanded,2009-01-01,2009,1,train,-0.6508370136464277,-0.16236492394366622,0.6698401376476733,1.3767786957464365,0.35897830502076183,1.0029784713152519,0,0,0,0,0.4325622786900049,Normal
Nanded,2009-02-01,2009,2,train,0.6654595055789156,-0.061608792608105,0.86867553924091,1.381437770174425,0.35897830502076183,1.1068721777385935,0,1,0,0,0.7199690841909169,Moderate Stress
Nanded,2009-03-01,2009,3,train,0.8628838948876842,0.051947949677664,0.6465884955910783,1.0780677024896694,-0.11610666465103521,0.519068725657759,0,0,0,0,0.50707501727547,Moderate Stress
Nanded,2009-04-01,2009,4,train,1.2372098219463459,0.00783632215957184,0.8383607809850945,1.0943854502046533,-0.11610666465103521,-0.3085386405026606,0,1,0,0,0.4588578450236616,Normal
Nanded,2009-05-01,2009,5,train,-0.09462361016114557,-0.007990814556646263,0.5847845760288309,0.05619030308014699,0.15169600933593227,-0.20306969663104682,0,0,0,0,0.0811644611826786,Normal
Nanded,2009-06-01,2009,6,train,0.9568441491477627,0.4773106752061615,1.359283592343447,0.6639641801248574,0.15169600933593227,-0.49456058972398265,0,1,0,0,0.5190896694056963,Moderate Stress
Nanded,2009-07-01,2009,7,train,1.4787035766445833,0.2943841024442746,1.7578098131598479,-0.7894049581353682,0.15169600933593227,-0.013737349929600509,0,2,0,0,0.4799085322532783,Normal
Nanded,2009-08-01,2009,8,train,1.7289241005631617,1.3815373263598592,-0.9808793282312009,2.221430982479669,0.15169600933593227,1.483761730463739,0,3,0,0,0.9977451368285267,Moderate Stress
Nanded,2009-09-01,2009,9,train,1.306263865715944,0.5116445912279672,-0.39752344551098684,0.24843780489183792,1.6294936104227276,1.92925007541592,0,0,0,0,0.8712610836939017,Moderate Stress
Nanded,2009-10-01,2009,10,train,0.8795441780776676,0.0843459968145888,-0.22585132215225404,0.8185333084249766,2.0611139447684415,2.077650236849831,0,0,0,0,0.9492227237972086,Moderate Stress
Nanded,2009-11-01,2009,11,train,0.1934836308058686,0.0794995806850792,-0.006044403717549312,0.06235874641332848,2.0611139447684415,1.5604526054199697,0,1,0,0,0.6584773507291897,Moderate Stress
Nanded,2009-12-01,2009,12,train,-0.37114046344889734,0.015356192671872097,-0.655142846169667,0.196990657151016,2.0611139447684415,2.046505313697446,0,2,0,0,0.5489471331117018,Moderate Stress
Nanded,2010-01-01,2010,1,train,-1.2007723350775668,-0.08626636416977514,-0.22435825445254257,0.27975246672460347,1.266783979552858,1.4296119436632424,0,0,0,0,0.24412523937346986,Normal
Nanded,2010-02-01,2010,2,train,-0.31716228975521565,0.04277471135646096,0.3322679058365483,0.2605241321384094,1.266783979552858,0.6191882591085919,0,1,0,0,0.36739611637294217,Normal
Nanded,2010-03-01,2010,3,train,-0.7404842011993573,0.20415057593453648,1.109553807351905,1.2730104357544956,1.3363824146003183,-0.6424489988904346,0,0,0,0,0.4233606722585772,Normal
Nanded,2010-04-01,2010,4,train,-0.3446619535602678,0.20264547215600978,1.1423272770842847,1.6647470698140925,1.3363824146003183,-1.068610699616862,0,1,0,0,0.48880493007959586,Normal
Nanded,2010-05-01,2010,5,train,-0.14330798656560229,0.1832192239732794,1.0257923214028708,1.24509483233022,0.24247657678914153,-1.8547901205006454,0,0,0,0,0.1164141412382107,Normal
Nanded,2010-06-01,2010,6,train,0.566639189718917,0.5190629268075408,0.6173714678815567,-0.21615314966557092,0.24247657678914153,-1.179189170033886,0,1,0,0,0.0917013069162832,Normal
Nanded,2010-07-01,2010,7,train,-0.32676466560083883,-0.7308098646788175,-1.528832554342,-0.0465311732944746,0.24247657678914153,-0.5856205088149562,0,2,0,0,-0.4960136983236576,Normal
Nanded,2010-08-01,2010,8,train,-1.1152435728895032,-1.8349723944126557,-0.5823925086722429,-0.44158482084573913,0.24247657678914153,-0.5933927463769891,0,3,0,0,-0.7208515777346647,Wet
Nanded,2010-09-01,2010,9,train,-1.5164841400004871,-2.4810801184712505,0.07032660053563286,-0.9344751235467125,-1.3208748318065853,-0.9456382289723156,0,0,0,0,-1.188037640376953,Wet
Nanded,2010-10-01,2010,10,train,-1.516104509216576,-1.8181556472684604,-0.15420333776686437,-1.474168404674613,-1.1162059160938953,-1.3030332187589466,0,0,0,0,-1.2303118389632257,Wet
Nanded,2010-11-01,2010,11,train,-0.9385525360066214,-2.1671523671834816,-2.2717397735287244,-1.525559377444983,-1.1162059160938953,-1.0154204483178473,0,1,0,0,-1.5057717364292589,Very Wet
Nanded,2010-12-01,2010,12,train,-0.7803108079134995,-1.9611220194204908,-1.5712934881000316,-1.5658159976968644,-1.1162059160938953,-0.843615616776871,0,2,0,0,-1.3063939743336086,Wet
Nanded,2011-01-01,2011,1,train,-0.8745518347954868,-1.6159226575272656,-1.7983663979660873,-0.874398611552378,-0.798473930007661,-1.2220644146919282,0,0,0,0,-1.197296307756801,Wet
Nanded,2011-02-01,2011,2,train,-0.097091469848996,-1.3220328750356483,-1.1321352229530048,-1.1877828587703083,-0.798473930007661,-0.8036829476567144,0,1,0,0,-0.8901998840453887,Wet
Nanded,2011-03-01,2011,3,train,0.8527718285762786,-1.0551487597873932,-0.6919786260117124,-0.08167197287151164,-0.706180353096898,-0.2310481526285285,0,0,0,0,-0.31887600596996085,Normal
Nanded,2011-04-01,2011,4,train,-1.3269061194441358,-0.9489333749898607,-0.7324838538453387,-2.234389517616141,-0.706180353096898,-0.17972099942823347,0,1,0,0,-1.0214357030701011,Wet
Nanded,2011-05-01,2011,5,train,-0.9329979230546529,-0.8474212075924058,-0.6698228547457278,-1.167934602049586,-0.3929873953833251,0.41523099213867054,0,0,0,0,-0.5993221651145045,Wet
Nanded,2011-06-01,2011,6,train,0.47640750935823994,-0.3555145903339205,0.041032566655774594,-0.7858467372271195,-0.3929873953833251,0.2655114693902159,0,1,0,0,-0.12523286292335578,Normal
Nanded,2011-07-01,2011,7,train,0.2947109191767908,0.08711181420815312,-0.5898699360263797,-0.19264163046634575,-0.3929873953833251,-0.9677555222815563,0,2,0,0,-0.2935719584621105,Normal
Nanded,2011-08-01,2011,8,train,0.054133726319418325,0.7035771077997376,-1.595977905410675,-2.0118169456261144,-0.3929873953833251,-1.096549174968448,0,3,0,0,-0.7232700978782344,Wet
Nanded,2011-09-01,2011,9,train,-0.1567034838082001,-0.49036233200029117,-0.9178946316254866,0.05089808366601217,-0.594630292180908,-1.2037532788719145,0,0,0,0,-0.5520743224701313,Wet
Nanded,2011-10-01,2011,10,train,0.48562825086826084,0.6264495540556626,-0.3486494382289903,0.2168000808847358,-0.48074194392142766,-0.9599992769778809,0,0,0,0,-0.0767521288866066,Normal
Nanded,2011-11-01,2011,11,train,0.9925180795197627,0.7148364423434743,0.6318014576081824,0.6440908638923855,-0.48074194392142766,-0.8794062909822784,0,1,0,0,0.2705164347433498,Normal
Nanded,2011-12-01,2011,12,train,1.306137801585501,0.5156910872229094,0.7249222302789666,0.1414108326626278,-0.48074194392142766,-0.7223543177766406,0,2,0,0,0.24751094834198936,Normal
Nanded,2012-01-01,2012,1,train,1.482836281318186,0.3655019837244479,0.015076510219493714,-0.27130871557586356,-0.458046802058125,-0.7377388703171238,0,0,0,0,0.06605339788516919,Normal
Nanded,2012-02-01,2012,2,train,1.206189068189168,0.31847509467918994,0.05452880674240352,-0.14992742989054852,-0.458046802058125,-0.5148627617095816,0,1,0,0,0.07605932932541774,Normal
Nanded,2012-03-01,2012,3,train,0.9549667379783869,0.3789245059779724,0.3394490199450644,-0.017100727024628982,-0.2068872321042453,-0.21173750066113425,0,0,0,0,0.20626913401856917,Normal
Nanded,2012-04-01,2012,4,train,0.38712565725272313,0.2990764387484772,0.22668279983006098,-0.13278479603724647,-0.2068872321042453,-0.08748564934793882,0,1,0,0,0.08095453639030513,Normal
Nanded,2012-05-01,2012,5,train,0.8845093165974367,0.2318853564614608,0.3894367561096897,0.0908043973484757,0.3332571442423524,-0.5459836964744263,0,0,0,0,0.23065154571416482,Normal
Nanded,2012-06-01,2012,6,train,1.0431777220701168,0.5015215806401097,0.9271486196799118,-0.21036871286560369,0.3332571442423524,-0.6846685609557974,0,1,0,0,0.3183446321351816,Normal
Nanded,2012-07-01,2012,7,train,0.05101829158410239,1.475863174617695,1.328963258981598,1.1991984710613666,0.3332571442423524,-0.3910746858887725,0,2,0,0,0.6662042757663904,Moderate Stress
Nanded,2012-08-01,2012,8,train,0.3400197763479658,2.4040623888501025,-1.913355651647473,-1.8664864986391707,0.3332571442423524,0.34731187089185495,0,3,0,0,-0.059198494992394685,Normal
Nanded,2012-09-01,2012,9,train,-0.29636178535038177,1.966032590949927,-0.16066764854299273,-0.6692709776259113,-0.8669719945405371,0.24070747667681602,0,0,0,0,0.035577943594486704,Normal
Nanded,2012-10-01,2012,10,train,0.15669321594092053,1.1697486578012022,-0.3298408654974295,-0.4415770381330355,-0.48074194392142766,0.07354040005968433,0,0,0,0,0.024637071041652376,Normal
Nanded,2012-11-01,2012,11,train,-0.42896305389307626,0.822504288324775,-0.5244624253815322,-0.608383212265217,-0.48074194392142766,-0.03165667541984169,0,1,0,0,-0.20861717042605332,Normal
Nanded,2012-12-01,2012,12,train,-0.10079731366097212,0.9394458489624005,-0.6657595455385797,-0.3127712462734552,-0.48074194392142766,0.041795767218872015,0,2,0,0,-0.09647140553552704,Normal
Nanded,2013-01-01,2013,1,train,-0.25642881481824814,0.9455128660924368,-0.5940125228710562,-0.27933040584279695,0.4497588724739711,0.49334517808876943,0,0,0,0,0.12647419552051267,Normal
Nanded,2013-02-01,2013,2,train,0.7769249021573504,0.8861617712455743,-0.2127024474161948,-0.857373511508605,0.4497588724739711,0.021757467496182945,0,1,0,0,0.17742117574137986,Normal
Nanded,2013-03-01,2013,3,train,0.32879139865586837,0.9551535696715402,0.3225626997203936,-0.016928429141126498,0.06545447025538337,-0.7212508519499313,0,0,0,0,0.15563047620202128,Normal
Nanded,2013-04-01,2013,4,train,-1.4315439224996567,0.8314166412170383,0.09442402293713884,0.14013952494809848,0.06545447025538337,-0.7502847969990466,0,1,0,0,-0.17506567669017406,Normal
Nanded,2013-05-01,2013,5,train,-0.8205900029752135,0.7567163402666546,0.04692010328057873,0.23859387912083208,-0.8014999489227684,-0.9540261684811352,0,0,0,0,-0.25564763295184195,Normal
Nanded,2013-06-01,2013,6,train,-2.0672072937613852,-1.0324751109798551,-1.2000791127563701,-1.3668384293051938,-0.8014999489227684,-0.5798393074185051,0,1,0,0,-1.1746565338573463,Wet
Nanded,2013-07-01,2013,7,train,-2.0174949477756496,-3.3594102768101286,-0.9575894583785342,-4.021646384200245,-0.8014999489227684,-0.3400993623723565,0,2,0,0,-1.9162900630766135,Very Wet
Nanded,2013-08-01,2013,8,train,-1.6237822433571811,-3.59369402499218,0.11008600645538916,0.1267044334513419,-0.8014999489227684,-1.1035058073542174,0,3,0,0,-1.147615264119936,Wet
Nanded,2013-09-01,2013,9,train,-0.432762441795796,-2.0944910416654783,-0.512615969025614,-0.35357345252399996,-1.6839971016194237,-1.5141630136024713,0,0,0,0,-1.0986005033721304,Wet
Nanded,2013-10-01,2013,10,train,-0.07085250385720357,-2.63742039429325,-1.322521174924051,-0.9252236035005044,-1.910535881309479,-1.3640836650409625,0,0,0,0,-1.3717728704875751,Wet
Nanded,2013-11-01,2013,11,train,-0.2925912736838726,-2.382481438577263,-0.9566534553725523,-1.0502270501170405,-1.910535881309479,-0.6377232865456197,0,1,0,0,-1.2050353976009711,Wet
Nanded,2013-12-01,2013,12,train,-0.6786892959730038,-2.082704758548643,-1.5254521787245359,-0.7999191779836399,-1.910535881309479,-1.5721429462797325,0,2,0,0,-1.428240706469839,Wet
Nanded,2014-01-01,2014,1,train,1.212260835599717,-1.7460299617027946,-1.360715496794183,-1.0407083820856404,-2.092097016215898,-0.92388875760531,0,0,0,0,-0.9918631298006848,Wet
Nanded,2014-02-01,2014,2,train,1.0869916434095568,-1.4984189751247894,-1.1305321151867487,-1.9269804080494375,-2.092097016215898,-0.7913289280750897,0,1,0,0,-1.0587276332070676,Wet
Nanded,2014-03-01,2014,3,train,-1.708006222350952,-2.0501300410654144,-2.065522258162296,-2.3095203782013463,-1.160083190362946,-0.064928568933852,0,0,0,0,-1.559698443179468,Very Wet
Nanded,2014-04-01,2014,4,train,-1.4988078092832025,-1.4422458281749009,-1.5549528939838868,-1.3630051225356765,-0.008682993164737314,1.4444127787736545,0,0,0,0,-0.7372136447281251,Wet
Nanded,2014-05-01,2014,5,train,-1.158373908222452,-1.2075852276022743,-1.1727095949718518,-1.0189847399527772,-0.6653290977429537,0.22176464665165785,0,0,0,0,-0.8335363203067753,Wet
Nanded,2014-06-01,2014,6,train,1.7645161629479251,-0.5020410124663532,0.021460440497327093,-0.4555976751821481,-0.6653290977429537,-1.040656232006915,0,1,0,0,-0.1462745689921863,Normal
Nanded,2014-07-01,2014,7,train,1.2570363988658164,0.5874590262521466,1.53212490801639,3.01023980442594,-0.008682993164737314,-1.2827230506441696,0,0,0,0,0.8492423489585642,Moderate Stress
Nanded,2014-08-01,2014,8,train,1.3191998826358187,0.7009284412758944,2.1638097887994885,2.8200732891843656,-0.008682993164737314,0.5402984486281245,0,1,0,0,1.255937809559826,Moderate Stress
Nanded,2014-09-01,2014,9,train,0.6693541323300937,-0.9623584985603452,0.007312592122296994,1.302760462920722,0.4947365172576074,0.8893534756810125,0,0,0,0,0.40019311362523124,Normal
Nanded,2014-10-01,2014,10,train,1.16501423808431,0.3176706928784599,1.5692413600195354,0.9846630431995833,1.153308270236345,1.0179632173967832,0,0,0,0,1.034643470302503,Moderate Stress
Nanded,2014-11-01,2014,11,train,0.8885980942840824,0.004867543567642696,1.1296238390601259,1.090546062718694,1.153308270236345,0.5601368451213375,0,1,0,0,0.8045134424980379,Moderate Stress
Nanded,2014-12-01,2014,12,train,0.5819566713462814,-0.12964590549132432,0.5806089036721661,0.18493019513601291,1.153308270236345,0.6128393325404282,0,2,0,0,0.4973329112399849,Normal
Nanded,2015-01-01,2015,1,train,-0.950900841689971,-0.31155580431629676,-0.16978330488007082,-0.029089020121519288,1.0852228446464385,0.45520364190471924,0,0,0,0,0.013182919257216643,Normal
Nanded,2015-02-01,2015,2,train,-1.3600312521079172,-0.20855853460166848,-0.31702423411649594,0.32307422075234804,1.0852228446464385,0.8066575077113199,0,1,0,0,0.05489009204733747,Normal
Nanded,2015-03-01,2015,3,train,0.08867872350886367,-0.44064023038112815,-0.7322381761129366,0.005386291337000684,1.2456018471471089,0.8796141903409331,0,0,0,0,0.1744004409733069,Normal
Nanded,2015-04-01,2015,4,train,-0.570377449941126,-0.7363966460598748,-1.223579856248473,-1.9989500305560581,1.2456018471471089,1.3131962989455144,0,1,0,0,-0.32841763945215147,Normal
Nanded,2015-05-01,2015,5,train,-0.4312544778084129,-0.574725232310284,-0.8835829582697733,-0.6914517657225729,1.2410628187744486,1.4481709594878065,0,0,0,0,0.018036557358535377,Normal
Nanded,2015-06-01,2015,6,train,-0.451207703571555,-1.0408048784724635,-2.1555940149780537,-0.3282908982815584,1.2410628187744486,0.9291502106051225,0,1,0,0,-0.3009474109873433,Normal
Nanded,2015-07-01,2015,7,train,1.6359235880549794,0.28973558551352907,0.4883603674191575,1.0272245204177246,1.2410628187744486,2.113552856863744,0,2,0,0,1.1326432895072638,Moderate Stress
Nanded,2015-08-01,2015,8,train,1.682753401817278,1.5609531688508673,-0.605177583853793,-0.5522912103360379,1.2410628187744486,1.8461063242122016,0,3,0,0,0.8622344865774941,Moderate Stress
Nanded,2015-09-01,2015,9,train,1.2628154127089366,1.5628631823891859,0.7292650625785976,1.0317066967622612,2.2195672988685895,1.8272994283830855,0,0,0,0,1.4389195136151096,Moderate Stress
Nanded,2015-10-01,2015,10,train,0.3728560676753087,1.8374530662483952,1.3579148539787587,1.6181850374386244,2.696577916940909,1.9784582543837674,0,0,0,0,1.6435741994442938,Severe Stress
Nanded,2015-11-01,2015,11,train,-0.0017370795354271558,1.8209165471000255,1.7972763658674762,1.3581285262479166,2.696577916940909,1.8048942744233987,0,1,0,0,1.579342758507383,Severe Stress
Nanded,2015-12-01,2015,12,train,1.1455663230493496,1.5391213220901547,1.9416587009022317,1.6103559082812797,2.696577916940909,1.7809538636613367,0,2,0,0,1.7857056724875433,Severe Stress
Nanded,2016-01-01,2016,1,train,0.8123581912128104,1.3463410519331653,1.769377753290374,1.3768209102520739,2.9008341937106317,1.3208246061823246,0,0,0,0,1.5877594510968966,Severe Stress
Nanded,2016-02-01,2016,2,train,-0.7395982961956361,1.2385711617558863,1.4818768248604173,0.958345527614789,2.9008341937106317,0.47141979187982536,0,1,0,0,1.0519082006043188,Moderate Stress
Nanded,2016-03-01,2016,3,train,-0.8006385180696103,1.143790399199076,1.0327915068038993,1.5445969408929343,1.858370677456273,-1.1273742529536683,0,0,0,0,0.6085894588881507,Moderate Stress
Nanded,2016-04-01,2016,4,train,-0.8833986126948136,1.0070246118960007,1.0143104315558982,2.2947526009583155,1.858370677456273,-1.811890887455064,0,1,0,0,0.5798614702861017,Moderate Stress
Nanded,2016-05-01,2016,5,train,-0.3119287827909577,0.866329883631093,0.8272836766706058,0.8893976500416788,1.4226239536808671,-1.8808175209784375,0,0,0,0,0.3021481433758083,Normal
Nanded,2016-06-01,2016,6,train,-1.1044644459971427,0.9702142894025846,1.1333825413015053,0.10845108148208292,1.4226239536808671,-1.2895357527047155,0,1,0,0,0.2067786111941969,Normal
Nanded,2016-07-01,2016,7,train,-1.7745920628848937,-0.8835163098622775,-0.39270601708431835,0.16630421411711716,1.4226239536808671,-0.6225626256221499,0,2,0,0,-0.3474081412759425,Normal
Nanded,2016-08-01,2016,8,train,-0.6815266664126999,-1.063345383831357,0.23366486938650388,0.23550803620634037,1.4226239536808671,-0.7082971226798773,0,3,0,0,-0.09356205227503715,Normal
Nanded,2016-09-01,2016,9,train,-0.73435804286018,-0.6384972658140106,-0.10030432030819586,-1.0579289444138182,-1.0485331294469562,-0.7041951084110272,0,0,0,0,-0.7139694685423646,Wet
Nanded,2016-10-01,2016,10,train,0.2912067427111986,-1.9916332189307517,0.02773047252795473,-1.0401869824036987,-1.8424504557195718,-1.1881288424560577,0,0,0,0,-0.9572437140451543,Wet
Nanded,2016-11-01,2016,11,train,-0.7386026245651437,-1.2984094495415492,-0.24766002898779216,-0.49322315571279046,-1.8424504557195718,-1.0198583000122177,0,1,0,0,-0.9400340024231776,Wet
Nanded,2016-12-01,2016,12,train,0.07144897750531767,-1.1467141786982158,-0.5572999062481914,-0.5963274395805321,-1.8424504557195718,-1.630914495745719,0,2,0,0,-0.9503762497478186,Wet
Nanded,2017-01-01,2017,1,train,-0.1903307214861812,-1.0444627197707321,0.08139242191300887,-0.7998994916296808,-0.5488273695113343,-1.175407000932197,0,0,0,0,-0.6129224802361861,Wet
Nanded,2017-02-01,2017,2,train,-1.3526322133602386,-0.8868480530908748,-0.7481514812630441,-0.03541484142198885,-0.5488273695113343,-0.7740572890483508,0,1,0,0,-0.7243218746159719,Wet
Nanded,2017-03-01,2017,3,train,0.8269255710295753,-0.7207561077917851,-0.43092460251023285,-0.4653601317800989,0.2016253214351981,-0.3320392641598777,0,0,0,0,-0.15342153562953686,Normal
Nanded,2017-04-01,2017,4,train,1.1921049059168063,-0.620524557522579,-0.06708386577247223,0.5087410144529475,0.2016253214351981,0.2590266086260102,0,1,0,0,0.24564823785598514,Normal
Nanded,2017-05-01,2017,5,train,1.590291464653872,-0.5567844964006406,-0.2803048323763584,-0.11630112233344307,-0.6653290977429537,0.3884839400347609,0,0,0,0,0.060009309305872865,Normal
Nanded,2017-06-01,2017,6,train,-0.5175064572005278,-1.4398621428149858,-2.2197462797916363,-0.9773451658222225,-0.6653290977429537,0.010394967932760006,0,1,0,0,-0.9682323625732608,Wet
Nanded,2017-07-01,2017,7,train,0.5420548081321337,-0.7533295452201061,-5.1159694430575,0.15948946945035916,-0.6653290977429537,1.286073428770189,0,2,0,0,-0.7578350632779797,Wet
Nanded,2017-08-01,2017,8,train,0.7157525704855632,0.7964558182047701,-0.5532988515676454,-1.0616560452244446,-0.6653290977429537,0.9914000762639953,0,3,0,0,0.03722074506988082,Normal
Nanded,2017-09-01,2017,9,train,1.1942357887515478,0.6670169688371261,-0.22068380701248794,0.8038351045778858,1.357151908063098,0.9428475798888274,0,0,0,0,0.7907339238509996,Moderate Stress
Nanded,2017-10-01,2017,10,train,0.18072703726112707,0.35146357871265793,-1.1310581339923111,-0.5957200109267684,1.153308270236345,0.973104932702338,0,0,0,0,0.1553042789988981,Normal
Nanded,2017-11-01,2017,11,train,-0.16443528097082247,0.3418958304441312,-0.61741767239943,-0.2711429327081509,1.153308270236345,1.0046416661844941,0,1,0,0,0.24114164679776118,Normal
Nanded,2017-12-01,2017,12,train,-0.5199737896841696,0.4154813998777184,-0.7319203454016416,-0.2377531407657693,1.153308270236345,1.0578239213543288,0,2,0,0,0.1894943859361353,Normal
Nanded,2018-01-01,2018,1,validation,1.4497226611892136,0.4527453752757986,0.07506241255848575,0.10184002873105699,2.083809086631745,1.3843938331557373,0,0,0,0,0.9245955662570062,Moderate Stress
Nanded,2018-02-01,2018,2,validation,-2.63156402441786,0.34628672908668656,0.1356569327499035,-0.06495447298205412,2.083809086631745,0.7393700806696498,0,1,0,0,0.10143405528967843,Normal
Nanded,2018-03-01,2018,3,validation,-1.5632403436284248,0.4485059959718694,0.4491993746865352,0.5888411559654861,1.699504684413157,-0.488443550902014,0,0,0,0,0.18906121941776818,Normal
Nanded,2018-04-01,2018,4,validation,-1.6022640480307764,0.3515355756549692,0.7594934080008344,-0.00013981969754907982,1.699504684413157,-1.2031855537002007,0,1,0,0,0.0008240411067390596,Normal
Nanded,2018-05-01,2018,5,validation,-0.5918024060250591,0.3340940456190214,0.4221611070148115,-0.5437628879588601,1.1502822513212376,-1.3577507307311572,0,0,0,0,-0.09779643679333429,Normal
Nanded,2018-06-01,2018,6,validation,-0.8843620358860876,-0.005033313133787722,-2.2504370607581694,-1.6225438001128445,1.1502822513212376,0.1543252931555854,0,1,0,0,-0.5762947775690112,Wet
Nanded,2018-07-01,2018,7,validation,-0.4912396465420726,-1.440692475844857,-0.9887449863551038,-0.09682934502931417,1.1502822513212376,0.7071136955613782,0,2,0,1,-0.1933517511481219,Normal
Nanded,2018-08-01,2018,8,validation,-0.5496516350747231,-0.7981508704018698,-0.9161752580804711,-2.299131496287252,1.1502822513212376,0.6418892698479013,0,3,0,0,-0.46182295644586285,Normal
Nanded,2018-09-01,2018,9,validation,0.4305200806556122,0.04260691101393825,1.3447546312891026,0.4159625680142936,-0.5038497247276987,0.39231408591152356,0,0,0,0,0.35371809202612864,Normal
Nanded,2018-10-01,2018,10,validation,1.0190928324287951,1.4056490561772594,2.1082749697430954,1.4450782024342266,-0.38996137646821843,0.5281203438884382,0,0,0,0,1.019375671367266,Moderate Stress
Nanded,2018-11-01,2018,11,validation,2.1396358641755877,1.2363341746764136,1.1563031376452135,1.2287115945820515,-0.38996137646821843,0.07329252005513542,0,1,0,0,0.9073859857776972,Moderate Stress
Nanded,2018-12-01,2018,12,validation,1.5363947460931673,0.8394528054037683,0.7122279633537072,-0.561198008285933,-0.38996137646821843,0.8371307560126646,0,2,0,0,0.4956744810181927,Normal
Nanded,2019-01-01,2019,1,validation,0.6870403175773956,0.6039587303618974,-0.10428608403357922,-0.20411734030759035,1.1760034120996485,0.22911308936719987,0,0,0,0,0.397952020844162,Normal
Nanded,2019-02-01,2019,2,validation,0.33830323942253765,0.4780377765144707,0.593761636764814,-0.16908753076115,1.1760034120996485,0.5719311356604314,0,1,0,0,0.49815827828345877,Normal
Nanded,2019-03-01,2019,3,validation,0.8353004643824776,0.47803050803385394,0.671274586829024,0.727851348736507,1.2456018471471089,0.1332155121229033,0,0,0,0,0.681879044541979,Moderate Stress
Nanded,2019-04-01,2019,4,validation,-0.3853368227774047,0.371778715823676,0.527197576820428,1.1673980111099937,1.2456018471471089,-0.5023648118027317,0,1,0,0,0.40404575272017834,Normal
Nanded,2019-05-01,2019,5,validation,0.17518367793216855,0.32281444953841487,0.538067673570781,1.1572398295840325,0.9687211164148191,-0.9433513360271073,0,0,0,0,0.3697792351688514,Normal
Nanded,2019-06-01,2019,6,validation,0.14757792706787567,0.7304344688062137,1.0794769564473732,0.7835959957288797,0.9687211164148191,-0.5325821839703467,0,1,0,0,0.5295373800824691,Moderate Stress
Nanded,2019-07-01,2019,7,validation,0.5316666245658376,0.8868071685122938,0.4380145255887295,2.2403397016472395,0.9687211164148191,-0.9810690773646688,0,2,0,0,0.6807466765607083,Moderate Stress
Nanded,2019-08-01,2019,8,validation,0.46545407664650135,-1.0772382016839557,-1.2427787900653189,0.24411445818719668,0.9687211164148191,0.034863123220640724,0,3,0,0,-0.10114403621335277,Normal
Nanded,2019-09-01,2019,9,validation,-0.2948697199880723,-1.4984535126203227,-0.8715234659522288,-0.8346710457563249,-0.049946887461650734,-0.12043769769478771,0,0,0,0,-0.6116503882455645,Wet
Nanded,2019-10-01,2019,10,validation,-0.9315658047844463,-1.9458668110824517,-1.6341552531745462,-1.4326254155456568,-0.049946887461650734,-0.29552094219917624,0,1,0,0,-1.0482801857079882,Wet
Nanded,2019-11-01,2019,11,validation,-1.1817314697325334,-3.3789994922915247,-2.0666418689709753,-1.3386342940107079,-0.049946887461650734,-0.31435982254500605,0,2,0,0,-1.3883856391687333,Wet
Nanded,2019-12-01,2019,12,validation,-0.7521453999030362,-2.6885600206894065,-1.8044051751156154,-1.4061020795908457,-0.049946887461650734,-0.13355934567760083,0,3,0,0,-1.139119818073026,Wet
Nanded,2020-01-01,2020,1,validation,0.45348482305698185,-2.526544909804432,-2.7066229699223787,-1.5831684097613576,0.4497588724739711,-0.8167806072519922,0,0,0,0,-1.121645533534868,Wet
Nanded,2020-02-01,2020,2,validation,0.7292612230667512,-2.0604439344616727,-1.527158400442572,-1.4387157577636525,0.4497588724739711,-0.3664945847923857,0,1,0,0,-0.7022987636532602,Wet
Nanded,2020-03-01,2020,3,validation,-0.7327496435097578,-1.6493996814310057,-1.2760822164063828,-1.569491193109088,0.4497588724739711,0.04289923304558127,0,2,0,0,-0.7891774381561136,Wet
Nanded,2020-04-01,2020,4,validation,-0.41310540167510473,-1.4001129515401982,-0.7033419020262224,-0.05256789326401092,0.4497588724739711,-0.25540436210790113,0,3,0,0,-0.39579560635657773,Normal
Nanded,2020-05-01,2020,5,validation,-0.08564366089628567,-1.2104644386242738,-0.48794654615989214,-0.3399276667584503,-0.029865125570486307,-0.9505478522882491,0,0,0,0,-0.5173992150496063,Wet
Nanded,2020-06-01,2020,6,validation,-0.6658740027007479,-1.4986610733300143,-1.8253895101060118,-0.41372865953470345,-0.029865125570486307,0.06316942051446252,0,1,0,0,-0.7283914917879168,Wet
Nanded,2020-07-01,2020,7,validation,-0.1702769450957292,-1.8575831664566766,-3.6711410796090935,-1.1611153014059388,-0.029865125570486307,-0.16270523653522348,0,2,0,0,-1.1754478091121914,Wet
Nanded,2020-08-01,2020,8,validation,0.0009982627024459853,-2.013385215174085,-1.260968246021452,-1.7339133250710403,-0.029865125570486307,-1.0047935926388951,0,3,0,0,-1.0069878736289188,Wet
Nanded,2020-09-01,2020,9,validation,-0.08138134145048576,-2.312799832718726,-0.5334407203981462,-0.5259107512635747,-0.029865125570486307,-1.0094473398211004,1,4,0,0,-0.7488075185370865,Wet
Nanded,2020-10-01,2020,10,validation,-1.0363414302117009,-2.81703925289793,-0.8435654473951768,-0.6536157949708015,-1.5701087533599434,-0.8642856107047029,0,0,0,0,-1.297492714923376,Wet
Nanded,2020-11-01,2020,11,validation,-1.284215889823987,-2.3908100038262754,-0.9899579788078047,-0.9381119894405802,-1.5701087533599434,-1.0340114486591283,0,1,0,0,-1.3678693439862866,Wet
Nanded,2020-12-01,2020,12,validation,-1.150944805119112,-1.9680324481785545,-1.2243977240124921,-0.685201290114738,-1.5701087533599434,-0.8101518161625635,0,2,0,0,-1.234806139491234,Wet
Nanded,2021-01-01,2021,1,test,1.5227292332604,-1.7101700989477377,-0.3201120640254784,-0.7008800873520592,-0.27648566715170564,-0.12843382687383403,0,0,0,0,-0.2688920851817358,Normal
Nanded,2021-02-01,2021,2,test,1.2611025761606396,-1.4709942254527126,-0.08897949004532307,-0.5353884713709751,-0.27648566715170564,-0.3518616683947313,0,1,0,0,-0.24376782437580136,Normal
Nanded,2021-03-01,2021,3,test,0.9199430251995987,-1.1776315881226658,0.01886476762742854,-0.48393803566947985,-0.6607900693702934,-0.4733308667536158,0,0,0,0,-0.3094804611815046,Normal
Nanded,2021-04-01,2021,4,test,0.5872173521226186,-1.048348910917446,-0.4575985600005499,-1.2342931066474692,-0.6607900693702934,-0.38182316442861597,0,1,0,0,-0.5326060765402926,Wet
Nanded,2021-05-01,2021,5,test,-0.37527156516934534,-1.0043444166518498,-1.0021959990703475,-1.6022196674932763,-0.3929873953833251,0.3602975846786252,0,0,0,0,-0.6694535765149198,Wet
Nanded,2021-06-01,2021,6,test,-0.9437920229811237,-0.8443049084316786,-5.22663970261976,-2.178793015805438,-0.3929873953833251,0.9316689912965244,0,1,0,0,-1.4424746756541336,Wet
Nanded,2021-07-01,2021,7,test,-1.251346265974817,-1.061874674309648,-1.9315426226089325,1.0667498941881208,-0.3929873953833251,-0.4875080037880659,0,2,0,0,-0.6764181779794446,Wet
Nanded,2021-08-01,2021,8,test,-0.6380713188430632,-0.5285669047419972,-2.029341910487182,-1.4252518682346171,-0.3929873953833251,-1.3200010048768829,0,3,0,0,-1.0557034004278447,Wet
Nanded,2021-09-01,2021,9,test,-0.8274470041269472,-1.3560402947865566,0.36769535850818874,-0.14900100812613257,-1.5024359667130043,-1.4413582574272599,0,0,0,0,-0.8180978621119519,Wet
Nanded,2021-10-01,2021,10,test,-0.42642912351374684,-2.3317039604367302,-0.8514231559914143,-0.8302861450593189,-1.5024359667130043,-1.5931727660206243,0,1,0,0,-1.255908519622473,Wet
Nanded,2021-11-01,2021,11,test,-0.8656958840768295,-1.9299167857692987,-1.1622744421243454,-0.9496053311746003,-1.5024359667130043,-0.9345795823176953,0,2,0,0,-1.224084665362629,Wet
Nanded,2021-12-01,2021,12,test,0.12842599304557478,-1.7150679196503482,-1.3311327657027905,-1.0943594845679072,-1.5024359667130043,-0.550357579135365,0,3,0,0,-1.0108212871206401,Wet
Nanded,2022-01-01,2022,1,test,0.39453130749832566,-1.615514564568439,-1.8175136292594496,-1.7151427171377187,-1.0027302067773824,-0.23938011923309296,0,0,0,0,-0.9992916549129595,Wet
Nanded,2022-02-01,2022,2,test,0.867062392199888,-1.39087256511013,-0.714148224870003,-1.3338985977669906,-1.0027302067773824,-0.8469819871612484,0,1,0,0,-0.7369281982476443,Wet
Nanded,2022-03-01,2022,3,test,0.7687543614197158,-1.0988780237126379,-0.22607709202235718,-0.30726008515563175,-0.29766779955745465,-0.7358837683475851,0,0,0,0,-0.3161687345626585,Normal
Nanded,2022-04-01,2022,4,test,1.1574194373107252,-0.9458375777862555,-0.36373788821097747,-1.1826882663287799,-0.29766779955745465,-0.13186416629164308,0,1,0,0,-0.2940627101440642,Normal
Nanded,2022-05-01,2022,5,test,0.03888023395175559,-0.8405899785043095,-0.19835008011984723,-2.554128682783032,-0.2114262604769065,0.47904010298745514,0,0,0,0,-0.5477624441574808,Wet
Nanded,2022-06-01,2022,6,test,-0.48644500447680644,-0.7194922792548282,-0.4158640403214429,-0.978216827018283,-0.2114262604769065,-0.4702123763737881,0,1,0,0,-0.5469427979870093,Wet
Nanded,2022-07-01,2022,7,test,-2.290927723240089,-3.5347726715573717,0.39599115806485324,-3.3431012947562033,-0.2114262604769065,-2.924008525935114,0,2,0,0,-1.984707552983472,Very Wet
Nanded,2022-08-01,2022,8,test,-1.8262684105466167,-3.9657102496377177,-0.6372040661930571,0.5971100740830055,-0.2114262604769065,-3.904509878128069,0,3,0,0,-1.6580014651498935,Very Wet
Nanded,2022-09-01,2022,9,test,-1.6749197966372404,-2.775290913559817,0.038566172357256866,-0.49633070687246744,-2.3194610737918904,-3.560252528582607,0,0,0,0,-1.7979481411811278,Very Wet
Nanded,2022-10-01,2022,10,test,-0.6976851784425427,-3.0453211840590573,-0.34168063512436575,-1.001148146167863,-2.3194610737918904,-3.481178807131026,0,1,0,0,-1.8144125041194574,Very Wet
Nanded,2022-11-01,2022,11,test,-0.8333864309036871,-2.6414043219275545,-0.3419794786226482,-0.791689489599348,-2.3194610737918904,-1.7272758484824013,0,2,0,0,-1.4425327738879217,Wet
Nanded,2022-12-01,2022,12,test,-0.8020859383203669,-2.1824583460035365,-0.7507422802650815,-0.41436916312672795,-2.3194610737918904,-1.307311147869736,0,3,0,0,-1.2960713248962232,Wet
Nanded,2023-01-01,2023,1,test,0.9408545717420018,-1.8869377947520907,-1.8030234673586527,-1.2427526755084124,-0.8211690718709629,-1.2290210470776977,0,0,0,0,-1.0070082474709692,Wet
Nanded,2023-02-01,2023,2,test,0.3443241871181204,-1.5749133001030666,-0.9184480004722958,-1.00971832826531,-0.8211690718709629,-0.13656589024892252,0,1,0,0,-0.6860817339737396,Wet
Nanded,2023-03-01,2023,3,test,-0.39138530121539844,-1.4438694463552517,-0.549470756345197,-1.6729965349471032,-0.5246192181904786,-0.5776803525401657,0,0,0,0,-0.8600036015989324,Wet
Nanded,2023-04-01,2023,4,test,-1.8769682209507934,-1.386224314674235,-1.2869784488740457,-2.4330327847330033,-0.5246192181904786,0.16283317460208901,0,1,0,0,-1.224164968803411,Wet
Nanded,2023-05-01,2023,5,test,-1.3603438768053422,-1.8202884241926998,-2.0589003992421095,-2.4574377800605776,-0.30220682793011583,2.0475208221031846,0,0,0,0,-0.9919427476879431,Wet
Nanded,2023-06-01,2023,6,test,1.1319956668076738,-0.8225128243488498,-0.3824356316400634,-0.831427436058604,-0.30220682793011583,0.7545147493347629,0,1,0,0,-0.07534538397253271,Normal
Nanded,2023-07-01,2023,7,test,-1.303869042815971,-1.9077258974990434,-0.04404759315507856,0.9831918029482043,-0.30220682793011583,-0.19401008227119032,0,2,0,0,-0.4614446067871991,Normal
Nanded,2023-08-01,2023,8,test,-0.017693437311731612,-2.1472294457258774,-0.27105237067694554,-0.8685491386178058,-0.30220682793011583,0.3343581416218009,0,3,0,0,-0.5453955131067793,Wet
Nanded,2023-09-01,2023,9,test,-1.1582824374556606,-1.7165738902168377,-0.864052409172403,-1.7376976861620483,-1.9563388039790521,0.41942096382848887,0,0,0,0,-1.1689207105262522,Wet
Nanded,2023-10-01,2023,10,test,1.2670429819351363,-1.7050788523077371,1.0853302221383159,-0.3145833639386534,-1.9563388039790521,-0.32934456862653877,0,1,0,0,-0.3254953974630882,Normal
Nanded,2023-11-01,2023,11,test,-0.4060931445436279,-1.1528032010366316,0.017449784669340936,-1.0623862249442426,-1.9563388039790521,-0.4068350565006695,0,2,0,0,-0.8278344410558137,Wet
Nanded,2023-12-01,2023,12,test,0.38110064162887647,-1.2852843572059662,-1.4754014102430089,-2.006851334946574,-1.9563388039790521,-0.362408562781893,0,3,0,0,-1.1175306379212697,Wet
Nanded,2024-01-01,2024,1,test,-1.28770330026049,-1.1566889456987084,-2.5685008907777913,-2.01884018491259,-0.3672662346049149,0.23834861856899692,0,0,0,0,-1.193441822947583,Wet
Nanded,2024-02-01,2024,2,test,-1.5642957462002147,-1.002769876678933,-1.1021992728442114,-2.2785814108234836,-0.3672662346049149,-0.055844966186457304,0,1,0,0,-1.0618262512230359,Wet
Nanded,2024-03-01,2024,3,test,0.5158050600269869,-0.8153806091952162,-1.0123642585880452,-2.3940726542810795,-0.2068872321042453,-0.1203417441446384,0,0,0,0,-0.6722069063810396,Wet
Nanded,2024-04-01,2024,4,test,-1.1889846365524515,-0.7712864130249282,-0.749032123336393,-2.8025886884261406,-0.2068872321042453,1.0869858044703067,0,1,0,0,-0.7719655481623087,Wet
Nanded,2024-05-01,2024,5,test,-0.9426146148310225,-0.7313903657690775,-1.3878672852919784,-3.6306536534762928,-0.029865125570486307,1.4358169399061818,0,0,0,0,-0.8810956841721126,Wet
Nanded,2024-06-01,2024,6,test,-0.8797053600253995,-0.8187922377767988,-2.0577827751960633,-2.345819146027221,-0.029865125570486307,1.1388087176797044,0,1,0,0,-0.8321926544860442,Wet
Nanded,2024-07-01,2024,7,test,-0.6388641521816455,-1.9905767199615516,-3.3385248827299643,-3.3354936309677,-0.029865125570486307,0.9595914743897496,0,2,0,0,-1.3956221728369327,Wet
Nanded,2024-08-01,2024,8,test,-0.45151694358230093,-3.2665369138012395,-1.513961619533019,-2.0474607234973967,-0.029865125570486307,0.6643184121951263,0,3,0,0,-1.107503818964886,Wet
Nanded,2024-09-01,2024,9,test,-0.4775178016427873,-2.7404605499323114,-0.43128380647033593,-1.2775645978932555,-1.9109485202524474,0.38751640840409796,0,0,0,0,-1.0750431446311735,Wet
Nanded,2024-10-01,2024,10,test,-0.12780340862762415,-2.384217022289496,-1.12359057746579,-1.5329635649956777,-1.9109485202524474,0.49129816901893303,0,1,0,0,-1.0980374874353505,Wet
Nanded,2024-11-01,2024,11,test,-0.16894813937102784,-2.164643982289904,-0.4097161970595573,-2.488935937169566,-1.9109485202524474,0.7882664105995146,0,2,0,0,-1.0591543942571648,Wet
Nanded,2024-12-01,2024,12,test,0.7319874261321447,-1.9235723833730403,-1.4331841100825842,-2.332725484358726,-1.9109485202524474,0.24917537747742644,0,3,0,0,-1.103211282409538,Wet
Parbhani,2003-01-01,2003,1,train,0.3297356352796124,0.1969263434375986,0.3860642315652839,0.36165529519012,-0.7641844249057482,-1.2102704387938792,0,0,0,0,-0.11667889303783542,Normal
Parbhani,2003-02-01,2003,2,train,-0.8271138721071434,0.11790425364224054,0.34881328553031543,0.7545623705034613,-0.7641844249057482,-1.2313421809514353,0,1,0,0,-0.2668934280480516,Normal
Parbhani,2003-03-01,2003,3,train,-0.3807584483026764,0.1525941978429185,0.45442832039530867,0.22514149923304927,-0.4639094005124444,-0.9291154122911407,0,0,0,0,-0.15693654060583084,Normal
Parbhani,2003-04-01,2003,4,train,-0.1320575481267036,0.07245398980804904,0.23917033970613336,1.0183323037351584,-0.4639094005124444,-0.6915794097877705,0,1,0,0,0.007068379137070369,Normal
Parbhani,2003-05-01,2003,5,train,0.2595073914545549,0.06446240342986445,0.4342146773217318,0.3513995639957674,0.18722051137699836,-0.22487742521216225,0,0,0,0,0.1786545203944591,Normal
Parbhani,2003-06-01,2003,6,train,0.3771523469988035,-0.02850315296063312,0.40325858477427495,-0.029462740709617484,0.18722051137699836,0.2756584254567238,0,1,0,0,0.19755399582275834,Normal
Parbhani,2003-07-01,2003,7,train,-0.10350672190389106,-0.24603505505263973,1.6528733134565847,-1.7152049674508743,0.18722051137699836,0.20866374645947924,0,2,0,0,-0.0026648621857237828,Normal
Parbhani,2003-08-01,2003,8,train,-0.23531224223243538,-0.07288566214369425,1.0380930459586457,-1.7038689307182866,0.18722051137699836,-0.1322635805860104,0,3,0,0,-0.1531694763907971,Normal
Parbhani,2003-09-01,2003,9,train,0.22509294101704164,0.6649385670937406,0.8581114848444069,0.9274036007992833,-0.5781146117717881,-0.27950690907763825,0,0,0,0,0.302987512150841,Normal
Parbhani,2003-10-01,2003,10,train,1.3136981824870066,0.9382365654050949,-0.07384708846926408,0.5735823519615193,-0.9067692878608008,-0.5766598921569972,0,0,0,0,0.21137347189442643,Normal
Parbhani,2003-11-01,2003,11,train,2.0063633039445783,0.9912126461863262,0.2160128353259492,0.7797541091355161,-0.9067692878608008,-0.5054715740571423,0,1,0,0,0.43018367211240455,Normal
Parbhani,2003-12-01,2003,12,train,1.7482564122459112,0.8907281934762344,0.3758306788743167,0.4640121635391998,-0.9067692878608008,-0.23775172467943176,0,2,0,0,0.38905107259923827,Normal
Parbhani,2004-01-01,2004,1,train,0.9827301491599361,0.7561148927701076,0.8039650974284578,-0.04627513319330236,-0.21490084369848497,-0.11707673939137392,0,0,0,0,0.36075957051255675,Normal
Parbhani,2004-02-01,2004,2,train,0.8976166947741868,0.6560752029611914,0.5359201649571884,1.0832864962491475,-0.21490084369848497,-0.41591235544400323,0,1,0,0,0.423680893299871,Normal
Parbhani,2004-03-01,2004,3,train,0.9355545103378551,0.691314426619313,0.7690962477049388,1.6284086254752086,-0.0176164907815439,-0.6812506319980086,0,0,0,0,0.5542511145596272,Moderate Stress
Parbhani,2004-04-01,2004,4,train,-0.059773152271900665,0.5878404786893481,0.6167396297136856,1.1388105323071025,-0.0176164907815439,-0.2718271996098958,0,1,0,0,0.33236229967446596,Normal
Parbhani,2004-05-01,2004,5,train,-0.6874467647663519,0.4453555167368811,-0.08863551425175561,-1.2090990898686345,0.1185600637260907,-0.9133331778905791,0,0,0,0,-0.3890998277190582,Normal
Parbhani,2004-06-01,2004,6,train,0.41846179736377104,0.5597052100968181,0.11226473088439352,-1.7535626048928206,0.1185600637260907,-0.9896815704417935,0,1,0,0,-0.25570872887725676,Normal
Parbhani,2004-07-01,2004,7,train,0.7664507909374383,1.4186086380008305,2.443072769871276,1.996739223137381,0.1185600637260907,-0.016420772041700754,0,2,0,0,1.1211684522718859,Moderate Stress
Parbhani,2004-08-01,2004,8,train,2.03424793214345,0.08357131948038483,1.7945747354235153,-0.10120800860282958,0.1185600637260907,1.4998904034852167,0,3,0,0,0.9049394076093047,Moderate Stress
Parbhani,2004-09-01,2004,9,train,1.4244110802748617,0.9331550991994978,-0.20524751032119942,0.20492238193004933,0.7264338935954623,1.603747687927624,0,0,0,0,0.7812371054343826,Moderate Stress
Parbhani,2004-10-01,2004,10,train,1.953539778254693,0.5874733426047868,-0.01955122772049902,0.335368569814213,0.5007698889828114,1.7680244394409637,0,0,0,0,0.8542707985628281,Moderate Stress
Parbhani,2004-11-01,2004,11,train,0.4857446664192106,0.6577473303898203,-0.606216053816109,-0.36830023485947994,0.5007698889828114,1.6867403235014913,0,1,0,0,0.3927476534362908,Normal
Parbhani,2004-12-01,2004,12,train,0.7658553252320871,0.7140275103248717,-0.22957674117587631,0.30646146749522213,0.5007698889828114,1.765358113344859,0,2,0,0,0.6371492607006625,Moderate Stress
Parbhani,2005-01-01,2005,1,train,-0.3491473419159702,0.6632053689867081,0.5092799996035219,-0.002388312599475242,0.17989673029423628,1.9543738840087777,0,0,0,0,0.4925367213962997,Normal
Parbhani,2005-02-01,2005,2,train,0.6781273727068057,0.4387364761352081,0.3140813600350381,0.908358977220832,0.17989673029423628,1.0785245914304138,0,1,0,0,0.5996209179704224,Moderate Stress
Parbhani,2005-03-01,2005,3,train,-0.8269660389718799,0.48700220622217605,0.4265506571117763,1.0676722955587938,0.46300664277481224,1.0501786974961071,0,0,0,0,0.44457407669863097,Normal
Parbhani,2005-04-01,2005,4,train,-1.617783815753769,0.48745951329627907,0.07018533101892421,-0.4554632522136826,0.46300664277481224,0.07984309180338774,0,1,0,0,-0.1621254148456747,Normal
Parbhani,2005-05-01,2005,5,train,-0.9130153179583551,0.43897249489717705,0.16258579235390097,1.7339408042386102,0.2902111828533605,-0.4906040016830763,0,0,0,0,0.20368182578360292,Normal
Parbhani,2005-06-01,2005,6,train,0.804034855008652,0.74236641475326,0.8500629121963245,0.9678808791272373,0.2902111828533605,-0.8229714727824968,0,1,0,0,0.4719307951927229,Normal
Parbhani,2005-07-01,2005,7,train,-1.500981287226913,0.7757138859847001,2.804474688716408,0.9716042539213076,0.2902111828533605,-0.33806253654741075,0,2,0,0,0.5004933646169087,Moderate Stress
Parbhani,2005-08-01,2005,8,train,-1.4080070463981371,-0.28745801399242066,1.3087870972470508,1.9928833081656008,0.2902111828533605,-0.3952720576385658,0,3,0,0,0.2501907450394814,Normal
Parbhani,2005-09-01,2005,9,train,-2.0505939704657097,0.32818022841336947,0.7865456590808574,0.7106588983499955,-1.230388864455413,-0.6200459362062187,0,0,0,0,-0.3459406642138532,Normal
Parbhani,2005-10-01,2005,10,train,-1.5351705494718766,-0.10040634758608798,-0.0979184477270623,-0.38308541906710253,-1.4732179809807908,-0.9390731479380791,0,0,0,0,-0.7548119821284999,Wet
Parbhani,2005-11-01,2005,11,train,-1.4582797472522837,-0.4633834277847613,0.09770246809294586,0.18823595673204171,-1.4732179809807908,-0.8487287006040813,0,1,0,0,-0.6596119052994883,Wet
Parbhani,2005-12-01,2005,12,train,-1.5334974834974333,-0.24347565844817326,0.3845538671769789,-0.15682679492203624,-1.4732179809807908,-0.7645452786183609,0,2,0,0,-0.6311682215483027,Wet
Parbhani,2006-01-01,2006,1,train,1.2734910779393644,-0.13782206247452528,-0.12339265497084526,0.22010720612436172,-2.0961971093333616,-0.584848705960241,0,0,0,0,-0.24144370811254115,Normal
Parbhani,2006-02-01,2006,2,train,0.8452917905569954,-0.05228307780679393,-0.14532738892914057,0.11331552197982568,-2.0961971093333616,-0.2609806885975908,0,1,0,0,-0.2660301586883443,Normal
Parbhani,2006-03-01,2006,3,train,-1.7932260508328044,-0.3478800112013327,-0.7276135113205479,-1.633861321848916,-0.9102023102433461,0.2773324295429516,0,0,0,0,-0.855908462650666,Wet
Parbhani,2006-04-01,2006,4,train,-1.324938651653718,-0.14983092815002577,-0.5805046125698506,-0.5986057755216798,-0.9102023102433461,0.9810871989475555,0,1,0,0,-0.43049917986517755,Normal
Parbhani,2006-05-01,2006,5,train,-2.0398917825916696,-0.1494990480789626,-0.5258767138805889,-0.7235474611912751,-0.6710350842593507,0.970180285725954,0,0,0,0,-0.5232783007126488,Wet
Parbhani,2006-06-01,2006,6,train,-0.5271751401251735,-0.11749071367396882,-0.24693104615229963,0.6928035852278627,-0.6710350842593507,0.4642427517685218,0,1,0,0,-0.06759760786906803,Normal
Parbhani,2006-07-01,2006,7,train,-0.4525172711345629,-0.25940011980961597,1.5944436889964024,-2.1750186500693154,-0.6710350842593507,-1.8682230757773903,0,2,0,0,-0.6386250853423054,Wet
Parbhani,2006-08-01,2006,8,train,-0.5846524910188466,-1.474216101049795,1.55964169664403,1.1567686812912654,-0.6710350842593507,-3.347386892586746,0,3,0,0,-0.5601466984965738,Wet
Parbhani,2006-09-01,2006,9,train,-1.3164749233716933,-0.7445666835136089,0.5846069756161316,-0.19817479866378526,-1.216656774925232,-2.461234708879748,0,0,0,0,-0.8920834856229893,Wet
Parbhani,2006-10-01,2006,10,train,-1.2294817149703163,-0.9214660995742902,-0.34880173008249776,0.06811071441857203,-1.0784204069880705,-1.384970885854444,0,0,0,0,-0.8158383538418411,Wet
Parbhani,2006-11-01,2006,11,train,-0.7393822133113611,-0.7809750879982579,-0.022141730517817825,-0.33908710572320894,-1.0784204069880705,-1.2092004568006203,0,1,0,0,-0.6948678335565561,Wet
Parbhani,2006-12-01,2006,12,train,0.815503353080769,-0.6728838750953229,0.8433728586268814,0.003850993167753332,-1.0784204069880705,-1.2778777687711356,0,2,0,0,-0.2277424743298542,Normal
Parbhani,2007-01-01,2007,1,train,-0.06908262292804922,-0.5731765367664411,0.13471658958513813,0.09642973688956133,-0.7298542010802944,-1.2797761239204646,0,0,0,0,-0.4034571930367583,Normal
Parbhani,2007-02-01,2007,2,train,1.3098233402466297,-0.4954753061850597,0.3122898348284786,-0.31816991104290915,-0.7298542010802944,-0.940764409798391,0,1,0,0,-0.14369177550525766,Normal
Parbhani,2007-03-01,2007,3,train,1.0855364589561363,-0.36953383429900954,0.24387196070960732,-0.3517288872185652,-0.7557163030288035,-0.6794385657191025,0,0,0,0,-0.13783486176662288,Normal
Parbhani,2007-04-01,2007,4,train,1.5662921182031693,-0.3502732410454638,-0.035824452640451435,-0.2608540093618252,-0.7557163030288035,-0.4758140892923901,0,1,0,0,-0.052031662860960816,Normal
Parbhani,2007-05-01,2007,5,train,1.7955612870229083,-0.32196682469631527,-0.35382530996978445,0.21220223776542926,-0.6710350842593507,-0.2822163796089534,0,0,0,0,0.06311998770898901,Normal
Parbhani,2007-06-01,2007,6,train,-0.15622635568896592,-0.4928851612975726,-0.06374474922666866,-0.6440556364820416,-0.6710350842593507,0.10894832779742711,0,1,0,0,-0.3198331098595287,Normal
Parbhani,2007-07-01,2007,7,train,-0.39657103712256025,-0.5465545400799451,-2.9771147224304793,-0.38678722418666506,-0.6710350842593507,-0.003995174700634301,0,2,0,0,-0.8303429637966057,Wet
Parbhani,2007-08-01,2007,8,train,-0.44212117851872357,0.24435591343405605,-0.5437822118435833,-1.715783597253819,-0.6710350842593507,-0.2601436865544774,0,3,0,0,-0.5647516408326497,Wet
Parbhani,2007-09-01,2007,9,train,-0.7272919252438785,0.2538647112713478,-0.0727340777102682,-0.04066745067310091,0.17715031238819903,-0.050280524796103204,0,0,0,0,-0.07665982579396735,Normal
Parbhani,2007-10-01,2007,10,train,-0.22290271154059244,0.6842801605707158,0.20358747882307676,0.18280771229414203,0.17463276264099906,0.13496442223028302,0,0,0,0,0.1928949708364374,Normal
Parbhani,2007-11-01,2007,11,train,-0.20852352570701782,0.701931216983379,0.3086248751449786,0.07840145258479472,0.17463276264099906,0.08461486633783984,0,1,0,0,0.1899469413308289,Normal
Parbhani,2007-12-01,2007,12,train,1.1420059659436896,0.6331792982869057,0.49908179886912457,0.22348775484390634,0.17463276264099906,0.3283895541728722,0,2,0,0,0.5001295224595829,Moderate Stress
Parbhani,2008-01-01,2008,1,train,0.0008237510654891364,0.5718382109156913,0.5037088316579377,-0.0006917944315328672,0.07690605881787416,0.552999483886718,0,0,0,0,0.2842640903186963,Normal
Parbhani,2008-02-01,2008,2,train,-0.8309872904115673,0.4925453340999226,0.2889920564937775,-0.532829881365622,0.07690605881787416,0.7285369329903972,0,1,0,0,0.037193868437463695,Normal
Parbhani,2008-03-01,2008,3,train,-2.578631570116319,0.45566241814298725,0.03726010598996331,-0.4055606147768506,-0.6870558553778946,1.1792237032153,0,0,0,0,-0.3331836354871357,Normal
Parbhani,2008-04-01,2008,4,train,-2.179898733544165,0.33369417865814816,0.07491985598591352,-0.2122838996548419,-0.6870558553778946,0.9170177126576868,0,1,0,0,-0.2922677902125255,Normal
Parbhani,2008-05-01,2008,5,train,-1.1289996063130465,0.31025906583838664,0.2345527279925792,-0.04930020422422843,-0.6882001961720778,1.241213627727949,0,0,0,0,-0.013412430858406302,Normal
Parbhani,2008-06-01,2008,6,train,1.3503013472631957,0.5745581718581166,1.0082124052851975,1.448577333739756,-0.6882001961720778,1.6261655364637968,0,1,0,0,0.8866024330729975,Moderate Stress
Parbhani,2008-07-01,2008,7,train,1.5583983196642037,1.6892071872535297,3.4206932985911647,1.8664805231974264,-0.6882001961720778,1.5919174837924852,0,2,0,0,1.5730827693877887,Severe Stress
Parbhani,2008-08-01,2008,8,train,1.2453188955302577,0.584298350011381,0.4855558154078623,1.2377663590540176,-0.6882001961720778,1.5211174656095372,0,3,0,0,0.7309761149068296,Moderate Stress
Parbhani,2008-09-01,2008,9,train,-0.11277718561780324,-0.23807479547087348,-0.2723628930996603,-0.08175009447275236,0.7264338935954623,1.401702297829671,0,0,0,0,0.2371952037940073,Normal
Parbhani,2008-10-01,2008,10,train,-0.1384202508330659,0.13944041771880622,0.4309078812180142,0.6797129451021802,0.7754116795864433,0.6758662064835476,0,0,0,0,0.4271531465459876,Normal
Parbhani,2008-11-01,2008,11,train,-0.562135174519037,0.26610724305911126,0.4629521874731991,0.16660045346861563,0.7754116795864433,0.7366998601325142,0,1,0,0,0.30760604153347443,Normal
Parbhani,2008-12-01,2008,12,train,0.7043884043149655,-0.040368581153042496,-0.0803463105665038,0.6264006477018772,0.7754116795864433,0.8740803707346723,0,2,0,0,0.47659436843640196,Normal
Parbhani,2009-01-01,2009,1,train,-0.794605633201346,0.04385290456883554,0.22656203856525609,1.134537657784857,0.6776849757633184,1.2463737021793093,0,0,0,0,0.42240094094337177,Normal
Parbhani,2009-02-01,2009,2,train,0.6229676635156434,0.07133076184772444,0.5178546873755818,0.934592192280683,0.6776849757633184,1.2792756484720054,0,1,0,0,0.6839509882091593,Moderate Stress
Parbhani,2009-03-01,2009,3,train,0.11121317551583973,0.14663156046184156,0.18693820418232213,0.6641362905630381,0.36001597129845014,0.7913120862239068,0,0,0,0,0.37670788137423306,Normal
Parbhani,2009-04-01,2009,4,train,0.4107099913033998,0.08925203829155735,0.30001128779720937,0.6948333079301421,0.36001597129845014,-0.54454317458516,0,1,0,0,0.21837990367259982,Normal
Parbhani,2009-05-01,2009,5,train,-0.6155447617896992,0.05509775455411599,0.09040634856160475,-0.7790662300718856,0.08422983990063625,-0.35573449721025824,0,0,0,0,-0.25343525767591435,Normal
Parbhani,2009-06-01,2009,6,train,0.8993016728869411,0.38590369928608864,0.8433305134336855,0.42855532319930273,0.08422983990063625,-0.6008639203109484,0,1,0,0,0.340076188065951,Normal
Parbhani,2009-07-01,2009,7,train,1.2936630408637066,-0.3371315063127255,-1.9556606903582598,-1.1414372148449803,0.08422983990063625,-0.6116845446621257,0,2,0,0,-0.44467017923562474,Normal
Parbhani,2009-08-01,2009,8,train,1.459972820142699,0.5883520318951959,-1.1016907340050328,0.20660687954505397,0.08422983990063625,0.2995259270160221,0,3,0,0,0.25616612741576245,Normal
Parbhani,2009-09-01,2009,9,train,0.6159695263878457,-0.4805110868715917,0.017511801786609188,-0.11586976862535552,1.1383965795009094,0.6823119851042249,0,0,0,0,0.30963483954710697,Normal
Parbhani,2009-10-01,2009,10,train,0.22997389364638987,-0.9803315999324458,0.006640148339407399,0.5285456499582482,1.0500534701900752,0.8723459644391482,0,0,0,0,0.2845379211068038,Normal
Parbhani,2009-11-01,2009,11,train,-0.4428416257260635,-0.9917595256870204,-0.5212770260641884,-0.4080683850078529,1.0500534701900752,0.6475203125492409,0,1,0,0,-0.11106212995763481,Normal
Parbhani,2009-12-01,2009,12,train,-0.6150991812387249,-0.8947470396669726,-0.8562481569821933,-0.3708761636285793,1.0500534701900752,0.9099333963958717,0,2,0,0,-0.12949727915508716,Normal
Parbhani,2010-01-01,2010,1,train,-1.6275454000759735,-0.8484631697846551,-0.6784818677992409,-0.24980689807466283,0.6090245281124108,0.8162668275505469,0,0,0,0,-0.3298343300119291,Normal
Parbhani,2010-02-01,2010,2,train,0.6099155216569051,-0.6704848724665124,0.11400964019530559,0.09742029801670996,0.6090245281124108,0.8410144755881683,0,1,0,0,0.26681659851716455,Normal
Parbhani,2010-03-01,2010,3,train,-0.14805800678928568,-0.47006689360918175,0.6831991867848345,0.7619137340920352,0.5659973142511744,0.4924505835101503,0,0,0,0,0.31423931970662117,Normal
Parbhani,2010-04-01,2010,4,train,-0.4209121825355815,-0.4087497727517983,0.4964431804087851,1.076096435972144,0.5659973142511744,0.4106746210092613,0,1,0,0,0.28659159939233086,Normal
Parbhani,2010-05-01,2010,5,train,-0.3713266324347366,-0.36283229500041697,0.40457745737925704,0.5618016782865489,0.3588716305042682,-0.3139275394897978,0,0,0,0,0.046194049874187106,Normal
Parbhani,2010-06-01,2010,6,train,0.12425564156606837,-0.23060784963180705,-0.19085382370771442,-0.38691312681119716,0.3588716305042682,-0.48489167846100184,0,1,0,0,-0.13502320109023067,Normal
Parbhani,2010-07-01,2010,7,train,-0.6804818073990897,-2.184612942038901,-2.726147394783315,-0.053706213209778454,0.3588716305042682,-1.0162930580805771,0,2,0,1,-1.050394964167899,Wet
Parbhani,2010-08-01,2010,8,train,-1.2739675638752619,-2.564104321932707,-0.3580415828590581,-0.7048104639615653,0.3588716305042682,-1.4221959045553876,0,3,0,0,-0.994041367779952,Wet
Parbhani,2010-09-01,2010,9,train,-1.3707323841923875,-2.344187736648187,0.19020276128172375,-0.9591882662385656,-1.676681774186315,-1.7960769512158274,0,0,0,0,-1.3261107251999265,Wet
Parbhani,2010-10-01,2010,10,train,-1.1232102854304262,-1.6467035142119886,0.2970391122990821,-1.5045262545465568,-1.6963644358462417,-1.5817095104213168,0,0,0,0,-1.209245814692908,Wet
Parbhani,2010-11-01,2010,11,train,-0.48266473407178595,-1.9419102951114875,-1.840908280521024,-1.2538961298169335,-1.6963644358462417,-1.3549423589468692,0,1,0,0,-1.428447705719057,Wet
Parbhani,2010-12-01,2010,12,train,-0.6430313594033253,-1.705421121023927,-0.9598649671495261,-1.196951236569383,-1.6963644358462417,-1.5684555399241809,0,2,0,0,-1.295014776652764,Wet
Parbhani,2011-01-01,2011,1,train,-0.696944791332285,-1.4310415311512568,-1.1313115084416636,-0.4907761320339902,-0.6268635296039322,-1.6484021783720784,0,0,0,0,-1.0042232784892011,Wet
Parbhani,2011-02-01,2011,2,train,-0.40296120970709914,-1.2229036383652279,-0.9987125866615025,-1.2669205176389304,-0.6268635296039322,-1.339030691240671,0,1,0,0,-0.9762320288695606,Wet
Parbhani,2011-03-01,2011,3,train,0.9711180823647895,-1.0003859120487995,-0.660756727864603,-0.3624498471593869,-1.1848441008469774,-1.0884478115291798,0,0,0,0,-0.5542943861806929,Wet
Parbhani,2011-04-01,2011,4,train,-1.1188694657810896,-0.8962226300053241,-0.8305367021835793,-2.0907193483418416,-1.1848441008469774,-0.7099589391880967,0,1,0,0,-1.1385251977244846,Wet
Parbhani,2011-05-01,2011,5,train,-0.3912721285268283,-0.8041277521549723,-0.5360790510035351,-1.270727437134752,-1.0486675463393433,-0.2625425171522664,0,0,0,0,-0.7189027387186163,Wet
Parbhani,2011-06-01,2011,6,train,0.9403720671661895,-0.416791154606746,0.05196413561326017,-0.5456757339770607,-1.0486675463393433,0.13146972297810794,0,1,0,0,-0.14788808486093208,Normal
Parbhani,2011-07-01,2011,7,train,-0.21936430706920582,-0.31842847139568536,0.4986529148154541,-0.053706213209778454,-1.0486675463393433,-0.9258191774409421,0,2,0,0,-0.34455546677325016,Normal
Parbhani,2011-08-01,2011,8,train,-0.3390796773858001,0.10083642259737163,-1.5751401689425248,-1.0473046111188118,-1.0486675463393433,-1.1840386221849626,0,3,0,0,-0.8488990338956786,Wet
Parbhani,2011-09-01,2011,9,train,-0.5992413003161667,-0.6603104115835492,-0.7411779913125478,0.28188459034226004,-0.4751239402954263,-1.1204350957953828,0,0,0,0,-0.5524006914934688,Wet
Parbhani,2011-10-01,2011,10,train,0.38433023532878297,0.4881029957449602,-0.11323260825885273,-0.29116297410815484,-0.42614615430444525,-0.8686614296720402,0,0,0,0,-0.13779498921162497,Normal
Parbhani,2011-11-01,2011,11,train,0.67273839580569,0.4968125064304917,0.5357337747799938,0.5611335813713874,-0.42614615430444525,-1.0254051627973573,0,1,0,0,0.13581115688096002,Normal
Parbhani,2011-12-01,2011,12,train,0.7175703330318226,0.31447148785695983,0.6807441583786703,0.06597522335088361,-0.42614615430444525,-0.984840764811004,0,2,0,0,0.061295713917147866,Normal
Parbhani,2012-01-01,2012,1,train,1.5668337780923038,0.20152357640448576,0.053017626854118816,-0.3381495913094745,-0.884340208294837,-0.712858245234344,0,0,0,0,-0.018995510581291158,Normal
Parbhani,2012-02-01,2012,2,train,1.1155258023125072,0.13447594130105409,-0.2145807026892543,-0.424121895462278,-0.884340208294837,-0.5821047198807565,0,1,0,0,-0.14252429711892742,Normal
Parbhani,2012-03-01,2012,3,train,0.9458952726242628,0.18858418497460216,0.0018023730258972112,-0.33075719722302943,-0.17210249799608524,-0.10760222141881186,0,0,0,0,0.08763665233113925,Normal
Parbhani,2012-04-01,2012,4,train,1.1318994355113916,0.13268408334830156,-0.15053957061428663,-0.39457959019537503,-0.17210249799608524,0.5722073864431139,0,1,0,0,0.1865948744161767,Normal
Parbhani,2012-05-01,2012,5,train,1.0096399161244294,0.09613759689749438,-0.028584161243043166,-0.35231731565021185,-0.08742127922663355,0.6830972138250839,0,0,0,0,0.22009199512118652,Normal
Parbhani,2012-06-01,2012,6,train,0.5691506215378299,0.38114474536733794,0.22189377266506208,-0.16889028413306068,-0.08742127922663355,1.451042273938153,0,1,0,0,0.3944866416914481,Normal
Parbhani,2012-07-01,2012,7,train,0.07322219694330456,1.551324753850235,-2.205742095588774,0.4772596876820195,-0.08742127922663355,0.568100036210929,0,2,0,0,0.06279054997851338,Normal
Parbhani,2012-08-01,2012,8,train,0.46545449533142824,2.89264730792616,-1.7716574667641447,-1.9779623858763815,-0.08742127922663355,1.1005886555978475,0,3,0,0,0.10360822116471262,Normal
Parbhani,2012-09-01,2012,9,train,0.030153810337346123,2.633323458301476,-1.2866789720658471,-1.26382449464286,0.45179210299183037,0.9818206543461623,0,0,0,0,0.2577644265446846,Normal
Parbhani,2012-10-01,2012,10,train,0.24776604459623433,2.0329291181527145,-0.4038798869150034,-0.626581318224136,0.5694303366337197,1.0248183984784751,0,0,0,0,0.4740804487870007,Normal
Parbhani,2012-11-01,2012,11,train,-0.408998920907462,1.8078668707312624,-0.36851724230470306,-0.5924722345770983,0.5694303366337197,0.9832703073692856,0,1,0,0,0.3317631861575007,Normal
Parbhani,2012-12-01,2012,12,train,-0.2498219786444585,1.7680300176393633,-0.6959223603772459,-0.3218775216455842,0.5694303366337197,0.8559597079456182,0,2,0,0,0.32096636692523545,Normal
Parbhani,2013-01-01,2013,1,train,-0.14419298041069561,1.6653999837823286,-0.7462530677852528,-0.24804178426685589,1.0896476616687656,1.0989491670597902,0,0,0,0,0.4525848300080133,Normal
Parbhani,2013-02-01,2013,2,train,1.0358762346348085,1.5305583515917998,0.13660902204759354,-0.5437068273049362,1.0896476616687656,0.9553040844648463,0,1,0,0,0.7007147545171463,Moderate Stress
Parbhani,2013-03-01,2013,3,train,0.41898850035122026,1.4867529847938912,0.3857011670173597,0.4955012735204143,0.5659973142511744,0.4810604526141747,0,0,0,0,0.6390002820913724,Moderate Stress
Parbhani,2013-04-01,2013,4,train,-0.8419160389722219,1.3128552258401598,0.3973191424956674,0.549280057990175,0.5659973142511744,-0.1830359519435316,0,1,0,0,0.3000832916102371,Normal
Parbhani,2013-05-01,2013,5,train,-0.006101093639700091,1.1854190255273735,0.3630941980224966,0.8412029033810635,0.3245414066788149,-0.22539515843470573,0,0,0,0,0.41379354692255715,Normal
Parbhani,2013-06-01,2013,6,train,-1.8227963427919485,-0.13014791268273476,-1.4357835716844252,0.8722120135996994,0.3245414066788149,-0.9359667486028126,0,1,0,0,-0.5213235259139012,Wet
Parbhani,2013-07-01,2013,7,train,-2.149674050858833,-2.177870524837091,-2.7335256299642476,-0.053706213209778454,0.3245414066788149,-0.5703953201642105,0,2,0,1,-1.2267717220592245,Wet
Parbhani,2013-08-01,2013,8,train,-1.5340067048581747,-3.1621181581616997,-0.3323383738143505,0.4193550853698279,0.3245414066788149,-1.1167333032541904,0,3,0,0,-0.9002166746732954,Wet
Parbhani,2013-09-01,2013,9,train,-0.3148724968593986,-1.9340973258757626,-0.28348218857589325,-0.8688425036953297,-1.7110119980117686,-1.4858253176060936,0,0,0,0,-1.0996886384373743,Wet
Parbhani,2013-10-01,2013,10,train,0.2540342579698731,-2.1501014806399747,-1.159734142411202,-0.8013803542737348,-1.387392421417156,-1.581968377032589,0,0,0,0,-1.137757086300797,Wet
Parbhani,2013-11-01,2013,11,train,-0.24754351744445965,-1.85960059188662,-0.07501179282353204,-0.6330633826930807,-1.387392421417156,-1.314170867671498,0,1,0,0,-0.9194637623227244,Wet
Parbhani,2013-12-01,2013,12,train,-0.44782591244377884,-1.626398981480751,-1.112952263903449,-0.8597795688016298,-1.387392421417156,-1.9343634949574369,0,2,0,0,-1.2281187738340333,Wet
Parbhani,2014-01-01,2014,1,train,1.0465746739949748,-1.39587226792419,-1.0096852213212615,-1.2519530782292132,-0.9701657678584719,-1.54149026791666,0,0,0,0,-0.8537653215424702,Wet
Parbhani,2014-02-01,2014,2,train,0.37684378345300557,-1.2468835251678292,-1.3465694877239833,-2.214991113410297,-0.9701657678584719,-1.4880084260278237,0,1,0,0,-1.1482957561225664,Wet
Parbhani,2014-03-01,2014,3,train,-1.8738864543345846,-1.6663204699526097,-1.9338733815248634,-2.941285337774053,-1.081853429370616,-1.346667256273202,0,0,0,0,-1.807314388204988,Very Wet
Parbhani,2014-04-01,2014,4,train,-1.9639538477664067,-1.2238734957989614,-1.084265592729099,-1.618825536171558,-0.014183468398997968,-0.3256714547545145,0,0,0,0,-1.0384622326032562,Wet
Parbhani,2014-05-01,2014,5,train,-1.0362372271954805,-1.0226828842715476,-0.869840144848064,-0.6384917864149428,-0.7568606438229855,-0.33101273583376406,0,0,0,0,-0.775854237064464,Wet
Parbhani,2014-06-01,2014,6,train,1.7645994067917097,-0.458470484263216,-0.09643000960791695,-1.0542908052027447,-0.7568606438229855,-0.6086299186491142,0,1,0,0,-0.20168040912571125,Normal
Parbhani,2014-07-01,2014,7,train,1.3947925841747926,0.44955060303349254,0.7130820424613934,-0.7124822756069634,-0.014183468398997968,-0.8939785842544608,0,0,0,0,0.1561301502348761,Normal
Parbhani,2014-08-01,2014,8,train,1.077676934015235,0.6758686896251884,-0.5598715823568676,2.3116738412432225,-0.014183468398997968,-0.3312025713486967,0,1,0,0,0.5266603071298473,Moderate Stress
Parbhani,2014-09-01,2014,9,train,0.581673582447413,-0.6803067071294969,-0.02144831308968274,1.3488978502815503,1.5160290415809035,-0.14347250485409638,0,0,0,0,0.43356215820609845,Normal
Parbhani,2014-10-01,2014,10,train,1.2114823115665088,0.5089622766722434,1.7756208066082915,0.995735884623396,2.285941527906417,-0.19897350631085517,0,0,0,0,1.0964615501776669,Moderate Stress
Parbhani,2014-11-01,2014,11,train,0.9626963022077872,0.20061170385482985,1.447601794848054,0.9288533249443787,2.285941527906417,-0.3491161408487321,0,1,0,0,0.9127647521521224,Moderate Stress
Parbhani,2014-12-01,2014,12,train,0.7083802816934331,0.032690858954868195,1.0587141222697525,0.4963895713035387,2.285941527906417,-0.26545045208555673,0,2,0,0,0.7194443183404089,Moderate Stress
Parbhani,2015-01-01,2015,1,train,-1.1049881849811825,-0.07834986375327554,0.2010141899024794,0.18905242032662298,1.7762521381778449,-0.021943259748839948,0,0,0,0,0.16017290665394154,Normal
Parbhani,2015-02-01,2015,2,train,0.3890474136332463,-0.07837180472228951,-0.0736818358961354,0.5364833876410775,1.7762521381778449,0.17844538403697,0,1,0,0,0.4546957804784523,Normal
Parbhani,2015-03-01,2015,3,train,-0.3118334736646738,-0.13587957714250526,-0.33061742116271853,0.27073902619513873,1.0809506716329838,0.22581797389978417,0,0,0,0,0.1331961999596682,Normal
Parbhani,2015-04-01,2015,4,train,-1.063000609735522,-0.3170424125199526,-0.32104270798833456,-1.213396846771179,1.0809506716329838,0.58230318428273,0,1,0,0,-0.2085381201832124,Normal
Parbhani,2015-05-01,2015,5,train,-0.3940284360800007,-0.2204956613500715,0.15512154322018734,0.3137320790941385,0.5305227496315392,0.48299332331167116,0,0,0,0,0.144640932971244,Normal
Parbhani,2015-06-01,2015,6,train,-0.5303420926151242,-0.4337584391524879,-1.1096297755983509,0.4518562729641135,0.5305227496315392,0.31720651656591303,0,1,0,0,-0.12902412803406624,Normal
Parbhani,2015-07-01,2015,7,train,1.744733201013729,1.1452057927655346,1.8989321281172984,2.419711262434792,0.5305227496315392,1.6306180421776788,0,2,0,0,1.5616205293567622,Severe Stress
Parbhani,2015-08-01,2015,8,train,1.6767895467324878,2.102125109536534,0.530019558167597,2.168863812691232,0.5305227496315392,1.3916841599734378,0,3,0,0,1.4000008227888046,Moderate Stress
Parbhani,2015-09-01,2015,9,train,1.0808200198414661,1.9244884827319917,1.0617168808488393,1.5924642726852274,2.168303294264528,1.2713629590541184,0,0,0,0,1.516525984904362,Severe Stress
Parbhani,2015-10-01,2015,10,train,0.04134109090322997,1.8173730921898021,1.525148027684816,2.0198267915601735,2.972546004415496,1.1230582774562747,0,0,0,0,1.583215547368299,Severe Stress
Parbhani,2015-11-01,2015,11,train,-0.49335252375412025,1.7240833916320955,1.4971732939944222,1.5705921261118216,2.972546004415496,1.0387971954871733,0,1,0,0,1.384973247981148,Moderate Stress
Parbhani,2015-12-01,2015,12,train,0.6809684522773587,1.4705112345557578,1.8130603857745278,1.7106351955104893,2.972546004415496,1.2815364168771157,0,2,0,0,1.6548762815684575,Severe Stress
Parbhani,2016-01-01,2016,1,train,-0.11950517716732999,1.2980142122673526,1.934184698722008,1.684389594366982,2.222545047908745,1.3368475828189428,0,0,0,0,1.3927459931527835,Moderate Stress
Parbhani,2016-02-01,2016,2,train,-0.47918968312874155,1.1619323673560098,1.6482067660453714,1.3858448548871487,2.222545047908745,0.9967227422683981,0,1,0,0,1.1560103492228218,Moderate Stress
Parbhani,2016-03-01,2016,3,train,-1.014126517224993,1.0800451934073354,1.148090808696979,1.8602351344200332,1.9392062672693327,-0.21917373087712907,0,0,0,0,0.7990461926152598,Moderate Stress
Parbhani,2016-04-01,2016,4,train,-0.7005263798806546,0.9433177925323598,1.006916351220072,2.167560816807277,1.9392062672693327,-1.4869470729216074,0,1,0,0,0.6449212958377966,Moderate Stress
Parbhani,2016-05-01,2016,5,train,-0.03017344784943217,0.8313831818603299,0.7301013888160198,0.8326539563531677,1.5260992405697036,-0.8922355490718961,0,0,0,0,0.49963812844631555,Normal
Parbhani,2016-06-01,2016,6,train,-0.5841913912535583,0.822630683137684,1.1136763084824581,0.505110009187988,1.5260992405697036,-0.8677553965325872,0,1,0,0,0.4192615755986147,Normal
Parbhani,2016-07-01,2016,7,train,-1.7413920257688082,-0.6930330059457523,1.323141878734926,0.729963131810137,1.5260992405697036,0.6027881621214041,0,2,0,0,0.2912612302536017,Normal
Parbhani,2016-08-01,2016,8,train,-0.5788852503717775,-0.8971026542981542,0.3309665802872541,-1.6659363864292531,1.5260992405697036,0.932584224882189,0,3,0,0,-0.058712374226673046,Normal
Parbhani,2016-09-01,2016,9,train,-0.8175406474990041,-0.261586863251108,-0.14612537555935834,-1.8107853671399476,-0.3034728211681565,0.7282608086050399,0,0,0,0,-0.4352083776687558,Normal
Parbhani,2016-10-01,2016,10,train,0.33318436464420625,-1.6541870494044588,-0.6422736012808066,-0.839830398287413,-1.2157413022898862,0.3838646689685042,0,0,0,0,-0.6058305529416425,Wet
Parbhani,2016-11-01,2016,11,train,-0.7849651432590293,-1.1083316846085547,-0.3877381045393121,-0.19015452816166986,-1.2157413022898862,0.22077870386701778,0,1,0,0,-0.5776920098319057,Wet
Parbhani,2016-12-01,2016,12,train,0.1417814927526607,-1.0072743649009588,-0.864922738111779,-0.560132831199854,-1.2157413022898862,-0.03958933375056112,0,2,0,0,-0.5909798462500631,Wet
Parbhani,2017-01-01,2017,1,train,0.7042312685294793,-0.9321500612787587,-1.0633889835659407,-1.0580891865439768,-0.5582030819530246,0.110855311833799,0,0,0,0,-0.46612412216307036,Normal
Parbhani,2017-02-01,2017,2,train,0.2648454303378264,-0.8371564642214456,-1.4379048156086354,-0.5131239525538667,-0.5582030819530246,0.2003196126894717,0,1,0,0,-0.48020387855161245,Normal
Parbhani,2017-03-01,2017,3,train,0.8270628845049149,-0.6985204742116191,-0.6840779897462634,-0.9481046730569067,0.08537418069481945,0.554319703604206,0,0,0,0,-0.1439910613684748,Normal
Parbhani,2017-04-01,2017,4,train,1.2143540006488773,-0.6135648201926635,-0.1989914796207755,0.19981480349001635,0.08537418069481945,1.1462440969392196,0,1,0,0,0.3055384636599156,Normal
Parbhani,2017-05-01,2017,5,train,1.7560463400720854,-0.5454825741893575,-0.1718132384710129,0.1756163014412153,0.2902111828533605,0.9143945309967941,0,0,0,0,0.40316209045051415,Normal
Parbhani,2017-06-01,2017,6,train,-0.19367562524554666,-1.1576540562301123,-1.4612903873572756,-0.7841444848374454,0.2902111828533605,0.9360271508121083,0,1,0,0,-0.39508770333415183,Normal
Parbhani,2017-07-01,2017,7,train,0.8372499517417097,-0.266544695415953,-3.751176190635844,-2.1697091103949053,0.2902111828533605,1.6427847729074718,0,2,0,0,-0.5695306814906935,Wet
Parbhani,2017-08-01,2017,8,train,0.4496081458708235,1.1858297670721993,-0.8051164085504016,-0.5770435833993001,0.2902111828533605,1.443845782144786,0,3,0,0,0.33122248099857793,Normal
Parbhani,2017-09-01,2017,9,train,0.9065848242106915,0.6056910633327165,-0.46943824172410903,0.2728711497633116,0.07415964091183692,1.2876715555642673,0,0,0,0,0.4462566653431191,Normal
Parbhani,2017-10-01,2017,10,train,-0.09898761673727723,0.25639812229011405,-1.379704722107521,-0.9371239012253748,-0.35748570665353757,1.1490743718891305,0,0,0,0,-0.22797157542407767,Normal
Parbhani,2017-11-01,2017,11,train,0.04824735054872393,0.2995877038093971,-0.7439909990728731,-0.4885290035092139,-0.35748570665353757,1.2086136924817368,0,1,0,0,-0.00559282706596113,Normal
Parbhani,2017-12-01,2017,12,train,-0.40743835462135186,0.3669310206742099,-0.8555243317036664,-0.4307689001458271,-0.35748570665353757,1.0576167981266626,0,2,0,0,-0.10444491238725169,Normal
Parbhani,2018-01-01,2018,1,validation,1.484151831285471,0.39741451478292805,-0.37086876780100875,-0.1442331640738502,-0.4895426343021163,1.2127210427139234,0,0,0,0,0.34827380376755784,Normal
Parbhani,2018-02-01,2018,2,validation,-1.9866433301827957,0.34055574913712394,-0.4533397771261737,-0.7110513643958462,-0.4895426343021163,1.0776185582909605,0,1,0,0,-0.3704004664298079,Normal
Parbhani,2018-03-01,2018,3,validation,-1.3186992927282342,0.39553852468099854,-0.23025165802522568,-0.18988424688376576,-0.29225828138517457,0.7216769677916853,0,0,0,0,-0.15231299775828605,Normal
Parbhani,2018-04-01,2018,4,validation,-1.1697232592826878,0.31405722219918175,-0.01638515688840596,-0.10851798246257603,-0.29225828138517457,-0.08647870593900073,0,1,0,0,-0.22655102729311052,Normal
Parbhani,2018-05-01,2018,5,validation,-0.010149072214838632,0.289839721767779,0.20832357907870527,-0.7469464969120736,-0.7396955319102583,0.23965870871580278,0,0,0,0,-0.12649484857914725,Normal
Parbhani,2018-06-01,2018,6,validation,-1.003225133437588,-0.06533276253390725,-2.5154677360006366,-2.2289556922600613,-0.7396955319102583,0.4418507898934771,0,1,0,0,-1.0184710110414958,Wet
Parbhani,2018-07-01,2018,7,validation,-0.5757564697892552,-1.4913632945067425,-3.086161596815481,-2.64126946037024,-0.7396955319102583,1.5304366636153368,0,2,0,0,-1.1673016149627735,Wet
Parbhani,2018-08-01,2018,8,validation,-0.4003474246088837,-0.848690865190232,-1.0580280060659644,-2.9699085304524164,-0.7396955319102583,1.571855321418889,0,3,0,0,-0.7408025061348109,Wet
Parbhani,2018-09-01,2018,9,validation,0.9838264468545387,0.14357858315479288,0.3894567000803638,0.525881527640174,0.17715031238819903,1.3727092373671843,0,0,0,0,0.5987671345808754,Moderate Stress
Parbhani,2018-10-01,2018,10,validation,1.8121823897066123,1.4672787435976526,1.8911744199939695,1.4217146608184568,0.7754116795864433,1.3568148274350724,0,0,0,0,1.454096120189701,Moderate Stress
Parbhani,2018-11-01,2018,11,validation,2.6459747613208413,1.1414240487695788,1.0230365819924871,0.9594081943205303,0.7754116795864433,1.3160433361597004,0,1,0,0,1.310216433691597,Moderate Stress
Parbhani,2018-12-01,2018,12,validation,2.7464951792884924,0.7801538052545895,0.7326421978876065,-0.22254401322391398,0.7754116795864433,1.4430691823109705,0,2,0,0,1.0425380051840314,Moderate Stress
Parbhani,2019-01-01,2019,1,validation,1.4587133796074796,0.5655723204090978,0.682989472104498,-0.043710227964862,1.020987214017858,1.6231540548859975,0,0,0,0,0.8846177021766781,Moderate Stress
Parbhani,2019-02-01,2019,2,validation,1.2026752918747872,0.4216327289110677,0.43195655815821904,-0.23003599518706175,1.020987214017858,1.7368223838956198,0,1,0,0,0.7640063636117483,Moderate Stress
Parbhani,2019-03-01,2019,3,validation,1.0159282668285312,0.4129793709994227,0.6676282017226733,0.8087468859995258,1.0809506716329838,2.0047493265623495,0,0,0,0,0.9984971206242479,Moderate Stress
Parbhani,2019-04-01,2019,4,validation,-0.5683638392687806,0.3200465215885125,0.4711108361188932,1.2036036496953537,1.0809506716329838,0.612720011107214,0,1,0,0,0.5200113084790295,Moderate Stress
Parbhani,2019-05-01,2019,5,validation,0.13309376688272948,0.28164078313518887,0.4053664544459904,1.1432674176160862,0.7708343164097154,-0.3990946545983526,0,0,0,0,0.38918468064855966,Normal
Parbhani,2019-06-01,2019,6,validation,0.09836295194081492,0.550170847468297,0.7005979469505869,0.9350685828431722,0.7708343164097154,-0.6834423693067798,0,1,0,0,0.3952653793843011,Normal
Parbhani,2019-07-01,2019,7,validation,0.3858663047816739,0.542956870528053,0.2739449583024126,2.2650933959525554,0.7708343164097154,0.23118514164016007,0,2,0,0,0.7449801646024284,Moderate Stress
Parbhani,2019-08-01,2019,8,validation,0.7131221088920505,-0.6975366032685056,-1.2325958478426056,0.5124795816301302,0.7708343164097154,1.6185807447535212,0,3,0,0,0.2808140500957177,Normal
Parbhani,2019-09-01,2019,9,validation,-0.14098063790488324,-1.1324746627804967,-1.0305618301907424,-1.378108186940023,0.21148053621365287,1.546538166836468,0,0,0,0,-0.32068443579433736,Normal
Parbhani,2019-10-01,2019,10,validation,-0.7726095972454352,-1.667640991139429,-1.7389035849163903,-1.5382231089649447,0.21148053621365287,1.4292974785912882,0,1,0,0,-0.6794332112435431,Wet
Parbhani,2019-11-01,2019,11,validation,-1.3620721686359218,-3.2134790418196566,-2.0174445012396367,-1.6026717933180077,0.21148053621365287,-0.5291578689885487,0,2,0,0,-1.4188908062980197,Wet
Parbhani,2019-12-01,2019,12,validation,-1.0118115879088696,-2.4529623333296344,-1.1883429251939976,-1.1730945221295892,0.21148053621365287,-0.9225833448000383,0,3,0,0,-1.0895523628580794,Wet
Parbhani,2020-01-01,2020,1,validation,0.21789523175455633,-2.173210714264436,-1.9695061338133493,-1.3112531541572203,-2.1373933779239067,-1.1810185117201202,0,0,0,0,-1.4257477766874127,Wet
Parbhani,2020-02-01,2020,2,validation,1.1222981691583678,-1.8234559792556986,-2.280835633256828,-1.8364756900234491,-2.1373933779239067,-1.2191754502216419,0,1,0,0,-1.362506326920526,Wet
Parbhani,2020-03-01,2020,3,validation,-0.1397958761039734,-1.4840360962332324,-1.5097677206146543,-2.1369156794153024,-2.1373933779239067,-0.8464075299896732,0,2,0,0,-1.3757193800467904,Wet
Parbhani,2020-04-01,2020,4,validation,0.05319386480829665,-1.2892751827091087,-0.8832498672741099,-0.16616821339265822,-2.1373933779239067,-0.649643018761674,0,3,0,0,-0.8454226325421935,Wet
Parbhani,2020-05-01,2020,5,validation,0.07888806288122367,-1.1324515471151513,-0.3847144544727725,-0.29945321961256965,-0.25907239835390333,-0.9762377644297252,0,0,0,0,-0.49550688685048305,Normal
Parbhani,2020-06-01,2020,6,validation,-0.9696989111480813,-1.5174342813421158,-1.3234099597768247,-0.7357081178282625,-0.25907239835390333,-0.01595481214140999,0,1,0,0,-0.8035464134317664,Wet
Parbhani,2020-07-01,2020,7,validation,-0.723033442403802,-1.9242458041596298,-4.456094974079751,-1.580809394180306,-0.25907239835390333,-0.5046432009010714,0,2,0,0,-1.5746498690130772,Very Wet
Parbhani,2020-08-01,2020,8,validation,-0.5125102848241342,-2.239677883967025,-2.283688968609795,-1.3946390295316693,-0.25907239835390333,-0.9555888377372452,0,3,0,0,-1.2741962338372954,Wet
Parbhani,2020-09-01,2020,9,validation,-0.5668314321714637,-2.1851182862068623,-0.0880527083046453,-0.9651704961005337,-0.25907239835390333,-0.9510068987177266,1,4,0,0,-0.8358753699758558,Wet
Parbhani,2020-10-01,2020,10,validation,-1.5700239128602884,-2.493189945427786,-0.765046029418758,-1.4668180913320579,-1.1470808546389784,-1.1510849025700114,0,0,0,0,-1.4322072893746467,Wet
Parbhani,2020-11-01,2020,11,validation,-1.6985991188005451,-2.197694865064244,-1.1943044470827662,-0.9216138465865491,-1.1470808546389784,-1.2376757840405626,0,1,0,0,-1.3994948193689407,Wet
Parbhani,2020-12-01,2020,12,validation,-1.518796290698667,-1.8254032940966605,-1.1141367186077478,-0.6886385857769305,-1.1470808546389784,-1.464002862275848,0,2,0,0,-1.2930097676824719,Wet
Parbhani,2021-01-01,2021,1,test,1.594268668806752,-1.608570128103521,-0.6836388257848613,-0.7789888363199543,-0.6268635296039322,-1.1285980229374994,0,0,0,0,-0.5387317789905026,Wet
Parbhani,2021-02-01,2021,2,test,1.262349128723971,-1.4299960804720762,-1.6718526808464655,-1.371829826407918,-0.6268635296039322,-1.1037209415942406,0,1,0,0,-0.8236523217001103,Wet
Parbhani,2021-03-01,2021,3,test,1.0157647413298316,-1.1778151545969668,-0.2184276745048547,-1.1630374122050966,-2.0430996964833263,-1.0559600518145198,0,0,0,0,-0.7737625413791555,Wet
Parbhani,2021-04-01,2021,4,test,0.6217735077570108,-1.0591263813098746,-0.629499843896678,-1.4573532621294074,-2.0430996964833263,-0.7842536566232189,0,1,0,0,-0.8919265554475824,Wet
Parbhani,2021-05-01,2021,5,test,-0.6289469836462389,-0.9971510898915348,-1.2688721696753906,-1.7408069891188656,-1.082997770164798,-0.08534832173644531,0,0,0,0,-0.9673538873722123,Wet
Parbhani,2021-06-01,2021,6,test,-1.0235312248008817,-0.7817488035280923,-3.278530808908483,-3.5591936709152474,-1.082997770164798,0.46087748582198457,0,1,0,0,-1.5441874654159193,Very Wet
Parbhani,2021-07-01,2021,7,test,-1.1647856630167783,-1.6243646482312746,-1.955111446685732,1.1642788858381063,-1.082997770164798,-0.617120743498842,0,2,0,0,-0.8800168976265531,Wet
Parbhani,2021-08-01,2021,8,test,-0.5524130747293569,-1.3615321270865584,-1.5249526867437486,-0.6762537781188026,-1.082997770164798,-1.099648106910225,0,3,0,0,-1.0496329239589148,Wet
Parbhani,2021-09-01,2021,9,test,-1.080870136051219,-1.949023522209566,-0.7494896891210822,-1.2555911087182592,-0.9900772976772357,-1.2268292730282568,0,0,0,0,-1.2086468378009367,Wet
Parbhani,2021-10-01,2021,10,test,-0.9585996309741871,-2.6225221178656075,-0.6386609129935231,-1.513621254750822,-0.9900772976772357,-1.4992604947311214,0,1,0,0,-1.3704569514987497,Wet
Parbhani,2021-11-01,2021,11,test,-1.333573426533294,-2.1489135366736334,-0.3369815663212143,-1.211663023758619,-0.9900772976772357,-1.1558739348785467,0,2,0,0,-1.1961804643070906,Wet
Parbhani,2021-12-01,2021,12,test,-0.12033512215011041,-1.888181694724078,-0.15219978354699482,-1.1146439933529,-0.9900772976772357,-1.4753929931718242,0,3,0,0,-0.9568051474371906,Wet
Parbhani,2022-01-01,2022,1,test,-0.016233112844055195,-1.7129911987992776,-1.668750361757846,-1.6119772492202316,-2.4806956161784464,-1.3815107021504396,0,0,0,0,-1.4786930401583829,Wet
Parbhani,2022-02-01,2022,2,test,0.04905983605608449,-1.514476615587568,-0.739143531139196,-1.7702795625238728,-2.4806956161784464,-1.6187360647202853,0,1,0,0,-1.3457119256822139,Wet
Parbhani,2022-03-01,2022,3,test,0.9464614026741905,-1.2367562736017748,-0.853794266146864,-0.8645735343676959,-2.317741487086958,-1.2978709000483906,0,0,0,0,-0.9373791764295824,Wet
Parbhani,2022-04-01,2022,4,test,0.7663231952861869,-1.068820320155519,-0.6461784068250738,-1.793709439373564,-2.317741487086958,-0.5076546824788715,0,1,0,0,-0.9279635234389665,Wet
Parbhani,2022-05-01,2022,5,test,0.4706529321041585,-0.9471104924786398,-0.37994592153725976,-2.5749919296507175,-2.3188858278811404,-0.0457417302117991,0,0,0,0,-0.9660038282758996,Wet
Parbhani,2022-06-01,2022,6,test,-0.4599811644441844,-0.7319429639144922,0.1924235896915313,-1.0027094497564224,-2.3188858278811404,-0.8162409408894197,0,1,0,0,-0.8562227928656879,Wet
Parbhani,2022-07-01,2022,7,test,-1.949836601103555,-3.1199604066219364,0.7130820424613934,-5.507819600173458,-2.3188858278811404,-2.344796507129511,0,2,1,0,-2.4213694834080344,Very Wet
Parbhani,2022-08-01,2022,8,test,-1.5504592479790056,-3.5297604883086082,-2.6121109366570687,-0.3137475833717288,-2.3188858278811404,-2.8494569658046673,0,3,0,0,-2.195736841667036,Very Wet
Parbhani,2022-09-01,2022,9,test,-1.3957487908226474,-2.6522633881917392,-1.0334050179966454,-1.045637108889986,-0.9214168500263277,-2.5770775174240566,0,0,0,0,-1.6042581122252335,Very Wet
Parbhani,2022-10-01,2022,10,test,-0.8815462329175898,-2.548561110896259,-0.22708319483841574,-1.3213216169415207,-0.9214168500263277,-2.4878720831796564,0,1,0,0,-1.3979668481332947,Wet
Parbhani,2022-11-01,2022,11,test,-1.0512746226158556,-2.2898693526693434,0.1441376720545005,-0.9918849416583978,-0.9214168500263277,-1.5080619595143763,0,2,0,0,-1.1030616757383,Wet
Parbhani,2022-12-01,2022,12,test,-1.3066090627500204,-1.900130210156731,-0.42047894752487863,-0.7480580839463694,-0.9214168500263277,-1.4515772649347825,0,3,0,0,-1.1247117365565182,Wet
Parbhani,2023-01-01,2023,1,test,0.4824376999036903,-1.6559540990111883,-2.3100861909979593,-1.304839844754389,-2.2747142732257224,-1.646460678787537,0,0,0,0,-1.4516028978121842,Wet
Parbhani,2023-02-01,2023,2,test,-0.5510504344353856,-1.435807216529642,-1.495036749558955,-1.4424571404478204,-2.2747142732257224,-1.0030218298093552,0,1,0,0,-1.36701460733448,Wet
Parbhani,2023-03-01,2023,3,test,-0.7721216444987928,-1.2733216841450161,-0.9217252011428618,-2.4489268790981678,-2.798364620643314,-1.272890272060624,0,0,0,0,-1.581225050264796,Very Wet
Parbhani,2023-04-01,2023,4,test,-2.2229263892205835,-1.2479587693419725,-1.0944466506091068,-2.5607551589476887,-2.798364620643314,-0.7665212937510723,0,1,0,0,-1.7818288137522895,Very Wet
Parbhani,2023-05-01,2023,5,test,-1.2432016204048222,-1.4660932569541998,-0.988586644117778,-1.7356427941105215,-1.8382626943247846,-0.045482863600526065,0,0,0,0,-1.219544978918772,Wet
Parbhani,2023-06-01,2023,6,test,1.3774317061100088,-0.7506718213329291,-0.20943953182110064,-0.5548988029316063,-1.8382626943247846,-0.5907681224713323,0,1,0,0,-0.42776821112862407,Normal
Parbhani,2023-07-01,2023,7,test,-0.6341354038494207,-1.701101243607894,-0.008597734149080806,-6.368139104691002,-1.8382626943247846,-0.18701386887007992,0,2,0,0,-1.789541674915377,Very Wet
Parbhani,2023-08-01,2023,8,test,0.7133318556814102,-1.7681261615542563,-0.9996511180314079,-1.0577541580094674,-1.8382626943247846,0.1549489246204975,0,3,0,0,-0.799252225269668,Wet
Parbhani,2023-09-01,2023,9,test,-0.5923156633867678,-1.5166158718506677,-0.7519581190862251,-1.9146882208858518,0.10848986473729076,0.16160179653019296,0,0,0,0,-0.750914368990338,Wet
Parbhani,2023-10-01,2023,10,test,1.7373590230073856,-1.6297138157987574,-0.007639302340376849,-0.5828134154178886,0.10848986473729076,-0.15664881536785036,0,1,0,0,-0.08849441019669946,Normal
Parbhani,2023-11-01,2023,11,test,-0.16488628924841,-1.20210948141729,0.4458804311548597,-0.9970993859461277,0.10848986473729076,-0.19573767366995357,0,2,0,0,-0.33424375573160514,Normal
Parbhani,2023-12-01,2023,12,test,0.8077473991501772,-1.4499709252234345,-1.0926340945472979,-2.26245758399189,0.10848986473729076,-0.015644172207883392,0,3,0,0,-0.6507449186805063,Wet
Parbhani,2024-01-01,2024,1,test,-1.1200803696742314,-1.2464634205393363,-2.9961892108871058,-1.977873240687004,-1.3134680061130115,0.12781107487212875,0,0,0,0,-1.4210438621714268,Wet
Parbhani,2024-02-01,2024,2,test,-0.5710297611851536,-1.1006988895005212,-1.091785832469025,-2.4699450319560308,-1.3134680061130115,-0.34368857089905835,0,1,0,0,-1.1484360153538,Wet
Parbhani,2024-03-01,2024,3,test,0.3725257388892814,-0.8896816632937075,-1.1067747834577366,-2.529585488842714,-0.6698907434651686,-0.3052468791251373,0,0,0,0,-0.8547756365491971,Wet
Parbhani,2024-04-01,2024,4,test,-1.0996262841399764,-0.8275169367965582,-0.6427970840986265,-3.0416584700553266,-0.6698907434651686,0.5416611263129951,0,1,0,0,-0.9566380653737768,Wet
Parbhani,2024-05-01,2024,5,test,-0.32323892302958984,-0.7541644866979137,-0.6539591617076871,-2.9438064620036264,-0.0530910554011791,0.3936843424227635,0,0,0,0,-0.7224292910695387,Wet
Parbhani,2024-06-01,2024,6,test,-1.0561961636420478,-1.0620433119997812,-1.477640738219694,-2.46169776631325,-0.0530910554011791,-0.37008433636178084,0,1,0,0,-1.0801255619896222,Wet
Parbhani,2024-07-01,2024,7,test,-0.9018890502901256,-2.2920944949337394,-4.173332666628453,-3.7251043388236855,-0.0530910554011791,-0.13239301389164562,0,2,0,0,-1.8796507699948046,Very Wet
Parbhani,2024-08-01,2024,8,test,-0.6854496205708368,-3.3626012656751407,-2.3231817121358804,-2.2652205214243897,-0.0530910554011791,-0.42555945115741417,0,3,0,0,-1.5191839377274734,Very Wet
Parbhani,2024-09-01,2024,9,test,-0.295981245769908,-2.524098736606512,-1.381457241671064,-1.4151650114259289,-0.5094541641208802,-0.6071026056426089,0,0,0,0,-1.1222098342061504,Wet
Parbhani,2024-10-01,2024,10,test,0.14266713441778248,-1.9559439797871234,-0.31142099060102224,-1.4681614816956958,-0.5094541641208802,-0.9641832092314815,0,1,0,0,-0.8444161151697367,Wet
Parbhani,2024-11-01,2024,11,test,0.042859836740314856,-1.7368491534973118,-0.0852810777582197,-2.7403239187857005,-0.5094541641208802,-0.5729063262935504,0,2,0,0,-0.933659133952558,Wet
Parbhani,2024-12-01,2024,12,test,0.7796261134351826,-1.5843181087965468,-1.6172100377330512,-2.437628812540935,-0.5094541641208802,-0.9739683671375714,0,3,0,0,-1.057158896148967,Wet
